"Study_Network_id","pollinator_count","total_pollinator_count","percentage","strategy","n_plants","pollinator_order"
"11_Clough_ASK_2021_2021",10,11,90.9090909090909,"Abundance",10,"Hymenoptera"
"11_Clough_HAM_2021_2021",9,10,90,"Abundance",10,"Hymenoptera"
"11_Clough_KOM_2021_2021",7,11,63.6363636363636,"Abundance",10,"Hymenoptera"
"11_Clough_LOB_2021_2021",4,6,66.6666666666667,"Abundance",10,"Hymenoptera"
"11_Clough_PET_2021_2021",8,18,44.4444444444444,"Abundance",10,"Hymenoptera"
"11_Clough_TAG_2021_2021",6,12,50,"Abundance",10,"Hymenoptera"
"12_Ockinger_Norrang_Ryckelsby_Og",3,6,50,"Abundance",10,"Hymenoptera"
"12_Ockinger_Sattra_Og",3,4,75,"Abundance",10,"Hymenoptera"
"12_Ockinger_St_Tadinge",10,13,76.9230769230769,"Abundance",10,"Hymenoptera"
"12_Ockinger_Tjalinge_Skogstibble",7,12,58.3333333333333,"Abundance",10,"Hymenoptera"
"20_Hoiss_H5_2010",10,17,58.8235294117647,"Abundance",10,"Hymenoptera"
"20_Hoiss_H6_2010",3,5,60,"Abundance",10,"Hymenoptera"
"20_Hoiss_H7_2010",2,4,50,"Abundance",10,"Hymenoptera"
"20_Hoiss_HO1_2010",16,16,100,"Abundance",10,"Hymenoptera"
"20_Hoiss_HO5_2010",6,11,54.5454545454545,"Abundance",10,"Hymenoptera"
"20_Hoiss_T4_2010",13,20,65,"Abundance",10,"Hymenoptera"
"22_Kallnik_h1_2012",6,11,54.5454545454545,"Abundance",10,"Hymenoptera"
"22_Kallnik_h2_2011",10,11,90.9090909090909,"Abundance",10,"Hymenoptera"
"22_Kallnik_h3_2011",8,10,80,"Abundance",10,"Hymenoptera"
"22_Kallnik_h4_2010",6,10,60,"Abundance",10,"Hymenoptera"
"22_Kallnik_h4_2011",9,10,90,"Abundance",10,"Hymenoptera"
"22_Kallnik_h5_2011",11,11,100,"Abundance",10,"Hymenoptera"
"22_Kallnik_h5_2012",11,11,100,"Abundance",10,"Hymenoptera"
"22_Kallnik_h6_2011",8,10,80,"Abundance",10,"Hymenoptera"
"22_Kallnik_h7_2011",7,10,70,"Abundance",10,"Hymenoptera"
"22_Kallnik_ho2_2011",8,10,80,"Abundance",10,"Hymenoptera"
"22_Kallnik_ho3_2011",12,12,100,"Abundance",10,"Hymenoptera"
"22_Kallnik_ho3_2012",8,10,80,"Abundance",10,"Hymenoptera"
"22_Kallnik_ho4_2010",9,10,90,"Abundance",10,"Hymenoptera"
"22_Kallnik_ho4_2011",12,13,92.3076923076923,"Abundance",10,"Hymenoptera"
"22_Kallnik_ho4_2012",10,12,83.3333333333333,"Abundance",10,"Hymenoptera"
"22_Kallnik_ho5_2011",6,12,50,"Abundance",10,"Hymenoptera"
"22_Kallnik_wma3_2011",5,10,50,"Abundance",10,"Hymenoptera"
"22_Kallnik_wma3_2012",5,10,50,"Abundance",10,"Hymenoptera"
"22_Kallnik_wma4_2011",8,11,72.7272727272727,"Abundance",10,"Hymenoptera"
"22_Kallnik_wma5_2011",10,10,100,"Abundance",10,"Hymenoptera"
"22_Kallnik_wmb1_2012",10,11,90.9090909090909,"Abundance",10,"Hymenoptera"
"22_Kallnik_wmb2_2011",9,12,75,"Abundance",10,"Hymenoptera"
"22_Kallnik_wmb2_2012",6,11,54.5454545454545,"Abundance",10,"Hymenoptera"
"22_Kallnik_wmb3_2011",9,10,90,"Abundance",10,"Hymenoptera"
"22_Kallnik_wmb3_2012",9,10,90,"Abundance",10,"Hymenoptera"
"22_Kallnik_wmb4_2010",9,12,75,"Abundance",10,"Hymenoptera"
"22_Kallnik_wmb4_2011",8,13,61.5384615384615,"Abundance",10,"Hymenoptera"
"22_Kallnik_wmb4_2012",10,11,90.9090909090909,"Abundance",10,"Hymenoptera"
"22_Kallnik_wmb5_2010",9,11,81.8181818181818,"Abundance",10,"Hymenoptera"
"22_Kallnik_wmb5_2011",9,11,81.8181818181818,"Abundance",10,"Hymenoptera"
"22_Kallnik_wmb5_2012",8,11,72.7272727272727,"Abundance",10,"Hymenoptera"
"28_Sutter_10_2013",6,14,42.8571428571429,"Abundance",10,"Hymenoptera"
"28_Sutter_11_2013",8,12,66.6666666666667,"Abundance",10,"Hymenoptera"
"28_Sutter_12_2013",8,11,72.7272727272727,"Abundance",10,"Hymenoptera"
"28_Sutter_13_2013",4,11,36.3636363636364,"Abundance",10,"Hymenoptera"
"28_Sutter_13_2014",7,9,77.7777777777778,"Abundance",10,"Hymenoptera"
"28_Sutter_14_2013",4,10,40,"Abundance",10,"Hymenoptera"
"28_Sutter_17_2013",5,15,33.3333333333333,"Abundance",10,"Hymenoptera"
"28_Sutter_19_2013",15,18,83.3333333333333,"Abundance",10,"Hymenoptera"
"28_Sutter_1_2013",7,12,58.3333333333333,"Abundance",10,"Hymenoptera"
"28_Sutter_20_2013",11,13,84.6153846153846,"Abundance",10,"Hymenoptera"
"28_Sutter_21_2013",9,14,64.2857142857143,"Abundance",10,"Hymenoptera"
"28_Sutter_2_2013",8,13,61.5384615384615,"Abundance",10,"Hymenoptera"
"28_Sutter_3_2013",10,19,52.6315789473684,"Abundance",10,"Hymenoptera"
"28_Sutter_5_2013",15,21,71.4285714285714,"Abundance",10,"Hymenoptera"
"28_Sutter_8_2013",10,15,66.6666666666667,"Abundance",10,"Hymenoptera"
"28_Sutter_8_2014",16,17,94.1176470588235,"Abundance",10,"Hymenoptera"
"29_Magrach_Gibraleon_2011",15,20,75,"Abundance",10,"Hymenoptera"
"29_Magrach_Gravera_2011",15,22,68.1818181818182,"Abundance",10,"Hymenoptera"
"29_Magrach_Niebla_2011",20,22,90.9090909090909,"Abundance",10,"Hymenoptera"
"29_Magrach_Niebla_2012",24,24,100,"Abundance",10,"Hymenoptera"
"29_Magrach_Villablanca_2011",14,16,87.5,"Abundance",10,"Hymenoptera"
"2_Petanidou_Armolia_2015",40,46,86.9565217391304,"Abundance",10,"Hymenoptera"
"2_Petanidou_Emborios_2015",55,58,94.8275862068966,"Abundance",10,"Hymenoptera"
"2_Petanidou_Gridia_2015",41,54,75.9259259259259,"Abundance",10,"Hymenoptera"
"2_Petanidou_Kato Fana_2015",35,40,87.5,"Abundance",10,"Hymenoptera"
"2_Petanidou_Palios Katarraktis_2015",29,48,60.4166666666667,"Abundance",10,"Hymenoptera"
"2_Petanidou_Vessa 2_2015",48,67,71.6417910447761,"Abundance",10,"Hymenoptera"
"30_Smith_lsk48_2012",7,11,63.6363636363636,"Abundance",10,"Hymenoptera"
"30_Smith_lsk57_2011",6,10,60,"Abundance",10,"Hymenoptera"
"30_Smith_lsk73_2012",4,7,57.1428571428571,"Abundance",10,"Hymenoptera"
"30_Smith_lsk74_2012",5,14,35.7142857142857,"Abundance",10,"Hymenoptera"
"30_Smith_lsk77_2011",11,13,84.6153846153846,"Abundance",10,"Hymenoptera"
"30_Smith_lsk77_2012",8,12,66.6666666666667,"Abundance",10,"Hymenoptera"
"31_Roberts_Hunt_2013",9,11,81.8181818181818,"Abundance",10,"Hymenoptera"
"31_Roberts_Jefferies_2013",8,9,88.8888888888889,"Abundance",10,"Hymenoptera"
"31_Roberts_Livingstone_far_2012",5,9,55.5555555555556,"Abundance",10,"Hymenoptera"
"31_Roberts_Livingstone_house_2012",8,10,80,"Abundance",10,"Hymenoptera"
"31_Roberts_Mearns_2013",13,15,86.6666666666667,"Abundance",10,"Hymenoptera"
"31_Roberts_White_left_2012",6,15,40,"Abundance",10,"Hymenoptera"
"36_Larkin_Barracks.Lyan.Co.Clare_13.2017_GS1",5,5,100,"Abundance",10,"Hymenoptera"
"36_Larkin_Glencolumbkille.South.Carron.Co.Clare_20.2017_GS1",6,8,75,"Abundance",10,"Hymenoptera"
"37_White_An",11,11,100,"Abundance",10,"Hymenoptera"
"37_White_Bl",6,7,85.7142857142857,"Abundance",10,"Hymenoptera"
"37_White_Bn",9,12,75,"Abundance",10,"Hymenoptera"
"37_White_CW",7,10,70,"Abundance",10,"Hymenoptera"
"37_White_Ce",7,7,100,"Abundance",10,"Hymenoptera"
"37_White_Cn",10,13,76.9230769230769,"Abundance",10,"Hymenoptera"
"37_White_ED",7,8,87.5,"Abundance",10,"Hymenoptera"
"37_White_Fs",7,8,87.5,"Abundance",10,"Hymenoptera"
"37_White_JK",9,11,81.8181818181818,"Abundance",10,"Hymenoptera"
"37_White_Kr",7,8,87.5,"Abundance",10,"Hymenoptera"
"37_White_ND",7,8,87.5,"Abundance",10,"Hymenoptera"
"37_White_NG",7,9,77.7777777777778,"Abundance",10,"Hymenoptera"
"37_White_Pn",8,9,88.8888888888889,"Abundance",10,"Hymenoptera"
"37_White_WD",8,10,80,"Abundance",10,"Hymenoptera"
"38_Maurer_A1",16,20,80,"Abundance",10,"Hymenoptera"
"38_Maurer_A2",9,29,31.0344827586207,"Abundance",10,"Hymenoptera"
"38_Maurer_A3",6,22,27.2727272727273,"Abundance",10,"Hymenoptera"
"38_Maurer_A4",10,21,47.6190476190476,"Abundance",10,"Hymenoptera"
"38_Maurer_R1",14,31,45.1612903225806,"Abundance",10,"Hymenoptera"
"38_Maurer_R2",21,37,56.7567567567568,"Abundance",10,"Hymenoptera"
"38_Maurer_R3",18,41,43.9024390243902,"Abundance",10,"Hymenoptera"
"38_Maurer_R4",8,30,26.6666666666667,"Abundance",10,"Hymenoptera"
"38_Maurer_U2",15,49,30.6122448979592,"Abundance",10,"Hymenoptera"
"38_Maurer_U3",17,39,43.5897435897436,"Abundance",10,"Hymenoptera"
"39_Schweiger_I1_ruderal_1_2021",10,16,62.5,"Abundance",10,"Hymenoptera"
"39_Schweiger_I2_semi.natural.grass_5_2021",22,25,88,"Abundance",10,"Hymenoptera"
"39_Schweiger_I2_woodland.scrub_1_2021",12,19,63.1578947368421,"Abundance",10,"Hymenoptera"
"39_Schweiger_I4_woodland.scrub_3_2021",11,17,64.7058823529412,"Abundance",10,"Hymenoptera"
"39_Schweiger_R1_semi.natural.grass_4_2021",15,20,75,"Abundance",10,"Hymenoptera"
"39_Schweiger_R4_semi.natural.grass_2_2021",16,17,94.1176470588235,"Abundance",10,"Hymenoptera"
"40_Knight_Ghe_ari_2017",25,41,60.9756097560976,"Abundance",10,"Hymenoptera"
"41_Knight_1 wooded meadow_2018",14,14,100,"Abundance",10,"Hymenoptera"
"41_Knight_2 alvar pasture_2018",7,7,100,"Abundance",10,"Hymenoptera"
"41_Knight_3 alvar pasture_2018",10,13,76.9230769230769,"Abundance",10,"Hymenoptera"
"41_Knight_4 wooded meadow_2018",9,10,90,"Abundance",10,"Hymenoptera"
"41_Knight_5 wooded meadow_2018",12,14,85.7142857142857,"Abundance",10,"Hymenoptera"
"41_Knight_6 alvar pasture_2018",8,11,72.7272727272727,"Abundance",10,"Hymenoptera"
"42_Knight_M1Restored_2019",13,13,100,"Abundance",10,"Hymenoptera"
"42_Knight_M2Natural_2019",4,7,57.1428571428571,"Abundance",10,"Hymenoptera"
"42_Knight_M3Natural_2019",2,4,50,"Abundance",10,"Hymenoptera"
"42_Knight_M4Restored_2019",4,5,80,"Abundance",10,"Hymenoptera"
"42_Knight_M5Restored_2019",3,6,50,"Abundance",10,"Hymenoptera"
"42_Knight_M6Natural_2019",8,14,57.1428571428571,"Abundance",10,"Hymenoptera"
"42_Knight_M8Restored_2019",3,5,60,"Abundance",10,"Hymenoptera"
"44_Knight_M11_2018",18,25,72,"Abundance",10,"Hymenoptera"
"44_Knight_M12_2018",18,23,78.2608695652174,"Abundance",10,"Hymenoptera"
"44_Knight_M13_2018",3,4,75,"Abundance",10,"Hymenoptera"
"44_Knight_M15_2018",15,22,68.1818181818182,"Abundance",10,"Hymenoptera"
"44_Knight_M16_2018",14,18,77.7777777777778,"Abundance",10,"Hymenoptera"
"44_Knight_M17_2018",9,21,42.8571428571429,"Abundance",10,"Hymenoptera"
"44_Knight_M18_2018",20,23,86.9565217391304,"Abundance",10,"Hymenoptera"
"44_Knight_M1_2018",13,17,76.4705882352941,"Abundance",10,"Hymenoptera"
"44_Knight_M3_2018",28,40,70,"Abundance",10,"Hymenoptera"
"44_Knight_M4_2018",20,26,76.9230769230769,"Abundance",10,"Hymenoptera"
"44_Knight_M6_2018",9,22,40.9090909090909,"Abundance",10,"Hymenoptera"
"44_Knight_M8_2018",14,20,70,"Abundance",10,"Hymenoptera"
"45_Knight_Hermanovice_meadow_2018",8,11,72.7272727272727,"Abundance",10,"Hymenoptera"
"45_Knight_HorniGrunt_meadow_2018",4,5,80,"Abundance",10,"Hymenoptera"
"45_Knight_Mnichov_meadow_2018",9,11,81.8181818181818,"Abundance",10,"Hymenoptera"
"46_Knight_Gora_Gipsowa_2018",4,11,36.3636363636364,"Abundance",10,"Hymenoptera"
"47_Benadi_1",17,26,65.3846153846154,"Abundance",10,"Hymenoptera"
"47_Benadi_2",13,22,59.0909090909091,"Abundance",10,"Hymenoptera"
"47_Benadi_3",22,22,100,"Abundance",10,"Hymenoptera"
"47_Benadi_4",10,13,76.9230769230769,"Abundance",10,"Hymenoptera"
"47_Benadi_5",14,18,77.7777777777778,"Abundance",10,"Hymenoptera"
"47_Benadi_6",11,16,68.75,"Abundance",10,"Hymenoptera"
"4_Marini_UNIPD01 A_2018",29,43,67.4418604651163,"Abundance",10,"Hymenoptera"
"4_Marini_UNIPD01 An_2018",28,32,87.5,"Abundance",10,"Hymenoptera"
"4_Marini_UNIPD01 B_2018",29,34,85.2941176470588,"Abundance",10,"Hymenoptera"
"4_Marini_UNIPD01 Bn_2018",33,51,64.7058823529412,"Abundance",10,"Hymenoptera"
"4_Marini_UNIPD01 C_2018",18,30,60,"Abundance",10,"Hymenoptera"
"4_Marini_UNIPD01 Cn_2018",17,27,62.962962962963,"Abundance",10,"Hymenoptera"
"4_Marini_UNIPD01 E_2018",15,32,46.875,"Abundance",10,"Hymenoptera"
"4_Marini_UNIPD01 En_2018",7,29,24.1379310344828,"Abundance",10,"Hymenoptera"
"4_Marini_UNIPD01 F_2018",12,14,85.7142857142857,"Abundance",10,"Hymenoptera"
"4_Marini_UNIPD01 Fn_2018",15,22,68.1818181818182,"Abundance",10,"Hymenoptera"
"4_Marini_UNIPD01 G_2018",26,32,81.25,"Abundance",10,"Hymenoptera"
"4_Marini_UNIPD01 Gn_2018",21,27,77.7777777777778,"Abundance",10,"Hymenoptera"
"4_Marini_UNIPD01 H_2018",15,34,44.1176470588235,"Abundance",10,"Hymenoptera"
"4_Marini_UNIPD01 Hn_2018",15,26,57.6923076923077,"Abundance",10,"Hymenoptera"
"4_Marini_UNIPD01 I_2018",20,33,60.6060606060606,"Abundance",10,"Hymenoptera"
"4_Marini_UNIPD01 In_2018",43,58,74.1379310344828,"Abundance",10,"Hymenoptera"
"50_Hervias-Parejo_Cala Tirant_2021",30,33,90.9090909090909,"Abundance",10,"Hymenoptera"
"50_Hervias-Parejo_Llucalari_2021",25,28,89.2857142857143,"Abundance",10,"Hymenoptera"
"50_Hervias-Parejo_Sa Bassa_2021",24,32,75,"Abundance",10,"Hymenoptera"
"50_Hervias-Parejo_Salinas_2021",14,33,42.4242424242424,"Abundance",10,"Hymenoptera"
"50_Hervias-Parejo_Torre Fornells_2021",19,34,55.8823529411765,"Abundance",10,"Hymenoptera"
"50_Hervias-Parejo_coast Son Bou_2021",17,22,77.2727272727273,"Abundance",10,"Hymenoptera"
"51_Petanidou_Pyrgos_2013",29,38,76.3157894736842,"Abundance",10,"Hymenoptera"
"51_Petanidou_Sigri 3_2012",30,38,78.9473684210526,"Abundance",10,"Hymenoptera"
"54_Lazaro_AloeVera_2018_2018",12,14,85.7142857142857,"Abundance",10,"Hymenoptera"
"54_Lazaro_SonBaco_2018_2018",19,21,90.4761904761905,"Abundance",10,"Hymenoptera"
"54_Lazaro_SonMutNou_2018_2018",19,19,100,"Abundance",10,"Hymenoptera"
"54_Lazaro_UIB_2018_2018",13,31,41.9354838709677,"Abundance",10,"Hymenoptera"
"5_Marini_UNIPD02 AA_2019",11,14,78.5714285714286,"Abundance",10,"Hymenoptera"
"5_Marini_UNIPD02 AB_2019",2,3,66.6666666666667,"Abundance",10,"Hymenoptera"
"5_Marini_UNIPD02 AC_2019",3,6,50,"Abundance",10,"Hymenoptera"
"5_Marini_UNIPD02 AD_2019",4,6,66.6666666666667,"Abundance",10,"Hymenoptera"
"5_Marini_UNIPD02 AE_2019",12,14,85.7142857142857,"Abundance",10,"Hymenoptera"
"5_Marini_UNIPD02 AF_2019",10,10,100,"Abundance",10,"Hymenoptera"
"5_Marini_UNIPD02 AG_2019",13,17,76.4705882352941,"Abundance",10,"Hymenoptera"
"5_Marini_UNIPD02 AH_2019",10,14,71.4285714285714,"Abundance",10,"Hymenoptera"
"5_Marini_UNIPD02 AI_2019",8,9,88.8888888888889,"Abundance",10,"Hymenoptera"
"5_Marini_UNIPD02 AJ_2019",17,17,100,"Abundance",10,"Hymenoptera"
"5_Marini_UNIPD02 AK_2019",9,9,100,"Abundance",10,"Hymenoptera"
"5_Marini_UNIPD02 AL_2019",11,15,73.3333333333333,"Abundance",10,"Hymenoptera"
"5_Marini_UNIPD02 AM_2019",11,16,68.75,"Abundance",10,"Hymenoptera"
"5_Marini_UNIPD02 AN_2019",9,9,100,"Abundance",10,"Hymenoptera"
"5_Marini_UNIPD02 AO_2019",8,9,88.8888888888889,"Abundance",10,"Hymenoptera"
"5_Marini_UNIPD02 AP_2019",6,7,85.7142857142857,"Abundance",10,"Hymenoptera"
"5_Marini_UNIPD02 AQ_2019",8,9,88.8888888888889,"Abundance",10,"Hymenoptera"
"5_Marini_UNIPD02 AS_2019",13,14,92.8571428571429,"Abundance",10,"Hymenoptera"
"5_Marini_UNIPD02 AT_2019",13,15,86.6666666666667,"Abundance",10,"Hymenoptera"
"5_Marini_UNIPD02 AV_2019",5,5,100,"Abundance",10,"Hymenoptera"
"5_Marini_UNIPD02 A_2019",24,25,96,"Abundance",10,"Hymenoptera"
"5_Marini_UNIPD02 B_2019",13,22,59.0909090909091,"Abundance",10,"Hymenoptera"
"5_Marini_UNIPD02 C_2019",20,20,100,"Abundance",10,"Hymenoptera"
"5_Marini_UNIPD02 D_2019",11,11,100,"Abundance",10,"Hymenoptera"
"5_Marini_UNIPD02 E_2019",17,19,89.4736842105263,"Abundance",10,"Hymenoptera"
"5_Marini_UNIPD02 G_2019",10,15,66.6666666666667,"Abundance",10,"Hymenoptera"
"5_Marini_UNIPD02 H_2019",13,16,81.25,"Abundance",10,"Hymenoptera"
"5_Marini_UNIPD02 I_2019",9,10,90,"Abundance",10,"Hymenoptera"
"5_Marini_UNIPD02 K_2019",20,22,90.9090909090909,"Abundance",10,"Hymenoptera"
"5_Marini_UNIPD02 L_2019",5,7,71.4285714285714,"Abundance",10,"Hymenoptera"
"5_Marini_UNIPD02 M_2019",13,15,86.6666666666667,"Abundance",10,"Hymenoptera"
"5_Marini_UNIPD02 N_2019",4,6,66.6666666666667,"Abundance",10,"Hymenoptera"
"5_Marini_UNIPD02 O_2019",5,7,71.4285714285714,"Abundance",10,"Hymenoptera"
"5_Marini_UNIPD02 P_2019",4,7,57.1428571428571,"Abundance",10,"Hymenoptera"
"5_Marini_UNIPD02 Q_2019",12,12,100,"Abundance",10,"Hymenoptera"
"5_Marini_UNIPD02 S_2019",9,20,45,"Abundance",10,"Hymenoptera"
"5_Marini_UNIPD02 T_2019",7,9,77.7777777777778,"Abundance",10,"Hymenoptera"
"5_Marini_UNIPD02 U_2019",10,13,76.9230769230769,"Abundance",10,"Hymenoptera"
"5_Marini_UNIPD02 V_2019",10,17,58.8235294117647,"Abundance",10,"Hymenoptera"
"5_Marini_UNIPD02 W_2019",17,23,73.9130434782609,"Abundance",10,"Hymenoptera"
"5_Marini_UNIPD02 X_2019",11,16,68.75,"Abundance",10,"Hymenoptera"
"5_Marini_UNIPD02 Y_2019",13,17,76.4705882352941,"Abundance",10,"Hymenoptera"
"5_Marini_UNIPD02 Z_2019",16,18,88.8888888888889,"Abundance",10,"Hymenoptera"
"6_Marini_UNIPD03 CD13_2020",20,20,100,"Abundance",10,"Hymenoptera"
"6_Marini_UNIPD03 CD14_2020",19,22,86.3636363636364,"Abundance",10,"Hymenoptera"
"6_Marini_UNIPD03 CD15_2020",28,30,93.3333333333333,"Abundance",10,"Hymenoptera"
"6_Marini_UNIPD03 CD16_2020",32,43,74.4186046511628,"Abundance",10,"Hymenoptera"
"6_Marini_UNIPD03 CD17_2020",25,40,62.5,"Abundance",10,"Hymenoptera"
"6_Marini_UNIPD03 CD20_2020",31,32,96.875,"Abundance",10,"Hymenoptera"
"6_Marini_UNIPD03 CD22_2020",11,15,73.3333333333333,"Abundance",10,"Hymenoptera"
"6_Marini_UNIPD03 CD23_2020",18,24,75,"Abundance",10,"Hymenoptera"
"6_Marini_UNIPD03 CD26_2020",16,20,80,"Abundance",10,"Hymenoptera"
"6_Marini_UNIPD03 CD27_2020",23,25,92,"Abundance",10,"Hymenoptera"
"6_Marini_UNIPD03 CD28_2020",21,26,80.7692307692308,"Abundance",10,"Hymenoptera"
"6_Marini_UNIPD03 CD29_2020",18,22,81.8181818181818,"Abundance",10,"Hymenoptera"
"6_Marini_UNIPD03 CD2_2020",18,19,94.7368421052632,"Abundance",10,"Hymenoptera"
"6_Marini_UNIPD03 CD34_2020",35,36,97.2222222222222,"Abundance",10,"Hymenoptera"
"6_Marini_UNIPD03 D11_2020",22,22,100,"Abundance",10,"Hymenoptera"
"6_Marini_UNIPD03 D17_2020",20,20,100,"Abundance",10,"Hymenoptera"
"6_Marini_UNIPD03 D21_2020",17,18,94.4444444444444,"Abundance",10,"Hymenoptera"
"6_Marini_UNIPD03 D24_2020",20,20,100,"Abundance",10,"Hymenoptera"
"6_Marini_UNIPD03 D28_2020",16,21,76.1904761904762,"Abundance",10,"Hymenoptera"
"6_Marini_UNIPD03 D29_2020",21,23,91.304347826087,"Abundance",10,"Hymenoptera"
"6_Marini_UNIPD03 D34_2020",28,30,93.3333333333333,"Abundance",10,"Hymenoptera"
"6_Marini_UNIPD03 D35_2020",18,18,100,"Abundance",10,"Hymenoptera"
"6_Marini_UNIPD03 D5_2020",21,23,91.304347826087,"Abundance",10,"Hymenoptera"
"6_Marini_UNIPD03 D8_2020",13,13,100,"Abundance",10,"Hymenoptera"
"6_Marini_UNIPD03 E14_2020",11,21,52.3809523809524,"Abundance",10,"Hymenoptera"
"6_Marini_UNIPD03 E19_2020",14,16,87.5,"Abundance",10,"Hymenoptera"
"6_Marini_UNIPD03 E25_2020",11,13,84.6153846153846,"Abundance",10,"Hymenoptera"
"6_Marini_UNIPD03 E26_2020",24,30,80,"Abundance",10,"Hymenoptera"
"6_Marini_UNIPD03 E31_2020",16,16,100,"Abundance",10,"Hymenoptera"
"6_Marini_UNIPD03 E32_2020",14,14,100,"Abundance",10,"Hymenoptera"
"6_Marini_UNIPD03 E33_2020",30,30,100,"Abundance",10,"Hymenoptera"
"6_Marini_UNIPD03 E35_2020",24,25,96,"Abundance",10,"Hymenoptera"
"6_Marini_UNIPD03 E36_2020",32,32,100,"Abundance",10,"Hymenoptera"
"7_Scheper_Chize_10_Field_boundary_2015",7,19,36.8421052631579,"Abundance",10,"Hymenoptera"
"7_Scheper_Chize_12_Field_boundary_2015",22,30,73.3333333333333,"Abundance",10,"Hymenoptera"
"7_Scheper_Chize_14_Field_boundary_2015",13,34,38.2352941176471,"Abundance",10,"Hymenoptera"
"7_Scheper_Chize_19_Field_boundary_2015",16,20,80,"Abundance",10,"Hymenoptera"
"7_Scheper_Chize_1_Field_boundary_2015",15,18,83.3333333333333,"Abundance",10,"Hymenoptera"
"7_Scheper_Chize_1_Grassland_2015",16,20,80,"Abundance",10,"Hymenoptera"
"7_Scheper_Chize_25_Field_boundary_2015",15,20,75,"Abundance",10,"Hymenoptera"
"7_Scheper_Chize_4_Field_boundary_2015",12,17,70.5882352941177,"Abundance",10,"Hymenoptera"
"7_Scheper_Chize_5_Field_boundary_2015",12,16,75,"Abundance",10,"Hymenoptera"
"7_Scheper_Chize_6_Field_boundary_2015",21,27,77.7777777777778,"Abundance",10,"Hymenoptera"
"11_Clough_ASK_2021_2021",2,11,18.1818181818182,"Abundance",5,"Hymenoptera"
"11_Clough_HAM_2021_2021",1,10,10,"Abundance",5,"Hymenoptera"
"11_Clough_KOM_2021_2021",4,11,36.3636363636364,"Abundance",5,"Hymenoptera"
"11_Clough_LOB_2021_2021",3,6,50,"Abundance",5,"Hymenoptera"
"11_Clough_PET_2021_2021",2,18,11.1111111111111,"Abundance",5,"Hymenoptera"
"11_Clough_TAG_2021_2021",2,12,16.6666666666667,"Abundance",5,"Hymenoptera"
"12_Ockinger_Norrang_Ryckelsby_Og",3,6,50,"Abundance",5,"Hymenoptera"
"12_Ockinger_Sattra_Og",3,4,75,"Abundance",5,"Hymenoptera"
"12_Ockinger_St_Tadinge",10,13,76.9230769230769,"Abundance",5,"Hymenoptera"
"12_Ockinger_Tjalinge_Skogstibble",4,12,33.3333333333333,"Abundance",5,"Hymenoptera"
"20_Hoiss_H5_2010",8,17,47.0588235294118,"Abundance",5,"Hymenoptera"
"20_Hoiss_H6_2010",3,5,60,"Abundance",5,"Hymenoptera"
"20_Hoiss_H7_2010",1,4,25,"Abundance",5,"Hymenoptera"
"20_Hoiss_HO1_2010",10,16,62.5,"Abundance",5,"Hymenoptera"
"20_Hoiss_HO5_2010",3,11,27.2727272727273,"Abundance",5,"Hymenoptera"
"20_Hoiss_T4_2010",11,20,55,"Abundance",5,"Hymenoptera"
"22_Kallnik_h1_2012",6,11,54.5454545454545,"Abundance",5,"Hymenoptera"
"22_Kallnik_h2_2011",10,11,90.9090909090909,"Abundance",5,"Hymenoptera"
"22_Kallnik_h3_2011",8,10,80,"Abundance",5,"Hymenoptera"
"22_Kallnik_h4_2010",5,10,50,"Abundance",5,"Hymenoptera"
"22_Kallnik_h4_2011",8,10,80,"Abundance",5,"Hymenoptera"
"22_Kallnik_h5_2011",10,11,90.9090909090909,"Abundance",5,"Hymenoptera"
"22_Kallnik_h5_2012",7,11,63.6363636363636,"Abundance",5,"Hymenoptera"
"22_Kallnik_h6_2011",6,10,60,"Abundance",5,"Hymenoptera"
"22_Kallnik_h7_2011",6,10,60,"Abundance",5,"Hymenoptera"
"22_Kallnik_ho2_2011",4,10,40,"Abundance",5,"Hymenoptera"
"22_Kallnik_ho3_2011",8,12,66.6666666666667,"Abundance",5,"Hymenoptera"
"22_Kallnik_ho3_2012",7,10,70,"Abundance",5,"Hymenoptera"
"22_Kallnik_ho4_2010",7,10,70,"Abundance",5,"Hymenoptera"
"22_Kallnik_ho4_2011",12,13,92.3076923076923,"Abundance",5,"Hymenoptera"
"22_Kallnik_ho4_2012",9,12,75,"Abundance",5,"Hymenoptera"
"22_Kallnik_ho5_2011",5,12,41.6666666666667,"Abundance",5,"Hymenoptera"
"22_Kallnik_wma3_2011",4,10,40,"Abundance",5,"Hymenoptera"
"22_Kallnik_wma3_2012",2,10,20,"Abundance",5,"Hymenoptera"
"22_Kallnik_wma4_2011",5,11,45.4545454545455,"Abundance",5,"Hymenoptera"
"22_Kallnik_wma5_2011",8,10,80,"Abundance",5,"Hymenoptera"
"22_Kallnik_wmb1_2012",8,11,72.7272727272727,"Abundance",5,"Hymenoptera"
"22_Kallnik_wmb2_2011",4,12,33.3333333333333,"Abundance",5,"Hymenoptera"
"22_Kallnik_wmb2_2012",4,11,36.3636363636364,"Abundance",5,"Hymenoptera"
"22_Kallnik_wmb3_2011",8,10,80,"Abundance",5,"Hymenoptera"
"22_Kallnik_wmb3_2012",6,10,60,"Abundance",5,"Hymenoptera"
"22_Kallnik_wmb4_2010",9,12,75,"Abundance",5,"Hymenoptera"
"22_Kallnik_wmb4_2011",8,13,61.5384615384615,"Abundance",5,"Hymenoptera"
"22_Kallnik_wmb4_2012",7,11,63.6363636363636,"Abundance",5,"Hymenoptera"
"22_Kallnik_wmb5_2010",9,11,81.8181818181818,"Abundance",5,"Hymenoptera"
"22_Kallnik_wmb5_2011",6,11,54.5454545454545,"Abundance",5,"Hymenoptera"
"22_Kallnik_wmb5_2012",6,11,54.5454545454545,"Abundance",5,"Hymenoptera"
"28_Sutter_10_2013",3,14,21.4285714285714,"Abundance",5,"Hymenoptera"
"28_Sutter_11_2013",6,12,50,"Abundance",5,"Hymenoptera"
"28_Sutter_12_2013",7,11,63.6363636363636,"Abundance",5,"Hymenoptera"
"28_Sutter_13_2013",2,11,18.1818181818182,"Abundance",5,"Hymenoptera"
"28_Sutter_13_2014",2,9,22.2222222222222,"Abundance",5,"Hymenoptera"
"28_Sutter_14_2013",3,10,30,"Abundance",5,"Hymenoptera"
"28_Sutter_17_2013",5,15,33.3333333333333,"Abundance",5,"Hymenoptera"
"28_Sutter_19_2013",14,18,77.7777777777778,"Abundance",5,"Hymenoptera"
"28_Sutter_1_2013",7,12,58.3333333333333,"Abundance",5,"Hymenoptera"
"28_Sutter_20_2013",8,13,61.5384615384615,"Abundance",5,"Hymenoptera"
"28_Sutter_21_2013",9,14,64.2857142857143,"Abundance",5,"Hymenoptera"
"28_Sutter_2_2013",3,13,23.0769230769231,"Abundance",5,"Hymenoptera"
"28_Sutter_3_2013",7,19,36.8421052631579,"Abundance",5,"Hymenoptera"
"28_Sutter_5_2013",14,21,66.6666666666667,"Abundance",5,"Hymenoptera"
"28_Sutter_8_2013",3,15,20,"Abundance",5,"Hymenoptera"
"28_Sutter_8_2014",14,17,82.3529411764706,"Abundance",5,"Hymenoptera"
"29_Magrach_Gibraleon_2011",9,20,45,"Abundance",5,"Hymenoptera"
"29_Magrach_Gravera_2011",14,22,63.6363636363636,"Abundance",5,"Hymenoptera"
"29_Magrach_Niebla_2011",17,22,77.2727272727273,"Abundance",5,"Hymenoptera"
"29_Magrach_Niebla_2012",22,24,91.6666666666667,"Abundance",5,"Hymenoptera"
"29_Magrach_Villablanca_2011",9,16,56.25,"Abundance",5,"Hymenoptera"
"2_Petanidou_Armolia_2015",29,46,63.0434782608696,"Abundance",5,"Hymenoptera"
"2_Petanidou_Emborios_2015",51,58,87.9310344827586,"Abundance",5,"Hymenoptera"
"2_Petanidou_Gridia_2015",31,54,57.4074074074074,"Abundance",5,"Hymenoptera"
"2_Petanidou_Kato Fana_2015",29,40,72.5,"Abundance",5,"Hymenoptera"
"2_Petanidou_Palios Katarraktis_2015",17,48,35.4166666666667,"Abundance",5,"Hymenoptera"
"2_Petanidou_Vessa 2_2015",40,67,59.7014925373134,"Abundance",5,"Hymenoptera"
"30_Smith_lsk48_2012",4,11,36.3636363636364,"Abundance",5,"Hymenoptera"
"30_Smith_lsk57_2011",6,10,60,"Abundance",5,"Hymenoptera"
"30_Smith_lsk73_2012",4,7,57.1428571428571,"Abundance",5,"Hymenoptera"
"30_Smith_lsk74_2012",5,14,35.7142857142857,"Abundance",5,"Hymenoptera"
"30_Smith_lsk77_2011",8,13,61.5384615384615,"Abundance",5,"Hymenoptera"
"30_Smith_lsk77_2012",5,12,41.6666666666667,"Abundance",5,"Hymenoptera"
"31_Roberts_Hunt_2013",8,11,72.7272727272727,"Abundance",5,"Hymenoptera"
"31_Roberts_Jefferies_2013",5,9,55.5555555555556,"Abundance",5,"Hymenoptera"
"31_Roberts_Livingstone_far_2012",4,9,44.4444444444444,"Abundance",5,"Hymenoptera"
"31_Roberts_Livingstone_house_2012",3,10,30,"Abundance",5,"Hymenoptera"
"31_Roberts_Mearns_2013",12,15,80,"Abundance",5,"Hymenoptera"
"31_Roberts_White_left_2012",4,15,26.6666666666667,"Abundance",5,"Hymenoptera"
"36_Larkin_Barracks.Lyan.Co.Clare_13.2017_GS1",4,5,80,"Abundance",5,"Hymenoptera"
"36_Larkin_Glencolumbkille.South.Carron.Co.Clare_20.2017_GS1",6,8,75,"Abundance",5,"Hymenoptera"
"37_White_An",6,11,54.5454545454545,"Abundance",5,"Hymenoptera"
"37_White_Bl",6,7,85.7142857142857,"Abundance",5,"Hymenoptera"
"37_White_Bn",9,12,75,"Abundance",5,"Hymenoptera"
"37_White_CW",5,10,50,"Abundance",5,"Hymenoptera"
"37_White_Ce",5,7,71.4285714285714,"Abundance",5,"Hymenoptera"
"37_White_Cn",8,13,61.5384615384615,"Abundance",5,"Hymenoptera"
"37_White_ED",3,8,37.5,"Abundance",5,"Hymenoptera"
"37_White_Fs",7,8,87.5,"Abundance",5,"Hymenoptera"
"37_White_JK",8,11,72.7272727272727,"Abundance",5,"Hymenoptera"
"37_White_Kr",6,8,75,"Abundance",5,"Hymenoptera"
"37_White_ND",5,8,62.5,"Abundance",5,"Hymenoptera"
"37_White_NG",2,9,22.2222222222222,"Abundance",5,"Hymenoptera"
"37_White_Pn",7,9,77.7777777777778,"Abundance",5,"Hymenoptera"
"37_White_WD",4,10,40,"Abundance",5,"Hymenoptera"
"38_Maurer_A1",16,20,80,"Abundance",5,"Hymenoptera"
"38_Maurer_A2",3,29,10.3448275862069,"Abundance",5,"Hymenoptera"
"38_Maurer_A3",3,22,13.6363636363636,"Abundance",5,"Hymenoptera"
"38_Maurer_A4",9,21,42.8571428571429,"Abundance",5,"Hymenoptera"
"38_Maurer_R1",4,31,12.9032258064516,"Abundance",5,"Hymenoptera"
"38_Maurer_R2",7,37,18.9189189189189,"Abundance",5,"Hymenoptera"
"38_Maurer_R3",15,41,36.5853658536585,"Abundance",5,"Hymenoptera"
"38_Maurer_R4",8,30,26.6666666666667,"Abundance",5,"Hymenoptera"
"38_Maurer_U2",3,49,6.12244897959184,"Abundance",5,"Hymenoptera"
"38_Maurer_U3",13,39,33.3333333333333,"Abundance",5,"Hymenoptera"
"39_Schweiger_I1_ruderal_1_2021",1,16,6.25,"Abundance",5,"Hymenoptera"
"39_Schweiger_I2_semi.natural.grass_5_2021",16,25,64,"Abundance",5,"Hymenoptera"
"39_Schweiger_I2_woodland.scrub_1_2021",3,19,15.7894736842105,"Abundance",5,"Hymenoptera"
"39_Schweiger_I4_woodland.scrub_3_2021",7,17,41.1764705882353,"Abundance",5,"Hymenoptera"
"39_Schweiger_R1_semi.natural.grass_4_2021",15,20,75,"Abundance",5,"Hymenoptera"
"39_Schweiger_R4_semi.natural.grass_2_2021",11,17,64.7058823529412,"Abundance",5,"Hymenoptera"
"40_Knight_Ghe_ari_2017",19,41,46.3414634146341,"Abundance",5,"Hymenoptera"
"41_Knight_1 wooded meadow_2018",14,14,100,"Abundance",5,"Hymenoptera"
"41_Knight_2 alvar pasture_2018",6,7,85.7142857142857,"Abundance",5,"Hymenoptera"
"41_Knight_3 alvar pasture_2018",7,13,53.8461538461538,"Abundance",5,"Hymenoptera"
"41_Knight_4 wooded meadow_2018",9,10,90,"Abundance",5,"Hymenoptera"
"41_Knight_5 wooded meadow_2018",10,14,71.4285714285714,"Abundance",5,"Hymenoptera"
"41_Knight_6 alvar pasture_2018",6,11,54.5454545454545,"Abundance",5,"Hymenoptera"
"42_Knight_M1Restored_2019",11,13,84.6153846153846,"Abundance",5,"Hymenoptera"
"42_Knight_M2Natural_2019",3,7,42.8571428571429,"Abundance",5,"Hymenoptera"
"42_Knight_M3Natural_2019",2,4,50,"Abundance",5,"Hymenoptera"
"42_Knight_M4Restored_2019",4,5,80,"Abundance",5,"Hymenoptera"
"42_Knight_M5Restored_2019",2,6,33.3333333333333,"Abundance",5,"Hymenoptera"
"42_Knight_M6Natural_2019",8,14,57.1428571428571,"Abundance",5,"Hymenoptera"
"42_Knight_M8Restored_2019",1,5,20,"Abundance",5,"Hymenoptera"
"44_Knight_M11_2018",16,25,64,"Abundance",5,"Hymenoptera"
"44_Knight_M12_2018",9,23,39.1304347826087,"Abundance",5,"Hymenoptera"
"44_Knight_M13_2018",3,4,75,"Abundance",5,"Hymenoptera"
"44_Knight_M15_2018",14,22,63.6363636363636,"Abundance",5,"Hymenoptera"
"44_Knight_M16_2018",12,18,66.6666666666667,"Abundance",5,"Hymenoptera"
"44_Knight_M17_2018",8,21,38.0952380952381,"Abundance",5,"Hymenoptera"
"44_Knight_M18_2018",20,23,86.9565217391304,"Abundance",5,"Hymenoptera"
"44_Knight_M1_2018",11,17,64.7058823529412,"Abundance",5,"Hymenoptera"
"44_Knight_M3_2018",20,40,50,"Abundance",5,"Hymenoptera"
"44_Knight_M4_2018",17,26,65.3846153846154,"Abundance",5,"Hymenoptera"
"44_Knight_M6_2018",5,22,22.7272727272727,"Abundance",5,"Hymenoptera"
"44_Knight_M8_2018",11,20,55,"Abundance",5,"Hymenoptera"
"45_Knight_Hermanovice_meadow_2018",7,11,63.6363636363636,"Abundance",5,"Hymenoptera"
"45_Knight_HorniGrunt_meadow_2018",4,5,80,"Abundance",5,"Hymenoptera"
"45_Knight_Mnichov_meadow_2018",9,11,81.8181818181818,"Abundance",5,"Hymenoptera"
"46_Knight_Gora_Gipsowa_2018",3,11,27.2727272727273,"Abundance",5,"Hymenoptera"
"47_Benadi_1",14,26,53.8461538461538,"Abundance",5,"Hymenoptera"
"47_Benadi_2",10,22,45.4545454545455,"Abundance",5,"Hymenoptera"
"47_Benadi_3",14,22,63.6363636363636,"Abundance",5,"Hymenoptera"
"47_Benadi_4",5,13,38.4615384615385,"Abundance",5,"Hymenoptera"
"47_Benadi_5",4,18,22.2222222222222,"Abundance",5,"Hymenoptera"
"47_Benadi_6",7,16,43.75,"Abundance",5,"Hymenoptera"
"4_Marini_UNIPD01 A_2018",20,43,46.5116279069767,"Abundance",5,"Hymenoptera"
"4_Marini_UNIPD01 An_2018",16,32,50,"Abundance",5,"Hymenoptera"
"4_Marini_UNIPD01 B_2018",23,34,67.6470588235294,"Abundance",5,"Hymenoptera"
"4_Marini_UNIPD01 Bn_2018",23,51,45.0980392156863,"Abundance",5,"Hymenoptera"
"4_Marini_UNIPD01 C_2018",13,30,43.3333333333333,"Abundance",5,"Hymenoptera"
"4_Marini_UNIPD01 Cn_2018",12,27,44.4444444444444,"Abundance",5,"Hymenoptera"
"4_Marini_UNIPD01 E_2018",10,32,31.25,"Abundance",5,"Hymenoptera"
"4_Marini_UNIPD01 En_2018",2,29,6.89655172413793,"Abundance",5,"Hymenoptera"
"4_Marini_UNIPD01 F_2018",7,14,50,"Abundance",5,"Hymenoptera"
"4_Marini_UNIPD01 Fn_2018",12,22,54.5454545454545,"Abundance",5,"Hymenoptera"
"4_Marini_UNIPD01 G_2018",20,32,62.5,"Abundance",5,"Hymenoptera"
"4_Marini_UNIPD01 Gn_2018",16,27,59.2592592592593,"Abundance",5,"Hymenoptera"
"4_Marini_UNIPD01 H_2018",9,34,26.4705882352941,"Abundance",5,"Hymenoptera"
"4_Marini_UNIPD01 Hn_2018",13,26,50,"Abundance",5,"Hymenoptera"
"4_Marini_UNIPD01 I_2018",12,33,36.3636363636364,"Abundance",5,"Hymenoptera"
"4_Marini_UNIPD01 In_2018",42,58,72.4137931034483,"Abundance",5,"Hymenoptera"
"50_Hervias-Parejo_Cala Tirant_2021",17,33,51.5151515151515,"Abundance",5,"Hymenoptera"
"50_Hervias-Parejo_Llucalari_2021",14,28,50,"Abundance",5,"Hymenoptera"
"50_Hervias-Parejo_Sa Bassa_2021",11,32,34.375,"Abundance",5,"Hymenoptera"
"50_Hervias-Parejo_Salinas_2021",2,33,6.06060606060606,"Abundance",5,"Hymenoptera"
"50_Hervias-Parejo_Torre Fornells_2021",12,34,35.2941176470588,"Abundance",5,"Hymenoptera"
"50_Hervias-Parejo_coast Son Bou_2021",15,22,68.1818181818182,"Abundance",5,"Hymenoptera"
"51_Petanidou_Pyrgos_2013",27,38,71.0526315789474,"Abundance",5,"Hymenoptera"
"51_Petanidou_Sigri 3_2012",16,38,42.1052631578947,"Abundance",5,"Hymenoptera"
"54_Lazaro_AloeVera_2018_2018",7,14,50,"Abundance",5,"Hymenoptera"
"54_Lazaro_SonBaco_2018_2018",18,21,85.7142857142857,"Abundance",5,"Hymenoptera"
"54_Lazaro_SonMutNou_2018_2018",14,19,73.6842105263158,"Abundance",5,"Hymenoptera"
"54_Lazaro_UIB_2018_2018",6,31,19.3548387096774,"Abundance",5,"Hymenoptera"
"5_Marini_UNIPD02 AA_2019",8,14,57.1428571428571,"Abundance",5,"Hymenoptera"
"5_Marini_UNIPD02 AB_2019",2,3,66.6666666666667,"Abundance",5,"Hymenoptera"
"5_Marini_UNIPD02 AC_2019",2,6,33.3333333333333,"Abundance",5,"Hymenoptera"
"5_Marini_UNIPD02 AD_2019",3,6,50,"Abundance",5,"Hymenoptera"
"5_Marini_UNIPD02 AE_2019",7,14,50,"Abundance",5,"Hymenoptera"
"5_Marini_UNIPD02 AF_2019",7,10,70,"Abundance",5,"Hymenoptera"
"5_Marini_UNIPD02 AG_2019",9,17,52.9411764705882,"Abundance",5,"Hymenoptera"
"5_Marini_UNIPD02 AH_2019",10,14,71.4285714285714,"Abundance",5,"Hymenoptera"
"5_Marini_UNIPD02 AI_2019",7,9,77.7777777777778,"Abundance",5,"Hymenoptera"
"5_Marini_UNIPD02 AJ_2019",11,17,64.7058823529412,"Abundance",5,"Hymenoptera"
"5_Marini_UNIPD02 AK_2019",8,9,88.8888888888889,"Abundance",5,"Hymenoptera"
"5_Marini_UNIPD02 AL_2019",7,15,46.6666666666667,"Abundance",5,"Hymenoptera"
"5_Marini_UNIPD02 AM_2019",8,16,50,"Abundance",5,"Hymenoptera"
"5_Marini_UNIPD02 AN_2019",5,9,55.5555555555556,"Abundance",5,"Hymenoptera"
"5_Marini_UNIPD02 AO_2019",4,9,44.4444444444444,"Abundance",5,"Hymenoptera"
"5_Marini_UNIPD02 AP_2019",5,7,71.4285714285714,"Abundance",5,"Hymenoptera"
"5_Marini_UNIPD02 AQ_2019",8,9,88.8888888888889,"Abundance",5,"Hymenoptera"
"5_Marini_UNIPD02 AS_2019",12,14,85.7142857142857,"Abundance",5,"Hymenoptera"
"5_Marini_UNIPD02 AT_2019",12,15,80,"Abundance",5,"Hymenoptera"
"5_Marini_UNIPD02 AV_2019",4,5,80,"Abundance",5,"Hymenoptera"
"5_Marini_UNIPD02 A_2019",20,25,80,"Abundance",5,"Hymenoptera"
"5_Marini_UNIPD02 B_2019",6,22,27.2727272727273,"Abundance",5,"Hymenoptera"
"5_Marini_UNIPD02 C_2019",15,20,75,"Abundance",5,"Hymenoptera"
"5_Marini_UNIPD02 D_2019",7,11,63.6363636363636,"Abundance",5,"Hymenoptera"
"5_Marini_UNIPD02 E_2019",9,19,47.3684210526316,"Abundance",5,"Hymenoptera"
"5_Marini_UNIPD02 G_2019",9,15,60,"Abundance",5,"Hymenoptera"
"5_Marini_UNIPD02 H_2019",10,16,62.5,"Abundance",5,"Hymenoptera"
"5_Marini_UNIPD02 I_2019",7,10,70,"Abundance",5,"Hymenoptera"
"5_Marini_UNIPD02 K_2019",16,22,72.7272727272727,"Abundance",5,"Hymenoptera"
"5_Marini_UNIPD02 L_2019",5,7,71.4285714285714,"Abundance",5,"Hymenoptera"
"5_Marini_UNIPD02 M_2019",7,15,46.6666666666667,"Abundance",5,"Hymenoptera"
"5_Marini_UNIPD02 N_2019",1,6,16.6666666666667,"Abundance",5,"Hymenoptera"
"5_Marini_UNIPD02 O_2019",4,7,57.1428571428571,"Abundance",5,"Hymenoptera"
"5_Marini_UNIPD02 P_2019",3,7,42.8571428571429,"Abundance",5,"Hymenoptera"
"5_Marini_UNIPD02 Q_2019",10,12,83.3333333333333,"Abundance",5,"Hymenoptera"
"5_Marini_UNIPD02 S_2019",9,20,45,"Abundance",5,"Hymenoptera"
"5_Marini_UNIPD02 T_2019",3,9,33.3333333333333,"Abundance",5,"Hymenoptera"
"5_Marini_UNIPD02 U_2019",7,13,53.8461538461538,"Abundance",5,"Hymenoptera"
"5_Marini_UNIPD02 V_2019",6,17,35.2941176470588,"Abundance",5,"Hymenoptera"
"5_Marini_UNIPD02 W_2019",13,23,56.5217391304348,"Abundance",5,"Hymenoptera"
"5_Marini_UNIPD02 X_2019",11,16,68.75,"Abundance",5,"Hymenoptera"
"5_Marini_UNIPD02 Y_2019",11,17,64.7058823529412,"Abundance",5,"Hymenoptera"
"5_Marini_UNIPD02 Z_2019",11,18,61.1111111111111,"Abundance",5,"Hymenoptera"
"6_Marini_UNIPD03 CD13_2020",18,20,90,"Abundance",5,"Hymenoptera"
"6_Marini_UNIPD03 CD14_2020",13,22,59.0909090909091,"Abundance",5,"Hymenoptera"
"6_Marini_UNIPD03 CD15_2020",25,30,83.3333333333333,"Abundance",5,"Hymenoptera"
"6_Marini_UNIPD03 CD16_2020",24,43,55.8139534883721,"Abundance",5,"Hymenoptera"
"6_Marini_UNIPD03 CD17_2020",15,40,37.5,"Abundance",5,"Hymenoptera"
"6_Marini_UNIPD03 CD20_2020",25,32,78.125,"Abundance",5,"Hymenoptera"
"6_Marini_UNIPD03 CD22_2020",9,15,60,"Abundance",5,"Hymenoptera"
"6_Marini_UNIPD03 CD23_2020",14,24,58.3333333333333,"Abundance",5,"Hymenoptera"
"6_Marini_UNIPD03 CD26_2020",13,20,65,"Abundance",5,"Hymenoptera"
"6_Marini_UNIPD03 CD27_2020",19,25,76,"Abundance",5,"Hymenoptera"
"6_Marini_UNIPD03 CD28_2020",13,26,50,"Abundance",5,"Hymenoptera"
"6_Marini_UNIPD03 CD29_2020",12,22,54.5454545454545,"Abundance",5,"Hymenoptera"
"6_Marini_UNIPD03 CD2_2020",13,19,68.4210526315789,"Abundance",5,"Hymenoptera"
"6_Marini_UNIPD03 CD34_2020",30,36,83.3333333333333,"Abundance",5,"Hymenoptera"
"6_Marini_UNIPD03 D11_2020",22,22,100,"Abundance",5,"Hymenoptera"
"6_Marini_UNIPD03 D17_2020",19,20,95,"Abundance",5,"Hymenoptera"
"6_Marini_UNIPD03 D21_2020",16,18,88.8888888888889,"Abundance",5,"Hymenoptera"
"6_Marini_UNIPD03 D24_2020",20,20,100,"Abundance",5,"Hymenoptera"
"6_Marini_UNIPD03 D28_2020",11,21,52.3809523809524,"Abundance",5,"Hymenoptera"
"6_Marini_UNIPD03 D29_2020",19,23,82.6086956521739,"Abundance",5,"Hymenoptera"
"6_Marini_UNIPD03 D34_2020",20,30,66.6666666666667,"Abundance",5,"Hymenoptera"
"6_Marini_UNIPD03 D35_2020",12,18,66.6666666666667,"Abundance",5,"Hymenoptera"
"6_Marini_UNIPD03 D5_2020",14,23,60.8695652173913,"Abundance",5,"Hymenoptera"
"6_Marini_UNIPD03 D8_2020",13,13,100,"Abundance",5,"Hymenoptera"
"6_Marini_UNIPD03 E14_2020",10,21,47.6190476190476,"Abundance",5,"Hymenoptera"
"6_Marini_UNIPD03 E19_2020",10,16,62.5,"Abundance",5,"Hymenoptera"
"6_Marini_UNIPD03 E25_2020",9,13,69.2307692307692,"Abundance",5,"Hymenoptera"
"6_Marini_UNIPD03 E26_2020",18,30,60,"Abundance",5,"Hymenoptera"
"6_Marini_UNIPD03 E31_2020",13,16,81.25,"Abundance",5,"Hymenoptera"
"6_Marini_UNIPD03 E32_2020",6,14,42.8571428571429,"Abundance",5,"Hymenoptera"
"6_Marini_UNIPD03 E33_2020",20,30,66.6666666666667,"Abundance",5,"Hymenoptera"
"6_Marini_UNIPD03 E35_2020",20,25,80,"Abundance",5,"Hymenoptera"
"6_Marini_UNIPD03 E36_2020",28,32,87.5,"Abundance",5,"Hymenoptera"
"7_Scheper_Chize_10_Field_boundary_2015",6,19,31.5789473684211,"Abundance",5,"Hymenoptera"
"7_Scheper_Chize_12_Field_boundary_2015",20,30,66.6666666666667,"Abundance",5,"Hymenoptera"
"7_Scheper_Chize_14_Field_boundary_2015",9,34,26.4705882352941,"Abundance",5,"Hymenoptera"
"7_Scheper_Chize_19_Field_boundary_2015",16,20,80,"Abundance",5,"Hymenoptera"
"7_Scheper_Chize_1_Field_boundary_2015",15,18,83.3333333333333,"Abundance",5,"Hymenoptera"
"7_Scheper_Chize_1_Grassland_2015",15,20,75,"Abundance",5,"Hymenoptera"
"7_Scheper_Chize_25_Field_boundary_2015",14,20,70,"Abundance",5,"Hymenoptera"
"7_Scheper_Chize_4_Field_boundary_2015",7,17,41.1764705882353,"Abundance",5,"Hymenoptera"
"7_Scheper_Chize_5_Field_boundary_2015",9,16,56.25,"Abundance",5,"Hymenoptera"
"7_Scheper_Chize_6_Field_boundary_2015",16,27,59.2592592592593,"Abundance",5,"Hymenoptera"
"11_Clough_ASK_2021_2021",2,11,18.1818181818182,"Abundance",3,"Hymenoptera"
"11_Clough_HAM_2021_2021",1,10,10,"Abundance",3,"Hymenoptera"
"11_Clough_KOM_2021_2021",4,11,36.3636363636364,"Abundance",3,"Hymenoptera"
"11_Clough_LOB_2021_2021",3,6,50,"Abundance",3,"Hymenoptera"
"11_Clough_PET_2021_2021",2,18,11.1111111111111,"Abundance",3,"Hymenoptera"
"11_Clough_TAG_2021_2021",1,12,8.33333333333333,"Abundance",3,"Hymenoptera"
"12_Ockinger_Norrang_Ryckelsby_Og",3,6,50,"Abundance",3,"Hymenoptera"
"12_Ockinger_Sattra_Og",1,4,25,"Abundance",3,"Hymenoptera"
"12_Ockinger_St_Tadinge",10,13,76.9230769230769,"Abundance",3,"Hymenoptera"
"12_Ockinger_Tjalinge_Skogstibble",4,12,33.3333333333333,"Abundance",3,"Hymenoptera"
"20_Hoiss_H5_2010",5,17,29.4117647058824,"Abundance",3,"Hymenoptera"
"20_Hoiss_H6_2010",2,5,40,"Abundance",3,"Hymenoptera"
"20_Hoiss_H7_2010",1,4,25,"Abundance",3,"Hymenoptera"
"20_Hoiss_HO1_2010",4,16,25,"Abundance",3,"Hymenoptera"
"20_Hoiss_HO5_2010",3,11,27.2727272727273,"Abundance",3,"Hymenoptera"
"20_Hoiss_T4_2010",9,20,45,"Abundance",3,"Hymenoptera"
"22_Kallnik_h1_2012",3,11,27.2727272727273,"Abundance",3,"Hymenoptera"
"22_Kallnik_h2_2011",10,11,90.9090909090909,"Abundance",3,"Hymenoptera"
"22_Kallnik_h3_2011",8,10,80,"Abundance",3,"Hymenoptera"
"22_Kallnik_h4_2010",2,10,20,"Abundance",3,"Hymenoptera"
"22_Kallnik_h4_2011",7,10,70,"Abundance",3,"Hymenoptera"
"22_Kallnik_h5_2011",9,11,81.8181818181818,"Abundance",3,"Hymenoptera"
"22_Kallnik_h5_2012",5,11,45.4545454545455,"Abundance",3,"Hymenoptera"
"22_Kallnik_h6_2011",3,10,30,"Abundance",3,"Hymenoptera"
"22_Kallnik_h7_2011",6,10,60,"Abundance",3,"Hymenoptera"
"22_Kallnik_ho2_2011",4,10,40,"Abundance",3,"Hymenoptera"
"22_Kallnik_ho3_2011",5,12,41.6666666666667,"Abundance",3,"Hymenoptera"
"22_Kallnik_ho3_2012",2,10,20,"Abundance",3,"Hymenoptera"
"22_Kallnik_ho4_2011",12,13,92.3076923076923,"Abundance",3,"Hymenoptera"
"22_Kallnik_ho4_2012",9,12,75,"Abundance",3,"Hymenoptera"
"22_Kallnik_ho5_2011",3,12,25,"Abundance",3,"Hymenoptera"
"22_Kallnik_wma3_2011",1,10,10,"Abundance",3,"Hymenoptera"
"22_Kallnik_wma3_2012",2,10,20,"Abundance",3,"Hymenoptera"
"22_Kallnik_wma4_2011",4,11,36.3636363636364,"Abundance",3,"Hymenoptera"
"22_Kallnik_wma5_2011",5,10,50,"Abundance",3,"Hymenoptera"
"22_Kallnik_wmb1_2012",7,11,63.6363636363636,"Abundance",3,"Hymenoptera"
"22_Kallnik_wmb2_2011",1,12,8.33333333333333,"Abundance",3,"Hymenoptera"
"22_Kallnik_wmb2_2012",4,11,36.3636363636364,"Abundance",3,"Hymenoptera"
"22_Kallnik_wmb3_2011",8,10,80,"Abundance",3,"Hymenoptera"
"22_Kallnik_wmb3_2012",1,10,10,"Abundance",3,"Hymenoptera"
"22_Kallnik_wmb4_2010",9,12,75,"Abundance",3,"Hymenoptera"
"22_Kallnik_wmb4_2011",8,13,61.5384615384615,"Abundance",3,"Hymenoptera"
"22_Kallnik_wmb4_2012",7,11,63.6363636363636,"Abundance",3,"Hymenoptera"
"22_Kallnik_wmb5_2010",7,11,63.6363636363636,"Abundance",3,"Hymenoptera"
"22_Kallnik_wmb5_2011",4,11,36.3636363636364,"Abundance",3,"Hymenoptera"
"22_Kallnik_wmb5_2012",5,11,45.4545454545455,"Abundance",3,"Hymenoptera"
"28_Sutter_10_2013",3,14,21.4285714285714,"Abundance",3,"Hymenoptera"
"28_Sutter_11_2013",3,12,25,"Abundance",3,"Hymenoptera"
"28_Sutter_12_2013",2,11,18.1818181818182,"Abundance",3,"Hymenoptera"
"28_Sutter_13_2013",1,11,9.09090909090909,"Abundance",3,"Hymenoptera"
"28_Sutter_13_2014",1,9,11.1111111111111,"Abundance",3,"Hymenoptera"
"28_Sutter_14_2013",1,10,10,"Abundance",3,"Hymenoptera"
"28_Sutter_17_2013",2,15,13.3333333333333,"Abundance",3,"Hymenoptera"
"28_Sutter_19_2013",11,18,61.1111111111111,"Abundance",3,"Hymenoptera"
"28_Sutter_1_2013",4,12,33.3333333333333,"Abundance",3,"Hymenoptera"
"28_Sutter_20_2013",7,13,53.8461538461538,"Abundance",3,"Hymenoptera"
"28_Sutter_21_2013",9,14,64.2857142857143,"Abundance",3,"Hymenoptera"
"28_Sutter_2_2013",1,13,7.69230769230769,"Abundance",3,"Hymenoptera"
"28_Sutter_3_2013",7,19,36.8421052631579,"Abundance",3,"Hymenoptera"
"28_Sutter_5_2013",14,21,66.6666666666667,"Abundance",3,"Hymenoptera"
"28_Sutter_8_2013",2,15,13.3333333333333,"Abundance",3,"Hymenoptera"
"28_Sutter_8_2014",14,17,82.3529411764706,"Abundance",3,"Hymenoptera"
"29_Magrach_Gibraleon_2011",7,20,35,"Abundance",3,"Hymenoptera"
"29_Magrach_Gravera_2011",13,22,59.0909090909091,"Abundance",3,"Hymenoptera"
"29_Magrach_Niebla_2011",13,22,59.0909090909091,"Abundance",3,"Hymenoptera"
"29_Magrach_Niebla_2012",15,24,62.5,"Abundance",3,"Hymenoptera"
"29_Magrach_Villablanca_2011",9,16,56.25,"Abundance",3,"Hymenoptera"
"2_Petanidou_Armolia_2015",27,46,58.695652173913,"Abundance",3,"Hymenoptera"
"2_Petanidou_Emborios_2015",30,58,51.7241379310345,"Abundance",3,"Hymenoptera"
"2_Petanidou_Gridia_2015",20,54,37.037037037037,"Abundance",3,"Hymenoptera"
"2_Petanidou_Kato Fana_2015",25,40,62.5,"Abundance",3,"Hymenoptera"
"2_Petanidou_Palios Katarraktis_2015",12,48,25,"Abundance",3,"Hymenoptera"
"2_Petanidou_Vessa 2_2015",37,67,55.2238805970149,"Abundance",3,"Hymenoptera"
"30_Smith_lsk48_2012",4,11,36.3636363636364,"Abundance",3,"Hymenoptera"
"30_Smith_lsk57_2011",6,10,60,"Abundance",3,"Hymenoptera"
"30_Smith_lsk73_2012",3,7,42.8571428571429,"Abundance",3,"Hymenoptera"
"30_Smith_lsk74_2012",2,14,14.2857142857143,"Abundance",3,"Hymenoptera"
"30_Smith_lsk77_2011",4,13,30.7692307692308,"Abundance",3,"Hymenoptera"
"30_Smith_lsk77_2012",1,12,8.33333333333333,"Abundance",3,"Hymenoptera"
"31_Roberts_Hunt_2013",8,11,72.7272727272727,"Abundance",3,"Hymenoptera"
"31_Roberts_Jefferies_2013",4,9,44.4444444444444,"Abundance",3,"Hymenoptera"
"31_Roberts_Livingstone_far_2012",4,9,44.4444444444444,"Abundance",3,"Hymenoptera"
"31_Roberts_Livingstone_house_2012",1,10,10,"Abundance",3,"Hymenoptera"
"31_Roberts_Mearns_2013",12,15,80,"Abundance",3,"Hymenoptera"
"31_Roberts_White_left_2012",2,15,13.3333333333333,"Abundance",3,"Hymenoptera"
"36_Larkin_Barracks.Lyan.Co.Clare_13.2017_GS1",1,5,20,"Abundance",3,"Hymenoptera"
"36_Larkin_Glencolumbkille.South.Carron.Co.Clare_20.2017_GS1",6,8,75,"Abundance",3,"Hymenoptera"
"37_White_An",5,11,45.4545454545455,"Abundance",3,"Hymenoptera"
"37_White_Bl",6,7,85.7142857142857,"Abundance",3,"Hymenoptera"
"37_White_Bn",6,12,50,"Abundance",3,"Hymenoptera"
"37_White_CW",4,10,40,"Abundance",3,"Hymenoptera"
"37_White_Ce",5,7,71.4285714285714,"Abundance",3,"Hymenoptera"
"37_White_Cn",3,13,23.0769230769231,"Abundance",3,"Hymenoptera"
"37_White_ED",3,8,37.5,"Abundance",3,"Hymenoptera"
"37_White_Fs",6,8,75,"Abundance",3,"Hymenoptera"
"37_White_JK",4,11,36.3636363636364,"Abundance",3,"Hymenoptera"
"37_White_Kr",3,8,37.5,"Abundance",3,"Hymenoptera"
"37_White_ND",4,8,50,"Abundance",3,"Hymenoptera"
"37_White_NG",2,9,22.2222222222222,"Abundance",3,"Hymenoptera"
"37_White_Pn",3,9,33.3333333333333,"Abundance",3,"Hymenoptera"
"37_White_WD",4,10,40,"Abundance",3,"Hymenoptera"
"38_Maurer_A1",14,20,70,"Abundance",3,"Hymenoptera"
"38_Maurer_A2",3,29,10.3448275862069,"Abundance",3,"Hymenoptera"
"38_Maurer_A3",2,22,9.09090909090909,"Abundance",3,"Hymenoptera"
"38_Maurer_A4",5,21,23.8095238095238,"Abundance",3,"Hymenoptera"
"38_Maurer_R1",4,31,12.9032258064516,"Abundance",3,"Hymenoptera"
"38_Maurer_R2",2,37,5.40540540540541,"Abundance",3,"Hymenoptera"
"38_Maurer_R3",14,41,34.1463414634146,"Abundance",3,"Hymenoptera"
"38_Maurer_R4",7,30,23.3333333333333,"Abundance",3,"Hymenoptera"
"38_Maurer_U2",3,49,6.12244897959184,"Abundance",3,"Hymenoptera"
"39_Schweiger_I1_ruderal_1_2021",1,16,6.25,"Abundance",3,"Hymenoptera"
"39_Schweiger_I2_semi.natural.grass_5_2021",11,25,44,"Abundance",3,"Hymenoptera"
"39_Schweiger_I2_woodland.scrub_1_2021",1,19,5.26315789473684,"Abundance",3,"Hymenoptera"
"39_Schweiger_I4_woodland.scrub_3_2021",3,17,17.6470588235294,"Abundance",3,"Hymenoptera"
"39_Schweiger_R1_semi.natural.grass_4_2021",13,20,65,"Abundance",3,"Hymenoptera"
"39_Schweiger_R4_semi.natural.grass_2_2021",3,17,17.6470588235294,"Abundance",3,"Hymenoptera"
"40_Knight_Ghe_ari_2017",10,41,24.390243902439,"Abundance",3,"Hymenoptera"
"41_Knight_1 wooded meadow_2018",12,14,85.7142857142857,"Abundance",3,"Hymenoptera"
"41_Knight_2 alvar pasture_2018",4,7,57.1428571428571,"Abundance",3,"Hymenoptera"
"41_Knight_3 alvar pasture_2018",6,13,46.1538461538462,"Abundance",3,"Hymenoptera"
"41_Knight_4 wooded meadow_2018",9,10,90,"Abundance",3,"Hymenoptera"
"41_Knight_5 wooded meadow_2018",7,14,50,"Abundance",3,"Hymenoptera"
"41_Knight_6 alvar pasture_2018",5,11,45.4545454545455,"Abundance",3,"Hymenoptera"
"42_Knight_M1Restored_2019",9,13,69.2307692307692,"Abundance",3,"Hymenoptera"
"42_Knight_M2Natural_2019",2,7,28.5714285714286,"Abundance",3,"Hymenoptera"
"42_Knight_M3Natural_2019",2,4,50,"Abundance",3,"Hymenoptera"
"42_Knight_M4Restored_2019",4,5,80,"Abundance",3,"Hymenoptera"
"42_Knight_M5Restored_2019",2,6,33.3333333333333,"Abundance",3,"Hymenoptera"
"42_Knight_M6Natural_2019",6,14,42.8571428571429,"Abundance",3,"Hymenoptera"
"42_Knight_M8Restored_2019",1,5,20,"Abundance",3,"Hymenoptera"
"44_Knight_M11_2018",10,25,40,"Abundance",3,"Hymenoptera"
"44_Knight_M12_2018",8,23,34.7826086956522,"Abundance",3,"Hymenoptera"
"44_Knight_M13_2018",2,4,50,"Abundance",3,"Hymenoptera"
"44_Knight_M15_2018",14,22,63.6363636363636,"Abundance",3,"Hymenoptera"
"44_Knight_M16_2018",10,18,55.5555555555556,"Abundance",3,"Hymenoptera"
"44_Knight_M17_2018",7,21,33.3333333333333,"Abundance",3,"Hymenoptera"
"44_Knight_M18_2018",16,23,69.5652173913043,"Abundance",3,"Hymenoptera"
"44_Knight_M1_2018",11,17,64.7058823529412,"Abundance",3,"Hymenoptera"
"44_Knight_M3_2018",13,40,32.5,"Abundance",3,"Hymenoptera"
"44_Knight_M4_2018",15,26,57.6923076923077,"Abundance",3,"Hymenoptera"
"44_Knight_M6_2018",5,22,22.7272727272727,"Abundance",3,"Hymenoptera"
"44_Knight_M8_2018",10,20,50,"Abundance",3,"Hymenoptera"
"45_Knight_Hermanovice_meadow_2018",5,11,45.4545454545455,"Abundance",3,"Hymenoptera"
"45_Knight_HorniGrunt_meadow_2018",3,5,60,"Abundance",3,"Hymenoptera"
"45_Knight_Mnichov_meadow_2018",7,11,63.6363636363636,"Abundance",3,"Hymenoptera"
"46_Knight_Gora_Gipsowa_2018",3,11,27.2727272727273,"Abundance",3,"Hymenoptera"
"47_Benadi_1",13,26,50,"Abundance",3,"Hymenoptera"
"47_Benadi_2",7,22,31.8181818181818,"Abundance",3,"Hymenoptera"
"47_Benadi_3",11,22,50,"Abundance",3,"Hymenoptera"
"47_Benadi_4",4,13,30.7692307692308,"Abundance",3,"Hymenoptera"
"47_Benadi_5",2,18,11.1111111111111,"Abundance",3,"Hymenoptera"
"47_Benadi_6",7,16,43.75,"Abundance",3,"Hymenoptera"
"4_Marini_UNIPD01 A_2018",19,43,44.1860465116279,"Abundance",3,"Hymenoptera"
"4_Marini_UNIPD01 An_2018",9,32,28.125,"Abundance",3,"Hymenoptera"
"4_Marini_UNIPD01 B_2018",20,34,58.8235294117647,"Abundance",3,"Hymenoptera"
"4_Marini_UNIPD01 Bn_2018",8,51,15.6862745098039,"Abundance",3,"Hymenoptera"
"4_Marini_UNIPD01 C_2018",11,30,36.6666666666667,"Abundance",3,"Hymenoptera"
"4_Marini_UNIPD01 Cn_2018",8,27,29.6296296296296,"Abundance",3,"Hymenoptera"
"4_Marini_UNIPD01 E_2018",4,32,12.5,"Abundance",3,"Hymenoptera"
"4_Marini_UNIPD01 En_2018",2,29,6.89655172413793,"Abundance",3,"Hymenoptera"
"4_Marini_UNIPD01 F_2018",7,14,50,"Abundance",3,"Hymenoptera"
"4_Marini_UNIPD01 Fn_2018",11,22,50,"Abundance",3,"Hymenoptera"
"4_Marini_UNIPD01 G_2018",17,32,53.125,"Abundance",3,"Hymenoptera"
"4_Marini_UNIPD01 Gn_2018",16,27,59.2592592592593,"Abundance",3,"Hymenoptera"
"4_Marini_UNIPD01 H_2018",7,34,20.5882352941176,"Abundance",3,"Hymenoptera"
"4_Marini_UNIPD01 Hn_2018",8,26,30.7692307692308,"Abundance",3,"Hymenoptera"
"4_Marini_UNIPD01 I_2018",10,33,30.3030303030303,"Abundance",3,"Hymenoptera"
"4_Marini_UNIPD01 In_2018",21,58,36.2068965517241,"Abundance",3,"Hymenoptera"
"50_Hervias-Parejo_Cala Tirant_2021",7,33,21.2121212121212,"Abundance",3,"Hymenoptera"
"50_Hervias-Parejo_Llucalari_2021",13,28,46.4285714285714,"Abundance",3,"Hymenoptera"
"50_Hervias-Parejo_Sa Bassa_2021",7,32,21.875,"Abundance",3,"Hymenoptera"
"50_Hervias-Parejo_Salinas_2021",1,33,3.03030303030303,"Abundance",3,"Hymenoptera"
"50_Hervias-Parejo_Torre Fornells_2021",9,34,26.4705882352941,"Abundance",3,"Hymenoptera"
"50_Hervias-Parejo_coast Son Bou_2021",14,22,63.6363636363636,"Abundance",3,"Hymenoptera"
"51_Petanidou_Pyrgos_2013",19,38,50,"Abundance",3,"Hymenoptera"
"51_Petanidou_Sigri 3_2012",14,38,36.8421052631579,"Abundance",3,"Hymenoptera"
"54_Lazaro_AloeVera_2018_2018",2,14,14.2857142857143,"Abundance",3,"Hymenoptera"
"54_Lazaro_SonBaco_2018_2018",13,21,61.9047619047619,"Abundance",3,"Hymenoptera"
"54_Lazaro_SonMutNou_2018_2018",11,19,57.8947368421053,"Abundance",3,"Hymenoptera"
"54_Lazaro_UIB_2018_2018",2,31,6.45161290322581,"Abundance",3,"Hymenoptera"
"5_Marini_UNIPD02 AA_2019",7,14,50,"Abundance",3,"Hymenoptera"
"5_Marini_UNIPD02 AB_2019",2,3,66.6666666666667,"Abundance",3,"Hymenoptera"
"5_Marini_UNIPD02 AC_2019",2,6,33.3333333333333,"Abundance",3,"Hymenoptera"
"5_Marini_UNIPD02 AD_2019",2,6,33.3333333333333,"Abundance",3,"Hymenoptera"
"5_Marini_UNIPD02 AE_2019",5,14,35.7142857142857,"Abundance",3,"Hymenoptera"
"5_Marini_UNIPD02 AF_2019",3,10,30,"Abundance",3,"Hymenoptera"
"5_Marini_UNIPD02 AG_2019",7,17,41.1764705882353,"Abundance",3,"Hymenoptera"
"5_Marini_UNIPD02 AH_2019",8,14,57.1428571428571,"Abundance",3,"Hymenoptera"
"5_Marini_UNIPD02 AI_2019",6,9,66.6666666666667,"Abundance",3,"Hymenoptera"
"5_Marini_UNIPD02 AJ_2019",9,17,52.9411764705882,"Abundance",3,"Hymenoptera"
"5_Marini_UNIPD02 AK_2019",8,9,88.8888888888889,"Abundance",3,"Hymenoptera"
"5_Marini_UNIPD02 AL_2019",6,15,40,"Abundance",3,"Hymenoptera"
"5_Marini_UNIPD02 AM_2019",7,16,43.75,"Abundance",3,"Hymenoptera"
"5_Marini_UNIPD02 AN_2019",2,9,22.2222222222222,"Abundance",3,"Hymenoptera"
"5_Marini_UNIPD02 AO_2019",3,9,33.3333333333333,"Abundance",3,"Hymenoptera"
"5_Marini_UNIPD02 AP_2019",5,7,71.4285714285714,"Abundance",3,"Hymenoptera"
"5_Marini_UNIPD02 AQ_2019",8,9,88.8888888888889,"Abundance",3,"Hymenoptera"
"5_Marini_UNIPD02 AS_2019",12,14,85.7142857142857,"Abundance",3,"Hymenoptera"
"5_Marini_UNIPD02 AT_2019",10,15,66.6666666666667,"Abundance",3,"Hymenoptera"
"5_Marini_UNIPD02 AV_2019",4,5,80,"Abundance",3,"Hymenoptera"
"5_Marini_UNIPD02 A_2019",14,25,56,"Abundance",3,"Hymenoptera"
"5_Marini_UNIPD02 B_2019",1,22,4.54545454545455,"Abundance",3,"Hymenoptera"
"5_Marini_UNIPD02 C_2019",8,20,40,"Abundance",3,"Hymenoptera"
"5_Marini_UNIPD02 D_2019",6,11,54.5454545454545,"Abundance",3,"Hymenoptera"
"5_Marini_UNIPD02 E_2019",8,19,42.1052631578947,"Abundance",3,"Hymenoptera"
"5_Marini_UNIPD02 G_2019",7,15,46.6666666666667,"Abundance",3,"Hymenoptera"
"5_Marini_UNIPD02 H_2019",6,16,37.5,"Abundance",3,"Hymenoptera"
"5_Marini_UNIPD02 I_2019",6,10,60,"Abundance",3,"Hymenoptera"
"5_Marini_UNIPD02 K_2019",8,22,36.3636363636364,"Abundance",3,"Hymenoptera"
"5_Marini_UNIPD02 L_2019",4,7,57.1428571428571,"Abundance",3,"Hymenoptera"
"5_Marini_UNIPD02 M_2019",6,15,40,"Abundance",3,"Hymenoptera"
"5_Marini_UNIPD02 O_2019",4,7,57.1428571428571,"Abundance",3,"Hymenoptera"
"5_Marini_UNIPD02 P_2019",2,7,28.5714285714286,"Abundance",3,"Hymenoptera"
"5_Marini_UNIPD02 Q_2019",9,12,75,"Abundance",3,"Hymenoptera"
"5_Marini_UNIPD02 S_2019",7,20,35,"Abundance",3,"Hymenoptera"
"5_Marini_UNIPD02 T_2019",2,9,22.2222222222222,"Abundance",3,"Hymenoptera"
"5_Marini_UNIPD02 U_2019",3,13,23.0769230769231,"Abundance",3,"Hymenoptera"
"5_Marini_UNIPD02 V_2019",2,17,11.7647058823529,"Abundance",3,"Hymenoptera"
"5_Marini_UNIPD02 W_2019",11,23,47.8260869565217,"Abundance",3,"Hymenoptera"
"5_Marini_UNIPD02 X_2019",8,16,50,"Abundance",3,"Hymenoptera"
"5_Marini_UNIPD02 Y_2019",9,17,52.9411764705882,"Abundance",3,"Hymenoptera"
"5_Marini_UNIPD02 Z_2019",10,18,55.5555555555556,"Abundance",3,"Hymenoptera"
"6_Marini_UNIPD03 CD13_2020",15,20,75,"Abundance",3,"Hymenoptera"
"6_Marini_UNIPD03 CD14_2020",8,22,36.3636363636364,"Abundance",3,"Hymenoptera"
"6_Marini_UNIPD03 CD15_2020",20,30,66.6666666666667,"Abundance",3,"Hymenoptera"
"6_Marini_UNIPD03 CD16_2020",17,43,39.5348837209302,"Abundance",3,"Hymenoptera"
"6_Marini_UNIPD03 CD17_2020",11,40,27.5,"Abundance",3,"Hymenoptera"
"6_Marini_UNIPD03 CD20_2020",20,32,62.5,"Abundance",3,"Hymenoptera"
"6_Marini_UNIPD03 CD22_2020",8,15,53.3333333333333,"Abundance",3,"Hymenoptera"
"6_Marini_UNIPD03 CD23_2020",12,24,50,"Abundance",3,"Hymenoptera"
"6_Marini_UNIPD03 CD26_2020",13,20,65,"Abundance",3,"Hymenoptera"
"6_Marini_UNIPD03 CD27_2020",19,25,76,"Abundance",3,"Hymenoptera"
"6_Marini_UNIPD03 CD28_2020",7,26,26.9230769230769,"Abundance",3,"Hymenoptera"
"6_Marini_UNIPD03 CD29_2020",10,22,45.4545454545455,"Abundance",3,"Hymenoptera"
"6_Marini_UNIPD03 CD2_2020",12,19,63.1578947368421,"Abundance",3,"Hymenoptera"
"6_Marini_UNIPD03 CD34_2020",29,36,80.5555555555556,"Abundance",3,"Hymenoptera"
"6_Marini_UNIPD03 D11_2020",21,22,95.4545454545455,"Abundance",3,"Hymenoptera"
"6_Marini_UNIPD03 D17_2020",14,20,70,"Abundance",3,"Hymenoptera"
"6_Marini_UNIPD03 D21_2020",12,18,66.6666666666667,"Abundance",3,"Hymenoptera"
"6_Marini_UNIPD03 D24_2020",15,20,75,"Abundance",3,"Hymenoptera"
"6_Marini_UNIPD03 D28_2020",11,21,52.3809523809524,"Abundance",3,"Hymenoptera"
"6_Marini_UNIPD03 D29_2020",14,23,60.8695652173913,"Abundance",3,"Hymenoptera"
"6_Marini_UNIPD03 D34_2020",14,30,46.6666666666667,"Abundance",3,"Hymenoptera"
"6_Marini_UNIPD03 D35_2020",11,18,61.1111111111111,"Abundance",3,"Hymenoptera"
"6_Marini_UNIPD03 D5_2020",12,23,52.1739130434783,"Abundance",3,"Hymenoptera"
"6_Marini_UNIPD03 D8_2020",7,13,53.8461538461538,"Abundance",3,"Hymenoptera"
"6_Marini_UNIPD03 E14_2020",5,21,23.8095238095238,"Abundance",3,"Hymenoptera"
"6_Marini_UNIPD03 E19_2020",9,16,56.25,"Abundance",3,"Hymenoptera"
"6_Marini_UNIPD03 E25_2020",9,13,69.2307692307692,"Abundance",3,"Hymenoptera"
"6_Marini_UNIPD03 E26_2020",15,30,50,"Abundance",3,"Hymenoptera"
"6_Marini_UNIPD03 E31_2020",10,16,62.5,"Abundance",3,"Hymenoptera"
"6_Marini_UNIPD03 E32_2020",5,14,35.7142857142857,"Abundance",3,"Hymenoptera"
"6_Marini_UNIPD03 E33_2020",18,30,60,"Abundance",3,"Hymenoptera"
"6_Marini_UNIPD03 E35_2020",18,25,72,"Abundance",3,"Hymenoptera"
"6_Marini_UNIPD03 E36_2020",26,32,81.25,"Abundance",3,"Hymenoptera"
"7_Scheper_Chize_10_Field_boundary_2015",4,19,21.0526315789474,"Abundance",3,"Hymenoptera"
"7_Scheper_Chize_12_Field_boundary_2015",15,30,50,"Abundance",3,"Hymenoptera"
"7_Scheper_Chize_14_Field_boundary_2015",8,34,23.5294117647059,"Abundance",3,"Hymenoptera"
"7_Scheper_Chize_19_Field_boundary_2015",16,20,80,"Abundance",3,"Hymenoptera"
"7_Scheper_Chize_1_Field_boundary_2015",11,18,61.1111111111111,"Abundance",3,"Hymenoptera"
"7_Scheper_Chize_1_Grassland_2015",9,20,45,"Abundance",3,"Hymenoptera"
"7_Scheper_Chize_25_Field_boundary_2015",11,20,55,"Abundance",3,"Hymenoptera"
"7_Scheper_Chize_4_Field_boundary_2015",6,17,35.2941176470588,"Abundance",3,"Hymenoptera"
"7_Scheper_Chize_5_Field_boundary_2015",6,16,37.5,"Abundance",3,"Hymenoptera"
"7_Scheper_Chize_6_Field_boundary_2015",9,27,33.3333333333333,"Abundance",3,"Hymenoptera"
"11_Clough_ASK_2021_2021",3,11,27.2727272727273,"Flower shape",5,"Hymenoptera"
"11_Clough_HAM_2021_2021",3,10,30,"Flower shape",5,"Hymenoptera"
"11_Clough_KOM_2021_2021",7,11,63.6363636363636,"Flower shape",5,"Hymenoptera"
"11_Clough_LOB_2021_2021",1,6,16.6666666666667,"Flower shape",5,"Hymenoptera"
"11_Clough_PET_2021_2021",1,18,5.55555555555556,"Flower shape",5,"Hymenoptera"
"11_Clough_TAG_2021_2021",3,12,25,"Flower shape",5,"Hymenoptera"
"12_Ockinger_Norrang_Ryckelsby_Og",3,6,50,"Flower shape",5,"Hymenoptera"
"12_Ockinger_Sattra_Og",1,4,25,"Flower shape",5,"Hymenoptera"
"12_Ockinger_St_Tadinge",9,13,69.2307692307692,"Flower shape",5,"Hymenoptera"
"12_Ockinger_Tjalinge_Skogstibble",4,12,33.3333333333333,"Flower shape",5,"Hymenoptera"
"20_Hoiss_H5_2010",10,17,58.8235294117647,"Flower shape",5,"Hymenoptera"
"20_Hoiss_H6_2010",3,5,60,"Flower shape",5,"Hymenoptera"
"20_Hoiss_H7_2010",2,4,50,"Flower shape",5,"Hymenoptera"
"20_Hoiss_HO1_2010",11,16,68.75,"Flower shape",5,"Hymenoptera"
"20_Hoiss_HO5_2010",3,11,27.2727272727273,"Flower shape",5,"Hymenoptera"
"20_Hoiss_T4_2010",9,20,45,"Flower shape",5,"Hymenoptera"
"22_Kallnik_h1_2012",4,11,36.3636363636364,"Flower shape",5,"Hymenoptera"
"22_Kallnik_h2_2011",8,11,72.7272727272727,"Flower shape",5,"Hymenoptera"
"22_Kallnik_h3_2011",8,10,80,"Flower shape",5,"Hymenoptera"
"22_Kallnik_h4_2011",8,10,80,"Flower shape",5,"Hymenoptera"
"22_Kallnik_h5_2011",10,11,90.9090909090909,"Flower shape",5,"Hymenoptera"
"22_Kallnik_h5_2012",7,11,63.6363636363636,"Flower shape",5,"Hymenoptera"
"22_Kallnik_h6_2011",7,10,70,"Flower shape",5,"Hymenoptera"
"22_Kallnik_h7_2011",5,10,50,"Flower shape",5,"Hymenoptera"
"22_Kallnik_ho2_2011",6,10,60,"Flower shape",5,"Hymenoptera"
"22_Kallnik_ho3_2011",11,12,91.6666666666667,"Flower shape",5,"Hymenoptera"
"22_Kallnik_ho3_2012",7,10,70,"Flower shape",5,"Hymenoptera"
"22_Kallnik_ho4_2010",3,10,30,"Flower shape",5,"Hymenoptera"
"22_Kallnik_ho4_2011",12,13,92.3076923076923,"Flower shape",5,"Hymenoptera"
"22_Kallnik_ho4_2012",9,12,75,"Flower shape",5,"Hymenoptera"
"22_Kallnik_ho5_2011",6,12,50,"Flower shape",5,"Hymenoptera"
"22_Kallnik_wma3_2011",2,10,20,"Flower shape",5,"Hymenoptera"
"22_Kallnik_wma3_2012",5,10,50,"Flower shape",5,"Hymenoptera"
"22_Kallnik_wma4_2011",4,11,36.3636363636364,"Flower shape",5,"Hymenoptera"
"22_Kallnik_wma5_2011",6,10,60,"Flower shape",5,"Hymenoptera"
"22_Kallnik_wmb1_2012",8,11,72.7272727272727,"Flower shape",5,"Hymenoptera"
"22_Kallnik_wmb2_2011",5,12,41.6666666666667,"Flower shape",5,"Hymenoptera"
"22_Kallnik_wmb2_2012",4,11,36.3636363636364,"Flower shape",5,"Hymenoptera"
"22_Kallnik_wmb3_2011",8,10,80,"Flower shape",5,"Hymenoptera"
"22_Kallnik_wmb3_2012",6,10,60,"Flower shape",5,"Hymenoptera"
"22_Kallnik_wmb4_2010",9,12,75,"Flower shape",5,"Hymenoptera"
"22_Kallnik_wmb4_2011",8,13,61.5384615384615,"Flower shape",5,"Hymenoptera"
"22_Kallnik_wmb4_2012",8,11,72.7272727272727,"Flower shape",5,"Hymenoptera"
"22_Kallnik_wmb5_2010",9,11,81.8181818181818,"Flower shape",5,"Hymenoptera"
"22_Kallnik_wmb5_2011",9,11,81.8181818181818,"Flower shape",5,"Hymenoptera"
"22_Kallnik_wmb5_2012",8,11,72.7272727272727,"Flower shape",5,"Hymenoptera"
"28_Sutter_10_2013",5,14,35.7142857142857,"Flower shape",5,"Hymenoptera"
"28_Sutter_11_2013",6,12,50,"Flower shape",5,"Hymenoptera"
"28_Sutter_12_2013",5,11,45.4545454545455,"Flower shape",5,"Hymenoptera"
"28_Sutter_13_2013",5,11,45.4545454545455,"Flower shape",5,"Hymenoptera"
"28_Sutter_13_2014",4,9,44.4444444444444,"Flower shape",5,"Hymenoptera"
"28_Sutter_14_2013",3,10,30,"Flower shape",5,"Hymenoptera"
"28_Sutter_17_2013",5,15,33.3333333333333,"Flower shape",5,"Hymenoptera"
"28_Sutter_19_2013",12,18,66.6666666666667,"Flower shape",5,"Hymenoptera"
"28_Sutter_1_2013",7,12,58.3333333333333,"Flower shape",5,"Hymenoptera"
"28_Sutter_20_2013",9,13,69.2307692307692,"Flower shape",5,"Hymenoptera"
"28_Sutter_21_2013",9,14,64.2857142857143,"Flower shape",5,"Hymenoptera"
"28_Sutter_2_2013",4,13,30.7692307692308,"Flower shape",5,"Hymenoptera"
"28_Sutter_3_2013",9,19,47.3684210526316,"Flower shape",5,"Hymenoptera"
"28_Sutter_5_2013",14,21,66.6666666666667,"Flower shape",5,"Hymenoptera"
"28_Sutter_8_2013",6,15,40,"Flower shape",5,"Hymenoptera"
"28_Sutter_8_2014",14,17,82.3529411764706,"Flower shape",5,"Hymenoptera"
"29_Magrach_Gibraleon_2011",8,20,40,"Flower shape",5,"Hymenoptera"
"29_Magrach_Gravera_2011",14,22,63.6363636363636,"Flower shape",5,"Hymenoptera"
"29_Magrach_Niebla_2011",18,22,81.8181818181818,"Flower shape",5,"Hymenoptera"
"29_Magrach_Niebla_2012",15,24,62.5,"Flower shape",5,"Hymenoptera"
"29_Magrach_Villablanca_2011",12,16,75,"Flower shape",5,"Hymenoptera"
"2_Petanidou_Armolia_2015",29,46,63.0434782608696,"Flower shape",5,"Hymenoptera"
"2_Petanidou_Emborios_2015",35,58,60.3448275862069,"Flower shape",5,"Hymenoptera"
"2_Petanidou_Gridia_2015",23,54,42.5925925925926,"Flower shape",5,"Hymenoptera"
"2_Petanidou_Kato Fana_2015",27,40,67.5,"Flower shape",5,"Hymenoptera"
"2_Petanidou_Palios Katarraktis_2015",20,48,41.6666666666667,"Flower shape",5,"Hymenoptera"
"2_Petanidou_Vessa 2_2015",26,67,38.8059701492537,"Flower shape",5,"Hymenoptera"
"30_Smith_lsk48_2012",2,11,18.1818181818182,"Flower shape",5,"Hymenoptera"
"30_Smith_lsk57_2011",4,10,40,"Flower shape",5,"Hymenoptera"
"30_Smith_lsk73_2012",3,7,42.8571428571429,"Flower shape",5,"Hymenoptera"
"30_Smith_lsk74_2012",6,14,42.8571428571429,"Flower shape",5,"Hymenoptera"
"30_Smith_lsk77_2011",11,13,84.6153846153846,"Flower shape",5,"Hymenoptera"
"30_Smith_lsk77_2012",6,12,50,"Flower shape",5,"Hymenoptera"
"31_Roberts_Hunt_2013",8,11,72.7272727272727,"Flower shape",5,"Hymenoptera"
"31_Roberts_Jefferies_2013",4,9,44.4444444444444,"Flower shape",5,"Hymenoptera"
"31_Roberts_Livingstone_far_2012",4,9,44.4444444444444,"Flower shape",5,"Hymenoptera"
"31_Roberts_Livingstone_house_2012",5,10,50,"Flower shape",5,"Hymenoptera"
"31_Roberts_Mearns_2013",12,15,80,"Flower shape",5,"Hymenoptera"
"31_Roberts_White_left_2012",4,15,26.6666666666667,"Flower shape",5,"Hymenoptera"
"37_White_An",6,11,54.5454545454545,"Flower shape",5,"Hymenoptera"
"37_White_Bl",6,7,85.7142857142857,"Flower shape",5,"Hymenoptera"
"37_White_Bn",7,12,58.3333333333333,"Flower shape",5,"Hymenoptera"
"37_White_CW",5,10,50,"Flower shape",5,"Hymenoptera"
"37_White_Ce",4,7,57.1428571428571,"Flower shape",5,"Hymenoptera"
"37_White_Cn",4,13,30.7692307692308,"Flower shape",5,"Hymenoptera"
"37_White_ED",4,8,50,"Flower shape",5,"Hymenoptera"
"37_White_Fs",6,8,75,"Flower shape",5,"Hymenoptera"
"37_White_JK",5,11,45.4545454545455,"Flower shape",5,"Hymenoptera"
"37_White_Kr",6,8,75,"Flower shape",5,"Hymenoptera"
"37_White_ND",7,8,87.5,"Flower shape",5,"Hymenoptera"
"37_White_Pn",7,9,77.7777777777778,"Flower shape",5,"Hymenoptera"
"37_White_WD",4,10,40,"Flower shape",5,"Hymenoptera"
"38_Maurer_A1",9,20,45,"Flower shape",5,"Hymenoptera"
"38_Maurer_A2",9,29,31.0344827586207,"Flower shape",5,"Hymenoptera"
"38_Maurer_A3",6,22,27.2727272727273,"Flower shape",5,"Hymenoptera"
"38_Maurer_A4",9,21,42.8571428571429,"Flower shape",5,"Hymenoptera"
"38_Maurer_R1",17,31,54.8387096774194,"Flower shape",5,"Hymenoptera"
"38_Maurer_R2",2,37,5.40540540540541,"Flower shape",5,"Hymenoptera"
"38_Maurer_R3",14,41,34.1463414634146,"Flower shape",5,"Hymenoptera"
"38_Maurer_R4",7,30,23.3333333333333,"Flower shape",5,"Hymenoptera"
"38_Maurer_U2",5,49,10.2040816326531,"Flower shape",5,"Hymenoptera"
"38_Maurer_U3",4,39,10.2564102564103,"Flower shape",5,"Hymenoptera"
"39_Schweiger_I1_ruderal_1_2021",2,16,12.5,"Flower shape",5,"Hymenoptera"
"39_Schweiger_I2_semi.natural.grass_5_2021",16,25,64,"Flower shape",5,"Hymenoptera"
"39_Schweiger_I2_woodland.scrub_1_2021",6,19,31.5789473684211,"Flower shape",5,"Hymenoptera"
"39_Schweiger_I4_woodland.scrub_3_2021",7,17,41.1764705882353,"Flower shape",5,"Hymenoptera"
"39_Schweiger_R1_semi.natural.grass_4_2021",13,20,65,"Flower shape",5,"Hymenoptera"
"39_Schweiger_R4_semi.natural.grass_2_2021",11,17,64.7058823529412,"Flower shape",5,"Hymenoptera"
"40_Knight_Ghe_ari_2017",22,41,53.6585365853659,"Flower shape",5,"Hymenoptera"
"41_Knight_1 wooded meadow_2018",14,14,100,"Flower shape",5,"Hymenoptera"
"41_Knight_2 alvar pasture_2018",3,7,42.8571428571429,"Flower shape",5,"Hymenoptera"
"41_Knight_3 alvar pasture_2018",8,13,61.5384615384615,"Flower shape",5,"Hymenoptera"
"41_Knight_4 wooded meadow_2018",9,10,90,"Flower shape",5,"Hymenoptera"
"41_Knight_5 wooded meadow_2018",7,14,50,"Flower shape",5,"Hymenoptera"
"41_Knight_6 alvar pasture_2018",7,11,63.6363636363636,"Flower shape",5,"Hymenoptera"
"42_Knight_M1Restored_2019",11,13,84.6153846153846,"Flower shape",5,"Hymenoptera"
"42_Knight_M2Natural_2019",1,7,14.2857142857143,"Flower shape",5,"Hymenoptera"
"42_Knight_M3Natural_2019",2,4,50,"Flower shape",5,"Hymenoptera"
"42_Knight_M4Restored_2019",2,5,40,"Flower shape",5,"Hymenoptera"
"42_Knight_M5Restored_2019",2,6,33.3333333333333,"Flower shape",5,"Hymenoptera"
"42_Knight_M6Natural_2019",6,14,42.8571428571429,"Flower shape",5,"Hymenoptera"
"42_Knight_M8Restored_2019",1,5,20,"Flower shape",5,"Hymenoptera"
"44_Knight_M11_2018",16,25,64,"Flower shape",5,"Hymenoptera"
"44_Knight_M12_2018",14,23,60.8695652173913,"Flower shape",5,"Hymenoptera"
"44_Knight_M13_2018",3,4,75,"Flower shape",5,"Hymenoptera"
"44_Knight_M15_2018",14,22,63.6363636363636,"Flower shape",5,"Hymenoptera"
"44_Knight_M16_2018",12,18,66.6666666666667,"Flower shape",5,"Hymenoptera"
"44_Knight_M17_2018",4,21,19.047619047619,"Flower shape",5,"Hymenoptera"
"44_Knight_M18_2018",19,23,82.6086956521739,"Flower shape",5,"Hymenoptera"
"44_Knight_M1_2018",11,17,64.7058823529412,"Flower shape",5,"Hymenoptera"
"44_Knight_M3_2018",16,40,40,"Flower shape",5,"Hymenoptera"
"44_Knight_M4_2018",14,26,53.8461538461538,"Flower shape",5,"Hymenoptera"
"44_Knight_M6_2018",12,22,54.5454545454545,"Flower shape",5,"Hymenoptera"
"44_Knight_M8_2018",12,20,60,"Flower shape",5,"Hymenoptera"
"45_Knight_Hermanovice_meadow_2018",5,11,45.4545454545455,"Flower shape",5,"Hymenoptera"
"45_Knight_HorniGrunt_meadow_2018",3,5,60,"Flower shape",5,"Hymenoptera"
"45_Knight_Mnichov_meadow_2018",9,11,81.8181818181818,"Flower shape",5,"Hymenoptera"
"46_Knight_Gora_Gipsowa_2018",3,11,27.2727272727273,"Flower shape",5,"Hymenoptera"
"47_Benadi_1",16,26,61.5384615384615,"Flower shape",5,"Hymenoptera"
"47_Benadi_2",12,22,54.5454545454545,"Flower shape",5,"Hymenoptera"
"47_Benadi_3",16,22,72.7272727272727,"Flower shape",5,"Hymenoptera"
"47_Benadi_4",6,13,46.1538461538462,"Flower shape",5,"Hymenoptera"
"47_Benadi_5",7,18,38.8888888888889,"Flower shape",5,"Hymenoptera"
"47_Benadi_6",11,16,68.75,"Flower shape",5,"Hymenoptera"
"4_Marini_UNIPD01 A_2018",27,43,62.7906976744186,"Flower shape",5,"Hymenoptera"
"4_Marini_UNIPD01 An_2018",16,32,50,"Flower shape",5,"Hymenoptera"
"4_Marini_UNIPD01 B_2018",18,34,52.9411764705882,"Flower shape",5,"Hymenoptera"
"4_Marini_UNIPD01 Bn_2018",23,51,45.0980392156863,"Flower shape",5,"Hymenoptera"
"4_Marini_UNIPD01 C_2018",12,30,40,"Flower shape",5,"Hymenoptera"
"4_Marini_UNIPD01 Cn_2018",9,27,33.3333333333333,"Flower shape",5,"Hymenoptera"
"4_Marini_UNIPD01 E_2018",10,32,31.25,"Flower shape",5,"Hymenoptera"
"4_Marini_UNIPD01 En_2018",4,29,13.7931034482759,"Flower shape",5,"Hymenoptera"
"4_Marini_UNIPD01 F_2018",9,14,64.2857142857143,"Flower shape",5,"Hymenoptera"
"4_Marini_UNIPD01 Fn_2018",11,22,50,"Flower shape",5,"Hymenoptera"
"4_Marini_UNIPD01 G_2018",21,32,65.625,"Flower shape",5,"Hymenoptera"
"4_Marini_UNIPD01 Gn_2018",16,27,59.2592592592593,"Flower shape",5,"Hymenoptera"
"4_Marini_UNIPD01 H_2018",11,34,32.3529411764706,"Flower shape",5,"Hymenoptera"
"4_Marini_UNIPD01 Hn_2018",11,26,42.3076923076923,"Flower shape",5,"Hymenoptera"
"4_Marini_UNIPD01 I_2018",10,33,30.3030303030303,"Flower shape",5,"Hymenoptera"
"4_Marini_UNIPD01 In_2018",39,58,67.2413793103448,"Flower shape",5,"Hymenoptera"
"50_Hervias-Parejo_Cala Tirant_2021",21,33,63.6363636363636,"Flower shape",5,"Hymenoptera"
"50_Hervias-Parejo_Llucalari_2021",14,28,50,"Flower shape",5,"Hymenoptera"
"50_Hervias-Parejo_Sa Bassa_2021",9,32,28.125,"Flower shape",5,"Hymenoptera"
"50_Hervias-Parejo_Salinas_2021",8,33,24.2424242424242,"Flower shape",5,"Hymenoptera"
"50_Hervias-Parejo_Torre Fornells_2021",16,34,47.0588235294118,"Flower shape",5,"Hymenoptera"
"50_Hervias-Parejo_coast Son Bou_2021",15,22,68.1818181818182,"Flower shape",5,"Hymenoptera"
"51_Petanidou_Pyrgos_2013",8,38,21.0526315789474,"Flower shape",5,"Hymenoptera"
"51_Petanidou_Sigri 3_2012",22,38,57.8947368421053,"Flower shape",5,"Hymenoptera"
"54_Lazaro_AloeVera_2018_2018",4,14,28.5714285714286,"Flower shape",5,"Hymenoptera"
"54_Lazaro_SonBaco_2018_2018",13,21,61.9047619047619,"Flower shape",5,"Hymenoptera"
"54_Lazaro_SonMutNou_2018_2018",14,19,73.6842105263158,"Flower shape",5,"Hymenoptera"
"54_Lazaro_UIB_2018_2018",7,31,22.5806451612903,"Flower shape",5,"Hymenoptera"
"5_Marini_UNIPD02 AA_2019",8,14,57.1428571428571,"Flower shape",5,"Hymenoptera"
"5_Marini_UNIPD02 AB_2019",2,3,66.6666666666667,"Flower shape",5,"Hymenoptera"
"5_Marini_UNIPD02 AC_2019",2,6,33.3333333333333,"Flower shape",5,"Hymenoptera"
"5_Marini_UNIPD02 AD_2019",3,6,50,"Flower shape",5,"Hymenoptera"
"5_Marini_UNIPD02 AE_2019",7,14,50,"Flower shape",5,"Hymenoptera"
"5_Marini_UNIPD02 AF_2019",5,10,50,"Flower shape",5,"Hymenoptera"
"5_Marini_UNIPD02 AG_2019",9,17,52.9411764705882,"Flower shape",5,"Hymenoptera"
"5_Marini_UNIPD02 AH_2019",10,14,71.4285714285714,"Flower shape",5,"Hymenoptera"
"5_Marini_UNIPD02 AI_2019",7,9,77.7777777777778,"Flower shape",5,"Hymenoptera"
"5_Marini_UNIPD02 AJ_2019",11,17,64.7058823529412,"Flower shape",5,"Hymenoptera"
"5_Marini_UNIPD02 AK_2019",8,9,88.8888888888889,"Flower shape",5,"Hymenoptera"
"5_Marini_UNIPD02 AL_2019",6,15,40,"Flower shape",5,"Hymenoptera"
"5_Marini_UNIPD02 AM_2019",8,16,50,"Flower shape",5,"Hymenoptera"
"5_Marini_UNIPD02 AN_2019",5,9,55.5555555555556,"Flower shape",5,"Hymenoptera"
"5_Marini_UNIPD02 AO_2019",4,9,44.4444444444444,"Flower shape",5,"Hymenoptera"
"5_Marini_UNIPD02 AP_2019",6,7,85.7142857142857,"Flower shape",5,"Hymenoptera"
"5_Marini_UNIPD02 AQ_2019",8,9,88.8888888888889,"Flower shape",5,"Hymenoptera"
"5_Marini_UNIPD02 AS_2019",12,14,85.7142857142857,"Flower shape",5,"Hymenoptera"
"5_Marini_UNIPD02 AT_2019",5,15,33.3333333333333,"Flower shape",5,"Hymenoptera"
"5_Marini_UNIPD02 AV_2019",5,5,100,"Flower shape",5,"Hymenoptera"
"5_Marini_UNIPD02 A_2019",18,25,72,"Flower shape",5,"Hymenoptera"
"5_Marini_UNIPD02 B_2019",6,22,27.2727272727273,"Flower shape",5,"Hymenoptera"
"5_Marini_UNIPD02 C_2019",15,20,75,"Flower shape",5,"Hymenoptera"
"5_Marini_UNIPD02 D_2019",7,11,63.6363636363636,"Flower shape",5,"Hymenoptera"
"5_Marini_UNIPD02 E_2019",12,19,63.1578947368421,"Flower shape",5,"Hymenoptera"
"5_Marini_UNIPD02 G_2019",9,15,60,"Flower shape",5,"Hymenoptera"
"5_Marini_UNIPD02 H_2019",12,16,75,"Flower shape",5,"Hymenoptera"
"5_Marini_UNIPD02 I_2019",4,10,40,"Flower shape",5,"Hymenoptera"
"5_Marini_UNIPD02 K_2019",17,22,77.2727272727273,"Flower shape",5,"Hymenoptera"
"5_Marini_UNIPD02 L_2019",5,7,71.4285714285714,"Flower shape",5,"Hymenoptera"
"5_Marini_UNIPD02 M_2019",6,15,40,"Flower shape",5,"Hymenoptera"
"5_Marini_UNIPD02 N_2019",1,6,16.6666666666667,"Flower shape",5,"Hymenoptera"
"5_Marini_UNIPD02 O_2019",4,7,57.1428571428571,"Flower shape",5,"Hymenoptera"
"5_Marini_UNIPD02 P_2019",2,7,28.5714285714286,"Flower shape",5,"Hymenoptera"
"5_Marini_UNIPD02 Q_2019",9,12,75,"Flower shape",5,"Hymenoptera"
"5_Marini_UNIPD02 S_2019",6,20,30,"Flower shape",5,"Hymenoptera"
"5_Marini_UNIPD02 T_2019",4,9,44.4444444444444,"Flower shape",5,"Hymenoptera"
"5_Marini_UNIPD02 U_2019",6,13,46.1538461538462,"Flower shape",5,"Hymenoptera"
"5_Marini_UNIPD02 V_2019",6,17,35.2941176470588,"Flower shape",5,"Hymenoptera"
"5_Marini_UNIPD02 W_2019",13,23,56.5217391304348,"Flower shape",5,"Hymenoptera"
"5_Marini_UNIPD02 X_2019",7,16,43.75,"Flower shape",5,"Hymenoptera"
"5_Marini_UNIPD02 Y_2019",7,17,41.1764705882353,"Flower shape",5,"Hymenoptera"
"5_Marini_UNIPD02 Z_2019",11,18,61.1111111111111,"Flower shape",5,"Hymenoptera"
"6_Marini_UNIPD03 CD13_2020",17,20,85,"Flower shape",5,"Hymenoptera"
"6_Marini_UNIPD03 CD14_2020",17,22,77.2727272727273,"Flower shape",5,"Hymenoptera"
"6_Marini_UNIPD03 CD15_2020",24,30,80,"Flower shape",5,"Hymenoptera"
"6_Marini_UNIPD03 CD16_2020",24,43,55.8139534883721,"Flower shape",5,"Hymenoptera"
"6_Marini_UNIPD03 CD17_2020",13,40,32.5,"Flower shape",5,"Hymenoptera"
"6_Marini_UNIPD03 CD20_2020",24,32,75,"Flower shape",5,"Hymenoptera"
"6_Marini_UNIPD03 CD22_2020",10,15,66.6666666666667,"Flower shape",5,"Hymenoptera"
"6_Marini_UNIPD03 CD23_2020",14,24,58.3333333333333,"Flower shape",5,"Hymenoptera"
"6_Marini_UNIPD03 CD26_2020",14,20,70,"Flower shape",5,"Hymenoptera"
"6_Marini_UNIPD03 CD27_2020",20,25,80,"Flower shape",5,"Hymenoptera"
"6_Marini_UNIPD03 CD28_2020",16,26,61.5384615384615,"Flower shape",5,"Hymenoptera"
"6_Marini_UNIPD03 CD29_2020",16,22,72.7272727272727,"Flower shape",5,"Hymenoptera"
"6_Marini_UNIPD03 CD34_2020",27,36,75,"Flower shape",5,"Hymenoptera"
"6_Marini_UNIPD03 D11_2020",21,22,95.4545454545455,"Flower shape",5,"Hymenoptera"
"6_Marini_UNIPD03 D17_2020",15,20,75,"Flower shape",5,"Hymenoptera"
"6_Marini_UNIPD03 D21_2020",16,18,88.8888888888889,"Flower shape",5,"Hymenoptera"
"6_Marini_UNIPD03 D24_2020",17,20,85,"Flower shape",5,"Hymenoptera"
"6_Marini_UNIPD03 D28_2020",11,21,52.3809523809524,"Flower shape",5,"Hymenoptera"
"6_Marini_UNIPD03 D29_2020",20,23,86.9565217391304,"Flower shape",5,"Hymenoptera"
"6_Marini_UNIPD03 D34_2020",17,30,56.6666666666667,"Flower shape",5,"Hymenoptera"
"6_Marini_UNIPD03 D35_2020",11,18,61.1111111111111,"Flower shape",5,"Hymenoptera"
"6_Marini_UNIPD03 D5_2020",17,23,73.9130434782609,"Flower shape",5,"Hymenoptera"
"6_Marini_UNIPD03 D8_2020",11,13,84.6153846153846,"Flower shape",5,"Hymenoptera"
"6_Marini_UNIPD03 E14_2020",10,21,47.6190476190476,"Flower shape",5,"Hymenoptera"
"6_Marini_UNIPD03 E19_2020",10,16,62.5,"Flower shape",5,"Hymenoptera"
"6_Marini_UNIPD03 E25_2020",10,13,76.9230769230769,"Flower shape",5,"Hymenoptera"
"6_Marini_UNIPD03 E26_2020",18,30,60,"Flower shape",5,"Hymenoptera"
"6_Marini_UNIPD03 E33_2020",19,30,63.3333333333333,"Flower shape",5,"Hymenoptera"
"6_Marini_UNIPD03 E35_2020",20,25,80,"Flower shape",5,"Hymenoptera"
"6_Marini_UNIPD03 E36_2020",25,32,78.125,"Flower shape",5,"Hymenoptera"
"7_Scheper_Chize_10_Field_boundary_2015",6,19,31.5789473684211,"Flower shape",5,"Hymenoptera"
"7_Scheper_Chize_12_Field_boundary_2015",13,30,43.3333333333333,"Flower shape",5,"Hymenoptera"
"7_Scheper_Chize_14_Field_boundary_2015",10,34,29.4117647058824,"Flower shape",5,"Hymenoptera"
"7_Scheper_Chize_19_Field_boundary_2015",16,20,80,"Flower shape",5,"Hymenoptera"
"7_Scheper_Chize_1_Field_boundary_2015",14,18,77.7777777777778,"Flower shape",5,"Hymenoptera"
"7_Scheper_Chize_1_Grassland_2015",10,20,50,"Flower shape",5,"Hymenoptera"
"7_Scheper_Chize_25_Field_boundary_2015",14,20,70,"Flower shape",5,"Hymenoptera"
"7_Scheper_Chize_4_Field_boundary_2015",6,17,35.2941176470588,"Flower shape",5,"Hymenoptera"
"7_Scheper_Chize_5_Field_boundary_2015",9,16,56.25,"Flower shape",5,"Hymenoptera"
"7_Scheper_Chize_6_Field_boundary_2015",13,27,48.1481481481481,"Flower shape",5,"Hymenoptera"
"11_Clough_ASK_2021_2021",2,11,18.1818181818182,"Flower shape",3,"Hymenoptera"
"11_Clough_HAM_2021_2021",1,10,10,"Flower shape",3,"Hymenoptera"
"11_Clough_KOM_2021_2021",4,11,36.3636363636364,"Flower shape",3,"Hymenoptera"
"11_Clough_LOB_2021_2021",1,6,16.6666666666667,"Flower shape",3,"Hymenoptera"
"11_Clough_PET_2021_2021",1,18,5.55555555555556,"Flower shape",3,"Hymenoptera"
"11_Clough_TAG_2021_2021",1,12,8.33333333333333,"Flower shape",3,"Hymenoptera"
"12_Ockinger_Norrang_Ryckelsby_Og",3,6,50,"Flower shape",3,"Hymenoptera"
"12_Ockinger_Sattra_Og",1,4,25,"Flower shape",3,"Hymenoptera"
"12_Ockinger_St_Tadinge",9,13,69.2307692307692,"Flower shape",3,"Hymenoptera"
"12_Ockinger_Tjalinge_Skogstibble",4,12,33.3333333333333,"Flower shape",3,"Hymenoptera"
"20_Hoiss_H5_2010",8,17,47.0588235294118,"Flower shape",3,"Hymenoptera"
"20_Hoiss_H6_2010",2,5,40,"Flower shape",3,"Hymenoptera"
"20_Hoiss_H7_2010",1,4,25,"Flower shape",3,"Hymenoptera"
"20_Hoiss_HO1_2010",10,16,62.5,"Flower shape",3,"Hymenoptera"
"20_Hoiss_HO5_2010",3,11,27.2727272727273,"Flower shape",3,"Hymenoptera"
"20_Hoiss_T4_2010",9,20,45,"Flower shape",3,"Hymenoptera"
"22_Kallnik_h1_2012",4,11,36.3636363636364,"Flower shape",3,"Hymenoptera"
"22_Kallnik_h2_2011",8,11,72.7272727272727,"Flower shape",3,"Hymenoptera"
"22_Kallnik_h3_2011",8,10,80,"Flower shape",3,"Hymenoptera"
"22_Kallnik_h4_2011",7,10,70,"Flower shape",3,"Hymenoptera"
"22_Kallnik_h5_2011",9,11,81.8181818181818,"Flower shape",3,"Hymenoptera"
"22_Kallnik_h5_2012",5,11,45.4545454545455,"Flower shape",3,"Hymenoptera"
"22_Kallnik_h6_2011",3,10,30,"Flower shape",3,"Hymenoptera"
"22_Kallnik_h7_2011",5,10,50,"Flower shape",3,"Hymenoptera"
"22_Kallnik_ho2_2011",4,10,40,"Flower shape",3,"Hymenoptera"
"22_Kallnik_ho3_2011",5,12,41.6666666666667,"Flower shape",3,"Hymenoptera"
"22_Kallnik_ho3_2012",2,10,20,"Flower shape",3,"Hymenoptera"
"22_Kallnik_ho4_2010",3,10,30,"Flower shape",3,"Hymenoptera"
"22_Kallnik_ho4_2011",12,13,92.3076923076923,"Flower shape",3,"Hymenoptera"
"22_Kallnik_ho4_2012",9,12,75,"Flower shape",3,"Hymenoptera"
"22_Kallnik_ho5_2011",5,12,41.6666666666667,"Flower shape",3,"Hymenoptera"
"22_Kallnik_wma3_2011",1,10,10,"Flower shape",3,"Hymenoptera"
"22_Kallnik_wma3_2012",2,10,20,"Flower shape",3,"Hymenoptera"
"22_Kallnik_wma4_2011",4,11,36.3636363636364,"Flower shape",3,"Hymenoptera"
"22_Kallnik_wma5_2011",5,10,50,"Flower shape",3,"Hymenoptera"
"22_Kallnik_wmb1_2012",8,11,72.7272727272727,"Flower shape",3,"Hymenoptera"
"22_Kallnik_wmb2_2011",1,12,8.33333333333333,"Flower shape",3,"Hymenoptera"
"22_Kallnik_wmb3_2011",8,10,80,"Flower shape",3,"Hymenoptera"
"22_Kallnik_wmb3_2012",1,10,10,"Flower shape",3,"Hymenoptera"
"22_Kallnik_wmb4_2010",9,12,75,"Flower shape",3,"Hymenoptera"
"22_Kallnik_wmb4_2011",8,13,61.5384615384615,"Flower shape",3,"Hymenoptera"
"22_Kallnik_wmb4_2012",7,11,63.6363636363636,"Flower shape",3,"Hymenoptera"
"22_Kallnik_wmb5_2010",7,11,63.6363636363636,"Flower shape",3,"Hymenoptera"
"22_Kallnik_wmb5_2011",4,11,36.3636363636364,"Flower shape",3,"Hymenoptera"
"22_Kallnik_wmb5_2012",5,11,45.4545454545455,"Flower shape",3,"Hymenoptera"
"28_Sutter_10_2013",3,14,21.4285714285714,"Flower shape",3,"Hymenoptera"
"28_Sutter_11_2013",3,12,25,"Flower shape",3,"Hymenoptera"
"28_Sutter_12_2013",2,11,18.1818181818182,"Flower shape",3,"Hymenoptera"
"28_Sutter_13_2013",4,11,36.3636363636364,"Flower shape",3,"Hymenoptera"
"28_Sutter_13_2014",1,9,11.1111111111111,"Flower shape",3,"Hymenoptera"
"28_Sutter_14_2013",3,10,30,"Flower shape",3,"Hymenoptera"
"28_Sutter_17_2013",2,15,13.3333333333333,"Flower shape",3,"Hymenoptera"
"28_Sutter_19_2013",11,18,61.1111111111111,"Flower shape",3,"Hymenoptera"
"28_Sutter_1_2013",5,12,41.6666666666667,"Flower shape",3,"Hymenoptera"
"28_Sutter_20_2013",7,13,53.8461538461538,"Flower shape",3,"Hymenoptera"
"28_Sutter_21_2013",9,14,64.2857142857143,"Flower shape",3,"Hymenoptera"
"28_Sutter_2_2013",4,13,30.7692307692308,"Flower shape",3,"Hymenoptera"
"28_Sutter_3_2013",7,19,36.8421052631579,"Flower shape",3,"Hymenoptera"
"28_Sutter_5_2013",14,21,66.6666666666667,"Flower shape",3,"Hymenoptera"
"28_Sutter_8_2013",3,15,20,"Flower shape",3,"Hymenoptera"
"28_Sutter_8_2014",14,17,82.3529411764706,"Flower shape",3,"Hymenoptera"
"29_Magrach_Gibraleon_2011",7,20,35,"Flower shape",3,"Hymenoptera"
"29_Magrach_Gravera_2011",13,22,59.0909090909091,"Flower shape",3,"Hymenoptera"
"29_Magrach_Niebla_2011",16,22,72.7272727272727,"Flower shape",3,"Hymenoptera"
"29_Magrach_Niebla_2012",15,24,62.5,"Flower shape",3,"Hymenoptera"
"29_Magrach_Villablanca_2011",9,16,56.25,"Flower shape",3,"Hymenoptera"
"2_Petanidou_Armolia_2015",28,46,60.8695652173913,"Flower shape",3,"Hymenoptera"
"2_Petanidou_Emborios_2015",35,58,60.3448275862069,"Flower shape",3,"Hymenoptera"
"2_Petanidou_Gridia_2015",12,54,22.2222222222222,"Flower shape",3,"Hymenoptera"
"2_Petanidou_Kato Fana_2015",25,40,62.5,"Flower shape",3,"Hymenoptera"
"2_Petanidou_Palios Katarraktis_2015",14,48,29.1666666666667,"Flower shape",3,"Hymenoptera"
"2_Petanidou_Vessa 2_2015",20,67,29.8507462686567,"Flower shape",3,"Hymenoptera"
"30_Smith_lsk57_2011",4,10,40,"Flower shape",3,"Hymenoptera"
"30_Smith_lsk73_2012",3,7,42.8571428571429,"Flower shape",3,"Hymenoptera"
"30_Smith_lsk74_2012",2,14,14.2857142857143,"Flower shape",3,"Hymenoptera"
"30_Smith_lsk77_2011",8,13,61.5384615384615,"Flower shape",3,"Hymenoptera"
"30_Smith_lsk77_2012",1,12,8.33333333333333,"Flower shape",3,"Hymenoptera"
"31_Roberts_Hunt_2013",8,11,72.7272727272727,"Flower shape",3,"Hymenoptera"
"31_Roberts_Jefferies_2013",4,9,44.4444444444444,"Flower shape",3,"Hymenoptera"
"31_Roberts_Livingstone_far_2012",3,9,33.3333333333333,"Flower shape",3,"Hymenoptera"
"31_Roberts_Livingstone_house_2012",1,10,10,"Flower shape",3,"Hymenoptera"
"31_Roberts_Mearns_2013",12,15,80,"Flower shape",3,"Hymenoptera"
"31_Roberts_White_left_2012",2,15,13.3333333333333,"Flower shape",3,"Hymenoptera"
"36_Larkin_Barracks.Lyan.Co.Clare_13.2017_GS1",2,5,40,"Flower shape",3,"Hymenoptera"
"36_Larkin_Glencolumbkille.South.Carron.Co.Clare_20.2017_GS1",4,8,50,"Flower shape",3,"Hymenoptera"
"37_White_An",5,11,45.4545454545455,"Flower shape",3,"Hymenoptera"
"37_White_Bl",6,7,85.7142857142857,"Flower shape",3,"Hymenoptera"
"37_White_Bn",7,12,58.3333333333333,"Flower shape",3,"Hymenoptera"
"37_White_CW",4,10,40,"Flower shape",3,"Hymenoptera"
"37_White_Ce",2,7,28.5714285714286,"Flower shape",3,"Hymenoptera"
"37_White_Cn",4,13,30.7692307692308,"Flower shape",3,"Hymenoptera"
"37_White_ED",3,8,37.5,"Flower shape",3,"Hymenoptera"
"37_White_Fs",6,8,75,"Flower shape",3,"Hymenoptera"
"37_White_JK",4,11,36.3636363636364,"Flower shape",3,"Hymenoptera"
"37_White_Kr",3,8,37.5,"Flower shape",3,"Hymenoptera"
"37_White_ND",5,8,62.5,"Flower shape",3,"Hymenoptera"
"37_White_NG",2,9,22.2222222222222,"Flower shape",3,"Hymenoptera"
"37_White_Pn",3,9,33.3333333333333,"Flower shape",3,"Hymenoptera"
"37_White_WD",3,10,30,"Flower shape",3,"Hymenoptera"
"38_Maurer_A1",9,20,45,"Flower shape",3,"Hymenoptera"
"38_Maurer_A2",3,29,10.3448275862069,"Flower shape",3,"Hymenoptera"
"38_Maurer_A3",2,22,9.09090909090909,"Flower shape",3,"Hymenoptera"
"38_Maurer_A4",5,21,23.8095238095238,"Flower shape",3,"Hymenoptera"
"38_Maurer_R1",12,31,38.7096774193548,"Flower shape",3,"Hymenoptera"
"38_Maurer_R2",2,37,5.40540540540541,"Flower shape",3,"Hymenoptera"
"38_Maurer_R3",14,41,34.1463414634146,"Flower shape",3,"Hymenoptera"
"38_Maurer_R4",7,30,23.3333333333333,"Flower shape",3,"Hymenoptera"
"38_Maurer_U2",3,49,6.12244897959184,"Flower shape",3,"Hymenoptera"
"39_Schweiger_I1_ruderal_1_2021",1,16,6.25,"Flower shape",3,"Hymenoptera"
"39_Schweiger_I2_semi.natural.grass_5_2021",11,25,44,"Flower shape",3,"Hymenoptera"
"39_Schweiger_I2_woodland.scrub_1_2021",1,19,5.26315789473684,"Flower shape",3,"Hymenoptera"
"39_Schweiger_I4_woodland.scrub_3_2021",7,17,41.1764705882353,"Flower shape",3,"Hymenoptera"
"39_Schweiger_R1_semi.natural.grass_4_2021",10,20,50,"Flower shape",3,"Hymenoptera"
"39_Schweiger_R4_semi.natural.grass_2_2021",3,17,17.6470588235294,"Flower shape",3,"Hymenoptera"
"40_Knight_Ghe_ari_2017",19,41,46.3414634146341,"Flower shape",3,"Hymenoptera"
"41_Knight_1 wooded meadow_2018",14,14,100,"Flower shape",3,"Hymenoptera"
"41_Knight_2 alvar pasture_2018",3,7,42.8571428571429,"Flower shape",3,"Hymenoptera"
"41_Knight_3 alvar pasture_2018",6,13,46.1538461538462,"Flower shape",3,"Hymenoptera"
"41_Knight_4 wooded meadow_2018",9,10,90,"Flower shape",3,"Hymenoptera"
"41_Knight_5 wooded meadow_2018",7,14,50,"Flower shape",3,"Hymenoptera"
"41_Knight_6 alvar pasture_2018",5,11,45.4545454545455,"Flower shape",3,"Hymenoptera"
"42_Knight_M1Restored_2019",11,13,84.6153846153846,"Flower shape",3,"Hymenoptera"
"42_Knight_M2Natural_2019",1,7,14.2857142857143,"Flower shape",3,"Hymenoptera"
"42_Knight_M3Natural_2019",2,4,50,"Flower shape",3,"Hymenoptera"
"42_Knight_M4Restored_2019",2,5,40,"Flower shape",3,"Hymenoptera"
"42_Knight_M5Restored_2019",2,6,33.3333333333333,"Flower shape",3,"Hymenoptera"
"42_Knight_M6Natural_2019",6,14,42.8571428571429,"Flower shape",3,"Hymenoptera"
"42_Knight_M8Restored_2019",1,5,20,"Flower shape",3,"Hymenoptera"
"44_Knight_M11_2018",10,25,40,"Flower shape",3,"Hymenoptera"
"44_Knight_M12_2018",8,23,34.7826086956522,"Flower shape",3,"Hymenoptera"
"44_Knight_M13_2018",3,4,75,"Flower shape",3,"Hymenoptera"
"44_Knight_M15_2018",14,22,63.6363636363636,"Flower shape",3,"Hymenoptera"
"44_Knight_M16_2018",10,18,55.5555555555556,"Flower shape",3,"Hymenoptera"
"44_Knight_M17_2018",4,21,19.047619047619,"Flower shape",3,"Hymenoptera"
"44_Knight_M18_2018",16,23,69.5652173913043,"Flower shape",3,"Hymenoptera"
"44_Knight_M1_2018",11,17,64.7058823529412,"Flower shape",3,"Hymenoptera"
"44_Knight_M3_2018",14,40,35,"Flower shape",3,"Hymenoptera"
"44_Knight_M4_2018",12,26,46.1538461538462,"Flower shape",3,"Hymenoptera"
"44_Knight_M6_2018",8,22,36.3636363636364,"Flower shape",3,"Hymenoptera"
"44_Knight_M8_2018",10,20,50,"Flower shape",3,"Hymenoptera"
"45_Knight_Hermanovice_meadow_2018",5,11,45.4545454545455,"Flower shape",3,"Hymenoptera"
"45_Knight_HorniGrunt_meadow_2018",3,5,60,"Flower shape",3,"Hymenoptera"
"45_Knight_Mnichov_meadow_2018",7,11,63.6363636363636,"Flower shape",3,"Hymenoptera"
"46_Knight_Gora_Gipsowa_2018",2,11,18.1818181818182,"Flower shape",3,"Hymenoptera"
"47_Benadi_1",16,26,61.5384615384615,"Flower shape",3,"Hymenoptera"
"47_Benadi_2",7,22,31.8181818181818,"Flower shape",3,"Hymenoptera"
"47_Benadi_3",11,22,50,"Flower shape",3,"Hymenoptera"
"47_Benadi_4",4,13,30.7692307692308,"Flower shape",3,"Hymenoptera"
"47_Benadi_5",2,18,11.1111111111111,"Flower shape",3,"Hymenoptera"
"47_Benadi_6",7,16,43.75,"Flower shape",3,"Hymenoptera"
"4_Marini_UNIPD01 A_2018",24,43,55.8139534883721,"Flower shape",3,"Hymenoptera"
"4_Marini_UNIPD01 An_2018",9,32,28.125,"Flower shape",3,"Hymenoptera"
"4_Marini_UNIPD01 B_2018",18,34,52.9411764705882,"Flower shape",3,"Hymenoptera"
"4_Marini_UNIPD01 Bn_2018",8,51,15.6862745098039,"Flower shape",3,"Hymenoptera"
"4_Marini_UNIPD01 C_2018",11,30,36.6666666666667,"Flower shape",3,"Hymenoptera"
"4_Marini_UNIPD01 Cn_2018",6,27,22.2222222222222,"Flower shape",3,"Hymenoptera"
"4_Marini_UNIPD01 E_2018",4,32,12.5,"Flower shape",3,"Hymenoptera"
"4_Marini_UNIPD01 En_2018",1,29,3.44827586206897,"Flower shape",3,"Hymenoptera"
"4_Marini_UNIPD01 F_2018",7,14,50,"Flower shape",3,"Hymenoptera"
"4_Marini_UNIPD01 Fn_2018",11,22,50,"Flower shape",3,"Hymenoptera"
"4_Marini_UNIPD01 G_2018",17,32,53.125,"Flower shape",3,"Hymenoptera"
"4_Marini_UNIPD01 Gn_2018",16,27,59.2592592592593,"Flower shape",3,"Hymenoptera"
"4_Marini_UNIPD01 H_2018",7,34,20.5882352941176,"Flower shape",3,"Hymenoptera"
"4_Marini_UNIPD01 Hn_2018",8,26,30.7692307692308,"Flower shape",3,"Hymenoptera"
"4_Marini_UNIPD01 I_2018",10,33,30.3030303030303,"Flower shape",3,"Hymenoptera"
"4_Marini_UNIPD01 In_2018",27,58,46.551724137931,"Flower shape",3,"Hymenoptera"
"50_Hervias-Parejo_Cala Tirant_2021",8,33,24.2424242424242,"Flower shape",3,"Hymenoptera"
"50_Hervias-Parejo_Llucalari_2021",13,28,46.4285714285714,"Flower shape",3,"Hymenoptera"
"50_Hervias-Parejo_Sa Bassa_2021",8,32,25,"Flower shape",3,"Hymenoptera"
"50_Hervias-Parejo_Salinas_2021",1,33,3.03030303030303,"Flower shape",3,"Hymenoptera"
"50_Hervias-Parejo_Torre Fornells_2021",10,34,29.4117647058824,"Flower shape",3,"Hymenoptera"
"50_Hervias-Parejo_coast Son Bou_2021",14,22,63.6363636363636,"Flower shape",3,"Hymenoptera"
"51_Petanidou_Pyrgos_2013",6,38,15.7894736842105,"Flower shape",3,"Hymenoptera"
"51_Petanidou_Sigri 3_2012",14,38,36.8421052631579,"Flower shape",3,"Hymenoptera"
"54_Lazaro_AloeVera_2018_2018",3,14,21.4285714285714,"Flower shape",3,"Hymenoptera"
"54_Lazaro_SonBaco_2018_2018",13,21,61.9047619047619,"Flower shape",3,"Hymenoptera"
"54_Lazaro_SonMutNou_2018_2018",11,19,57.8947368421053,"Flower shape",3,"Hymenoptera"
"54_Lazaro_UIB_2018_2018",2,31,6.45161290322581,"Flower shape",3,"Hymenoptera"
"5_Marini_UNIPD02 AA_2019",7,14,50,"Flower shape",3,"Hymenoptera"
"5_Marini_UNIPD02 AB_2019",2,3,66.6666666666667,"Flower shape",3,"Hymenoptera"
"5_Marini_UNIPD02 AC_2019",2,6,33.3333333333333,"Flower shape",3,"Hymenoptera"
"5_Marini_UNIPD02 AD_2019",2,6,33.3333333333333,"Flower shape",3,"Hymenoptera"
"5_Marini_UNIPD02 AE_2019",2,14,14.2857142857143,"Flower shape",3,"Hymenoptera"
"5_Marini_UNIPD02 AF_2019",4,10,40,"Flower shape",3,"Hymenoptera"
"5_Marini_UNIPD02 AG_2019",6,17,35.2941176470588,"Flower shape",3,"Hymenoptera"
"5_Marini_UNIPD02 AH_2019",7,14,50,"Flower shape",3,"Hymenoptera"
"5_Marini_UNIPD02 AI_2019",6,9,66.6666666666667,"Flower shape",3,"Hymenoptera"
"5_Marini_UNIPD02 AJ_2019",11,17,64.7058823529412,"Flower shape",3,"Hymenoptera"
"5_Marini_UNIPD02 AK_2019",6,9,66.6666666666667,"Flower shape",3,"Hymenoptera"
"5_Marini_UNIPD02 AL_2019",6,15,40,"Flower shape",3,"Hymenoptera"
"5_Marini_UNIPD02 AM_2019",7,16,43.75,"Flower shape",3,"Hymenoptera"
"5_Marini_UNIPD02 AN_2019",3,9,33.3333333333333,"Flower shape",3,"Hymenoptera"
"5_Marini_UNIPD02 AP_2019",5,7,71.4285714285714,"Flower shape",3,"Hymenoptera"
"5_Marini_UNIPD02 AQ_2019",8,9,88.8888888888889,"Flower shape",3,"Hymenoptera"
"5_Marini_UNIPD02 AS_2019",12,14,85.7142857142857,"Flower shape",3,"Hymenoptera"
"5_Marini_UNIPD02 AT_2019",5,15,33.3333333333333,"Flower shape",3,"Hymenoptera"
"5_Marini_UNIPD02 AV_2019",4,5,80,"Flower shape",3,"Hymenoptera"
"5_Marini_UNIPD02 A_2019",14,25,56,"Flower shape",3,"Hymenoptera"
"5_Marini_UNIPD02 B_2019",5,22,22.7272727272727,"Flower shape",3,"Hymenoptera"
"5_Marini_UNIPD02 C_2019",8,20,40,"Flower shape",3,"Hymenoptera"
"5_Marini_UNIPD02 D_2019",6,11,54.5454545454545,"Flower shape",3,"Hymenoptera"
"5_Marini_UNIPD02 E_2019",9,19,47.3684210526316,"Flower shape",3,"Hymenoptera"
"5_Marini_UNIPD02 G_2019",7,15,46.6666666666667,"Flower shape",3,"Hymenoptera"
"5_Marini_UNIPD02 H_2019",6,16,37.5,"Flower shape",3,"Hymenoptera"
"5_Marini_UNIPD02 I_2019",4,10,40,"Flower shape",3,"Hymenoptera"
"5_Marini_UNIPD02 K_2019",8,22,36.3636363636364,"Flower shape",3,"Hymenoptera"
"5_Marini_UNIPD02 L_2019",4,7,57.1428571428571,"Flower shape",3,"Hymenoptera"
"5_Marini_UNIPD02 M_2019",4,15,26.6666666666667,"Flower shape",3,"Hymenoptera"
"5_Marini_UNIPD02 N_2019",1,6,16.6666666666667,"Flower shape",3,"Hymenoptera"
"5_Marini_UNIPD02 O_2019",4,7,57.1428571428571,"Flower shape",3,"Hymenoptera"
"5_Marini_UNIPD02 P_2019",2,7,28.5714285714286,"Flower shape",3,"Hymenoptera"
"5_Marini_UNIPD02 Q_2019",9,12,75,"Flower shape",3,"Hymenoptera"
"5_Marini_UNIPD02 S_2019",4,20,20,"Flower shape",3,"Hymenoptera"
"5_Marini_UNIPD02 T_2019",3,9,33.3333333333333,"Flower shape",3,"Hymenoptera"
"5_Marini_UNIPD02 U_2019",2,13,15.3846153846154,"Flower shape",3,"Hymenoptera"
"5_Marini_UNIPD02 V_2019",6,17,35.2941176470588,"Flower shape",3,"Hymenoptera"
"5_Marini_UNIPD02 W_2019",12,23,52.1739130434783,"Flower shape",3,"Hymenoptera"
"5_Marini_UNIPD02 X_2019",7,16,43.75,"Flower shape",3,"Hymenoptera"
"5_Marini_UNIPD02 Y_2019",5,17,29.4117647058824,"Flower shape",3,"Hymenoptera"
"5_Marini_UNIPD02 Z_2019",10,18,55.5555555555556,"Flower shape",3,"Hymenoptera"
"6_Marini_UNIPD03 CD13_2020",15,20,75,"Flower shape",3,"Hymenoptera"
"6_Marini_UNIPD03 CD14_2020",9,22,40.9090909090909,"Flower shape",3,"Hymenoptera"
"6_Marini_UNIPD03 CD15_2020",20,30,66.6666666666667,"Flower shape",3,"Hymenoptera"
"6_Marini_UNIPD03 CD16_2020",17,43,39.5348837209302,"Flower shape",3,"Hymenoptera"
"6_Marini_UNIPD03 CD17_2020",11,40,27.5,"Flower shape",3,"Hymenoptera"
"6_Marini_UNIPD03 CD20_2020",22,32,68.75,"Flower shape",3,"Hymenoptera"
"6_Marini_UNIPD03 CD22_2020",8,15,53.3333333333333,"Flower shape",3,"Hymenoptera"
"6_Marini_UNIPD03 CD23_2020",12,24,50,"Flower shape",3,"Hymenoptera"
"6_Marini_UNIPD03 CD26_2020",13,20,65,"Flower shape",3,"Hymenoptera"
"6_Marini_UNIPD03 CD27_2020",19,25,76,"Flower shape",3,"Hymenoptera"
"6_Marini_UNIPD03 CD28_2020",11,26,42.3076923076923,"Flower shape",3,"Hymenoptera"
"6_Marini_UNIPD03 CD29_2020",10,22,45.4545454545455,"Flower shape",3,"Hymenoptera"
"6_Marini_UNIPD03 CD2_2020",7,19,36.8421052631579,"Flower shape",3,"Hymenoptera"
"6_Marini_UNIPD03 CD34_2020",26,36,72.2222222222222,"Flower shape",3,"Hymenoptera"
"6_Marini_UNIPD03 D11_2020",21,22,95.4545454545455,"Flower shape",3,"Hymenoptera"
"6_Marini_UNIPD03 D17_2020",14,20,70,"Flower shape",3,"Hymenoptera"
"6_Marini_UNIPD03 D21_2020",12,18,66.6666666666667,"Flower shape",3,"Hymenoptera"
"6_Marini_UNIPD03 D24_2020",16,20,80,"Flower shape",3,"Hymenoptera"
"6_Marini_UNIPD03 D28_2020",11,21,52.3809523809524,"Flower shape",3,"Hymenoptera"
"6_Marini_UNIPD03 D29_2020",14,23,60.8695652173913,"Flower shape",3,"Hymenoptera"
"6_Marini_UNIPD03 D34_2020",14,30,46.6666666666667,"Flower shape",3,"Hymenoptera"
"6_Marini_UNIPD03 D35_2020",11,18,61.1111111111111,"Flower shape",3,"Hymenoptera"
"6_Marini_UNIPD03 D5_2020",10,23,43.4782608695652,"Flower shape",3,"Hymenoptera"
"6_Marini_UNIPD03 D8_2020",9,13,69.2307692307692,"Flower shape",3,"Hymenoptera"
"6_Marini_UNIPD03 E14_2020",5,21,23.8095238095238,"Flower shape",3,"Hymenoptera"
"6_Marini_UNIPD03 E19_2020",9,16,56.25,"Flower shape",3,"Hymenoptera"
"6_Marini_UNIPD03 E25_2020",9,13,69.2307692307692,"Flower shape",3,"Hymenoptera"
"6_Marini_UNIPD03 E26_2020",15,30,50,"Flower shape",3,"Hymenoptera"
"6_Marini_UNIPD03 E31_2020",11,16,68.75,"Flower shape",3,"Hymenoptera"
"6_Marini_UNIPD03 E32_2020",5,14,35.7142857142857,"Flower shape",3,"Hymenoptera"
"6_Marini_UNIPD03 E33_2020",16,30,53.3333333333333,"Flower shape",3,"Hymenoptera"
"6_Marini_UNIPD03 E35_2020",18,25,72,"Flower shape",3,"Hymenoptera"
"6_Marini_UNIPD03 E36_2020",24,32,75,"Flower shape",3,"Hymenoptera"
"7_Scheper_Chize_10_Field_boundary_2015",4,19,21.0526315789474,"Flower shape",3,"Hymenoptera"
"7_Scheper_Chize_12_Field_boundary_2015",13,30,43.3333333333333,"Flower shape",3,"Hymenoptera"
"7_Scheper_Chize_14_Field_boundary_2015",8,34,23.5294117647059,"Flower shape",3,"Hymenoptera"
"7_Scheper_Chize_19_Field_boundary_2015",16,20,80,"Flower shape",3,"Hymenoptera"
"7_Scheper_Chize_1_Field_boundary_2015",11,18,61.1111111111111,"Flower shape",3,"Hymenoptera"
"7_Scheper_Chize_1_Grassland_2015",9,20,45,"Flower shape",3,"Hymenoptera"
"7_Scheper_Chize_25_Field_boundary_2015",11,20,55,"Flower shape",3,"Hymenoptera"
"7_Scheper_Chize_4_Field_boundary_2015",6,17,35.2941176470588,"Flower shape",3,"Hymenoptera"
"7_Scheper_Chize_5_Field_boundary_2015",6,16,37.5,"Flower shape",3,"Hymenoptera"
"7_Scheper_Chize_6_Field_boundary_2015",9,27,33.3333333333333,"Flower shape",3,"Hymenoptera"
"11_Clough_ASK_2021_2021",10,11,90.9090909090909,"Phylogenetic",10,"Hymenoptera"
"11_Clough_HAM_2021_2021",3,10,30,"Phylogenetic",10,"Hymenoptera"
"11_Clough_KOM_2021_2021",6,11,54.5454545454545,"Phylogenetic",10,"Hymenoptera"
"11_Clough_LOB_2021_2021",5,6,83.3333333333333,"Phylogenetic",10,"Hymenoptera"
"11_Clough_PET_2021_2021",4,18,22.2222222222222,"Phylogenetic",10,"Hymenoptera"
"11_Clough_TAG_2021_2021",1,12,8.33333333333333,"Phylogenetic",10,"Hymenoptera"
"12_Ockinger_Norrang_Ryckelsby_Og",6,6,100,"Phylogenetic",10,"Hymenoptera"
"12_Ockinger_Sattra_Og",0,4,0,"Phylogenetic",10,"Hymenoptera"
"12_Ockinger_St_Tadinge",7,13,53.8461538461538,"Phylogenetic",10,"Hymenoptera"
"12_Ockinger_Tjalinge_Skogstibble",5,12,41.6666666666667,"Phylogenetic",10,"Hymenoptera"
"20_Hoiss_H5_2010",11,17,64.7058823529412,"Phylogenetic",10,"Hymenoptera"
"20_Hoiss_H6_2010",1,5,20,"Phylogenetic",10,"Hymenoptera"
"20_Hoiss_H7_2010",1,4,25,"Phylogenetic",10,"Hymenoptera"
"20_Hoiss_HO1_2010",5,16,31.25,"Phylogenetic",10,"Hymenoptera"
"20_Hoiss_HO5_2010",3,11,27.2727272727273,"Phylogenetic",10,"Hymenoptera"
"20_Hoiss_T4_2010",11,20,55,"Phylogenetic",10,"Hymenoptera"
"22_Kallnik_h1_2012",2,11,18.1818181818182,"Phylogenetic",10,"Hymenoptera"
"22_Kallnik_h2_2011",7,11,63.6363636363636,"Phylogenetic",10,"Hymenoptera"
"22_Kallnik_h3_2011",5,10,50,"Phylogenetic",10,"Hymenoptera"
"22_Kallnik_h4_2010",0,10,0,"Phylogenetic",10,"Hymenoptera"
"22_Kallnik_h4_2011",5,10,50,"Phylogenetic",10,"Hymenoptera"
"22_Kallnik_h5_2011",5,11,45.4545454545455,"Phylogenetic",10,"Hymenoptera"
"22_Kallnik_h5_2012",0,11,0,"Phylogenetic",10,"Hymenoptera"
"22_Kallnik_h6_2011",4,10,40,"Phylogenetic",10,"Hymenoptera"
"22_Kallnik_h7_2011",6,10,60,"Phylogenetic",10,"Hymenoptera"
"22_Kallnik_ho2_2011",4,10,40,"Phylogenetic",10,"Hymenoptera"
"22_Kallnik_ho3_2011",8,12,66.6666666666667,"Phylogenetic",10,"Hymenoptera"
"22_Kallnik_ho3_2012",8,10,80,"Phylogenetic",10,"Hymenoptera"
"22_Kallnik_ho4_2010",1,10,10,"Phylogenetic",10,"Hymenoptera"
"22_Kallnik_ho4_2011",4,13,30.7692307692308,"Phylogenetic",10,"Hymenoptera"
"22_Kallnik_ho4_2012",4,12,33.3333333333333,"Phylogenetic",10,"Hymenoptera"
"22_Kallnik_ho5_2011",3,12,25,"Phylogenetic",10,"Hymenoptera"
"22_Kallnik_wma3_2011",4,10,40,"Phylogenetic",10,"Hymenoptera"
"22_Kallnik_wma3_2012",4,10,40,"Phylogenetic",10,"Hymenoptera"
"22_Kallnik_wma4_2011",5,11,45.4545454545455,"Phylogenetic",10,"Hymenoptera"
"22_Kallnik_wma5_2011",10,10,100,"Phylogenetic",10,"Hymenoptera"
"22_Kallnik_wmb1_2012",5,11,45.4545454545455,"Phylogenetic",10,"Hymenoptera"
"22_Kallnik_wmb2_2011",5,12,41.6666666666667,"Phylogenetic",10,"Hymenoptera"
"22_Kallnik_wmb2_2012",3,11,27.2727272727273,"Phylogenetic",10,"Hymenoptera"
"22_Kallnik_wmb3_2011",1,10,10,"Phylogenetic",10,"Hymenoptera"
"22_Kallnik_wmb3_2012",0,10,0,"Phylogenetic",10,"Hymenoptera"
"22_Kallnik_wmb4_2010",0,12,0,"Phylogenetic",10,"Hymenoptera"
"22_Kallnik_wmb4_2011",6,13,46.1538461538462,"Phylogenetic",10,"Hymenoptera"
"22_Kallnik_wmb4_2012",0,11,0,"Phylogenetic",10,"Hymenoptera"
"22_Kallnik_wmb5_2010",1,11,9.09090909090909,"Phylogenetic",10,"Hymenoptera"
"22_Kallnik_wmb5_2011",2,11,18.1818181818182,"Phylogenetic",10,"Hymenoptera"
"22_Kallnik_wmb5_2012",1,11,9.09090909090909,"Phylogenetic",10,"Hymenoptera"
"28_Sutter_10_2013",3,14,21.4285714285714,"Phylogenetic",10,"Hymenoptera"
"28_Sutter_11_2013",3,12,25,"Phylogenetic",10,"Hymenoptera"
"28_Sutter_12_2013",4,11,36.3636363636364,"Phylogenetic",10,"Hymenoptera"
"28_Sutter_13_2013",4,11,36.3636363636364,"Phylogenetic",10,"Hymenoptera"
"28_Sutter_13_2014",6,9,66.6666666666667,"Phylogenetic",10,"Hymenoptera"
"28_Sutter_14_2013",4,10,40,"Phylogenetic",10,"Hymenoptera"
"28_Sutter_17_2013",7,15,46.6666666666667,"Phylogenetic",10,"Hymenoptera"
"28_Sutter_19_2013",6,18,33.3333333333333,"Phylogenetic",10,"Hymenoptera"
"28_Sutter_1_2013",8,12,66.6666666666667,"Phylogenetic",10,"Hymenoptera"
"28_Sutter_20_2013",9,13,69.2307692307692,"Phylogenetic",10,"Hymenoptera"
"28_Sutter_21_2013",4,14,28.5714285714286,"Phylogenetic",10,"Hymenoptera"
"28_Sutter_2_2013",9,13,69.2307692307692,"Phylogenetic",10,"Hymenoptera"
"28_Sutter_3_2013",9,19,47.3684210526316,"Phylogenetic",10,"Hymenoptera"
"28_Sutter_5_2013",12,21,57.1428571428571,"Phylogenetic",10,"Hymenoptera"
"28_Sutter_8_2013",3,15,20,"Phylogenetic",10,"Hymenoptera"
"28_Sutter_8_2014",3,17,17.6470588235294,"Phylogenetic",10,"Hymenoptera"
"29_Magrach_Gravera_2011",3,22,13.6363636363636,"Phylogenetic",10,"Hymenoptera"
"29_Magrach_Niebla_2011",11,22,50,"Phylogenetic",10,"Hymenoptera"
"29_Magrach_Niebla_2012",14,24,58.3333333333333,"Phylogenetic",10,"Hymenoptera"
"29_Magrach_Villablanca_2011",7,16,43.75,"Phylogenetic",10,"Hymenoptera"
"2_Petanidou_Armolia_2015",6,46,13.0434782608696,"Phylogenetic",10,"Hymenoptera"
"2_Petanidou_Emborios_2015",30,58,51.7241379310345,"Phylogenetic",10,"Hymenoptera"
"2_Petanidou_Gridia_2015",24,54,44.4444444444444,"Phylogenetic",10,"Hymenoptera"
"2_Petanidou_Kato Fana_2015",31,40,77.5,"Phylogenetic",10,"Hymenoptera"
"2_Petanidou_Palios Katarraktis_2015",13,48,27.0833333333333,"Phylogenetic",10,"Hymenoptera"
"2_Petanidou_Vessa 2_2015",25,67,37.3134328358209,"Phylogenetic",10,"Hymenoptera"
"30_Smith_lsk48_2012",6,11,54.5454545454545,"Phylogenetic",10,"Hymenoptera"
"30_Smith_lsk57_2011",2,10,20,"Phylogenetic",10,"Hymenoptera"
"30_Smith_lsk73_2012",4,7,57.1428571428571,"Phylogenetic",10,"Hymenoptera"
"30_Smith_lsk74_2012",4,14,28.5714285714286,"Phylogenetic",10,"Hymenoptera"
"30_Smith_lsk77_2011",5,13,38.4615384615385,"Phylogenetic",10,"Hymenoptera"
"30_Smith_lsk77_2012",3,12,25,"Phylogenetic",10,"Hymenoptera"
"31_Roberts_Hunt_2013",1,11,9.09090909090909,"Phylogenetic",10,"Hymenoptera"
"31_Roberts_Jefferies_2013",3,9,33.3333333333333,"Phylogenetic",10,"Hymenoptera"
"31_Roberts_Livingstone_far_2012",1,9,11.1111111111111,"Phylogenetic",10,"Hymenoptera"
"31_Roberts_Livingstone_house_2012",2,10,20,"Phylogenetic",10,"Hymenoptera"
"31_Roberts_Mearns_2013",1,15,6.66666666666667,"Phylogenetic",10,"Hymenoptera"
"31_Roberts_White_left_2012",6,15,40,"Phylogenetic",10,"Hymenoptera"
"36_Larkin_Barracks.Lyan.Co.Clare_13.2017_GS1",5,5,100,"Phylogenetic",10,"Hymenoptera"
"36_Larkin_Glencolumbkille.South.Carron.Co.Clare_20.2017_GS1",7,8,87.5,"Phylogenetic",10,"Hymenoptera"
"37_White_An",8,11,72.7272727272727,"Phylogenetic",10,"Hymenoptera"
"37_White_Bl",4,7,57.1428571428571,"Phylogenetic",10,"Hymenoptera"
"37_White_Bn",6,12,50,"Phylogenetic",10,"Hymenoptera"
"37_White_CW",3,10,30,"Phylogenetic",10,"Hymenoptera"
"37_White_Ce",5,7,71.4285714285714,"Phylogenetic",10,"Hymenoptera"
"37_White_Cn",4,13,30.7692307692308,"Phylogenetic",10,"Hymenoptera"
"37_White_ED",5,8,62.5,"Phylogenetic",10,"Hymenoptera"
"37_White_Fs",7,8,87.5,"Phylogenetic",10,"Hymenoptera"
"37_White_JK",4,11,36.3636363636364,"Phylogenetic",10,"Hymenoptera"
"37_White_Kr",6,8,75,"Phylogenetic",10,"Hymenoptera"
"37_White_ND",7,8,87.5,"Phylogenetic",10,"Hymenoptera"
"37_White_NG",3,9,33.3333333333333,"Phylogenetic",10,"Hymenoptera"
"37_White_Pn",9,9,100,"Phylogenetic",10,"Hymenoptera"
"37_White_WD",5,10,50,"Phylogenetic",10,"Hymenoptera"
"38_Maurer_A1",8,20,40,"Phylogenetic",10,"Hymenoptera"
"38_Maurer_A2",3,29,10.3448275862069,"Phylogenetic",10,"Hymenoptera"
"38_Maurer_A3",8,22,36.3636363636364,"Phylogenetic",10,"Hymenoptera"
"38_Maurer_A4",3,21,14.2857142857143,"Phylogenetic",10,"Hymenoptera"
"38_Maurer_R1",2,31,6.45161290322581,"Phylogenetic",10,"Hymenoptera"
"38_Maurer_R2",4,37,10.8108108108108,"Phylogenetic",10,"Hymenoptera"
"38_Maurer_R3",6,41,14.6341463414634,"Phylogenetic",10,"Hymenoptera"
"38_Maurer_R4",0,30,0,"Phylogenetic",10,"Hymenoptera"
"38_Maurer_U2",5,49,10.2040816326531,"Phylogenetic",10,"Hymenoptera"
"38_Maurer_U3",10,39,25.6410256410256,"Phylogenetic",10,"Hymenoptera"
"39_Schweiger_I1_ruderal_1_2021",5,16,31.25,"Phylogenetic",10,"Hymenoptera"
"39_Schweiger_I2_semi.natural.grass_5_2021",7,25,28,"Phylogenetic",10,"Hymenoptera"
"39_Schweiger_I2_woodland.scrub_1_2021",7,19,36.8421052631579,"Phylogenetic",10,"Hymenoptera"
"39_Schweiger_I4_woodland.scrub_3_2021",7,17,41.1764705882353,"Phylogenetic",10,"Hymenoptera"
"39_Schweiger_R1_semi.natural.grass_4_2021",15,20,75,"Phylogenetic",10,"Hymenoptera"
"39_Schweiger_R4_semi.natural.grass_2_2021",16,17,94.1176470588235,"Phylogenetic",10,"Hymenoptera"
"40_Knight_Ghe_ari_2017",16,41,39.0243902439024,"Phylogenetic",10,"Hymenoptera"
"41_Knight_1 wooded meadow_2018",1,14,7.14285714285714,"Phylogenetic",10,"Hymenoptera"
"41_Knight_2 alvar pasture_2018",3,7,42.8571428571429,"Phylogenetic",10,"Hymenoptera"
"41_Knight_3 alvar pasture_2018",9,13,69.2307692307692,"Phylogenetic",10,"Hymenoptera"
"41_Knight_4 wooded meadow_2018",10,10,100,"Phylogenetic",10,"Hymenoptera"
"41_Knight_5 wooded meadow_2018",3,14,21.4285714285714,"Phylogenetic",10,"Hymenoptera"
"41_Knight_6 alvar pasture_2018",1,11,9.09090909090909,"Phylogenetic",10,"Hymenoptera"
"42_Knight_M1Restored_2019",6,13,46.1538461538462,"Phylogenetic",10,"Hymenoptera"
"42_Knight_M2Natural_2019",4,7,57.1428571428571,"Phylogenetic",10,"Hymenoptera"
"42_Knight_M3Natural_2019",2,4,50,"Phylogenetic",10,"Hymenoptera"
"42_Knight_M4Restored_2019",0,5,0,"Phylogenetic",10,"Hymenoptera"
"42_Knight_M5Restored_2019",1,6,16.6666666666667,"Phylogenetic",10,"Hymenoptera"
"42_Knight_M6Natural_2019",5,14,35.7142857142857,"Phylogenetic",10,"Hymenoptera"
"42_Knight_M8Restored_2019",3,5,60,"Phylogenetic",10,"Hymenoptera"
"44_Knight_M11_2018",15,25,60,"Phylogenetic",10,"Hymenoptera"
"44_Knight_M12_2018",8,23,34.7826086956522,"Phylogenetic",10,"Hymenoptera"
"44_Knight_M13_2018",1,4,25,"Phylogenetic",10,"Hymenoptera"
"44_Knight_M15_2018",14,22,63.6363636363636,"Phylogenetic",10,"Hymenoptera"
"44_Knight_M16_2018",10,18,55.5555555555556,"Phylogenetic",10,"Hymenoptera"
"44_Knight_M17_2018",6,21,28.5714285714286,"Phylogenetic",10,"Hymenoptera"
"44_Knight_M18_2018",15,23,65.2173913043478,"Phylogenetic",10,"Hymenoptera"
"44_Knight_M1_2018",12,17,70.5882352941177,"Phylogenetic",10,"Hymenoptera"
"44_Knight_M3_2018",17,40,42.5,"Phylogenetic",10,"Hymenoptera"
"44_Knight_M4_2018",11,26,42.3076923076923,"Phylogenetic",10,"Hymenoptera"
"44_Knight_M6_2018",2,22,9.09090909090909,"Phylogenetic",10,"Hymenoptera"
"44_Knight_M8_2018",11,20,55,"Phylogenetic",10,"Hymenoptera"
"45_Knight_Hermanovice_meadow_2018",8,11,72.7272727272727,"Phylogenetic",10,"Hymenoptera"
"45_Knight_HorniGrunt_meadow_2018",3,5,60,"Phylogenetic",10,"Hymenoptera"
"45_Knight_Mnichov_meadow_2018",8,11,72.7272727272727,"Phylogenetic",10,"Hymenoptera"
"46_Knight_Gora_Gipsowa_2018",2,11,18.1818181818182,"Phylogenetic",10,"Hymenoptera"
"47_Benadi_1",11,26,42.3076923076923,"Phylogenetic",10,"Hymenoptera"
"47_Benadi_2",6,22,27.2727272727273,"Phylogenetic",10,"Hymenoptera"
"47_Benadi_3",11,22,50,"Phylogenetic",10,"Hymenoptera"
"47_Benadi_4",8,13,61.5384615384615,"Phylogenetic",10,"Hymenoptera"
"47_Benadi_5",5,18,27.7777777777778,"Phylogenetic",10,"Hymenoptera"
"47_Benadi_6",6,16,37.5,"Phylogenetic",10,"Hymenoptera"
"4_Marini_UNIPD01 A_2018",27,43,62.7906976744186,"Phylogenetic",10,"Hymenoptera"
"4_Marini_UNIPD01 An_2018",12,32,37.5,"Phylogenetic",10,"Hymenoptera"
"4_Marini_UNIPD01 B_2018",9,34,26.4705882352941,"Phylogenetic",10,"Hymenoptera"
"4_Marini_UNIPD01 Bn_2018",22,51,43.1372549019608,"Phylogenetic",10,"Hymenoptera"
"4_Marini_UNIPD01 C_2018",13,30,43.3333333333333,"Phylogenetic",10,"Hymenoptera"
"4_Marini_UNIPD01 Cn_2018",12,27,44.4444444444444,"Phylogenetic",10,"Hymenoptera"
"4_Marini_UNIPD01 E_2018",11,32,34.375,"Phylogenetic",10,"Hymenoptera"
"4_Marini_UNIPD01 En_2018",9,29,31.0344827586207,"Phylogenetic",10,"Hymenoptera"
"4_Marini_UNIPD01 F_2018",9,14,64.2857142857143,"Phylogenetic",10,"Hymenoptera"
"4_Marini_UNIPD01 Fn_2018",10,22,45.4545454545455,"Phylogenetic",10,"Hymenoptera"
"4_Marini_UNIPD01 G_2018",22,32,68.75,"Phylogenetic",10,"Hymenoptera"
"4_Marini_UNIPD01 Gn_2018",16,27,59.2592592592593,"Phylogenetic",10,"Hymenoptera"
"4_Marini_UNIPD01 H_2018",5,34,14.7058823529412,"Phylogenetic",10,"Hymenoptera"
"4_Marini_UNIPD01 Hn_2018",9,26,34.6153846153846,"Phylogenetic",10,"Hymenoptera"
"4_Marini_UNIPD01 I_2018",15,33,45.4545454545455,"Phylogenetic",10,"Hymenoptera"
"4_Marini_UNIPD01 In_2018",26,58,44.8275862068966,"Phylogenetic",10,"Hymenoptera"
"50_Hervias-Parejo_Cala Tirant_2021",22,33,66.6666666666667,"Phylogenetic",10,"Hymenoptera"
"50_Hervias-Parejo_Sa Bassa_2021",24,32,75,"Phylogenetic",10,"Hymenoptera"
"50_Hervias-Parejo_Salinas_2021",22,33,66.6666666666667,"Phylogenetic",10,"Hymenoptera"
"50_Hervias-Parejo_Torre Fornells_2021",17,34,50,"Phylogenetic",10,"Hymenoptera"
"51_Petanidou_Pyrgos_2013",3,38,7.89473684210526,"Phylogenetic",10,"Hymenoptera"
"51_Petanidou_Sigri 3_2012",8,38,21.0526315789474,"Phylogenetic",10,"Hymenoptera"
"54_Lazaro_UIB_2018_2018",16,31,51.6129032258064,"Phylogenetic",10,"Hymenoptera"
"5_Marini_UNIPD02 AA_2019",8,14,57.1428571428571,"Phylogenetic",10,"Hymenoptera"
"5_Marini_UNIPD02 AB_2019",2,3,66.6666666666667,"Phylogenetic",10,"Hymenoptera"
"5_Marini_UNIPD02 AC_2019",2,6,33.3333333333333,"Phylogenetic",10,"Hymenoptera"
"5_Marini_UNIPD02 AD_2019",4,6,66.6666666666667,"Phylogenetic",10,"Hymenoptera"
"5_Marini_UNIPD02 AE_2019",9,14,64.2857142857143,"Phylogenetic",10,"Hymenoptera"
"5_Marini_UNIPD02 AF_2019",9,10,90,"Phylogenetic",10,"Hymenoptera"
"5_Marini_UNIPD02 AG_2019",8,17,47.0588235294118,"Phylogenetic",10,"Hymenoptera"
"5_Marini_UNIPD02 AH_2019",7,14,50,"Phylogenetic",10,"Hymenoptera"
"5_Marini_UNIPD02 AI_2019",1,9,11.1111111111111,"Phylogenetic",10,"Hymenoptera"
"5_Marini_UNIPD02 AJ_2019",17,17,100,"Phylogenetic",10,"Hymenoptera"
"5_Marini_UNIPD02 AL_2019",6,15,40,"Phylogenetic",10,"Hymenoptera"
"5_Marini_UNIPD02 AM_2019",4,16,25,"Phylogenetic",10,"Hymenoptera"
"5_Marini_UNIPD02 AO_2019",5,9,55.5555555555556,"Phylogenetic",10,"Hymenoptera"
"5_Marini_UNIPD02 AP_2019",2,7,28.5714285714286,"Phylogenetic",10,"Hymenoptera"
"5_Marini_UNIPD02 AQ_2019",9,9,100,"Phylogenetic",10,"Hymenoptera"
"5_Marini_UNIPD02 AT_2019",9,15,60,"Phylogenetic",10,"Hymenoptera"
"5_Marini_UNIPD02 A_2019",6,25,24,"Phylogenetic",10,"Hymenoptera"
"5_Marini_UNIPD02 B_2019",16,22,72.7272727272727,"Phylogenetic",10,"Hymenoptera"
"5_Marini_UNIPD02 C_2019",14,20,70,"Phylogenetic",10,"Hymenoptera"
"5_Marini_UNIPD02 D_2019",10,11,90.9090909090909,"Phylogenetic",10,"Hymenoptera"
"5_Marini_UNIPD02 G_2019",7,15,46.6666666666667,"Phylogenetic",10,"Hymenoptera"
"5_Marini_UNIPD02 H_2019",9,16,56.25,"Phylogenetic",10,"Hymenoptera"
"5_Marini_UNIPD02 I_2019",6,10,60,"Phylogenetic",10,"Hymenoptera"
"5_Marini_UNIPD02 K_2019",14,22,63.6363636363636,"Phylogenetic",10,"Hymenoptera"
"5_Marini_UNIPD02 L_2019",7,7,100,"Phylogenetic",10,"Hymenoptera"
"5_Marini_UNIPD02 M_2019",5,15,33.3333333333333,"Phylogenetic",10,"Hymenoptera"
"5_Marini_UNIPD02 N_2019",4,6,66.6666666666667,"Phylogenetic",10,"Hymenoptera"
"5_Marini_UNIPD02 O_2019",3,7,42.8571428571429,"Phylogenetic",10,"Hymenoptera"
"5_Marini_UNIPD02 P_2019",3,7,42.8571428571429,"Phylogenetic",10,"Hymenoptera"
"5_Marini_UNIPD02 Q_2019",11,12,91.6666666666667,"Phylogenetic",10,"Hymenoptera"
"5_Marini_UNIPD02 S_2019",8,20,40,"Phylogenetic",10,"Hymenoptera"
"5_Marini_UNIPD02 T_2019",6,9,66.6666666666667,"Phylogenetic",10,"Hymenoptera"
"5_Marini_UNIPD02 U_2019",6,13,46.1538461538462,"Phylogenetic",10,"Hymenoptera"
"5_Marini_UNIPD02 V_2019",10,17,58.8235294117647,"Phylogenetic",10,"Hymenoptera"
"5_Marini_UNIPD02 W_2019",7,23,30.4347826086957,"Phylogenetic",10,"Hymenoptera"
"5_Marini_UNIPD02 X_2019",7,16,43.75,"Phylogenetic",10,"Hymenoptera"
"5_Marini_UNIPD02 Y_2019",9,17,52.9411764705882,"Phylogenetic",10,"Hymenoptera"
"5_Marini_UNIPD02 Z_2019",11,18,61.1111111111111,"Phylogenetic",10,"Hymenoptera"
"6_Marini_UNIPD03 CD13_2020",18,20,90,"Phylogenetic",10,"Hymenoptera"
"6_Marini_UNIPD03 CD14_2020",18,22,81.8181818181818,"Phylogenetic",10,"Hymenoptera"
"6_Marini_UNIPD03 CD15_2020",23,30,76.6666666666667,"Phylogenetic",10,"Hymenoptera"
"6_Marini_UNIPD03 CD16_2020",27,43,62.7906976744186,"Phylogenetic",10,"Hymenoptera"
"6_Marini_UNIPD03 CD17_2020",23,40,57.5,"Phylogenetic",10,"Hymenoptera"
"6_Marini_UNIPD03 CD20_2020",30,32,93.75,"Phylogenetic",10,"Hymenoptera"
"6_Marini_UNIPD03 CD22_2020",12,15,80,"Phylogenetic",10,"Hymenoptera"
"6_Marini_UNIPD03 CD23_2020",14,24,58.3333333333333,"Phylogenetic",10,"Hymenoptera"
"6_Marini_UNIPD03 CD26_2020",14,20,70,"Phylogenetic",10,"Hymenoptera"
"6_Marini_UNIPD03 CD27_2020",19,25,76,"Phylogenetic",10,"Hymenoptera"
"6_Marini_UNIPD03 CD28_2020",19,26,73.0769230769231,"Phylogenetic",10,"Hymenoptera"
"6_Marini_UNIPD03 CD29_2020",16,22,72.7272727272727,"Phylogenetic",10,"Hymenoptera"
"6_Marini_UNIPD03 CD2_2020",18,19,94.7368421052632,"Phylogenetic",10,"Hymenoptera"
"6_Marini_UNIPD03 CD34_2020",32,36,88.8888888888889,"Phylogenetic",10,"Hymenoptera"
"6_Marini_UNIPD03 D11_2020",18,22,81.8181818181818,"Phylogenetic",10,"Hymenoptera"
"6_Marini_UNIPD03 D24_2020",16,20,80,"Phylogenetic",10,"Hymenoptera"
"6_Marini_UNIPD03 D28_2020",9,21,42.8571428571429,"Phylogenetic",10,"Hymenoptera"
"6_Marini_UNIPD03 D29_2020",21,23,91.304347826087,"Phylogenetic",10,"Hymenoptera"
"6_Marini_UNIPD03 D34_2020",26,30,86.6666666666667,"Phylogenetic",10,"Hymenoptera"
"6_Marini_UNIPD03 D35_2020",16,18,88.8888888888889,"Phylogenetic",10,"Hymenoptera"
"6_Marini_UNIPD03 D5_2020",20,23,86.9565217391304,"Phylogenetic",10,"Hymenoptera"
"6_Marini_UNIPD03 E14_2020",15,21,71.4285714285714,"Phylogenetic",10,"Hymenoptera"
"6_Marini_UNIPD03 E19_2020",11,16,68.75,"Phylogenetic",10,"Hymenoptera"
"6_Marini_UNIPD03 E25_2020",10,13,76.9230769230769,"Phylogenetic",10,"Hymenoptera"
"6_Marini_UNIPD03 E26_2020",22,30,73.3333333333333,"Phylogenetic",10,"Hymenoptera"
"6_Marini_UNIPD03 E31_2020",16,16,100,"Phylogenetic",10,"Hymenoptera"
"6_Marini_UNIPD03 E33_2020",26,30,86.6666666666667,"Phylogenetic",10,"Hymenoptera"
"6_Marini_UNIPD03 E35_2020",23,25,92,"Phylogenetic",10,"Hymenoptera"
"6_Marini_UNIPD03 E36_2020",32,32,100,"Phylogenetic",10,"Hymenoptera"
"7_Scheper_Chize_10_Field_boundary_2015",5,19,26.3157894736842,"Phylogenetic",10,"Hymenoptera"
"7_Scheper_Chize_12_Field_boundary_2015",15,30,50,"Phylogenetic",10,"Hymenoptera"
"7_Scheper_Chize_14_Field_boundary_2015",0,34,0,"Phylogenetic",10,"Hymenoptera"
"7_Scheper_Chize_19_Field_boundary_2015",0,20,0,"Phylogenetic",10,"Hymenoptera"
"7_Scheper_Chize_1_Field_boundary_2015",11,18,61.1111111111111,"Phylogenetic",10,"Hymenoptera"
"7_Scheper_Chize_1_Grassland_2015",5,20,25,"Phylogenetic",10,"Hymenoptera"
"7_Scheper_Chize_25_Field_boundary_2015",3,20,15,"Phylogenetic",10,"Hymenoptera"
"7_Scheper_Chize_4_Field_boundary_2015",6,17,35.2941176470588,"Phylogenetic",10,"Hymenoptera"
"7_Scheper_Chize_5_Field_boundary_2015",6,16,37.5,"Phylogenetic",10,"Hymenoptera"
"7_Scheper_Chize_6_Field_boundary_2015",17,27,62.962962962963,"Phylogenetic",10,"Hymenoptera"
"11_Clough_ASK_2021_2021",5,11,45.4545454545455,"Phylogenetic",5,"Hymenoptera"
"11_Clough_HAM_2021_2021",1,10,10,"Phylogenetic",5,"Hymenoptera"
"11_Clough_KOM_2021_2021",1,11,9.09090909090909,"Phylogenetic",5,"Hymenoptera"
"11_Clough_LOB_2021_2021",4,6,66.6666666666667,"Phylogenetic",5,"Hymenoptera"
"11_Clough_PET_2021_2021",1,18,5.55555555555556,"Phylogenetic",5,"Hymenoptera"
"11_Clough_TAG_2021_2021",2,12,16.6666666666667,"Phylogenetic",5,"Hymenoptera"
"12_Ockinger_Norrang_Ryckelsby_Og",0,6,0,"Phylogenetic",5,"Hymenoptera"
"12_Ockinger_Sattra_Og",0,4,0,"Phylogenetic",5,"Hymenoptera"
"12_Ockinger_St_Tadinge",0,13,0,"Phylogenetic",5,"Hymenoptera"
"12_Ockinger_Tjalinge_Skogstibble",2,12,16.6666666666667,"Phylogenetic",5,"Hymenoptera"
"20_Hoiss_H5_2010",1,17,5.88235294117647,"Phylogenetic",5,"Hymenoptera"
"20_Hoiss_H6_2010",0,5,0,"Phylogenetic",5,"Hymenoptera"
"20_Hoiss_H7_2010",0,4,0,"Phylogenetic",5,"Hymenoptera"
"20_Hoiss_HO1_2010",1,16,6.25,"Phylogenetic",5,"Hymenoptera"
"20_Hoiss_HO5_2010",0,11,0,"Phylogenetic",5,"Hymenoptera"
"20_Hoiss_T4_2010",2,20,10,"Phylogenetic",5,"Hymenoptera"
"22_Kallnik_h1_2012",0,11,0,"Phylogenetic",5,"Hymenoptera"
"22_Kallnik_h2_2011",2,11,18.1818181818182,"Phylogenetic",5,"Hymenoptera"
"22_Kallnik_h3_2011",1,10,10,"Phylogenetic",5,"Hymenoptera"
"22_Kallnik_h4_2010",0,10,0,"Phylogenetic",5,"Hymenoptera"
"22_Kallnik_h4_2011",3,10,30,"Phylogenetic",5,"Hymenoptera"
"22_Kallnik_h5_2011",5,11,45.4545454545455,"Phylogenetic",5,"Hymenoptera"
"22_Kallnik_h5_2012",4,11,36.3636363636364,"Phylogenetic",5,"Hymenoptera"
"22_Kallnik_h6_2011",0,10,0,"Phylogenetic",5,"Hymenoptera"
"22_Kallnik_h7_2011",1,10,10,"Phylogenetic",5,"Hymenoptera"
"22_Kallnik_ho2_2011",3,10,30,"Phylogenetic",5,"Hymenoptera"
"22_Kallnik_ho3_2011",2,12,16.6666666666667,"Phylogenetic",5,"Hymenoptera"
"22_Kallnik_ho3_2012",3,10,30,"Phylogenetic",5,"Hymenoptera"
"22_Kallnik_ho4_2010",0,10,0,"Phylogenetic",5,"Hymenoptera"
"22_Kallnik_ho4_2011",11,13,84.6153846153846,"Phylogenetic",5,"Hymenoptera"
"22_Kallnik_ho4_2012",3,12,25,"Phylogenetic",5,"Hymenoptera"
"22_Kallnik_ho5_2011",0,12,0,"Phylogenetic",5,"Hymenoptera"
"22_Kallnik_wma3_2011",3,10,30,"Phylogenetic",5,"Hymenoptera"
"22_Kallnik_wma3_2012",2,10,20,"Phylogenetic",5,"Hymenoptera"
"22_Kallnik_wma4_2011",0,11,0,"Phylogenetic",5,"Hymenoptera"
"22_Kallnik_wma5_2011",0,10,0,"Phylogenetic",5,"Hymenoptera"
"22_Kallnik_wmb1_2012",4,11,36.3636363636364,"Phylogenetic",5,"Hymenoptera"
"22_Kallnik_wmb2_2011",2,12,16.6666666666667,"Phylogenetic",5,"Hymenoptera"
"22_Kallnik_wmb2_2012",0,11,0,"Phylogenetic",5,"Hymenoptera"
"22_Kallnik_wmb3_2011",2,10,20,"Phylogenetic",5,"Hymenoptera"
"22_Kallnik_wmb3_2012",2,10,20,"Phylogenetic",5,"Hymenoptera"
"22_Kallnik_wmb4_2010",0,12,0,"Phylogenetic",5,"Hymenoptera"
"22_Kallnik_wmb4_2011",0,13,0,"Phylogenetic",5,"Hymenoptera"
"22_Kallnik_wmb4_2012",1,11,9.09090909090909,"Phylogenetic",5,"Hymenoptera"
"22_Kallnik_wmb5_2010",3,11,27.2727272727273,"Phylogenetic",5,"Hymenoptera"
"22_Kallnik_wmb5_2011",0,11,0,"Phylogenetic",5,"Hymenoptera"
"22_Kallnik_wmb5_2012",0,11,0,"Phylogenetic",5,"Hymenoptera"
"28_Sutter_10_2013",1,14,7.14285714285714,"Phylogenetic",5,"Hymenoptera"
"28_Sutter_11_2013",3,12,25,"Phylogenetic",5,"Hymenoptera"
"28_Sutter_12_2013",4,11,36.3636363636364,"Phylogenetic",5,"Hymenoptera"
"28_Sutter_13_2013",0,11,0,"Phylogenetic",5,"Hymenoptera"
"28_Sutter_13_2014",6,9,66.6666666666667,"Phylogenetic",5,"Hymenoptera"
"28_Sutter_14_2013",3,10,30,"Phylogenetic",5,"Hymenoptera"
"28_Sutter_17_2013",2,15,13.3333333333333,"Phylogenetic",5,"Hymenoptera"
"28_Sutter_19_2013",6,18,33.3333333333333,"Phylogenetic",5,"Hymenoptera"
"28_Sutter_1_2013",5,12,41.6666666666667,"Phylogenetic",5,"Hymenoptera"
"28_Sutter_20_2013",2,13,15.3846153846154,"Phylogenetic",5,"Hymenoptera"
"28_Sutter_21_2013",2,14,14.2857142857143,"Phylogenetic",5,"Hymenoptera"
"28_Sutter_2_2013",9,13,69.2307692307692,"Phylogenetic",5,"Hymenoptera"
"28_Sutter_3_2013",9,19,47.3684210526316,"Phylogenetic",5,"Hymenoptera"
"28_Sutter_5_2013",3,21,14.2857142857143,"Phylogenetic",5,"Hymenoptera"
"28_Sutter_8_2013",0,15,0,"Phylogenetic",5,"Hymenoptera"
"28_Sutter_8_2014",3,17,17.6470588235294,"Phylogenetic",5,"Hymenoptera"
"29_Magrach_Gibraleon_2011",8,20,40,"Phylogenetic",5,"Hymenoptera"
"29_Magrach_Gravera_2011",3,22,13.6363636363636,"Phylogenetic",5,"Hymenoptera"
"29_Magrach_Niebla_2011",1,22,4.54545454545455,"Phylogenetic",5,"Hymenoptera"
"29_Magrach_Niebla_2012",7,24,29.1666666666667,"Phylogenetic",5,"Hymenoptera"
"29_Magrach_Villablanca_2011",3,16,18.75,"Phylogenetic",5,"Hymenoptera"
"2_Petanidou_Armolia_2015",0,46,0,"Phylogenetic",5,"Hymenoptera"
"2_Petanidou_Emborios_2015",29,58,50,"Phylogenetic",5,"Hymenoptera"
"2_Petanidou_Gridia_2015",13,54,24.0740740740741,"Phylogenetic",5,"Hymenoptera"
"2_Petanidou_Kato Fana_2015",5,40,12.5,"Phylogenetic",5,"Hymenoptera"
"2_Petanidou_Palios Katarraktis_2015",7,48,14.5833333333333,"Phylogenetic",5,"Hymenoptera"
"2_Petanidou_Vessa 2_2015",17,67,25.3731343283582,"Phylogenetic",5,"Hymenoptera"
"30_Smith_lsk48_2012",4,11,36.3636363636364,"Phylogenetic",5,"Hymenoptera"
"30_Smith_lsk57_2011",0,10,0,"Phylogenetic",5,"Hymenoptera"
"30_Smith_lsk73_2012",2,7,28.5714285714286,"Phylogenetic",5,"Hymenoptera"
"30_Smith_lsk74_2012",4,14,28.5714285714286,"Phylogenetic",5,"Hymenoptera"
"30_Smith_lsk77_2011",5,13,38.4615384615385,"Phylogenetic",5,"Hymenoptera"
"30_Smith_lsk77_2012",1,12,8.33333333333333,"Phylogenetic",5,"Hymenoptera"
"31_Roberts_Hunt_2013",1,11,9.09090909090909,"Phylogenetic",5,"Hymenoptera"
"31_Roberts_Jefferies_2013",0,9,0,"Phylogenetic",5,"Hymenoptera"
"31_Roberts_Livingstone_far_2012",0,9,0,"Phylogenetic",5,"Hymenoptera"
"31_Roberts_Livingstone_house_2012",0,10,0,"Phylogenetic",5,"Hymenoptera"
"31_Roberts_Mearns_2013",0,15,0,"Phylogenetic",5,"Hymenoptera"
"31_Roberts_White_left_2012",5,15,33.3333333333333,"Phylogenetic",5,"Hymenoptera"
"36_Larkin_Barracks.Lyan.Co.Clare_13.2017_GS1",2,5,40,"Phylogenetic",5,"Hymenoptera"
"36_Larkin_Glencolumbkille.South.Carron.Co.Clare_20.2017_GS1",3,8,37.5,"Phylogenetic",5,"Hymenoptera"
"37_White_An",6,11,54.5454545454545,"Phylogenetic",5,"Hymenoptera"
"37_White_Bl",3,7,42.8571428571429,"Phylogenetic",5,"Hymenoptera"
"37_White_Bn",3,12,25,"Phylogenetic",5,"Hymenoptera"
"37_White_CW",1,10,10,"Phylogenetic",5,"Hymenoptera"
"37_White_Ce",3,7,42.8571428571429,"Phylogenetic",5,"Hymenoptera"
"37_White_Cn",2,13,15.3846153846154,"Phylogenetic",5,"Hymenoptera"
"37_White_ED",3,8,37.5,"Phylogenetic",5,"Hymenoptera"
"37_White_Fs",7,8,87.5,"Phylogenetic",5,"Hymenoptera"
"37_White_JK",5,11,45.4545454545455,"Phylogenetic",5,"Hymenoptera"
"37_White_Kr",3,8,37.5,"Phylogenetic",5,"Hymenoptera"
"37_White_ND",6,8,75,"Phylogenetic",5,"Hymenoptera"
"37_White_NG",1,9,11.1111111111111,"Phylogenetic",5,"Hymenoptera"
"37_White_Pn",5,9,55.5555555555556,"Phylogenetic",5,"Hymenoptera"
"37_White_WD",3,10,30,"Phylogenetic",5,"Hymenoptera"
"38_Maurer_A1",1,20,5,"Phylogenetic",5,"Hymenoptera"
"38_Maurer_A2",3,29,10.3448275862069,"Phylogenetic",5,"Hymenoptera"
"38_Maurer_A3",2,22,9.09090909090909,"Phylogenetic",5,"Hymenoptera"
"38_Maurer_A4",5,21,23.8095238095238,"Phylogenetic",5,"Hymenoptera"
"38_Maurer_R1",3,31,9.67741935483871,"Phylogenetic",5,"Hymenoptera"
"38_Maurer_R2",8,37,21.6216216216216,"Phylogenetic",5,"Hymenoptera"
"38_Maurer_R3",6,41,14.6341463414634,"Phylogenetic",5,"Hymenoptera"
"38_Maurer_R4",1,30,3.33333333333333,"Phylogenetic",5,"Hymenoptera"
"38_Maurer_U2",2,49,4.08163265306122,"Phylogenetic",5,"Hymenoptera"
"38_Maurer_U3",1,39,2.56410256410256,"Phylogenetic",5,"Hymenoptera"
"39_Schweiger_I1_ruderal_1_2021",5,16,31.25,"Phylogenetic",5,"Hymenoptera"
"39_Schweiger_I2_semi.natural.grass_5_2021",14,25,56,"Phylogenetic",5,"Hymenoptera"
"39_Schweiger_I2_woodland.scrub_1_2021",1,19,5.26315789473684,"Phylogenetic",5,"Hymenoptera"
"39_Schweiger_I4_woodland.scrub_3_2021",6,17,35.2941176470588,"Phylogenetic",5,"Hymenoptera"
"39_Schweiger_R1_semi.natural.grass_4_2021",7,20,35,"Phylogenetic",5,"Hymenoptera"
"39_Schweiger_R4_semi.natural.grass_2_2021",11,17,64.7058823529412,"Phylogenetic",5,"Hymenoptera"
"40_Knight_Ghe_ari_2017",9,41,21.9512195121951,"Phylogenetic",5,"Hymenoptera"
"41_Knight_1 wooded meadow_2018",3,14,21.4285714285714,"Phylogenetic",5,"Hymenoptera"
"41_Knight_2 alvar pasture_2018",2,7,28.5714285714286,"Phylogenetic",5,"Hymenoptera"
"41_Knight_3 alvar pasture_2018",4,13,30.7692307692308,"Phylogenetic",5,"Hymenoptera"
"41_Knight_4 wooded meadow_2018",10,10,100,"Phylogenetic",5,"Hymenoptera"
"41_Knight_5 wooded meadow_2018",2,14,14.2857142857143,"Phylogenetic",5,"Hymenoptera"
"41_Knight_6 alvar pasture_2018",1,11,9.09090909090909,"Phylogenetic",5,"Hymenoptera"
"42_Knight_M1Restored_2019",4,13,30.7692307692308,"Phylogenetic",5,"Hymenoptera"
"42_Knight_M2Natural_2019",2,7,28.5714285714286,"Phylogenetic",5,"Hymenoptera"
"42_Knight_M3Natural_2019",2,4,50,"Phylogenetic",5,"Hymenoptera"
"42_Knight_M4Restored_2019",0,5,0,"Phylogenetic",5,"Hymenoptera"
"42_Knight_M5Restored_2019",1,6,16.6666666666667,"Phylogenetic",5,"Hymenoptera"
"42_Knight_M6Natural_2019",5,14,35.7142857142857,"Phylogenetic",5,"Hymenoptera"
"42_Knight_M8Restored_2019",1,5,20,"Phylogenetic",5,"Hymenoptera"
"44_Knight_M11_2018",10,25,40,"Phylogenetic",5,"Hymenoptera"
"44_Knight_M12_2018",4,23,17.3913043478261,"Phylogenetic",5,"Hymenoptera"
"44_Knight_M13_2018",2,4,50,"Phylogenetic",5,"Hymenoptera"
"44_Knight_M15_2018",14,22,63.6363636363636,"Phylogenetic",5,"Hymenoptera"
"44_Knight_M16_2018",5,18,27.7777777777778,"Phylogenetic",5,"Hymenoptera"
"44_Knight_M17_2018",2,21,9.52380952380952,"Phylogenetic",5,"Hymenoptera"
"44_Knight_M18_2018",5,23,21.7391304347826,"Phylogenetic",5,"Hymenoptera"
"44_Knight_M1_2018",10,17,58.8235294117647,"Phylogenetic",5,"Hymenoptera"
"44_Knight_M3_2018",7,40,17.5,"Phylogenetic",5,"Hymenoptera"
"44_Knight_M4_2018",8,26,30.7692307692308,"Phylogenetic",5,"Hymenoptera"
"44_Knight_M6_2018",0,22,0,"Phylogenetic",5,"Hymenoptera"
"44_Knight_M8_2018",9,20,45,"Phylogenetic",5,"Hymenoptera"
"45_Knight_Hermanovice_meadow_2018",5,11,45.4545454545455,"Phylogenetic",5,"Hymenoptera"
"45_Knight_HorniGrunt_meadow_2018",3,5,60,"Phylogenetic",5,"Hymenoptera"
"45_Knight_Mnichov_meadow_2018",8,11,72.7272727272727,"Phylogenetic",5,"Hymenoptera"
"46_Knight_Gora_Gipsowa_2018",2,11,18.1818181818182,"Phylogenetic",5,"Hymenoptera"
"47_Benadi_1",8,26,30.7692307692308,"Phylogenetic",5,"Hymenoptera"
"47_Benadi_2",2,22,9.09090909090909,"Phylogenetic",5,"Hymenoptera"
"47_Benadi_3",9,22,40.9090909090909,"Phylogenetic",5,"Hymenoptera"
"47_Benadi_4",4,13,30.7692307692308,"Phylogenetic",5,"Hymenoptera"
"47_Benadi_5",1,18,5.55555555555556,"Phylogenetic",5,"Hymenoptera"
"47_Benadi_6",1,16,6.25,"Phylogenetic",5,"Hymenoptera"
"4_Marini_UNIPD01 A_2018",6,43,13.953488372093,"Phylogenetic",5,"Hymenoptera"
"4_Marini_UNIPD01 An_2018",10,32,31.25,"Phylogenetic",5,"Hymenoptera"
"4_Marini_UNIPD01 B_2018",5,34,14.7058823529412,"Phylogenetic",5,"Hymenoptera"
"4_Marini_UNIPD01 Bn_2018",10,51,19.6078431372549,"Phylogenetic",5,"Hymenoptera"
"4_Marini_UNIPD01 C_2018",10,30,33.3333333333333,"Phylogenetic",5,"Hymenoptera"
"4_Marini_UNIPD01 Cn_2018",3,27,11.1111111111111,"Phylogenetic",5,"Hymenoptera"
"4_Marini_UNIPD01 E_2018",3,32,9.375,"Phylogenetic",5,"Hymenoptera"
"4_Marini_UNIPD01 En_2018",1,29,3.44827586206897,"Phylogenetic",5,"Hymenoptera"
"4_Marini_UNIPD01 F_2018",3,14,21.4285714285714,"Phylogenetic",5,"Hymenoptera"
"4_Marini_UNIPD01 Fn_2018",6,22,27.2727272727273,"Phylogenetic",5,"Hymenoptera"
"4_Marini_UNIPD01 G_2018",7,32,21.875,"Phylogenetic",5,"Hymenoptera"
"4_Marini_UNIPD01 Gn_2018",11,27,40.7407407407407,"Phylogenetic",5,"Hymenoptera"
"4_Marini_UNIPD01 H_2018",3,34,8.82352941176471,"Phylogenetic",5,"Hymenoptera"
"4_Marini_UNIPD01 Hn_2018",5,26,19.2307692307692,"Phylogenetic",5,"Hymenoptera"
"4_Marini_UNIPD01 I_2018",8,33,24.2424242424242,"Phylogenetic",5,"Hymenoptera"
"4_Marini_UNIPD01 In_2018",18,58,31.0344827586207,"Phylogenetic",5,"Hymenoptera"
"50_Hervias-Parejo_Cala Tirant_2021",17,33,51.5151515151515,"Phylogenetic",5,"Hymenoptera"
"50_Hervias-Parejo_Llucalari_2021",12,28,42.8571428571429,"Phylogenetic",5,"Hymenoptera"
"50_Hervias-Parejo_Sa Bassa_2021",7,32,21.875,"Phylogenetic",5,"Hymenoptera"
"50_Hervias-Parejo_Salinas_2021",14,33,42.4242424242424,"Phylogenetic",5,"Hymenoptera"
"50_Hervias-Parejo_Torre Fornells_2021",7,34,20.5882352941176,"Phylogenetic",5,"Hymenoptera"
"50_Hervias-Parejo_coast Son Bou_2021",13,22,59.0909090909091,"Phylogenetic",5,"Hymenoptera"
"51_Petanidou_Pyrgos_2013",6,38,15.7894736842105,"Phylogenetic",5,"Hymenoptera"
"51_Petanidou_Sigri 3_2012",7,38,18.4210526315789,"Phylogenetic",5,"Hymenoptera"
"54_Lazaro_AloeVera_2018_2018",9,14,64.2857142857143,"Phylogenetic",5,"Hymenoptera"
"54_Lazaro_SonBaco_2018_2018",15,21,71.4285714285714,"Phylogenetic",5,"Hymenoptera"
"54_Lazaro_SonMutNou_2018_2018",10,19,52.6315789473684,"Phylogenetic",5,"Hymenoptera"
"54_Lazaro_UIB_2018_2018",9,31,29.0322580645161,"Phylogenetic",5,"Hymenoptera"
"5_Marini_UNIPD02 AA_2019",8,14,57.1428571428571,"Phylogenetic",5,"Hymenoptera"
"5_Marini_UNIPD02 AB_2019",1,3,33.3333333333333,"Phylogenetic",5,"Hymenoptera"
"5_Marini_UNIPD02 AC_2019",2,6,33.3333333333333,"Phylogenetic",5,"Hymenoptera"
"5_Marini_UNIPD02 AD_2019",3,6,50,"Phylogenetic",5,"Hymenoptera"
"5_Marini_UNIPD02 AE_2019",5,14,35.7142857142857,"Phylogenetic",5,"Hymenoptera"
"5_Marini_UNIPD02 AF_2019",5,10,50,"Phylogenetic",5,"Hymenoptera"
"5_Marini_UNIPD02 AG_2019",2,17,11.7647058823529,"Phylogenetic",5,"Hymenoptera"
"5_Marini_UNIPD02 AH_2019",2,14,14.2857142857143,"Phylogenetic",5,"Hymenoptera"
"5_Marini_UNIPD02 AI_2019",1,9,11.1111111111111,"Phylogenetic",5,"Hymenoptera"
"5_Marini_UNIPD02 AJ_2019",7,17,41.1764705882353,"Phylogenetic",5,"Hymenoptera"
"5_Marini_UNIPD02 AK_2019",4,9,44.4444444444444,"Phylogenetic",5,"Hymenoptera"
"5_Marini_UNIPD02 AL_2019",2,15,13.3333333333333,"Phylogenetic",5,"Hymenoptera"
"5_Marini_UNIPD02 AM_2019",1,16,6.25,"Phylogenetic",5,"Hymenoptera"
"5_Marini_UNIPD02 AN_2019",4,9,44.4444444444444,"Phylogenetic",5,"Hymenoptera"
"5_Marini_UNIPD02 AO_2019",5,9,55.5555555555556,"Phylogenetic",5,"Hymenoptera"
"5_Marini_UNIPD02 AP_2019",1,7,14.2857142857143,"Phylogenetic",5,"Hymenoptera"
"5_Marini_UNIPD02 AQ_2019",6,9,66.6666666666667,"Phylogenetic",5,"Hymenoptera"
"5_Marini_UNIPD02 AS_2019",10,14,71.4285714285714,"Phylogenetic",5,"Hymenoptera"
"5_Marini_UNIPD02 AT_2019",2,15,13.3333333333333,"Phylogenetic",5,"Hymenoptera"
"5_Marini_UNIPD02 AV_2019",5,5,100,"Phylogenetic",5,"Hymenoptera"
"5_Marini_UNIPD02 A_2019",9,25,36,"Phylogenetic",5,"Hymenoptera"
"5_Marini_UNIPD02 B_2019",9,22,40.9090909090909,"Phylogenetic",5,"Hymenoptera"
"5_Marini_UNIPD02 C_2019",3,20,15,"Phylogenetic",5,"Hymenoptera"
"5_Marini_UNIPD02 D_2019",4,11,36.3636363636364,"Phylogenetic",5,"Hymenoptera"
"5_Marini_UNIPD02 E_2019",6,19,31.5789473684211,"Phylogenetic",5,"Hymenoptera"
"5_Marini_UNIPD02 G_2019",2,15,13.3333333333333,"Phylogenetic",5,"Hymenoptera"
"5_Marini_UNIPD02 H_2019",3,16,18.75,"Phylogenetic",5,"Hymenoptera"
"5_Marini_UNIPD02 I_2019",6,10,60,"Phylogenetic",5,"Hymenoptera"
"5_Marini_UNIPD02 K_2019",5,22,22.7272727272727,"Phylogenetic",5,"Hymenoptera"
"5_Marini_UNIPD02 L_2019",2,7,28.5714285714286,"Phylogenetic",5,"Hymenoptera"
"5_Marini_UNIPD02 M_2019",1,15,6.66666666666667,"Phylogenetic",5,"Hymenoptera"
"5_Marini_UNIPD02 N_2019",2,6,33.3333333333333,"Phylogenetic",5,"Hymenoptera"
"5_Marini_UNIPD02 O_2019",3,7,42.8571428571429,"Phylogenetic",5,"Hymenoptera"
"5_Marini_UNIPD02 P_2019",2,7,28.5714285714286,"Phylogenetic",5,"Hymenoptera"
"5_Marini_UNIPD02 Q_2019",8,12,66.6666666666667,"Phylogenetic",5,"Hymenoptera"
"5_Marini_UNIPD02 S_2019",2,20,10,"Phylogenetic",5,"Hymenoptera"
"5_Marini_UNIPD02 T_2019",3,9,33.3333333333333,"Phylogenetic",5,"Hymenoptera"
"5_Marini_UNIPD02 U_2019",2,13,15.3846153846154,"Phylogenetic",5,"Hymenoptera"
"5_Marini_UNIPD02 V_2019",5,17,29.4117647058824,"Phylogenetic",5,"Hymenoptera"
"5_Marini_UNIPD02 W_2019",4,23,17.3913043478261,"Phylogenetic",5,"Hymenoptera"
"5_Marini_UNIPD02 X_2019",2,16,12.5,"Phylogenetic",5,"Hymenoptera"
"5_Marini_UNIPD02 Y_2019",5,17,29.4117647058824,"Phylogenetic",5,"Hymenoptera"
"5_Marini_UNIPD02 Z_2019",10,18,55.5555555555556,"Phylogenetic",5,"Hymenoptera"
"6_Marini_UNIPD03 CD13_2020",15,20,75,"Phylogenetic",5,"Hymenoptera"
"6_Marini_UNIPD03 CD14_2020",5,22,22.7272727272727,"Phylogenetic",5,"Hymenoptera"
"6_Marini_UNIPD03 CD15_2020",11,30,36.6666666666667,"Phylogenetic",5,"Hymenoptera"
"6_Marini_UNIPD03 CD16_2020",15,43,34.8837209302326,"Phylogenetic",5,"Hymenoptera"
"6_Marini_UNIPD03 CD17_2020",14,40,35,"Phylogenetic",5,"Hymenoptera"
"6_Marini_UNIPD03 CD20_2020",8,32,25,"Phylogenetic",5,"Hymenoptera"
"6_Marini_UNIPD03 CD22_2020",8,15,53.3333333333333,"Phylogenetic",5,"Hymenoptera"
"6_Marini_UNIPD03 CD23_2020",4,24,16.6666666666667,"Phylogenetic",5,"Hymenoptera"
"6_Marini_UNIPD03 CD26_2020",2,20,10,"Phylogenetic",5,"Hymenoptera"
"6_Marini_UNIPD03 CD27_2020",8,25,32,"Phylogenetic",5,"Hymenoptera"
"6_Marini_UNIPD03 CD28_2020",10,26,38.4615384615385,"Phylogenetic",5,"Hymenoptera"
"6_Marini_UNIPD03 CD29_2020",6,22,27.2727272727273,"Phylogenetic",5,"Hymenoptera"
"6_Marini_UNIPD03 CD2_2020",9,19,47.3684210526316,"Phylogenetic",5,"Hymenoptera"
"6_Marini_UNIPD03 CD34_2020",18,36,50,"Phylogenetic",5,"Hymenoptera"
"6_Marini_UNIPD03 D11_2020",12,22,54.5454545454545,"Phylogenetic",5,"Hymenoptera"
"6_Marini_UNIPD03 D17_2020",16,20,80,"Phylogenetic",5,"Hymenoptera"
"6_Marini_UNIPD03 D21_2020",7,18,38.8888888888889,"Phylogenetic",5,"Hymenoptera"
"6_Marini_UNIPD03 D24_2020",8,20,40,"Phylogenetic",5,"Hymenoptera"
"6_Marini_UNIPD03 D28_2020",4,21,19.047619047619,"Phylogenetic",5,"Hymenoptera"
"6_Marini_UNIPD03 D29_2020",14,23,60.8695652173913,"Phylogenetic",5,"Hymenoptera"
"6_Marini_UNIPD03 D34_2020",14,30,46.6666666666667,"Phylogenetic",5,"Hymenoptera"
"6_Marini_UNIPD03 D35_2020",7,18,38.8888888888889,"Phylogenetic",5,"Hymenoptera"
"6_Marini_UNIPD03 D5_2020",11,23,47.8260869565217,"Phylogenetic",5,"Hymenoptera"
"6_Marini_UNIPD03 D8_2020",2,13,15.3846153846154,"Phylogenetic",5,"Hymenoptera"
"6_Marini_UNIPD03 E14_2020",7,21,33.3333333333333,"Phylogenetic",5,"Hymenoptera"
"6_Marini_UNIPD03 E19_2020",7,16,43.75,"Phylogenetic",5,"Hymenoptera"
"6_Marini_UNIPD03 E25_2020",6,13,46.1538461538462,"Phylogenetic",5,"Hymenoptera"
"6_Marini_UNIPD03 E26_2020",15,30,50,"Phylogenetic",5,"Hymenoptera"
"6_Marini_UNIPD03 E31_2020",10,16,62.5,"Phylogenetic",5,"Hymenoptera"
"6_Marini_UNIPD03 E32_2020",8,14,57.1428571428571,"Phylogenetic",5,"Hymenoptera"
"6_Marini_UNIPD03 E33_2020",19,30,63.3333333333333,"Phylogenetic",5,"Hymenoptera"
"6_Marini_UNIPD03 E35_2020",15,25,60,"Phylogenetic",5,"Hymenoptera"
"6_Marini_UNIPD03 E36_2020",21,32,65.625,"Phylogenetic",5,"Hymenoptera"
"7_Scheper_Chize_10_Field_boundary_2015",0,19,0,"Phylogenetic",5,"Hymenoptera"
"7_Scheper_Chize_12_Field_boundary_2015",0,30,0,"Phylogenetic",5,"Hymenoptera"
"7_Scheper_Chize_14_Field_boundary_2015",0,34,0,"Phylogenetic",5,"Hymenoptera"
"7_Scheper_Chize_19_Field_boundary_2015",12,20,60,"Phylogenetic",5,"Hymenoptera"
"7_Scheper_Chize_1_Field_boundary_2015",0,18,0,"Phylogenetic",5,"Hymenoptera"
"7_Scheper_Chize_1_Grassland_2015",4,20,20,"Phylogenetic",5,"Hymenoptera"
"7_Scheper_Chize_25_Field_boundary_2015",2,20,10,"Phylogenetic",5,"Hymenoptera"
"7_Scheper_Chize_4_Field_boundary_2015",0,17,0,"Phylogenetic",5,"Hymenoptera"
"7_Scheper_Chize_5_Field_boundary_2015",1,16,6.25,"Phylogenetic",5,"Hymenoptera"
"7_Scheper_Chize_6_Field_boundary_2015",7,27,25.9259259259259,"Phylogenetic",5,"Hymenoptera"
"11_Clough_ASK_2021_2021",0,11,0,"Phylogenetic",3,"Hymenoptera"
"11_Clough_HAM_2021_2021",1,10,10,"Phylogenetic",3,"Hymenoptera"
"11_Clough_KOM_2021_2021",1,11,9.09090909090909,"Phylogenetic",3,"Hymenoptera"
"11_Clough_LOB_2021_2021",2,6,33.3333333333333,"Phylogenetic",3,"Hymenoptera"
"11_Clough_PET_2021_2021",0,18,0,"Phylogenetic",3,"Hymenoptera"
"11_Clough_TAG_2021_2021",0,12,0,"Phylogenetic",3,"Hymenoptera"
"12_Ockinger_Norrang_Ryckelsby_Og",0,6,0,"Phylogenetic",3,"Hymenoptera"
"12_Ockinger_Sattra_Og",0,4,0,"Phylogenetic",3,"Hymenoptera"
"12_Ockinger_St_Tadinge",2,13,15.3846153846154,"Phylogenetic",3,"Hymenoptera"
"12_Ockinger_Tjalinge_Skogstibble",1,12,8.33333333333333,"Phylogenetic",3,"Hymenoptera"
"20_Hoiss_H5_2010",1,17,5.88235294117647,"Phylogenetic",3,"Hymenoptera"
"20_Hoiss_H6_2010",0,5,0,"Phylogenetic",3,"Hymenoptera"
"20_Hoiss_H7_2010",0,4,0,"Phylogenetic",3,"Hymenoptera"
"20_Hoiss_HO1_2010",1,16,6.25,"Phylogenetic",3,"Hymenoptera"
"20_Hoiss_HO5_2010",0,11,0,"Phylogenetic",3,"Hymenoptera"
"20_Hoiss_T4_2010",1,20,5,"Phylogenetic",3,"Hymenoptera"
"22_Kallnik_h1_2012",2,11,18.1818181818182,"Phylogenetic",3,"Hymenoptera"
"22_Kallnik_h2_2011",2,11,18.1818181818182,"Phylogenetic",3,"Hymenoptera"
"22_Kallnik_h3_2011",1,10,10,"Phylogenetic",3,"Hymenoptera"
"22_Kallnik_h4_2010",0,10,0,"Phylogenetic",3,"Hymenoptera"
"22_Kallnik_h4_2011",0,10,0,"Phylogenetic",3,"Hymenoptera"
"22_Kallnik_h5_2011",0,11,0,"Phylogenetic",3,"Hymenoptera"
"22_Kallnik_h5_2012",0,11,0,"Phylogenetic",3,"Hymenoptera"
"22_Kallnik_h6_2011",1,10,10,"Phylogenetic",3,"Hymenoptera"
"22_Kallnik_h7_2011",1,10,10,"Phylogenetic",3,"Hymenoptera"
"22_Kallnik_ho2_2011",2,10,20,"Phylogenetic",3,"Hymenoptera"
"22_Kallnik_ho3_2011",1,12,8.33333333333333,"Phylogenetic",3,"Hymenoptera"
"22_Kallnik_ho3_2012",0,10,0,"Phylogenetic",3,"Hymenoptera"
"22_Kallnik_ho4_2010",0,10,0,"Phylogenetic",3,"Hymenoptera"
"22_Kallnik_ho4_2011",0,13,0,"Phylogenetic",3,"Hymenoptera"
"22_Kallnik_ho4_2012",0,12,0,"Phylogenetic",3,"Hymenoptera"
"22_Kallnik_ho5_2011",0,12,0,"Phylogenetic",3,"Hymenoptera"
"22_Kallnik_wma3_2011",2,10,20,"Phylogenetic",3,"Hymenoptera"
"22_Kallnik_wma3_2012",4,10,40,"Phylogenetic",3,"Hymenoptera"
"22_Kallnik_wma4_2011",4,11,36.3636363636364,"Phylogenetic",3,"Hymenoptera"
"22_Kallnik_wma5_2011",0,10,0,"Phylogenetic",3,"Hymenoptera"
"22_Kallnik_wmb1_2012",4,11,36.3636363636364,"Phylogenetic",3,"Hymenoptera"
"22_Kallnik_wmb2_2011",3,12,25,"Phylogenetic",3,"Hymenoptera"
"22_Kallnik_wmb2_2012",0,11,0,"Phylogenetic",3,"Hymenoptera"
"22_Kallnik_wmb3_2011",0,10,0,"Phylogenetic",3,"Hymenoptera"
"22_Kallnik_wmb3_2012",0,10,0,"Phylogenetic",3,"Hymenoptera"
"22_Kallnik_wmb4_2010",0,12,0,"Phylogenetic",3,"Hymenoptera"
"22_Kallnik_wmb4_2011",2,13,15.3846153846154,"Phylogenetic",3,"Hymenoptera"
"22_Kallnik_wmb4_2012",0,11,0,"Phylogenetic",3,"Hymenoptera"
"22_Kallnik_wmb5_2010",0,11,0,"Phylogenetic",3,"Hymenoptera"
"22_Kallnik_wmb5_2011",0,11,0,"Phylogenetic",3,"Hymenoptera"
"22_Kallnik_wmb5_2012",3,11,27.2727272727273,"Phylogenetic",3,"Hymenoptera"
"28_Sutter_10_2013",1,14,7.14285714285714,"Phylogenetic",3,"Hymenoptera"
"28_Sutter_11_2013",3,12,25,"Phylogenetic",3,"Hymenoptera"
"28_Sutter_12_2013",2,11,18.1818181818182,"Phylogenetic",3,"Hymenoptera"
"28_Sutter_13_2013",0,11,0,"Phylogenetic",3,"Hymenoptera"
"28_Sutter_13_2014",3,9,33.3333333333333,"Phylogenetic",3,"Hymenoptera"
"28_Sutter_14_2013",3,10,30,"Phylogenetic",3,"Hymenoptera"
"28_Sutter_17_2013",2,15,13.3333333333333,"Phylogenetic",3,"Hymenoptera"
"28_Sutter_19_2013",4,18,22.2222222222222,"Phylogenetic",3,"Hymenoptera"
"28_Sutter_1_2013",1,12,8.33333333333333,"Phylogenetic",3,"Hymenoptera"
"28_Sutter_20_2013",2,13,15.3846153846154,"Phylogenetic",3,"Hymenoptera"
"28_Sutter_21_2013",0,14,0,"Phylogenetic",3,"Hymenoptera"
"28_Sutter_2_2013",8,13,61.5384615384615,"Phylogenetic",3,"Hymenoptera"
"28_Sutter_3_2013",7,19,36.8421052631579,"Phylogenetic",3,"Hymenoptera"
"28_Sutter_5_2013",1,21,4.76190476190476,"Phylogenetic",3,"Hymenoptera"
"28_Sutter_8_2013",1,15,6.66666666666667,"Phylogenetic",3,"Hymenoptera"
"28_Sutter_8_2014",2,17,11.7647058823529,"Phylogenetic",3,"Hymenoptera"
"29_Magrach_Gibraleon_2011",7,20,35,"Phylogenetic",3,"Hymenoptera"
"29_Magrach_Gravera_2011",3,22,13.6363636363636,"Phylogenetic",3,"Hymenoptera"
"29_Magrach_Niebla_2011",0,22,0,"Phylogenetic",3,"Hymenoptera"
"29_Magrach_Niebla_2012",2,24,8.33333333333333,"Phylogenetic",3,"Hymenoptera"
"29_Magrach_Villablanca_2011",2,16,12.5,"Phylogenetic",3,"Hymenoptera"
"2_Petanidou_Armolia_2015",0,46,0,"Phylogenetic",3,"Hymenoptera"
"2_Petanidou_Emborios_2015",0,58,0,"Phylogenetic",3,"Hymenoptera"
"2_Petanidou_Gridia_2015",4,54,7.40740740740741,"Phylogenetic",3,"Hymenoptera"
"2_Petanidou_Kato Fana_2015",5,40,12.5,"Phylogenetic",3,"Hymenoptera"
"2_Petanidou_Palios Katarraktis_2015",0,48,0,"Phylogenetic",3,"Hymenoptera"
"2_Petanidou_Vessa 2_2015",17,67,25.3731343283582,"Phylogenetic",3,"Hymenoptera"
"30_Smith_lsk48_2012",1,11,9.09090909090909,"Phylogenetic",3,"Hymenoptera"
"30_Smith_lsk57_2011",0,10,0,"Phylogenetic",3,"Hymenoptera"
"30_Smith_lsk73_2012",1,7,14.2857142857143,"Phylogenetic",3,"Hymenoptera"
"30_Smith_lsk74_2012",2,14,14.2857142857143,"Phylogenetic",3,"Hymenoptera"
"30_Smith_lsk77_2011",1,13,7.69230769230769,"Phylogenetic",3,"Hymenoptera"
"30_Smith_lsk77_2012",1,12,8.33333333333333,"Phylogenetic",3,"Hymenoptera"
"31_Roberts_Hunt_2013",0,11,0,"Phylogenetic",3,"Hymenoptera"
"31_Roberts_Jefferies_2013",1,9,11.1111111111111,"Phylogenetic",3,"Hymenoptera"
"31_Roberts_Livingstone_far_2012",0,9,0,"Phylogenetic",3,"Hymenoptera"
"31_Roberts_Livingstone_house_2012",0,10,0,"Phylogenetic",3,"Hymenoptera"
"31_Roberts_Mearns_2013",0,15,0,"Phylogenetic",3,"Hymenoptera"
"31_Roberts_White_left_2012",5,15,33.3333333333333,"Phylogenetic",3,"Hymenoptera"
"36_Larkin_Barracks.Lyan.Co.Clare_13.2017_GS1",2,5,40,"Phylogenetic",3,"Hymenoptera"
"36_Larkin_Glencolumbkille.South.Carron.Co.Clare_20.2017_GS1",4,8,50,"Phylogenetic",3,"Hymenoptera"
"37_White_An",2,11,18.1818181818182,"Phylogenetic",3,"Hymenoptera"
"37_White_Bl",4,7,57.1428571428571,"Phylogenetic",3,"Hymenoptera"
"37_White_Bn",3,12,25,"Phylogenetic",3,"Hymenoptera"
"37_White_CW",1,10,10,"Phylogenetic",3,"Hymenoptera"
"37_White_Ce",1,7,14.2857142857143,"Phylogenetic",3,"Hymenoptera"
"37_White_Cn",3,13,23.0769230769231,"Phylogenetic",3,"Hymenoptera"
"37_White_ED",2,8,25,"Phylogenetic",3,"Hymenoptera"
"37_White_Fs",7,8,87.5,"Phylogenetic",3,"Hymenoptera"
"37_White_JK",4,11,36.3636363636364,"Phylogenetic",3,"Hymenoptera"
"37_White_Kr",5,8,62.5,"Phylogenetic",3,"Hymenoptera"
"37_White_ND",6,8,75,"Phylogenetic",3,"Hymenoptera"
"37_White_NG",1,9,11.1111111111111,"Phylogenetic",3,"Hymenoptera"
"37_White_Pn",4,9,44.4444444444444,"Phylogenetic",3,"Hymenoptera"
"37_White_WD",0,10,0,"Phylogenetic",3,"Hymenoptera"
"38_Maurer_A1",4,20,20,"Phylogenetic",3,"Hymenoptera"
"38_Maurer_A2",3,29,10.3448275862069,"Phylogenetic",3,"Hymenoptera"
"38_Maurer_A3",1,22,4.54545454545455,"Phylogenetic",3,"Hymenoptera"
"38_Maurer_A4",3,21,14.2857142857143,"Phylogenetic",3,"Hymenoptera"
"38_Maurer_R1",3,31,9.67741935483871,"Phylogenetic",3,"Hymenoptera"
"38_Maurer_R2",2,37,5.40540540540541,"Phylogenetic",3,"Hymenoptera"
"38_Maurer_R3",6,41,14.6341463414634,"Phylogenetic",3,"Hymenoptera"
"38_Maurer_R4",10,30,33.3333333333333,"Phylogenetic",3,"Hymenoptera"
"38_Maurer_U2",2,49,4.08163265306122,"Phylogenetic",3,"Hymenoptera"
"38_Maurer_U3",2,39,5.12820512820513,"Phylogenetic",3,"Hymenoptera"
"39_Schweiger_I1_ruderal_1_2021",4,16,25,"Phylogenetic",3,"Hymenoptera"
"39_Schweiger_I2_semi.natural.grass_5_2021",6,25,24,"Phylogenetic",3,"Hymenoptera"
"39_Schweiger_I2_woodland.scrub_1_2021",2,19,10.5263157894737,"Phylogenetic",3,"Hymenoptera"
"39_Schweiger_I4_woodland.scrub_3_2021",7,17,41.1764705882353,"Phylogenetic",3,"Hymenoptera"
"39_Schweiger_R1_semi.natural.grass_4_2021",7,20,35,"Phylogenetic",3,"Hymenoptera"
"39_Schweiger_R4_semi.natural.grass_2_2021",8,17,47.0588235294118,"Phylogenetic",3,"Hymenoptera"
"40_Knight_Ghe_ari_2017",4,41,9.75609756097561,"Phylogenetic",3,"Hymenoptera"
"41_Knight_1 wooded meadow_2018",3,14,21.4285714285714,"Phylogenetic",3,"Hymenoptera"
"41_Knight_2 alvar pasture_2018",1,7,14.2857142857143,"Phylogenetic",3,"Hymenoptera"
"41_Knight_3 alvar pasture_2018",4,13,30.7692307692308,"Phylogenetic",3,"Hymenoptera"
"41_Knight_4 wooded meadow_2018",10,10,100,"Phylogenetic",3,"Hymenoptera"
"41_Knight_5 wooded meadow_2018",4,14,28.5714285714286,"Phylogenetic",3,"Hymenoptera"
"41_Knight_6 alvar pasture_2018",1,11,9.09090909090909,"Phylogenetic",3,"Hymenoptera"
"42_Knight_M1Restored_2019",2,13,15.3846153846154,"Phylogenetic",3,"Hymenoptera"
"42_Knight_M2Natural_2019",1,7,14.2857142857143,"Phylogenetic",3,"Hymenoptera"
"42_Knight_M3Natural_2019",0,4,0,"Phylogenetic",3,"Hymenoptera"
"42_Knight_M4Restored_2019",0,5,0,"Phylogenetic",3,"Hymenoptera"
"42_Knight_M5Restored_2019",0,6,0,"Phylogenetic",3,"Hymenoptera"
"42_Knight_M6Natural_2019",1,14,7.14285714285714,"Phylogenetic",3,"Hymenoptera"
"42_Knight_M8Restored_2019",0,5,0,"Phylogenetic",3,"Hymenoptera"
"44_Knight_M11_2018",4,25,16,"Phylogenetic",3,"Hymenoptera"
"44_Knight_M12_2018",3,23,13.0434782608696,"Phylogenetic",3,"Hymenoptera"
"44_Knight_M13_2018",0,4,0,"Phylogenetic",3,"Hymenoptera"
"44_Knight_M15_2018",0,22,0,"Phylogenetic",3,"Hymenoptera"
"44_Knight_M16_2018",0,18,0,"Phylogenetic",3,"Hymenoptera"
"44_Knight_M17_2018",5,21,23.8095238095238,"Phylogenetic",3,"Hymenoptera"
"44_Knight_M18_2018",4,23,17.3913043478261,"Phylogenetic",3,"Hymenoptera"
"44_Knight_M1_2018",1,17,5.88235294117647,"Phylogenetic",3,"Hymenoptera"
"44_Knight_M3_2018",6,40,15,"Phylogenetic",3,"Hymenoptera"
"44_Knight_M4_2018",11,26,42.3076923076923,"Phylogenetic",3,"Hymenoptera"
"44_Knight_M6_2018",0,22,0,"Phylogenetic",3,"Hymenoptera"
"44_Knight_M8_2018",2,20,10,"Phylogenetic",3,"Hymenoptera"
"45_Knight_Hermanovice_meadow_2018",0,11,0,"Phylogenetic",3,"Hymenoptera"
"45_Knight_HorniGrunt_meadow_2018",0,5,0,"Phylogenetic",3,"Hymenoptera"
"45_Knight_Mnichov_meadow_2018",8,11,72.7272727272727,"Phylogenetic",3,"Hymenoptera"
"46_Knight_Gora_Gipsowa_2018",0,11,0,"Phylogenetic",3,"Hymenoptera"
"47_Benadi_1",7,26,26.9230769230769,"Phylogenetic",3,"Hymenoptera"
"47_Benadi_2",2,22,9.09090909090909,"Phylogenetic",3,"Hymenoptera"
"47_Benadi_3",9,22,40.9090909090909,"Phylogenetic",3,"Hymenoptera"
"47_Benadi_4",4,13,30.7692307692308,"Phylogenetic",3,"Hymenoptera"
"47_Benadi_5",1,18,5.55555555555556,"Phylogenetic",3,"Hymenoptera"
"47_Benadi_6",0,16,0,"Phylogenetic",3,"Hymenoptera"
"4_Marini_UNIPD01 A_2018",12,43,27.906976744186,"Phylogenetic",3,"Hymenoptera"
"4_Marini_UNIPD01 An_2018",2,32,6.25,"Phylogenetic",3,"Hymenoptera"
"4_Marini_UNIPD01 B_2018",4,34,11.7647058823529,"Phylogenetic",3,"Hymenoptera"
"4_Marini_UNIPD01 Bn_2018",8,51,15.6862745098039,"Phylogenetic",3,"Hymenoptera"
"4_Marini_UNIPD01 C_2018",3,30,10,"Phylogenetic",3,"Hymenoptera"
"4_Marini_UNIPD01 Cn_2018",3,27,11.1111111111111,"Phylogenetic",3,"Hymenoptera"
"4_Marini_UNIPD01 E_2018",0,32,0,"Phylogenetic",3,"Hymenoptera"
"4_Marini_UNIPD01 En_2018",0,29,0,"Phylogenetic",3,"Hymenoptera"
"4_Marini_UNIPD01 F_2018",3,14,21.4285714285714,"Phylogenetic",3,"Hymenoptera"
"4_Marini_UNIPD01 Fn_2018",3,22,13.6363636363636,"Phylogenetic",3,"Hymenoptera"
"4_Marini_UNIPD01 G_2018",14,32,43.75,"Phylogenetic",3,"Hymenoptera"
"4_Marini_UNIPD01 Gn_2018",1,27,3.7037037037037,"Phylogenetic",3,"Hymenoptera"
"4_Marini_UNIPD01 H_2018",6,34,17.6470588235294,"Phylogenetic",3,"Hymenoptera"
"4_Marini_UNIPD01 Hn_2018",4,26,15.3846153846154,"Phylogenetic",3,"Hymenoptera"
"4_Marini_UNIPD01 I_2018",4,33,12.1212121212121,"Phylogenetic",3,"Hymenoptera"
"4_Marini_UNIPD01 In_2018",5,58,8.62068965517241,"Phylogenetic",3,"Hymenoptera"
"50_Hervias-Parejo_Cala Tirant_2021",10,33,30.3030303030303,"Phylogenetic",3,"Hymenoptera"
"50_Hervias-Parejo_Llucalari_2021",8,28,28.5714285714286,"Phylogenetic",3,"Hymenoptera"
"50_Hervias-Parejo_Sa Bassa_2021",4,32,12.5,"Phylogenetic",3,"Hymenoptera"
"50_Hervias-Parejo_Salinas_2021",2,33,6.06060606060606,"Phylogenetic",3,"Hymenoptera"
"50_Hervias-Parejo_Torre Fornells_2021",4,34,11.7647058823529,"Phylogenetic",3,"Hymenoptera"
"50_Hervias-Parejo_coast Son Bou_2021",3,22,13.6363636363636,"Phylogenetic",3,"Hymenoptera"
"51_Petanidou_Pyrgos_2013",2,38,5.26315789473684,"Phylogenetic",3,"Hymenoptera"
"51_Petanidou_Sigri 3_2012",9,38,23.6842105263158,"Phylogenetic",3,"Hymenoptera"
"54_Lazaro_AloeVera_2018_2018",4,14,28.5714285714286,"Phylogenetic",3,"Hymenoptera"
"54_Lazaro_SonBaco_2018_2018",9,21,42.8571428571429,"Phylogenetic",3,"Hymenoptera"
"54_Lazaro_SonMutNou_2018_2018",7,19,36.8421052631579,"Phylogenetic",3,"Hymenoptera"
"54_Lazaro_UIB_2018_2018",4,31,12.9032258064516,"Phylogenetic",3,"Hymenoptera"
"5_Marini_UNIPD02 AA_2019",5,14,35.7142857142857,"Phylogenetic",3,"Hymenoptera"
"5_Marini_UNIPD02 AB_2019",1,3,33.3333333333333,"Phylogenetic",3,"Hymenoptera"
"5_Marini_UNIPD02 AC_2019",2,6,33.3333333333333,"Phylogenetic",3,"Hymenoptera"
"5_Marini_UNIPD02 AD_2019",3,6,50,"Phylogenetic",3,"Hymenoptera"
"5_Marini_UNIPD02 AE_2019",5,14,35.7142857142857,"Phylogenetic",3,"Hymenoptera"
"5_Marini_UNIPD02 AF_2019",2,10,20,"Phylogenetic",3,"Hymenoptera"
"5_Marini_UNIPD02 AG_2019",1,17,5.88235294117647,"Phylogenetic",3,"Hymenoptera"
"5_Marini_UNIPD02 AH_2019",0,14,0,"Phylogenetic",3,"Hymenoptera"
"5_Marini_UNIPD02 AI_2019",1,9,11.1111111111111,"Phylogenetic",3,"Hymenoptera"
"5_Marini_UNIPD02 AJ_2019",4,17,23.5294117647059,"Phylogenetic",3,"Hymenoptera"
"5_Marini_UNIPD02 AK_2019",2,9,22.2222222222222,"Phylogenetic",3,"Hymenoptera"
"5_Marini_UNIPD02 AL_2019",2,15,13.3333333333333,"Phylogenetic",3,"Hymenoptera"
"5_Marini_UNIPD02 AM_2019",3,16,18.75,"Phylogenetic",3,"Hymenoptera"
"5_Marini_UNIPD02 AN_2019",4,9,44.4444444444444,"Phylogenetic",3,"Hymenoptera"
"5_Marini_UNIPD02 AO_2019",3,9,33.3333333333333,"Phylogenetic",3,"Hymenoptera"
"5_Marini_UNIPD02 AP_2019",0,7,0,"Phylogenetic",3,"Hymenoptera"
"5_Marini_UNIPD02 AQ_2019",3,9,33.3333333333333,"Phylogenetic",3,"Hymenoptera"
"5_Marini_UNIPD02 AS_2019",8,14,57.1428571428571,"Phylogenetic",3,"Hymenoptera"
"5_Marini_UNIPD02 AT_2019",8,15,53.3333333333333,"Phylogenetic",3,"Hymenoptera"
"5_Marini_UNIPD02 AV_2019",5,5,100,"Phylogenetic",3,"Hymenoptera"
"5_Marini_UNIPD02 A_2019",0,25,0,"Phylogenetic",3,"Hymenoptera"
"5_Marini_UNIPD02 B_2019",3,22,13.6363636363636,"Phylogenetic",3,"Hymenoptera"
"5_Marini_UNIPD02 C_2019",3,20,15,"Phylogenetic",3,"Hymenoptera"
"5_Marini_UNIPD02 D_2019",4,11,36.3636363636364,"Phylogenetic",3,"Hymenoptera"
"5_Marini_UNIPD02 E_2019",6,19,31.5789473684211,"Phylogenetic",3,"Hymenoptera"
"5_Marini_UNIPD02 G_2019",2,15,13.3333333333333,"Phylogenetic",3,"Hymenoptera"
"5_Marini_UNIPD02 H_2019",1,16,6.25,"Phylogenetic",3,"Hymenoptera"
"5_Marini_UNIPD02 I_2019",3,10,30,"Phylogenetic",3,"Hymenoptera"
"5_Marini_UNIPD02 K_2019",5,22,22.7272727272727,"Phylogenetic",3,"Hymenoptera"
"5_Marini_UNIPD02 L_2019",2,7,28.5714285714286,"Phylogenetic",3,"Hymenoptera"
"5_Marini_UNIPD02 M_2019",1,15,6.66666666666667,"Phylogenetic",3,"Hymenoptera"
"5_Marini_UNIPD02 N_2019",1,6,16.6666666666667,"Phylogenetic",3,"Hymenoptera"
"5_Marini_UNIPD02 O_2019",4,7,57.1428571428571,"Phylogenetic",3,"Hymenoptera"
"5_Marini_UNIPD02 P_2019",2,7,28.5714285714286,"Phylogenetic",3,"Hymenoptera"
"5_Marini_UNIPD02 Q_2019",7,12,58.3333333333333,"Phylogenetic",3,"Hymenoptera"
"5_Marini_UNIPD02 S_2019",5,20,25,"Phylogenetic",3,"Hymenoptera"
"5_Marini_UNIPD02 T_2019",3,9,33.3333333333333,"Phylogenetic",3,"Hymenoptera"
"5_Marini_UNIPD02 U_2019",1,13,7.69230769230769,"Phylogenetic",3,"Hymenoptera"
"5_Marini_UNIPD02 V_2019",3,17,17.6470588235294,"Phylogenetic",3,"Hymenoptera"
"5_Marini_UNIPD02 W_2019",1,23,4.34782608695652,"Phylogenetic",3,"Hymenoptera"
"5_Marini_UNIPD02 X_2019",1,16,6.25,"Phylogenetic",3,"Hymenoptera"
"5_Marini_UNIPD02 Y_2019",4,17,23.5294117647059,"Phylogenetic",3,"Hymenoptera"
"5_Marini_UNIPD02 Z_2019",0,18,0,"Phylogenetic",3,"Hymenoptera"
"6_Marini_UNIPD03 CD13_2020",4,20,20,"Phylogenetic",3,"Hymenoptera"
"6_Marini_UNIPD03 CD14_2020",2,22,9.09090909090909,"Phylogenetic",3,"Hymenoptera"
"6_Marini_UNIPD03 CD15_2020",6,30,20,"Phylogenetic",3,"Hymenoptera"
"6_Marini_UNIPD03 CD16_2020",17,43,39.5348837209302,"Phylogenetic",3,"Hymenoptera"
"6_Marini_UNIPD03 CD17_2020",10,40,25,"Phylogenetic",3,"Hymenoptera"
"6_Marini_UNIPD03 CD20_2020",6,32,18.75,"Phylogenetic",3,"Hymenoptera"
"6_Marini_UNIPD03 CD22_2020",4,15,26.6666666666667,"Phylogenetic",3,"Hymenoptera"
"6_Marini_UNIPD03 CD23_2020",3,24,12.5,"Phylogenetic",3,"Hymenoptera"
"6_Marini_UNIPD03 CD26_2020",2,20,10,"Phylogenetic",3,"Hymenoptera"
"6_Marini_UNIPD03 CD27_2020",5,25,20,"Phylogenetic",3,"Hymenoptera"
"6_Marini_UNIPD03 CD28_2020",5,26,19.2307692307692,"Phylogenetic",3,"Hymenoptera"
"6_Marini_UNIPD03 CD29_2020",4,22,18.1818181818182,"Phylogenetic",3,"Hymenoptera"
"6_Marini_UNIPD03 CD2_2020",7,19,36.8421052631579,"Phylogenetic",3,"Hymenoptera"
"6_Marini_UNIPD03 CD34_2020",16,36,44.4444444444444,"Phylogenetic",3,"Hymenoptera"
"6_Marini_UNIPD03 D11_2020",8,22,36.3636363636364,"Phylogenetic",3,"Hymenoptera"
"6_Marini_UNIPD03 D17_2020",14,20,70,"Phylogenetic",3,"Hymenoptera"
"6_Marini_UNIPD03 D21_2020",2,18,11.1111111111111,"Phylogenetic",3,"Hymenoptera"
"6_Marini_UNIPD03 D24_2020",6,20,30,"Phylogenetic",3,"Hymenoptera"
"6_Marini_UNIPD03 D28_2020",2,21,9.52380952380952,"Phylogenetic",3,"Hymenoptera"
"6_Marini_UNIPD03 D29_2020",11,23,47.8260869565217,"Phylogenetic",3,"Hymenoptera"
"6_Marini_UNIPD03 D34_2020",8,30,26.6666666666667,"Phylogenetic",3,"Hymenoptera"
"6_Marini_UNIPD03 D35_2020",7,18,38.8888888888889,"Phylogenetic",3,"Hymenoptera"
"6_Marini_UNIPD03 D5_2020",4,23,17.3913043478261,"Phylogenetic",3,"Hymenoptera"
"6_Marini_UNIPD03 D8_2020",4,13,30.7692307692308,"Phylogenetic",3,"Hymenoptera"
"6_Marini_UNIPD03 E14_2020",2,21,9.52380952380952,"Phylogenetic",3,"Hymenoptera"
"6_Marini_UNIPD03 E19_2020",5,16,31.25,"Phylogenetic",3,"Hymenoptera"
"6_Marini_UNIPD03 E25_2020",2,13,15.3846153846154,"Phylogenetic",3,"Hymenoptera"
"6_Marini_UNIPD03 E26_2020",12,30,40,"Phylogenetic",3,"Hymenoptera"
"6_Marini_UNIPD03 E31_2020",6,16,37.5,"Phylogenetic",3,"Hymenoptera"
"6_Marini_UNIPD03 E32_2020",6,14,42.8571428571429,"Phylogenetic",3,"Hymenoptera"
"6_Marini_UNIPD03 E33_2020",13,30,43.3333333333333,"Phylogenetic",3,"Hymenoptera"
"6_Marini_UNIPD03 E35_2020",7,25,28,"Phylogenetic",3,"Hymenoptera"
"6_Marini_UNIPD03 E36_2020",14,32,43.75,"Phylogenetic",3,"Hymenoptera"
"7_Scheper_Chize_10_Field_boundary_2015",1,19,5.26315789473684,"Phylogenetic",3,"Hymenoptera"
"7_Scheper_Chize_12_Field_boundary_2015",0,30,0,"Phylogenetic",3,"Hymenoptera"
"7_Scheper_Chize_14_Field_boundary_2015",4,34,11.7647058823529,"Phylogenetic",3,"Hymenoptera"
"7_Scheper_Chize_19_Field_boundary_2015",0,20,0,"Phylogenetic",3,"Hymenoptera"
"7_Scheper_Chize_1_Field_boundary_2015",0,18,0,"Phylogenetic",3,"Hymenoptera"
"7_Scheper_Chize_1_Grassland_2015",3,20,15,"Phylogenetic",3,"Hymenoptera"
"7_Scheper_Chize_25_Field_boundary_2015",0,20,0,"Phylogenetic",3,"Hymenoptera"
"7_Scheper_Chize_4_Field_boundary_2015",2,17,11.7647058823529,"Phylogenetic",3,"Hymenoptera"
"7_Scheper_Chize_5_Field_boundary_2015",5,16,31.25,"Phylogenetic",3,"Hymenoptera"
"7_Scheper_Chize_6_Field_boundary_2015",2,27,7.40740740740741,"Phylogenetic",3,"Hymenoptera"
"11_Clough_ASK_2021_2021",7.226,11,65.6909090909091,"Random",10,"Hymenoptera"
"11_Clough_HAM_2021_2021",4.793,10,47.93,"Random",10,"Hymenoptera"
"11_Clough_KOM_2021_2021",6.098,11,55.4363636363636,"Random",10,"Hymenoptera"
"11_Clough_LOB_2021_2021",3.325,6,55.4166666666667,"Random",10,"Hymenoptera"
"11_Clough_PET_2021_2021",7.61,18,42.2777777777778,"Random",10,"Hymenoptera"
"11_Clough_TAG_2021_2021",4.888,12,40.7333333333333,"Random",10,"Hymenoptera"
"12_Ockinger_Norrang_Ryckelsby_Og",2.654,6,44.2333333333333,"Random",10,"Hymenoptera"
"12_Ockinger_Sattra_Og",2.013,4,50.325,"Random",10,"Hymenoptera"
"12_Ockinger_St_Tadinge",6.185,13,47.5769230769231,"Random",10,"Hymenoptera"
"12_Ockinger_Tjalinge_Skogstibble",4.43,12,36.9166666666667,"Random",10,"Hymenoptera"
"20_Hoiss_H5_2010",7.511,17,44.1823529411765,"Random",10,"Hymenoptera"
"20_Hoiss_H6_2010",1.857,5,37.14,"Random",10,"Hymenoptera"
"20_Hoiss_H7_2010",0.864,4,21.6,"Random",10,"Hymenoptera"
"20_Hoiss_HO1_2010",7.842,16,49.0125,"Random",10,"Hymenoptera"
"20_Hoiss_HO5_2010",2.364,11,21.4909090909091,"Random",10,"Hymenoptera"
"20_Hoiss_T4_2010",8.536,20,42.68,"Random",10,"Hymenoptera"
"22_Kallnik_h1_2012",3.847,11,34.9727272727273,"Random",10,"Hymenoptera"
"22_Kallnik_h2_2011",6.651,11,60.4636363636364,"Random",10,"Hymenoptera"
"22_Kallnik_h3_2011",5.132,10,51.32,"Random",10,"Hymenoptera"
"22_Kallnik_h4_2010",2.177,10,21.77,"Random",10,"Hymenoptera"
"22_Kallnik_h4_2011",5.234,10,52.34,"Random",10,"Hymenoptera"
"22_Kallnik_h5_2011",7.774,11,70.6727272727273,"Random",10,"Hymenoptera"
"22_Kallnik_h5_2012",4.438,11,40.3454545454545,"Random",10,"Hymenoptera"
"22_Kallnik_h6_2011",3.488,10,34.88,"Random",10,"Hymenoptera"
"22_Kallnik_h7_2011",4.506,10,45.06,"Random",10,"Hymenoptera"
"22_Kallnik_ho2_2011",6.142,10,61.42,"Random",10,"Hymenoptera"
"22_Kallnik_ho3_2011",7.095,12,59.125,"Random",10,"Hymenoptera"
"22_Kallnik_ho3_2012",5.625,10,56.25,"Random",10,"Hymenoptera"
"22_Kallnik_ho4_2010",3.826,10,38.26,"Random",10,"Hymenoptera"
"22_Kallnik_ho4_2011",6.031,13,46.3923076923077,"Random",10,"Hymenoptera"
"22_Kallnik_ho4_2012",5.513,12,45.9416666666667,"Random",10,"Hymenoptera"
"22_Kallnik_ho5_2011",5.861,12,48.8416666666667,"Random",10,"Hymenoptera"
"22_Kallnik_wma3_2011",5.583,10,55.83,"Random",10,"Hymenoptera"
"22_Kallnik_wma3_2012",4.178,10,41.78,"Random",10,"Hymenoptera"
"22_Kallnik_wma4_2011",4.031,11,36.6454545454545,"Random",10,"Hymenoptera"
"22_Kallnik_wma5_2011",5.259,10,52.59,"Random",10,"Hymenoptera"
"22_Kallnik_wmb1_2012",4.888,11,44.4363636363636,"Random",10,"Hymenoptera"
"22_Kallnik_wmb2_2011",5.63,12,46.9166666666667,"Random",10,"Hymenoptera"
"22_Kallnik_wmb2_2012",4.871,11,44.2818181818182,"Random",10,"Hymenoptera"
"22_Kallnik_wmb3_2011",4.988,10,49.88,"Random",10,"Hymenoptera"
"22_Kallnik_wmb3_2012",4.386,10,43.86,"Random",10,"Hymenoptera"
"22_Kallnik_wmb4_2010",3.871,12,32.2583333333333,"Random",10,"Hymenoptera"
"22_Kallnik_wmb4_2011",6.159,13,47.3769230769231,"Random",10,"Hymenoptera"
"22_Kallnik_wmb4_2012",4.802,11,43.6545454545454,"Random",10,"Hymenoptera"
"22_Kallnik_wmb5_2010",4.646,11,42.2363636363636,"Random",10,"Hymenoptera"
"22_Kallnik_wmb5_2011",5.367,11,48.7909090909091,"Random",10,"Hymenoptera"
"22_Kallnik_wmb5_2012",4.342,11,39.4727272727273,"Random",10,"Hymenoptera"
"28_Sutter_10_2013",5.661,14,40.4357142857143,"Random",10,"Hymenoptera"
"28_Sutter_11_2013",4.909,12,40.9083333333333,"Random",10,"Hymenoptera"
"28_Sutter_12_2013",5.159,11,46.9,"Random",10,"Hymenoptera"
"28_Sutter_13_2013",5.004,11,45.4909090909091,"Random",10,"Hymenoptera"
"28_Sutter_13_2014",4.298,9,47.7555555555556,"Random",10,"Hymenoptera"
"28_Sutter_14_2013",3.546,10,35.46,"Random",10,"Hymenoptera"
"28_Sutter_17_2013",6.523,15,43.4866666666667,"Random",10,"Hymenoptera"
"28_Sutter_19_2013",7.671,18,42.6166666666667,"Random",10,"Hymenoptera"
"28_Sutter_1_2013",6.026,12,50.2166666666667,"Random",10,"Hymenoptera"
"28_Sutter_20_2013",7.357,13,56.5923076923077,"Random",10,"Hymenoptera"
"28_Sutter_21_2013",5.01,14,35.7857142857143,"Random",10,"Hymenoptera"
"28_Sutter_2_2013",6.843,13,52.6384615384615,"Random",10,"Hymenoptera"
"28_Sutter_3_2013",6.726,19,35.4,"Random",10,"Hymenoptera"
"28_Sutter_5_2013",7.31,21,34.8095238095238,"Random",10,"Hymenoptera"
"28_Sutter_8_2013",6.915,15,46.1,"Random",10,"Hymenoptera"
"28_Sutter_8_2014",8.794,17,51.7294117647059,"Random",10,"Hymenoptera"
"29_Magrach_Gibraleon_2011",12.054,20,60.27,"Random",10,"Hymenoptera"
"29_Magrach_Gravera_2011",10.372,22,47.1454545454545,"Random",10,"Hymenoptera"
"29_Magrach_Niebla_2011",14.536,22,66.0727272727273,"Random",10,"Hymenoptera"
"29_Magrach_Niebla_2012",14.955,24,62.3125,"Random",10,"Hymenoptera"
"29_Magrach_Villablanca_2011",9.778,16,61.1125,"Random",10,"Hymenoptera"
"2_Petanidou_Armolia_2015",16.733,46,36.3760869565217,"Random",10,"Hymenoptera"
"2_Petanidou_Emborios_2015",33.715,58,58.1293103448276,"Random",10,"Hymenoptera"
"2_Petanidou_Gridia_2015",19.592,54,36.2814814814815,"Random",10,"Hymenoptera"
"2_Petanidou_Kato Fana_2015",27.27,40,68.175,"Random",10,"Hymenoptera"
"2_Petanidou_Palios Katarraktis_2015",13.922,48,29.0041666666667,"Random",10,"Hymenoptera"
"2_Petanidou_Vessa 2_2015",29.914,67,44.6477611940298,"Random",10,"Hymenoptera"
"30_Smith_lsk48_2012",3.243,11,29.4818181818182,"Random",10,"Hymenoptera"
"30_Smith_lsk57_2011",3.701,10,37.01,"Random",10,"Hymenoptera"
"30_Smith_lsk73_2012",1.685,7,24.0714285714286,"Random",10,"Hymenoptera"
"30_Smith_lsk74_2012",2.91,14,20.7857142857143,"Random",10,"Hymenoptera"
"30_Smith_lsk77_2011",7.315,13,56.2692307692308,"Random",10,"Hymenoptera"
"30_Smith_lsk77_2012",3.455,12,28.7916666666667,"Random",10,"Hymenoptera"
"31_Roberts_Hunt_2013",4.289,11,38.9909090909091,"Random",10,"Hymenoptera"
"31_Roberts_Jefferies_2013",4.202,9,46.6888888888889,"Random",10,"Hymenoptera"
"31_Roberts_Livingstone_far_2012",4.267,9,47.4111111111111,"Random",10,"Hymenoptera"
"31_Roberts_Livingstone_house_2012",3.89,10,38.9,"Random",10,"Hymenoptera"
"31_Roberts_Mearns_2013",6.683,15,44.5533333333333,"Random",10,"Hymenoptera"
"31_Roberts_White_left_2012",5.472,15,36.48,"Random",10,"Hymenoptera"
"36_Larkin_Barracks.Lyan.Co.Clare_13.2017_GS1",4.342,5,86.84,"Random",10,"Hymenoptera"
"36_Larkin_Glencolumbkille.South.Carron.Co.Clare_20.2017_GS1",6.628,8,82.85,"Random",10,"Hymenoptera"
"37_White_An",9.499,11,86.3545454545455,"Random",10,"Hymenoptera"
"37_White_Bl",6.355,7,90.7857142857143,"Random",10,"Hymenoptera"
"37_White_Bn",6.569,12,54.7416666666667,"Random",10,"Hymenoptera"
"37_White_CW",5.709,10,57.09,"Random",10,"Hymenoptera"
"37_White_Ce",5.665,7,80.9285714285714,"Random",10,"Hymenoptera"
"37_White_Cn",8.143,13,62.6384615384615,"Random",10,"Hymenoptera"
"37_White_ED",6.04,8,75.5,"Random",10,"Hymenoptera"
"37_White_Fs",6.713,8,83.9125,"Random",10,"Hymenoptera"
"37_White_JK",6.624,11,60.2181818181818,"Random",10,"Hymenoptera"
"37_White_Kr",6.534,8,81.675,"Random",10,"Hymenoptera"
"37_White_ND",6.619,8,82.7375,"Random",10,"Hymenoptera"
"37_White_NG",5.826,9,64.7333333333333,"Random",10,"Hymenoptera"
"37_White_Pn",8.469,9,94.1,"Random",10,"Hymenoptera"
"37_White_WD",5.868,10,58.68,"Random",10,"Hymenoptera"
"38_Maurer_A1",6.777,20,33.885,"Random",10,"Hymenoptera"
"38_Maurer_A2",8.731,29,30.1068965517241,"Random",10,"Hymenoptera"
"38_Maurer_A3",6.449,22,29.3136363636364,"Random",10,"Hymenoptera"
"38_Maurer_A4",7.452,21,35.4857142857143,"Random",10,"Hymenoptera"
"38_Maurer_R1",8.986,31,28.9870967741935,"Random",10,"Hymenoptera"
"38_Maurer_R2",11.863,37,32.0621621621622,"Random",10,"Hymenoptera"
"38_Maurer_R3",8.607,41,20.9926829268293,"Random",10,"Hymenoptera"
"38_Maurer_R4",6.504,30,21.68,"Random",10,"Hymenoptera"
"38_Maurer_U2",9.999,49,20.4061224489796,"Random",10,"Hymenoptera"
"38_Maurer_U3",7.889,39,20.2282051282051,"Random",10,"Hymenoptera"
"39_Schweiger_I1_ruderal_1_2021",8.607,16,53.79375,"Random",10,"Hymenoptera"
"39_Schweiger_I2_semi.natural.grass_5_2021",14.522,25,58.088,"Random",10,"Hymenoptera"
"39_Schweiger_I2_woodland.scrub_1_2021",9.396,19,49.4526315789474,"Random",10,"Hymenoptera"
"39_Schweiger_I4_woodland.scrub_3_2021",8.649,17,50.8764705882353,"Random",10,"Hymenoptera"
"39_Schweiger_R1_semi.natural.grass_4_2021",15.388,20,76.94,"Random",10,"Hymenoptera"
"39_Schweiger_R4_semi.natural.grass_2_2021",15.086,17,88.7411764705882,"Random",10,"Hymenoptera"
"40_Knight_Ghe_ari_2017",21.144,41,51.5707317073171,"Random",10,"Hymenoptera"
"41_Knight_1 wooded meadow_2018",5.726,14,40.9,"Random",10,"Hymenoptera"
"41_Knight_2 alvar pasture_2018",3.335,7,47.6428571428571,"Random",10,"Hymenoptera"
"41_Knight_3 alvar pasture_2018",7.002,13,53.8615384615385,"Random",10,"Hymenoptera"
"41_Knight_4 wooded meadow_2018",4.351,10,43.51,"Random",10,"Hymenoptera"
"41_Knight_5 wooded meadow_2018",7.162,14,51.1571428571429,"Random",10,"Hymenoptera"
"41_Knight_6 alvar pasture_2018",4.998,11,45.4363636363636,"Random",10,"Hymenoptera"
"42_Knight_M1Restored_2019",4.013,13,30.8692307692308,"Random",10,"Hymenoptera"
"42_Knight_M2Natural_2019",2.764,7,39.4857142857143,"Random",10,"Hymenoptera"
"42_Knight_M3Natural_2019",1.626,4,40.65,"Random",10,"Hymenoptera"
"42_Knight_M4Restored_2019",1.662,5,33.24,"Random",10,"Hymenoptera"
"42_Knight_M5Restored_2019",1.65,6,27.5,"Random",10,"Hymenoptera"
"42_Knight_M6Natural_2019",3.642,14,26.0142857142857,"Random",10,"Hymenoptera"
"42_Knight_M8Restored_2019",1.697,5,33.94,"Random",10,"Hymenoptera"
"44_Knight_M11_2018",6.727,25,26.908,"Random",10,"Hymenoptera"
"44_Knight_M12_2018",7.994,23,34.7565217391304,"Random",10,"Hymenoptera"
"44_Knight_M13_2018",2.139,4,53.475,"Random",10,"Hymenoptera"
"44_Knight_M15_2018",6.993,22,31.7863636363636,"Random",10,"Hymenoptera"
"44_Knight_M16_2018",6.603,18,36.6833333333333,"Random",10,"Hymenoptera"
"44_Knight_M17_2018",6.273,21,29.8714285714286,"Random",10,"Hymenoptera"
"44_Knight_M18_2018",8.745,23,38.0217391304348,"Random",10,"Hymenoptera"
"44_Knight_M1_2018",8.116,17,47.7411764705882,"Random",10,"Hymenoptera"
"44_Knight_M3_2018",11.027,40,27.5675,"Random",10,"Hymenoptera"
"44_Knight_M4_2018",8.656,26,33.2923076923077,"Random",10,"Hymenoptera"
"44_Knight_M6_2018",4.427,22,20.1227272727273,"Random",10,"Hymenoptera"
"44_Knight_M8_2018",5.581,20,27.905,"Random",10,"Hymenoptera"
"45_Knight_Hermanovice_meadow_2018",4.65,11,42.2727272727273,"Random",10,"Hymenoptera"
"45_Knight_HorniGrunt_meadow_2018",2.457,5,49.14,"Random",10,"Hymenoptera"
"45_Knight_Mnichov_meadow_2018",4.701,11,42.7363636363636,"Random",10,"Hymenoptera"
"46_Knight_Gora_Gipsowa_2018",2.637,11,23.9727272727273,"Random",10,"Hymenoptera"
"47_Benadi_1",7.851,26,30.1961538461538,"Random",10,"Hymenoptera"
"47_Benadi_2",7.862,22,35.7363636363636,"Random",10,"Hymenoptera"
"47_Benadi_3",7.652,22,34.7818181818182,"Random",10,"Hymenoptera"
"47_Benadi_4",5.329,13,40.9923076923077,"Random",10,"Hymenoptera"
"47_Benadi_5",5.411,18,30.0611111111111,"Random",10,"Hymenoptera"
"47_Benadi_6",4.187,16,26.16875,"Random",10,"Hymenoptera"
"4_Marini_UNIPD01 A_2018",22.707,43,52.8069767441861,"Random",10,"Hymenoptera"
"4_Marini_UNIPD01 An_2018",16.66,32,52.0625,"Random",10,"Hymenoptera"
"4_Marini_UNIPD01 B_2018",15.78,34,46.4117647058824,"Random",10,"Hymenoptera"
"4_Marini_UNIPD01 Bn_2018",19.09,51,37.4313725490196,"Random",10,"Hymenoptera"
"4_Marini_UNIPD01 C_2018",14.521,30,48.4033333333333,"Random",10,"Hymenoptera"
"4_Marini_UNIPD01 Cn_2018",11.953,27,44.2703703703704,"Random",10,"Hymenoptera"
"4_Marini_UNIPD01 E_2018",12.309,32,38.465625,"Random",10,"Hymenoptera"
"4_Marini_UNIPD01 En_2018",9.974,29,34.3931034482759,"Random",10,"Hymenoptera"
"4_Marini_UNIPD01 F_2018",7.663,14,54.7357142857143,"Random",10,"Hymenoptera"
"4_Marini_UNIPD01 Fn_2018",10.021,22,45.55,"Random",10,"Hymenoptera"
"4_Marini_UNIPD01 G_2018",18.715,32,58.484375,"Random",10,"Hymenoptera"
"4_Marini_UNIPD01 Gn_2018",13.116,27,48.5777777777778,"Random",10,"Hymenoptera"
"4_Marini_UNIPD01 H_2018",10.883,34,32.0088235294118,"Random",10,"Hymenoptera"
"4_Marini_UNIPD01 Hn_2018",10.324,26,39.7076923076923,"Random",10,"Hymenoptera"
"4_Marini_UNIPD01 I_2018",14.419,33,43.6939393939394,"Random",10,"Hymenoptera"
"4_Marini_UNIPD01 In_2018",22.452,58,38.7103448275862,"Random",10,"Hymenoptera"
"50_Hervias-Parejo_Cala Tirant_2021",23.648,33,71.6606060606061,"Random",10,"Hymenoptera"
"50_Hervias-Parejo_Llucalari_2021",25.644,28,91.5857142857143,"Random",10,"Hymenoptera"
"50_Hervias-Parejo_Sa Bassa_2021",20.042,32,62.63125,"Random",10,"Hymenoptera"
"50_Hervias-Parejo_Salinas_2021",15.691,33,47.5484848484849,"Random",10,"Hymenoptera"
"50_Hervias-Parejo_Torre Fornells_2021",18.281,34,53.7676470588235,"Random",10,"Hymenoptera"
"50_Hervias-Parejo_coast Son Bou_2021",17,22,77.2727272727273,"Random",10,"Hymenoptera"
"51_Petanidou_Pyrgos_2013",15.084,38,39.6947368421053,"Random",10,"Hymenoptera"
"51_Petanidou_Sigri 3_2012",14.134,38,37.1947368421053,"Random",10,"Hymenoptera"
"54_Lazaro_AloeVera_2018_2018",11.174,14,79.8142857142857,"Random",10,"Hymenoptera"
"54_Lazaro_SonBaco_2018_2018",16.47,21,78.4285714285714,"Random",10,"Hymenoptera"
"54_Lazaro_SonMutNou_2018_2018",16.428,19,86.4631578947368,"Random",10,"Hymenoptera"
"54_Lazaro_UIB_2018_2018",16.565,31,53.4354838709678,"Random",10,"Hymenoptera"
"5_Marini_UNIPD02 AA_2019",8.458,14,60.4142857142857,"Random",10,"Hymenoptera"
"5_Marini_UNIPD02 AB_2019",2.023,3,67.4333333333333,"Random",10,"Hymenoptera"
"5_Marini_UNIPD02 AC_2019",3.195,6,53.25,"Random",10,"Hymenoptera"
"5_Marini_UNIPD02 AD_2019",3.636,6,60.6,"Random",10,"Hymenoptera"
"5_Marini_UNIPD02 AE_2019",9.116,14,65.1142857142857,"Random",10,"Hymenoptera"
"5_Marini_UNIPD02 AF_2019",7.142,10,71.42,"Random",10,"Hymenoptera"
"5_Marini_UNIPD02 AG_2019",9.21,17,54.1764705882353,"Random",10,"Hymenoptera"
"5_Marini_UNIPD02 AH_2019",6.31,14,45.0714285714286,"Random",10,"Hymenoptera"
"5_Marini_UNIPD02 AI_2019",5.195,9,57.7222222222222,"Random",10,"Hymenoptera"
"5_Marini_UNIPD02 AJ_2019",17,17,100,"Random",10,"Hymenoptera"
"5_Marini_UNIPD02 AK_2019",9,9,100,"Random",10,"Hymenoptera"
"5_Marini_UNIPD02 AL_2019",6.28,15,41.8666666666667,"Random",10,"Hymenoptera"
"5_Marini_UNIPD02 AM_2019",7.453,16,46.58125,"Random",10,"Hymenoptera"
"5_Marini_UNIPD02 AN_2019",8.096,9,89.9555555555555,"Random",10,"Hymenoptera"
"5_Marini_UNIPD02 AO_2019",5.818,9,64.6444444444444,"Random",10,"Hymenoptera"
"5_Marini_UNIPD02 AP_2019",4.53,7,64.7142857142857,"Random",10,"Hymenoptera"
"5_Marini_UNIPD02 AQ_2019",7.913,9,87.9222222222222,"Random",10,"Hymenoptera"
"5_Marini_UNIPD02 AS_2019",10.221,14,73.0071428571429,"Random",10,"Hymenoptera"
"5_Marini_UNIPD02 AT_2019",10.778,15,71.8533333333333,"Random",10,"Hymenoptera"
"5_Marini_UNIPD02 AV_2019",5,5,100,"Random",10,"Hymenoptera"
"5_Marini_UNIPD02 A_2019",17.549,25,70.196,"Random",10,"Hymenoptera"
"5_Marini_UNIPD02 B_2019",10.96,22,49.8181818181818,"Random",10,"Hymenoptera"
"5_Marini_UNIPD02 C_2019",13.066,20,65.33,"Random",10,"Hymenoptera"
"5_Marini_UNIPD02 D_2019",8.538,11,77.6181818181818,"Random",10,"Hymenoptera"
"5_Marini_UNIPD02 E_2019",14.788,19,77.8315789473684,"Random",10,"Hymenoptera"
"5_Marini_UNIPD02 G_2019",8.114,15,54.0933333333333,"Random",10,"Hymenoptera"
"5_Marini_UNIPD02 H_2019",11.897,16,74.35625,"Random",10,"Hymenoptera"
"5_Marini_UNIPD02 I_2019",7.303,10,73.03,"Random",10,"Hymenoptera"
"5_Marini_UNIPD02 K_2019",15.84,22,72,"Random",10,"Hymenoptera"
"5_Marini_UNIPD02 L_2019",5.692,7,81.3142857142857,"Random",10,"Hymenoptera"
"5_Marini_UNIPD02 M_2019",7.026,15,46.84,"Random",10,"Hymenoptera"
"5_Marini_UNIPD02 N_2019",4.167,6,69.45,"Random",10,"Hymenoptera"
"5_Marini_UNIPD02 O_2019",4.899,7,69.9857142857143,"Random",10,"Hymenoptera"
"5_Marini_UNIPD02 P_2019",3.212,7,45.8857142857143,"Random",10,"Hymenoptera"
"5_Marini_UNIPD02 Q_2019",7.512,12,62.6,"Random",10,"Hymenoptera"
"5_Marini_UNIPD02 S_2019",10.855,20,54.275,"Random",10,"Hymenoptera"
"5_Marini_UNIPD02 T_2019",5.035,9,55.9444444444444,"Random",10,"Hymenoptera"
"5_Marini_UNIPD02 U_2019",5.945,13,45.7307692307692,"Random",10,"Hymenoptera"
"5_Marini_UNIPD02 V_2019",8.47,17,49.8235294117647,"Random",10,"Hymenoptera"
"5_Marini_UNIPD02 W_2019",12.268,23,53.3391304347826,"Random",10,"Hymenoptera"
"5_Marini_UNIPD02 X_2019",7.591,16,47.44375,"Random",10,"Hymenoptera"
"5_Marini_UNIPD02 Y_2019",10.222,17,60.1294117647059,"Random",10,"Hymenoptera"
"5_Marini_UNIPD02 Z_2019",12.168,18,67.6,"Random",10,"Hymenoptera"
"6_Marini_UNIPD03 CD13_2020",17.009,20,85.045,"Random",10,"Hymenoptera"
"6_Marini_UNIPD03 CD14_2020",15.753,22,71.6045454545455,"Random",10,"Hymenoptera"
"6_Marini_UNIPD03 CD15_2020",18.833,30,62.7766666666667,"Random",10,"Hymenoptera"
"6_Marini_UNIPD03 CD16_2020",24.318,43,56.553488372093,"Random",10,"Hymenoptera"
"6_Marini_UNIPD03 CD17_2020",21.87,40,54.675,"Random",10,"Hymenoptera"
"6_Marini_UNIPD03 CD20_2020",22.436,32,70.1125,"Random",10,"Hymenoptera"
"6_Marini_UNIPD03 CD22_2020",10.583,15,70.5533333333333,"Random",10,"Hymenoptera"
"6_Marini_UNIPD03 CD23_2020",15.851,24,66.0458333333333,"Random",10,"Hymenoptera"
"6_Marini_UNIPD03 CD26_2020",14.935,20,74.675,"Random",10,"Hymenoptera"
"6_Marini_UNIPD03 CD27_2020",15.653,25,62.612,"Random",10,"Hymenoptera"
"6_Marini_UNIPD03 CD28_2020",15.237,26,58.6038461538461,"Random",10,"Hymenoptera"
"6_Marini_UNIPD03 CD29_2020",15.084,22,68.5636363636364,"Random",10,"Hymenoptera"
"6_Marini_UNIPD03 CD2_2020",18,19,94.7368421052632,"Random",10,"Hymenoptera"
"6_Marini_UNIPD03 CD34_2020",28.547,36,79.2972222222222,"Random",10,"Hymenoptera"
"6_Marini_UNIPD03 D11_2020",19.904,22,90.4727272727273,"Random",10,"Hymenoptera"
"6_Marini_UNIPD03 D17_2020",20,20,100,"Random",10,"Hymenoptera"
"6_Marini_UNIPD03 D21_2020",16.449,18,91.3833333333333,"Random",10,"Hymenoptera"
"6_Marini_UNIPD03 D24_2020",16.32,20,81.6,"Random",10,"Hymenoptera"
"6_Marini_UNIPD03 D28_2020",12.547,21,59.747619047619,"Random",10,"Hymenoptera"
"6_Marini_UNIPD03 D29_2020",18.182,23,79.0521739130435,"Random",10,"Hymenoptera"
"6_Marini_UNIPD03 D34_2020",25.295,30,84.3166666666667,"Random",10,"Hymenoptera"
"6_Marini_UNIPD03 D35_2020",15.356,18,85.3111111111111,"Random",10,"Hymenoptera"
"6_Marini_UNIPD03 D5_2020",16.674,23,72.495652173913,"Random",10,"Hymenoptera"
"6_Marini_UNIPD03 D8_2020",12.319,13,94.7615384615385,"Random",10,"Hymenoptera"
"6_Marini_UNIPD03 E14_2020",14.102,21,67.152380952381,"Random",10,"Hymenoptera"
"6_Marini_UNIPD03 E19_2020",11.634,16,72.7125,"Random",10,"Hymenoptera"
"6_Marini_UNIPD03 E25_2020",10.194,13,78.4153846153846,"Random",10,"Hymenoptera"
"6_Marini_UNIPD03 E26_2020",20.662,30,68.8733333333333,"Random",10,"Hymenoptera"
"6_Marini_UNIPD03 E31_2020",14.09,16,88.0625,"Random",10,"Hymenoptera"
"6_Marini_UNIPD03 E32_2020",14,14,100,"Random",10,"Hymenoptera"
"6_Marini_UNIPD03 E33_2020",24.331,30,81.1033333333333,"Random",10,"Hymenoptera"
"6_Marini_UNIPD03 E35_2020",20.753,25,83.012,"Random",10,"Hymenoptera"
"6_Marini_UNIPD03 E36_2020",30.615,32,95.671875,"Random",10,"Hymenoptera"
"7_Scheper_Chize_10_Field_boundary_2015",3.726,19,19.6105263157895,"Random",10,"Hymenoptera"
"7_Scheper_Chize_12_Field_boundary_2015",10.936,30,36.4533333333333,"Random",10,"Hymenoptera"
"7_Scheper_Chize_14_Field_boundary_2015",6.156,34,18.1058823529412,"Random",10,"Hymenoptera"
"7_Scheper_Chize_19_Field_boundary_2015",9.026,20,45.13,"Random",10,"Hymenoptera"
"7_Scheper_Chize_1_Field_boundary_2015",9.193,18,51.0722222222222,"Random",10,"Hymenoptera"
"7_Scheper_Chize_1_Grassland_2015",13.309,20,66.545,"Random",10,"Hymenoptera"
"7_Scheper_Chize_25_Field_boundary_2015",7.05,20,35.25,"Random",10,"Hymenoptera"
"7_Scheper_Chize_4_Field_boundary_2015",7.19,17,42.2941176470588,"Random",10,"Hymenoptera"
"7_Scheper_Chize_5_Field_boundary_2015",5.403,16,33.76875,"Random",10,"Hymenoptera"
"7_Scheper_Chize_6_Field_boundary_2015",11.523,27,42.6777777777778,"Random",10,"Hymenoptera"
"11_Clough_ASK_2021_2021",3.848,11,34.9818181818182,"Random",5,"Hymenoptera"
"11_Clough_HAM_2021_2021",2.64,10,26.4,"Random",5,"Hymenoptera"
"11_Clough_KOM_2021_2021",3.281,11,29.8272727272727,"Random",5,"Hymenoptera"
"11_Clough_LOB_2021_2021",1.817,6,30.2833333333333,"Random",5,"Hymenoptera"
"11_Clough_PET_2021_2021",4.162,18,23.1222222222222,"Random",5,"Hymenoptera"
"11_Clough_TAG_2021_2021",2.543,12,21.1916666666667,"Random",5,"Hymenoptera"
"12_Ockinger_Norrang_Ryckelsby_Og",1.352,6,22.5333333333333,"Random",5,"Hymenoptera"
"12_Ockinger_Sattra_Og",1.187,4,29.675,"Random",5,"Hymenoptera"
"12_Ockinger_St_Tadinge",3.353,13,25.7923076923077,"Random",5,"Hymenoptera"
"12_Ockinger_Tjalinge_Skogstibble",2.362,12,19.6833333333333,"Random",5,"Hymenoptera"
"20_Hoiss_H5_2010",4.256,17,25.0352941176471,"Random",5,"Hymenoptera"
"20_Hoiss_H6_2010",0.93,5,18.6,"Random",5,"Hymenoptera"
"20_Hoiss_H7_2010",0.481,4,12.025,"Random",5,"Hymenoptera"
"20_Hoiss_HO1_2010",4.743,16,29.64375,"Random",5,"Hymenoptera"
"20_Hoiss_HO5_2010",1.223,11,11.1181818181818,"Random",5,"Hymenoptera"
"20_Hoiss_T4_2010",4.937,20,24.685,"Random",5,"Hymenoptera"
"22_Kallnik_h1_2012",2.191,11,19.9181818181818,"Random",5,"Hymenoptera"
"22_Kallnik_h2_2011",4.57,11,41.5454545454545,"Random",5,"Hymenoptera"
"22_Kallnik_h3_2011",3.379,10,33.79,"Random",5,"Hymenoptera"
"22_Kallnik_h4_2010",1.189,10,11.89,"Random",5,"Hymenoptera"
"22_Kallnik_h4_2011",3.405,10,34.05,"Random",5,"Hymenoptera"
"22_Kallnik_h5_2011",5.055,11,45.9545454545455,"Random",5,"Hymenoptera"
"22_Kallnik_h5_2012",2.606,11,23.6909090909091,"Random",5,"Hymenoptera"
"22_Kallnik_h6_2011",1.931,10,19.31,"Random",5,"Hymenoptera"
"22_Kallnik_h7_2011",2.661,10,26.61,"Random",5,"Hymenoptera"
"22_Kallnik_ho2_2011",4.108,10,41.08,"Random",5,"Hymenoptera"
"22_Kallnik_ho3_2011",4.674,12,38.95,"Random",5,"Hymenoptera"
"22_Kallnik_ho3_2012",3.502,10,35.02,"Random",5,"Hymenoptera"
"22_Kallnik_ho4_2010",2.215,10,22.15,"Random",5,"Hymenoptera"
"22_Kallnik_ho4_2011",3.713,13,28.5615384615385,"Random",5,"Hymenoptera"
"22_Kallnik_ho4_2012",3.442,12,28.6833333333333,"Random",5,"Hymenoptera"
"22_Kallnik_ho5_2011",3.667,12,30.5583333333333,"Random",5,"Hymenoptera"
"22_Kallnik_wma3_2011",3.567,10,35.67,"Random",5,"Hymenoptera"
"22_Kallnik_wma3_2012",2.558,10,25.58,"Random",5,"Hymenoptera"
"22_Kallnik_wma4_2011",2.151,11,19.5545454545455,"Random",5,"Hymenoptera"
"22_Kallnik_wma5_2011",3.037,10,30.37,"Random",5,"Hymenoptera"
"22_Kallnik_wmb1_2012",3.023,11,27.4818181818182,"Random",5,"Hymenoptera"
"22_Kallnik_wmb2_2011",3.583,12,29.8583333333333,"Random",5,"Hymenoptera"
"22_Kallnik_wmb2_2012",2.914,11,26.4909090909091,"Random",5,"Hymenoptera"
"22_Kallnik_wmb3_2011",3.169,10,31.69,"Random",5,"Hymenoptera"
"22_Kallnik_wmb3_2012",2.767,10,27.67,"Random",5,"Hymenoptera"
"22_Kallnik_wmb4_2010",2.374,12,19.7833333333333,"Random",5,"Hymenoptera"
"22_Kallnik_wmb4_2011",3.959,13,30.4538461538462,"Random",5,"Hymenoptera"
"22_Kallnik_wmb4_2012",2.919,11,26.5363636363636,"Random",5,"Hymenoptera"
"22_Kallnik_wmb5_2010",2.871,11,26.1,"Random",5,"Hymenoptera"
"22_Kallnik_wmb5_2011",3.309,11,30.0818181818182,"Random",5,"Hymenoptera"
"22_Kallnik_wmb5_2012",2.511,11,22.8272727272727,"Random",5,"Hymenoptera"
"28_Sutter_10_2013",3.433,14,24.5214285714286,"Random",5,"Hymenoptera"
"28_Sutter_11_2013",2.933,12,24.4416666666667,"Random",5,"Hymenoptera"
"28_Sutter_12_2013",3.157,11,28.7,"Random",5,"Hymenoptera"
"28_Sutter_13_2013",3.086,11,28.0545454545455,"Random",5,"Hymenoptera"
"28_Sutter_13_2014",2.44,9,27.1111111111111,"Random",5,"Hymenoptera"
"28_Sutter_14_2013",2.351,10,23.51,"Random",5,"Hymenoptera"
"28_Sutter_17_2013",4.043,15,26.9533333333333,"Random",5,"Hymenoptera"
"28_Sutter_19_2013",4.647,18,25.8166666666667,"Random",5,"Hymenoptera"
"28_Sutter_1_2013",4.142,12,34.5166666666667,"Random",5,"Hymenoptera"
"28_Sutter_20_2013",4.908,13,37.7538461538462,"Random",5,"Hymenoptera"
"28_Sutter_21_2013",3.148,14,22.4857142857143,"Random",5,"Hymenoptera"
"28_Sutter_2_2013",3.91,13,30.0769230769231,"Random",5,"Hymenoptera"
"28_Sutter_3_2013",3.779,19,19.8894736842105,"Random",5,"Hymenoptera"
"28_Sutter_5_2013",4.509,21,21.4714285714286,"Random",5,"Hymenoptera"
"28_Sutter_8_2013",4.301,15,28.6733333333333,"Random",5,"Hymenoptera"
"28_Sutter_8_2014",4.981,17,29.3,"Random",5,"Hymenoptera"
"29_Magrach_Gibraleon_2011",7.239,20,36.195,"Random",5,"Hymenoptera"
"29_Magrach_Gravera_2011",5.857,22,26.6227272727273,"Random",5,"Hymenoptera"
"29_Magrach_Niebla_2011",8.11,22,36.8636363636364,"Random",5,"Hymenoptera"
"29_Magrach_Niebla_2012",8.598,24,35.825,"Random",5,"Hymenoptera"
"29_Magrach_Villablanca_2011",5.873,16,36.70625,"Random",5,"Hymenoptera"
"2_Petanidou_Armolia_2015",9.499,46,20.65,"Random",5,"Hymenoptera"
"2_Petanidou_Emborios_2015",19.75,58,34.051724137931,"Random",5,"Hymenoptera"
"2_Petanidou_Gridia_2015",10.646,54,19.7148148148148,"Random",5,"Hymenoptera"
"2_Petanidou_Kato Fana_2015",15.484,40,38.71,"Random",5,"Hymenoptera"
"2_Petanidou_Palios Katarraktis_2015",7.474,48,15.5708333333333,"Random",5,"Hymenoptera"
"2_Petanidou_Vessa 2_2015",16.11,67,24.044776119403,"Random",5,"Hymenoptera"
"30_Smith_lsk48_2012",1.632,11,14.8363636363636,"Random",5,"Hymenoptera"
"30_Smith_lsk57_2011",2.279,10,22.79,"Random",5,"Hymenoptera"
"30_Smith_lsk73_2012",0.878,7,12.5428571428571,"Random",5,"Hymenoptera"
"30_Smith_lsk74_2012",1.469,14,10.4928571428571,"Random",5,"Hymenoptera"
"30_Smith_lsk77_2011",4.295,13,33.0384615384615,"Random",5,"Hymenoptera"
"30_Smith_lsk77_2012",1.912,12,15.9333333333333,"Random",5,"Hymenoptera"
"31_Roberts_Hunt_2013",2.618,11,23.8,"Random",5,"Hymenoptera"
"31_Roberts_Jefferies_2013",2.637,9,29.3,"Random",5,"Hymenoptera"
"31_Roberts_Livingstone_far_2012",2.4,9,26.6666666666667,"Random",5,"Hymenoptera"
"31_Roberts_Livingstone_house_2012",2.143,10,21.43,"Random",5,"Hymenoptera"
"31_Roberts_Mearns_2013",4,15,26.6666666666667,"Random",5,"Hymenoptera"
"31_Roberts_White_left_2012",3.013,15,20.0866666666667,"Random",5,"Hymenoptera"
"36_Larkin_Barracks.Lyan.Co.Clare_13.2017_GS1",2.956,5,59.12,"Random",5,"Hymenoptera"
"36_Larkin_Glencolumbkille.South.Carron.Co.Clare_20.2017_GS1",4.848,8,60.6,"Random",5,"Hymenoptera"
"37_White_An",6.546,11,59.5090909090909,"Random",5,"Hymenoptera"
"37_White_Bl",4.992,7,71.3142857142857,"Random",5,"Hymenoptera"
"37_White_Bn",4.488,12,37.4,"Random",5,"Hymenoptera"
"37_White_CW",3.899,10,38.99,"Random",5,"Hymenoptera"
"37_White_Ce",3.831,7,54.7285714285714,"Random",5,"Hymenoptera"
"37_White_Cn",5.356,13,41.2,"Random",5,"Hymenoptera"
"37_White_ED",4.355,8,54.4375,"Random",5,"Hymenoptera"
"37_White_Fs",5.653,8,70.6625,"Random",5,"Hymenoptera"
"37_White_JK",5.096,11,46.3272727272727,"Random",5,"Hymenoptera"
"37_White_Kr",5.199,8,64.9875,"Random",5,"Hymenoptera"
"37_White_ND",5.245,8,65.5625,"Random",5,"Hymenoptera"
"37_White_NG",4.068,9,45.2,"Random",5,"Hymenoptera"
"37_White_Pn",6.232,9,69.2444444444444,"Random",5,"Hymenoptera"
"37_White_WD",3.466,10,34.66,"Random",5,"Hymenoptera"
"38_Maurer_A1",3.724,20,18.62,"Random",5,"Hymenoptera"
"38_Maurer_A2",5.299,29,18.2724137931034,"Random",5,"Hymenoptera"
"38_Maurer_A3",3.692,22,16.7818181818182,"Random",5,"Hymenoptera"
"38_Maurer_A4",4.291,21,20.4333333333333,"Random",5,"Hymenoptera"
"38_Maurer_R1",5.004,31,16.141935483871,"Random",5,"Hymenoptera"
"38_Maurer_R2",6.563,37,17.7378378378378,"Random",5,"Hymenoptera"
"38_Maurer_R3",4.67,41,11.390243902439,"Random",5,"Hymenoptera"
"38_Maurer_R4",3.582,30,11.94,"Random",5,"Hymenoptera"
"38_Maurer_U2",5.445,49,11.1122448979592,"Random",5,"Hymenoptera"
"38_Maurer_U3",4.478,39,11.4820512820513,"Random",5,"Hymenoptera"
"39_Schweiger_I1_ruderal_1_2021",5.237,16,32.73125,"Random",5,"Hymenoptera"
"39_Schweiger_I2_semi.natural.grass_5_2021",7.794,25,31.176,"Random",5,"Hymenoptera"
"39_Schweiger_I2_woodland.scrub_1_2021",5.713,19,30.0684210526316,"Random",5,"Hymenoptera"
"39_Schweiger_I4_woodland.scrub_3_2021",5.09,17,29.9411764705882,"Random",5,"Hymenoptera"
"39_Schweiger_R1_semi.natural.grass_4_2021",9.294,20,46.47,"Random",5,"Hymenoptera"
"39_Schweiger_R4_semi.natural.grass_2_2021",9.325,17,54.8529411764706,"Random",5,"Hymenoptera"
"40_Knight_Ghe_ari_2017",13.505,41,32.9390243902439,"Random",5,"Hymenoptera"
"41_Knight_1 wooded meadow_2018",3.117,14,22.2642857142857,"Random",5,"Hymenoptera"
"41_Knight_2 alvar pasture_2018",1.943,7,27.7571428571429,"Random",5,"Hymenoptera"
"41_Knight_3 alvar pasture_2018",3.915,13,30.1153846153846,"Random",5,"Hymenoptera"
"41_Knight_4 wooded meadow_2018",2.379,10,23.79,"Random",5,"Hymenoptera"
"41_Knight_5 wooded meadow_2018",4.275,14,30.5357142857143,"Random",5,"Hymenoptera"
"41_Knight_6 alvar pasture_2018",2.966,11,26.9636363636364,"Random",5,"Hymenoptera"
"42_Knight_M1Restored_2019",2.31,13,17.7692307692308,"Random",5,"Hymenoptera"
"42_Knight_M2Natural_2019",1.587,7,22.6714285714286,"Random",5,"Hymenoptera"
"42_Knight_M3Natural_2019",0.882,4,22.05,"Random",5,"Hymenoptera"
"42_Knight_M4Restored_2019",0.983,5,19.66,"Random",5,"Hymenoptera"
"42_Knight_M5Restored_2019",0.947,6,15.7833333333333,"Random",5,"Hymenoptera"
"42_Knight_M6Natural_2019",2.212,14,15.8,"Random",5,"Hymenoptera"
"42_Knight_M8Restored_2019",0.9,5,18,"Random",5,"Hymenoptera"
"44_Knight_M11_2018",3.694,25,14.776,"Random",5,"Hymenoptera"
"44_Knight_M12_2018",4.624,23,20.104347826087,"Random",5,"Hymenoptera"
"44_Knight_M13_2018",1.397,4,34.925,"Random",5,"Hymenoptera"
"44_Knight_M15_2018",3.77,22,17.1363636363636,"Random",5,"Hymenoptera"
"44_Knight_M16_2018",3.801,18,21.1166666666667,"Random",5,"Hymenoptera"
"44_Knight_M17_2018",3.572,21,17.0095238095238,"Random",5,"Hymenoptera"
"44_Knight_M18_2018",4.882,23,21.2260869565217,"Random",5,"Hymenoptera"
"44_Knight_M1_2018",4.82,17,28.3529411764706,"Random",5,"Hymenoptera"
"44_Knight_M3_2018",6.244,40,15.61,"Random",5,"Hymenoptera"
"44_Knight_M4_2018",4.851,26,18.6576923076923,"Random",5,"Hymenoptera"
"44_Knight_M6_2018",2.464,22,11.2,"Random",5,"Hymenoptera"
"44_Knight_M8_2018",2.952,20,14.76,"Random",5,"Hymenoptera"
"45_Knight_Hermanovice_meadow_2018",2.852,11,25.9272727272727,"Random",5,"Hymenoptera"
"45_Knight_HorniGrunt_meadow_2018",1.391,5,27.82,"Random",5,"Hymenoptera"
"45_Knight_Mnichov_meadow_2018",2.766,11,25.1454545454545,"Random",5,"Hymenoptera"
"46_Knight_Gora_Gipsowa_2018",1.583,11,14.3909090909091,"Random",5,"Hymenoptera"
"47_Benadi_1",4.608,26,17.7230769230769,"Random",5,"Hymenoptera"
"47_Benadi_2",4.522,22,20.5545454545455,"Random",5,"Hymenoptera"
"47_Benadi_3",4.295,22,19.5227272727273,"Random",5,"Hymenoptera"
"47_Benadi_4",3.052,13,23.4769230769231,"Random",5,"Hymenoptera"
"47_Benadi_5",3.228,18,17.9333333333333,"Random",5,"Hymenoptera"
"47_Benadi_6",2.155,16,13.46875,"Random",5,"Hymenoptera"
"4_Marini_UNIPD01 A_2018",12.458,43,28.9720930232558,"Random",5,"Hymenoptera"
"4_Marini_UNIPD01 An_2018",9.059,32,28.309375,"Random",5,"Hymenoptera"
"4_Marini_UNIPD01 B_2018",9.238,34,27.1705882352941,"Random",5,"Hymenoptera"
"4_Marini_UNIPD01 Bn_2018",11.047,51,21.6607843137255,"Random",5,"Hymenoptera"
"4_Marini_UNIPD01 C_2018",8.775,30,29.25,"Random",5,"Hymenoptera"
"4_Marini_UNIPD01 Cn_2018",7.052,27,26.1185185185185,"Random",5,"Hymenoptera"
"4_Marini_UNIPD01 E_2018",7.331,32,22.909375,"Random",5,"Hymenoptera"
"4_Marini_UNIPD01 En_2018",5.683,29,19.5965517241379,"Random",5,"Hymenoptera"
"4_Marini_UNIPD01 F_2018",4.61,14,32.9285714285714,"Random",5,"Hymenoptera"
"4_Marini_UNIPD01 Fn_2018",5.667,22,25.7590909090909,"Random",5,"Hymenoptera"
"4_Marini_UNIPD01 G_2018",10.306,32,32.20625,"Random",5,"Hymenoptera"
"4_Marini_UNIPD01 Gn_2018",7.342,27,27.1925925925926,"Random",5,"Hymenoptera"
"4_Marini_UNIPD01 H_2018",6.312,34,18.5647058823529,"Random",5,"Hymenoptera"
"4_Marini_UNIPD01 Hn_2018",6.23,26,23.9615384615385,"Random",5,"Hymenoptera"
"4_Marini_UNIPD01 I_2018",8.838,33,26.7818181818182,"Random",5,"Hymenoptera"
"4_Marini_UNIPD01 In_2018",12.982,58,22.3827586206897,"Random",5,"Hymenoptera"
"50_Hervias-Parejo_Cala Tirant_2021",14.283,33,43.2818181818182,"Random",5,"Hymenoptera"
"50_Hervias-Parejo_Llucalari_2021",16.391,28,58.5392857142857,"Random",5,"Hymenoptera"
"50_Hervias-Parejo_Sa Bassa_2021",11.698,32,36.55625,"Random",5,"Hymenoptera"
"50_Hervias-Parejo_Salinas_2021",8.999,33,27.269696969697,"Random",5,"Hymenoptera"
"50_Hervias-Parejo_Torre Fornells_2021",11.059,34,32.5264705882353,"Random",5,"Hymenoptera"
"50_Hervias-Parejo_coast Son Bou_2021",9.861,22,44.8227272727273,"Random",5,"Hymenoptera"
"51_Petanidou_Pyrgos_2013",8.656,38,22.7789473684211,"Random",5,"Hymenoptera"
"51_Petanidou_Sigri 3_2012",7.365,38,19.3815789473684,"Random",5,"Hymenoptera"
"54_Lazaro_AloeVera_2018_2018",6.442,14,46.0142857142857,"Random",5,"Hymenoptera"
"54_Lazaro_SonBaco_2018_2018",9.549,21,45.4714285714286,"Random",5,"Hymenoptera"
"54_Lazaro_SonMutNou_2018_2018",9.745,19,51.2894736842105,"Random",5,"Hymenoptera"
"54_Lazaro_UIB_2018_2018",9.82,31,31.6774193548387,"Random",5,"Hymenoptera"
"5_Marini_UNIPD02 AA_2019",5.239,14,37.4214285714286,"Random",5,"Hymenoptera"
"5_Marini_UNIPD02 AB_2019",1.499,3,49.9666666666667,"Random",5,"Hymenoptera"
"5_Marini_UNIPD02 AC_2019",2.081,6,34.6833333333333,"Random",5,"Hymenoptera"
"5_Marini_UNIPD02 AD_2019",2.557,6,42.6166666666667,"Random",5,"Hymenoptera"
"5_Marini_UNIPD02 AE_2019",5.011,14,35.7928571428571,"Random",5,"Hymenoptera"
"5_Marini_UNIPD02 AF_2019",4.163,10,41.63,"Random",5,"Hymenoptera"
"5_Marini_UNIPD02 AG_2019",5.661,17,33.3,"Random",5,"Hymenoptera"
"5_Marini_UNIPD02 AH_2019",3.402,14,24.3,"Random",5,"Hymenoptera"
"5_Marini_UNIPD02 AI_2019",3.235,9,35.9444444444444,"Random",5,"Hymenoptera"
"5_Marini_UNIPD02 AJ_2019",10.859,17,63.8764705882353,"Random",5,"Hymenoptera"
"5_Marini_UNIPD02 AK_2019",5.377,9,59.7444444444444,"Random",5,"Hymenoptera"
"5_Marini_UNIPD02 AL_2019",3.47,15,23.1333333333333,"Random",5,"Hymenoptera"
"5_Marini_UNIPD02 AM_2019",4.409,16,27.55625,"Random",5,"Hymenoptera"
"5_Marini_UNIPD02 AN_2019",5.243,9,58.2555555555556,"Random",5,"Hymenoptera"
"5_Marini_UNIPD02 AO_2019",3.383,9,37.5888888888889,"Random",5,"Hymenoptera"
"5_Marini_UNIPD02 AP_2019",2.426,7,34.6571428571429,"Random",5,"Hymenoptera"
"5_Marini_UNIPD02 AQ_2019",5.525,9,61.3888888888889,"Random",5,"Hymenoptera"
"5_Marini_UNIPD02 AS_2019",5.945,14,42.4642857142857,"Random",5,"Hymenoptera"
"5_Marini_UNIPD02 AT_2019",6.26,15,41.7333333333333,"Random",5,"Hymenoptera"
"5_Marini_UNIPD02 AV_2019",3.442,5,68.84,"Random",5,"Hymenoptera"
"5_Marini_UNIPD02 A_2019",10.505,25,42.02,"Random",5,"Hymenoptera"
"5_Marini_UNIPD02 B_2019",6.317,22,28.7136363636364,"Random",5,"Hymenoptera"
"5_Marini_UNIPD02 C_2019",7.64,20,38.2,"Random",5,"Hymenoptera"
"5_Marini_UNIPD02 D_2019",5.275,11,47.9545454545455,"Random",5,"Hymenoptera"
"5_Marini_UNIPD02 E_2019",8.69,19,45.7368421052632,"Random",5,"Hymenoptera"
"5_Marini_UNIPD02 G_2019",4.611,15,30.74,"Random",5,"Hymenoptera"
"5_Marini_UNIPD02 H_2019",6.587,16,41.16875,"Random",5,"Hymenoptera"
"5_Marini_UNIPD02 I_2019",4.371,10,43.71,"Random",5,"Hymenoptera"
"5_Marini_UNIPD02 K_2019",9.087,22,41.3045454545455,"Random",5,"Hymenoptera"
"5_Marini_UNIPD02 L_2019",3.126,7,44.6571428571429,"Random",5,"Hymenoptera"
"5_Marini_UNIPD02 M_2019",4.018,15,26.7866666666667,"Random",5,"Hymenoptera"
"5_Marini_UNIPD02 N_2019",2.41,6,40.1666666666667,"Random",5,"Hymenoptera"
"5_Marini_UNIPD02 O_2019",3.065,7,43.7857142857143,"Random",5,"Hymenoptera"
"5_Marini_UNIPD02 P_2019",2.023,7,28.9,"Random",5,"Hymenoptera"
"5_Marini_UNIPD02 Q_2019",4.472,12,37.2666666666667,"Random",5,"Hymenoptera"
"5_Marini_UNIPD02 S_2019",6.108,20,30.54,"Random",5,"Hymenoptera"
"5_Marini_UNIPD02 T_2019",3.055,9,33.9444444444444,"Random",5,"Hymenoptera"
"5_Marini_UNIPD02 U_2019",3.447,13,26.5153846153846,"Random",5,"Hymenoptera"
"5_Marini_UNIPD02 V_2019",5.115,17,30.0882352941176,"Random",5,"Hymenoptera"
"5_Marini_UNIPD02 W_2019",7.442,23,32.3565217391304,"Random",5,"Hymenoptera"
"5_Marini_UNIPD02 X_2019",4.56,16,28.5,"Random",5,"Hymenoptera"
"5_Marini_UNIPD02 Y_2019",6.014,17,35.3764705882353,"Random",5,"Hymenoptera"
"5_Marini_UNIPD02 Z_2019",6.789,18,37.7166666666667,"Random",5,"Hymenoptera"
"6_Marini_UNIPD03 CD13_2020",10.712,20,53.56,"Random",5,"Hymenoptera"
"6_Marini_UNIPD03 CD14_2020",9.957,22,45.2590909090909,"Random",5,"Hymenoptera"
"6_Marini_UNIPD03 CD15_2020",12.202,30,40.6733333333333,"Random",5,"Hymenoptera"
"6_Marini_UNIPD03 CD16_2020",14.825,43,34.4767441860465,"Random",5,"Hymenoptera"
"6_Marini_UNIPD03 CD17_2020",13.208,40,33.02,"Random",5,"Hymenoptera"
"6_Marini_UNIPD03 CD20_2020",13.746,32,42.95625,"Random",5,"Hymenoptera"
"6_Marini_UNIPD03 CD22_2020",6.875,15,45.8333333333333,"Random",5,"Hymenoptera"
"6_Marini_UNIPD03 CD23_2020",10.489,24,43.7041666666667,"Random",5,"Hymenoptera"
"6_Marini_UNIPD03 CD26_2020",9.362,20,46.81,"Random",5,"Hymenoptera"
"6_Marini_UNIPD03 CD27_2020",9.922,25,39.688,"Random",5,"Hymenoptera"
"6_Marini_UNIPD03 CD28_2020",9.844,26,37.8615384615385,"Random",5,"Hymenoptera"
"6_Marini_UNIPD03 CD29_2020",10.074,22,45.7909090909091,"Random",5,"Hymenoptera"
"6_Marini_UNIPD03 CD2_2020",12.365,19,65.0789473684211,"Random",5,"Hymenoptera"
"6_Marini_UNIPD03 CD34_2020",17.803,36,49.4527777777778,"Random",5,"Hymenoptera"
"6_Marini_UNIPD03 D11_2020",13.414,22,60.9727272727273,"Random",5,"Hymenoptera"
"6_Marini_UNIPD03 D17_2020",12.927,20,64.635,"Random",5,"Hymenoptera"
"6_Marini_UNIPD03 D21_2020",11.909,18,66.1611111111111,"Random",5,"Hymenoptera"
"6_Marini_UNIPD03 D24_2020",10.917,20,54.585,"Random",5,"Hymenoptera"
"6_Marini_UNIPD03 D28_2020",7.277,21,34.652380952381,"Random",5,"Hymenoptera"
"6_Marini_UNIPD03 D29_2020",11.262,23,48.9652173913043,"Random",5,"Hymenoptera"
"6_Marini_UNIPD03 D34_2020",16.437,30,54.79,"Random",5,"Hymenoptera"
"6_Marini_UNIPD03 D35_2020",9.561,18,53.1166666666667,"Random",5,"Hymenoptera"
"6_Marini_UNIPD03 D5_2020",10.526,23,45.7652173913043,"Random",5,"Hymenoptera"
"6_Marini_UNIPD03 D8_2020",7.855,13,60.4230769230769,"Random",5,"Hymenoptera"
"6_Marini_UNIPD03 E14_2020",9.206,21,43.8380952380952,"Random",5,"Hymenoptera"
"6_Marini_UNIPD03 E19_2020",8.081,16,50.50625,"Random",5,"Hymenoptera"
"6_Marini_UNIPD03 E25_2020",6.646,13,51.1230769230769,"Random",5,"Hymenoptera"
"6_Marini_UNIPD03 E26_2020",13.651,30,45.5033333333333,"Random",5,"Hymenoptera"
"6_Marini_UNIPD03 E31_2020",9.963,16,62.26875,"Random",5,"Hymenoptera"
"6_Marini_UNIPD03 E32_2020",7.265,14,51.8928571428571,"Random",5,"Hymenoptera"
"6_Marini_UNIPD03 E33_2020",14.38,30,47.9333333333333,"Random",5,"Hymenoptera"
"6_Marini_UNIPD03 E35_2020",13.061,25,52.244,"Random",5,"Hymenoptera"
"6_Marini_UNIPD03 E36_2020",20.493,32,64.040625,"Random",5,"Hymenoptera"
"7_Scheper_Chize_10_Field_boundary_2015",2.186,19,11.5052631578947,"Random",5,"Hymenoptera"
"7_Scheper_Chize_12_Field_boundary_2015",6.345,30,21.15,"Random",5,"Hymenoptera"
"7_Scheper_Chize_14_Field_boundary_2015",3.267,34,9.60882352941176,"Random",5,"Hymenoptera"
"7_Scheper_Chize_19_Field_boundary_2015",5.201,20,26.005,"Random",5,"Hymenoptera"
"7_Scheper_Chize_1_Field_boundary_2015",5.429,18,30.1611111111111,"Random",5,"Hymenoptera"
"7_Scheper_Chize_1_Grassland_2015",8.208,20,41.04,"Random",5,"Hymenoptera"
"7_Scheper_Chize_25_Field_boundary_2015",3.947,20,19.735,"Random",5,"Hymenoptera"
"7_Scheper_Chize_4_Field_boundary_2015",4.333,17,25.4882352941177,"Random",5,"Hymenoptera"
"7_Scheper_Chize_5_Field_boundary_2015",2.876,16,17.975,"Random",5,"Hymenoptera"
"7_Scheper_Chize_6_Field_boundary_2015",6.596,27,24.4296296296296,"Random",5,"Hymenoptera"
"11_Clough_ASK_2021_2021",2.373,11,21.5727272727273,"Random",3,"Hymenoptera"
"11_Clough_HAM_2021_2021",1.544,10,15.44,"Random",3,"Hymenoptera"
"11_Clough_KOM_2021_2021",2.143,11,19.4818181818182,"Random",3,"Hymenoptera"
"11_Clough_LOB_2021_2021",1.116,6,18.6,"Random",3,"Hymenoptera"
"11_Clough_PET_2021_2021",2.696,18,14.9777777777778,"Random",3,"Hymenoptera"
"11_Clough_TAG_2021_2021",1.45,12,12.0833333333333,"Random",3,"Hymenoptera"
"12_Ockinger_Norrang_Ryckelsby_Og",0.862,6,14.3666666666667,"Random",3,"Hymenoptera"
"12_Ockinger_Sattra_Og",0.749,4,18.725,"Random",3,"Hymenoptera"
"12_Ockinger_St_Tadinge",2.196,13,16.8923076923077,"Random",3,"Hymenoptera"
"12_Ockinger_Tjalinge_Skogstibble",1.511,12,12.5916666666667,"Random",3,"Hymenoptera"
"20_Hoiss_H5_2010",2.664,17,15.6705882352941,"Random",3,"Hymenoptera"
"20_Hoiss_H6_2010",0.586,5,11.72,"Random",3,"Hymenoptera"
"20_Hoiss_H7_2010",0.285,4,7.125,"Random",3,"Hymenoptera"
"20_Hoiss_HO1_2010",3.199,16,19.99375,"Random",3,"Hymenoptera"
"20_Hoiss_HO5_2010",0.686,11,6.23636363636364,"Random",3,"Hymenoptera"
"20_Hoiss_T4_2010",3.052,20,15.26,"Random",3,"Hymenoptera"
"22_Kallnik_h1_2012",1.345,11,12.2272727272727,"Random",3,"Hymenoptera"
"22_Kallnik_h2_2011",3.172,11,28.8363636363636,"Random",3,"Hymenoptera"
"22_Kallnik_h3_2011",2.179,10,21.79,"Random",3,"Hymenoptera"
"22_Kallnik_h4_2010",0.779,10,7.79,"Random",3,"Hymenoptera"
"22_Kallnik_h4_2011",2.238,10,22.38,"Random",3,"Hymenoptera"
"22_Kallnik_h5_2011",3.683,11,33.4818181818182,"Random",3,"Hymenoptera"
"22_Kallnik_h5_2012",1.751,11,15.9181818181818,"Random",3,"Hymenoptera"
"22_Kallnik_h6_2011",1.281,10,12.81,"Random",3,"Hymenoptera"
"22_Kallnik_h7_2011",1.743,10,17.43,"Random",3,"Hymenoptera"
"22_Kallnik_ho2_2011",2.991,10,29.91,"Random",3,"Hymenoptera"
"22_Kallnik_ho3_2011",3.029,12,25.2416666666667,"Random",3,"Hymenoptera"
"22_Kallnik_ho3_2012",2.32,10,23.2,"Random",3,"Hymenoptera"
"22_Kallnik_ho4_2010",1.31,10,13.1,"Random",3,"Hymenoptera"
"22_Kallnik_ho4_2011",2.228,13,17.1384615384615,"Random",3,"Hymenoptera"
"22_Kallnik_ho4_2012",1.993,12,16.6083333333333,"Random",3,"Hymenoptera"
"22_Kallnik_ho5_2011",2.408,12,20.0666666666667,"Random",3,"Hymenoptera"
"22_Kallnik_wma3_2011",2.262,10,22.62,"Random",3,"Hymenoptera"
"22_Kallnik_wma3_2012",1.594,10,15.94,"Random",3,"Hymenoptera"
"22_Kallnik_wma4_2011",1.283,11,11.6636363636364,"Random",3,"Hymenoptera"
"22_Kallnik_wma5_2011",2.014,10,20.14,"Random",3,"Hymenoptera"
"22_Kallnik_wmb1_2012",1.939,11,17.6272727272727,"Random",3,"Hymenoptera"
"22_Kallnik_wmb2_2011",2.286,12,19.05,"Random",3,"Hymenoptera"
"22_Kallnik_wmb2_2012",2.05,11,18.6363636363636,"Random",3,"Hymenoptera"
"22_Kallnik_wmb3_2011",2.112,10,21.12,"Random",3,"Hymenoptera"
"22_Kallnik_wmb3_2012",1.896,10,18.96,"Random",3,"Hymenoptera"
"22_Kallnik_wmb4_2010",1.511,12,12.5916666666667,"Random",3,"Hymenoptera"
"22_Kallnik_wmb4_2011",2.702,13,20.7846153846154,"Random",3,"Hymenoptera"
"22_Kallnik_wmb4_2012",1.999,11,18.1727272727273,"Random",3,"Hymenoptera"
"22_Kallnik_wmb5_2010",1.812,11,16.4727272727273,"Random",3,"Hymenoptera"
"22_Kallnik_wmb5_2011",2.039,11,18.5363636363636,"Random",3,"Hymenoptera"
"22_Kallnik_wmb5_2012",1.68,11,15.2727272727273,"Random",3,"Hymenoptera"
"28_Sutter_10_2013",2.263,14,16.1642857142857,"Random",3,"Hymenoptera"
"28_Sutter_11_2013",2,12,16.6666666666667,"Random",3,"Hymenoptera"
"28_Sutter_12_2013",2.07,11,18.8181818181818,"Random",3,"Hymenoptera"
"28_Sutter_13_2013",2.074,11,18.8545454545455,"Random",3,"Hymenoptera"
"28_Sutter_13_2014",1.525,9,16.9444444444444,"Random",3,"Hymenoptera"
"28_Sutter_14_2013",1.572,10,15.72,"Random",3,"Hymenoptera"
"28_Sutter_17_2013",2.617,15,17.4466666666667,"Random",3,"Hymenoptera"
"28_Sutter_19_2013",3.328,18,18.4888888888889,"Random",3,"Hymenoptera"
"28_Sutter_1_2013",2.766,12,23.05,"Random",3,"Hymenoptera"
"28_Sutter_20_2013",3.257,13,25.0538461538462,"Random",3,"Hymenoptera"
"28_Sutter_21_2013",2.196,14,15.6857142857143,"Random",3,"Hymenoptera"
"28_Sutter_2_2013",2.385,13,18.3461538461538,"Random",3,"Hymenoptera"
"28_Sutter_3_2013",2.246,19,11.8210526315789,"Random",3,"Hymenoptera"
"28_Sutter_5_2013",2.871,21,13.6714285714286,"Random",3,"Hymenoptera"
"28_Sutter_8_2013",2.601,15,17.34,"Random",3,"Hymenoptera"
"28_Sutter_8_2014",2.95,17,17.3529411764706,"Random",3,"Hymenoptera"
"29_Magrach_Gibraleon_2011",4.875,20,24.375,"Random",3,"Hymenoptera"
"29_Magrach_Gravera_2011",4.002,22,18.1909090909091,"Random",3,"Hymenoptera"
"29_Magrach_Niebla_2011",4.903,22,22.2863636363636,"Random",3,"Hymenoptera"
"29_Magrach_Niebla_2012",5.333,24,22.2208333333333,"Random",3,"Hymenoptera"
"29_Magrach_Villablanca_2011",3.699,16,23.11875,"Random",3,"Hymenoptera"
"2_Petanidou_Armolia_2015",5.733,46,12.4630434782609,"Random",3,"Hymenoptera"
"2_Petanidou_Emborios_2015",11.727,58,20.2189655172414,"Random",3,"Hymenoptera"
"2_Petanidou_Gridia_2015",6.907,54,12.7907407407407,"Random",3,"Hymenoptera"
"2_Petanidou_Kato Fana_2015",9.597,40,23.9925,"Random",3,"Hymenoptera"
"2_Petanidou_Palios Katarraktis_2015",4.351,48,9.06458333333333,"Random",3,"Hymenoptera"
"2_Petanidou_Vessa 2_2015",9.723,67,14.5119402985075,"Random",3,"Hymenoptera"
"30_Smith_lsk48_2012",0.967,11,8.79090909090909,"Random",3,"Hymenoptera"
"30_Smith_lsk57_2011",1.548,10,15.48,"Random",3,"Hymenoptera"
"30_Smith_lsk73_2012",0.565,7,8.07142857142857,"Random",3,"Hymenoptera"
"30_Smith_lsk74_2012",0.878,14,6.27142857142857,"Random",3,"Hymenoptera"
"30_Smith_lsk77_2011",2.836,13,21.8153846153846,"Random",3,"Hymenoptera"
"30_Smith_lsk77_2012",1.155,12,9.625,"Random",3,"Hymenoptera"
"31_Roberts_Hunt_2013",1.524,11,13.8545454545455,"Random",3,"Hymenoptera"
"31_Roberts_Jefferies_2013",1.82,9,20.2222222222222,"Random",3,"Hymenoptera"
"31_Roberts_Livingstone_far_2012",1.427,9,15.8555555555556,"Random",3,"Hymenoptera"
"31_Roberts_Livingstone_house_2012",1.337,10,13.37,"Random",3,"Hymenoptera"
"31_Roberts_Mearns_2013",2.442,15,16.28,"Random",3,"Hymenoptera"
"31_Roberts_White_left_2012",1.87,15,12.4666666666667,"Random",3,"Hymenoptera"
"36_Larkin_Barracks.Lyan.Co.Clare_13.2017_GS1",2.141,5,42.82,"Random",3,"Hymenoptera"
"36_Larkin_Glencolumbkille.South.Carron.Co.Clare_20.2017_GS1",3.626,8,45.325,"Random",3,"Hymenoptera"
"37_White_An",4.623,11,42.0272727272727,"Random",3,"Hymenoptera"
"37_White_Bl",3.656,7,52.2285714285714,"Random",3,"Hymenoptera"
"37_White_Bn",3.219,12,26.825,"Random",3,"Hymenoptera"
"37_White_CW",2.674,10,26.74,"Random",3,"Hymenoptera"
"37_White_Ce",2.683,7,38.3285714285714,"Random",3,"Hymenoptera"
"37_White_Cn",3.646,13,28.0461538461538,"Random",3,"Hymenoptera"
"37_White_ED",3.269,8,40.8625,"Random",3,"Hymenoptera"
"37_White_Fs",4.754,8,59.425,"Random",3,"Hymenoptera"
"37_White_JK",3.857,11,35.0636363636364,"Random",3,"Hymenoptera"
"37_White_Kr",4.17,8,52.125,"Random",3,"Hymenoptera"
"37_White_ND",4.145,8,51.8125,"Random",3,"Hymenoptera"
"37_White_NG",2.91,9,32.3333333333333,"Random",3,"Hymenoptera"
"37_White_Pn",4.403,9,48.9222222222222,"Random",3,"Hymenoptera"
"37_White_WD",2.23,10,22.3,"Random",3,"Hymenoptera"
"38_Maurer_A1",2.336,20,11.68,"Random",3,"Hymenoptera"
"38_Maurer_A2",3.16,29,10.8965517241379,"Random",3,"Hymenoptera"
"38_Maurer_A3",2.512,22,11.4181818181818,"Random",3,"Hymenoptera"
"38_Maurer_A4",2.827,21,13.4619047619048,"Random",3,"Hymenoptera"
"38_Maurer_R1",3.163,31,10.2032258064516,"Random",3,"Hymenoptera"
"38_Maurer_R2",4.124,37,11.1459459459459,"Random",3,"Hymenoptera"
"38_Maurer_R3",2.827,41,6.89512195121951,"Random",3,"Hymenoptera"
"38_Maurer_R4",2.088,30,6.96,"Random",3,"Hymenoptera"
"38_Maurer_U2",3.274,49,6.68163265306122,"Random",3,"Hymenoptera"
"38_Maurer_U3",2.687,39,6.88974358974359,"Random",3,"Hymenoptera"
"39_Schweiger_I1_ruderal_1_2021",3.546,16,22.1625,"Random",3,"Hymenoptera"
"39_Schweiger_I2_semi.natural.grass_5_2021",4.949,25,19.796,"Random",3,"Hymenoptera"
"39_Schweiger_I2_woodland.scrub_1_2021",3.743,19,19.7,"Random",3,"Hymenoptera"
"39_Schweiger_I4_woodland.scrub_3_2021",3.213,17,18.9,"Random",3,"Hymenoptera"
"39_Schweiger_R1_semi.natural.grass_4_2021",5.929,20,29.645,"Random",3,"Hymenoptera"
"39_Schweiger_R4_semi.natural.grass_2_2021",6.267,17,36.8647058823529,"Random",3,"Hymenoptera"
"40_Knight_Ghe_ari_2017",9.454,41,23.0585365853659,"Random",3,"Hymenoptera"
"41_Knight_1 wooded meadow_2018",2.081,14,14.8642857142857,"Random",3,"Hymenoptera"
"41_Knight_2 alvar pasture_2018",1.281,7,18.3,"Random",3,"Hymenoptera"
"41_Knight_3 alvar pasture_2018",2.476,13,19.0461538461538,"Random",3,"Hymenoptera"
"41_Knight_4 wooded meadow_2018",1.459,10,14.59,"Random",3,"Hymenoptera"
"41_Knight_5 wooded meadow_2018",2.526,14,18.0428571428571,"Random",3,"Hymenoptera"
"41_Knight_6 alvar pasture_2018",1.98,11,18,"Random",3,"Hymenoptera"
"42_Knight_M1Restored_2019",1.464,13,11.2615384615385,"Random",3,"Hymenoptera"
"42_Knight_M2Natural_2019",1.019,7,14.5571428571429,"Random",3,"Hymenoptera"
"42_Knight_M3Natural_2019",0.509,4,12.725,"Random",3,"Hymenoptera"
"42_Knight_M4Restored_2019",0.632,5,12.64,"Random",3,"Hymenoptera"
"42_Knight_M5Restored_2019",0.596,6,9.93333333333333,"Random",3,"Hymenoptera"
"42_Knight_M6Natural_2019",1.399,14,9.99285714285714,"Random",3,"Hymenoptera"
"42_Knight_M8Restored_2019",0.64,5,12.8,"Random",3,"Hymenoptera"
"44_Knight_M11_2018",2.311,25,9.244,"Random",3,"Hymenoptera"
"44_Knight_M12_2018",2.818,23,12.2521739130435,"Random",3,"Hymenoptera"
"44_Knight_M13_2018",1.034,4,25.85,"Random",3,"Hymenoptera"
"44_Knight_M15_2018",2.324,22,10.5636363636364,"Random",3,"Hymenoptera"
"44_Knight_M16_2018",2.316,18,12.8666666666667,"Random",3,"Hymenoptera"
"44_Knight_M17_2018",2.304,21,10.9714285714286,"Random",3,"Hymenoptera"
"44_Knight_M18_2018",3.048,23,13.2521739130435,"Random",3,"Hymenoptera"
"44_Knight_M1_2018",3.316,17,19.5058823529412,"Random",3,"Hymenoptera"
"44_Knight_M3_2018",3.93,40,9.825,"Random",3,"Hymenoptera"
"44_Knight_M4_2018",2.689,26,10.3423076923077,"Random",3,"Hymenoptera"
"44_Knight_M6_2018",1.561,22,7.09545454545454,"Random",3,"Hymenoptera"
"44_Knight_M8_2018",2.012,20,10.06,"Random",3,"Hymenoptera"
"45_Knight_Hermanovice_meadow_2018",1.532,11,13.9272727272727,"Random",3,"Hymenoptera"
"45_Knight_HorniGrunt_meadow_2018",0.861,5,17.22,"Random",3,"Hymenoptera"
"45_Knight_Mnichov_meadow_2018",1.758,11,15.9818181818182,"Random",3,"Hymenoptera"
"46_Knight_Gora_Gipsowa_2018",0.992,11,9.01818181818182,"Random",3,"Hymenoptera"
"47_Benadi_1",2.858,26,10.9923076923077,"Random",3,"Hymenoptera"
"47_Benadi_2",2.861,22,13.0045454545455,"Random",3,"Hymenoptera"
"47_Benadi_3",2.648,22,12.0363636363636,"Random",3,"Hymenoptera"
"47_Benadi_4",1.854,13,14.2615384615385,"Random",3,"Hymenoptera"
"47_Benadi_5",2.012,18,11.1777777777778,"Random",3,"Hymenoptera"
"47_Benadi_6",1.389,16,8.68125,"Random",3,"Hymenoptera"
"4_Marini_UNIPD01 A_2018",7.864,43,18.2883720930233,"Random",3,"Hymenoptera"
"4_Marini_UNIPD01 An_2018",5.709,32,17.840625,"Random",3,"Hymenoptera"
"4_Marini_UNIPD01 B_2018",5.926,34,17.4294117647059,"Random",3,"Hymenoptera"
"4_Marini_UNIPD01 Bn_2018",7.286,51,14.2862745098039,"Random",3,"Hymenoptera"
"4_Marini_UNIPD01 C_2018",5.717,30,19.0566666666667,"Random",3,"Hymenoptera"
"4_Marini_UNIPD01 Cn_2018",4.518,27,16.7333333333333,"Random",3,"Hymenoptera"
"4_Marini_UNIPD01 E_2018",4.792,32,14.975,"Random",3,"Hymenoptera"
"4_Marini_UNIPD01 En_2018",3.599,29,12.4103448275862,"Random",3,"Hymenoptera"
"4_Marini_UNIPD01 F_2018",2.994,14,21.3857142857143,"Random",3,"Hymenoptera"
"4_Marini_UNIPD01 Fn_2018",3.991,22,18.1409090909091,"Random",3,"Hymenoptera"
"4_Marini_UNIPD01 G_2018",6.892,32,21.5375,"Random",3,"Hymenoptera"
"4_Marini_UNIPD01 Gn_2018",5.019,27,18.5888888888889,"Random",3,"Hymenoptera"
"4_Marini_UNIPD01 H_2018",4.313,34,12.6852941176471,"Random",3,"Hymenoptera"
"4_Marini_UNIPD01 Hn_2018",4.002,26,15.3923076923077,"Random",3,"Hymenoptera"
"4_Marini_UNIPD01 I_2018",6.338,33,19.2060606060606,"Random",3,"Hymenoptera"
"4_Marini_UNIPD01 In_2018",8.428,58,14.5310344827586,"Random",3,"Hymenoptera"
"50_Hervias-Parejo_Cala Tirant_2021",9.514,33,28.830303030303,"Random",3,"Hymenoptera"
"50_Hervias-Parejo_Llucalari_2021",10.69,28,38.1785714285714,"Random",3,"Hymenoptera"
"50_Hervias-Parejo_Sa Bassa_2021",7.524,32,23.5125,"Random",3,"Hymenoptera"
"50_Hervias-Parejo_Salinas_2021",6.068,33,18.3878787878788,"Random",3,"Hymenoptera"
"50_Hervias-Parejo_Torre Fornells_2021",7.465,34,21.9558823529412,"Random",3,"Hymenoptera"
"50_Hervias-Parejo_coast Son Bou_2021",6.681,22,30.3681818181818,"Random",3,"Hymenoptera"
"51_Petanidou_Pyrgos_2013",5.564,38,14.6421052631579,"Random",3,"Hymenoptera"
"51_Petanidou_Sigri 3_2012",4.644,38,12.2210526315789,"Random",3,"Hymenoptera"
"54_Lazaro_AloeVera_2018_2018",4.034,14,28.8142857142857,"Random",3,"Hymenoptera"
"54_Lazaro_SonBaco_2018_2018",6.269,21,29.852380952381,"Random",3,"Hymenoptera"
"54_Lazaro_SonMutNou_2018_2018",6.526,19,34.3473684210526,"Random",3,"Hymenoptera"
"54_Lazaro_UIB_2018_2018",6.374,31,20.5612903225806,"Random",3,"Hymenoptera"
"5_Marini_UNIPD02 AA_2019",3.669,14,26.2071428571429,"Random",3,"Hymenoptera"
"5_Marini_UNIPD02 AB_2019",1.113,3,37.1,"Random",3,"Hymenoptera"
"5_Marini_UNIPD02 AC_2019",1.459,6,24.3166666666667,"Random",3,"Hymenoptera"
"5_Marini_UNIPD02 AD_2019",1.936,6,32.2666666666667,"Random",3,"Hymenoptera"
"5_Marini_UNIPD02 AE_2019",3.17,14,22.6428571428571,"Random",3,"Hymenoptera"
"5_Marini_UNIPD02 AF_2019",2.736,10,27.36,"Random",3,"Hymenoptera"
"5_Marini_UNIPD02 AG_2019",3.887,17,22.8647058823529,"Random",3,"Hymenoptera"
"5_Marini_UNIPD02 AH_2019",2.217,14,15.8357142857143,"Random",3,"Hymenoptera"
"5_Marini_UNIPD02 AI_2019",2.196,9,24.4,"Random",3,"Hymenoptera"
"5_Marini_UNIPD02 AJ_2019",7.487,17,44.0411764705882,"Random",3,"Hymenoptera"
"5_Marini_UNIPD02 AK_2019",3.805,9,42.2777777777778,"Random",3,"Hymenoptera"
"5_Marini_UNIPD02 AL_2019",2.19,15,14.6,"Random",3,"Hymenoptera"
"5_Marini_UNIPD02 AM_2019",2.899,16,18.11875,"Random",3,"Hymenoptera"
"5_Marini_UNIPD02 AN_2019",3.419,9,37.9888888888889,"Random",3,"Hymenoptera"
"5_Marini_UNIPD02 AO_2019",2.257,9,25.0777777777778,"Random",3,"Hymenoptera"
"5_Marini_UNIPD02 AP_2019",1.66,7,23.7142857142857,"Random",3,"Hymenoptera"
"5_Marini_UNIPD02 AQ_2019",3.796,9,42.1777777777778,"Random",3,"Hymenoptera"
"5_Marini_UNIPD02 AS_2019",3.893,14,27.8071428571429,"Random",3,"Hymenoptera"
"5_Marini_UNIPD02 AT_2019",3.977,15,26.5133333333333,"Random",3,"Hymenoptera"
"5_Marini_UNIPD02 AV_2019",2.568,5,51.36,"Random",3,"Hymenoptera"
"5_Marini_UNIPD02 A_2019",6.716,25,26.864,"Random",3,"Hymenoptera"
"5_Marini_UNIPD02 B_2019",4.069,22,18.4954545454545,"Random",3,"Hymenoptera"
"5_Marini_UNIPD02 C_2019",4.984,20,24.92,"Random",3,"Hymenoptera"
"5_Marini_UNIPD02 D_2019",3.531,11,32.1,"Random",3,"Hymenoptera"
"5_Marini_UNIPD02 E_2019",5.86,19,30.8421052631579,"Random",3,"Hymenoptera"
"5_Marini_UNIPD02 G_2019",2.957,15,19.7133333333333,"Random",3,"Hymenoptera"
"5_Marini_UNIPD02 H_2019",4.149,16,25.93125,"Random",3,"Hymenoptera"
"5_Marini_UNIPD02 I_2019",2.818,10,28.18,"Random",3,"Hymenoptera"
"5_Marini_UNIPD02 K_2019",5.836,22,26.5272727272727,"Random",3,"Hymenoptera"
"5_Marini_UNIPD02 L_2019",1.902,7,27.1714285714286,"Random",3,"Hymenoptera"
"5_Marini_UNIPD02 M_2019",2.619,15,17.46,"Random",3,"Hymenoptera"
"5_Marini_UNIPD02 N_2019",1.577,6,26.2833333333333,"Random",3,"Hymenoptera"
"5_Marini_UNIPD02 O_2019",2.011,7,28.7285714285714,"Random",3,"Hymenoptera"
"5_Marini_UNIPD02 P_2019",1.239,7,17.7,"Random",3,"Hymenoptera"
"5_Marini_UNIPD02 Q_2019",2.837,12,23.6416666666667,"Random",3,"Hymenoptera"
"5_Marini_UNIPD02 S_2019",4.149,20,20.745,"Random",3,"Hymenoptera"
"5_Marini_UNIPD02 T_2019",2.038,9,22.6444444444444,"Random",3,"Hymenoptera"
"5_Marini_UNIPD02 U_2019",2.292,13,17.6307692307692,"Random",3,"Hymenoptera"
"5_Marini_UNIPD02 V_2019",3.148,17,18.5176470588235,"Random",3,"Hymenoptera"
"5_Marini_UNIPD02 W_2019",4.623,23,20.1,"Random",3,"Hymenoptera"
"5_Marini_UNIPD02 X_2019",3.024,16,18.9,"Random",3,"Hymenoptera"
"5_Marini_UNIPD02 Y_2019",4.014,17,23.6117647058824,"Random",3,"Hymenoptera"
"5_Marini_UNIPD02 Z_2019",4.219,18,23.4388888888889,"Random",3,"Hymenoptera"
"6_Marini_UNIPD03 CD13_2020",7.32,20,36.6,"Random",3,"Hymenoptera"
"6_Marini_UNIPD03 CD14_2020",6.923,22,31.4681818181818,"Random",3,"Hymenoptera"
"6_Marini_UNIPD03 CD15_2020",8.154,30,27.18,"Random",3,"Hymenoptera"
"6_Marini_UNIPD03 CD16_2020",9.843,43,22.8906976744186,"Random",3,"Hymenoptera"
"6_Marini_UNIPD03 CD17_2020",8.984,40,22.46,"Random",3,"Hymenoptera"
"6_Marini_UNIPD03 CD20_2020",8.896,32,27.8,"Random",3,"Hymenoptera"
"6_Marini_UNIPD03 CD22_2020",4.831,15,32.2066666666667,"Random",3,"Hymenoptera"
"6_Marini_UNIPD03 CD23_2020",7.145,24,29.7708333333333,"Random",3,"Hymenoptera"
"6_Marini_UNIPD03 CD26_2020",6.328,20,31.64,"Random",3,"Hymenoptera"
"6_Marini_UNIPD03 CD27_2020",7.086,25,28.344,"Random",3,"Hymenoptera"
"6_Marini_UNIPD03 CD28_2020",6.635,26,25.5192307692308,"Random",3,"Hymenoptera"
"6_Marini_UNIPD03 CD29_2020",6.927,22,31.4863636363636,"Random",3,"Hymenoptera"
"6_Marini_UNIPD03 CD2_2020",7.982,19,42.0105263157895,"Random",3,"Hymenoptera"
"6_Marini_UNIPD03 CD34_2020",11.272,36,31.3111111111111,"Random",3,"Hymenoptera"
"6_Marini_UNIPD03 D11_2020",9.263,22,42.1045454545455,"Random",3,"Hymenoptera"
"6_Marini_UNIPD03 D17_2020",8.785,20,43.925,"Random",3,"Hymenoptera"
"6_Marini_UNIPD03 D21_2020",8.357,18,46.4277777777778,"Random",3,"Hymenoptera"
"6_Marini_UNIPD03 D24_2020",7.765,20,38.825,"Random",3,"Hymenoptera"
"6_Marini_UNIPD03 D28_2020",4.389,21,20.9,"Random",3,"Hymenoptera"
"6_Marini_UNIPD03 D29_2020",7.56,23,32.8695652173913,"Random",3,"Hymenoptera"
"6_Marini_UNIPD03 D34_2020",11.327,30,37.7566666666667,"Random",3,"Hymenoptera"
"6_Marini_UNIPD03 D35_2020",6.374,18,35.4111111111111,"Random",3,"Hymenoptera"
"6_Marini_UNIPD03 D5_2020",7.14,23,31.0434782608696,"Random",3,"Hymenoptera"
"6_Marini_UNIPD03 D8_2020",5.482,13,42.1692307692308,"Random",3,"Hymenoptera"
"6_Marini_UNIPD03 E14_2020",6.446,21,30.6952380952381,"Random",3,"Hymenoptera"
"6_Marini_UNIPD03 E19_2020",5.605,16,35.03125,"Random",3,"Hymenoptera"
"6_Marini_UNIPD03 E25_2020",4.462,13,34.3230769230769,"Random",3,"Hymenoptera"
"6_Marini_UNIPD03 E26_2020",9.852,30,32.84,"Random",3,"Hymenoptera"
"6_Marini_UNIPD03 E31_2020",7.137,16,44.60625,"Random",3,"Hymenoptera"
"6_Marini_UNIPD03 E32_2020",4.411,14,31.5071428571429,"Random",3,"Hymenoptera"
"6_Marini_UNIPD03 E33_2020",9.327,30,31.09,"Random",3,"Hymenoptera"
"6_Marini_UNIPD03 E35_2020",8.734,25,34.936,"Random",3,"Hymenoptera"
"6_Marini_UNIPD03 E36_2020",13.529,32,42.278125,"Random",3,"Hymenoptera"
"7_Scheper_Chize_10_Field_boundary_2015",1.359,19,7.15263157894737,"Random",3,"Hymenoptera"
"7_Scheper_Chize_12_Field_boundary_2015",3.703,30,12.3433333333333,"Random",3,"Hymenoptera"
"7_Scheper_Chize_14_Field_boundary_2015",2.137,34,6.28529411764706,"Random",3,"Hymenoptera"
"7_Scheper_Chize_19_Field_boundary_2015",3.229,20,16.145,"Random",3,"Hymenoptera"
"7_Scheper_Chize_1_Field_boundary_2015",3.536,18,19.6444444444444,"Random",3,"Hymenoptera"
"7_Scheper_Chize_1_Grassland_2015",5.444,20,27.22,"Random",3,"Hymenoptera"
"7_Scheper_Chize_25_Field_boundary_2015",2.496,20,12.48,"Random",3,"Hymenoptera"
"7_Scheper_Chize_4_Field_boundary_2015",2.638,17,15.5176470588235,"Random",3,"Hymenoptera"
"7_Scheper_Chize_5_Field_boundary_2015",1.808,16,11.3,"Random",3,"Hymenoptera"
"7_Scheper_Chize_6_Field_boundary_2015",4.366,27,16.1703703703704,"Random",3,"Hymenoptera"
"11_Clough_ASK_2021_2021",4,5,80,"Abundance",10,"Diptera"
"11_Clough_HAM_2021_2021",15,19,78.9473684210526,"Abundance",10,"Diptera"
"11_Clough_KOM_2021_2021",5,5,100,"Abundance",10,"Diptera"
"11_Clough_LOB_2021_2021",4,7,57.1428571428571,"Abundance",10,"Diptera"
"11_Clough_PET_2021_2021",7,11,63.6363636363636,"Abundance",10,"Diptera"
"11_Clough_TAG_2021_2021",11,13,84.6153846153846,"Abundance",10,"Diptera"
"12_Ockinger_Norrang_Ryckelsby_Og",12,15,80,"Abundance",10,"Diptera"
"12_Ockinger_Sattra_Og",3,7,42.8571428571429,"Abundance",10,"Diptera"
"12_Ockinger_St_Tadinge",3,5,60,"Abundance",10,"Diptera"
"12_Ockinger_Tjalinge_Skogstibble",2,6,33.3333333333333,"Abundance",10,"Diptera"
"20_Hoiss_H5_2010",49,58,84.4827586206897,"Abundance",10,"Diptera"
"20_Hoiss_H6_2010",20,27,74.0740740740741,"Abundance",10,"Diptera"
"20_Hoiss_H7_2010",22,32,68.75,"Abundance",10,"Diptera"
"20_Hoiss_HO1_2010",18,30,60,"Abundance",10,"Diptera"
"20_Hoiss_HO5_2010",38,46,82.6086956521739,"Abundance",10,"Diptera"
"20_Hoiss_T4_2010",15,35,42.8571428571429,"Abundance",10,"Diptera"
"28_Sutter_10_2013",1,1,100,"Abundance",10,"Diptera"
"28_Sutter_11_2013",1,1,100,"Abundance",10,"Diptera"
"28_Sutter_12_2013",1,1,100,"Abundance",10,"Diptera"
"28_Sutter_13_2013",1,1,100,"Abundance",10,"Diptera"
"28_Sutter_13_2014",1,1,100,"Abundance",10,"Diptera"
"28_Sutter_14_2013",1,1,100,"Abundance",10,"Diptera"
"28_Sutter_17_2013",1,1,100,"Abundance",10,"Diptera"
"28_Sutter_19_2013",1,1,100,"Abundance",10,"Diptera"
"28_Sutter_1_2013",1,1,100,"Abundance",10,"Diptera"
"28_Sutter_20_2013",1,1,100,"Abundance",10,"Diptera"
"28_Sutter_21_2013",1,1,100,"Abundance",10,"Diptera"
"28_Sutter_2_2013",1,1,100,"Abundance",10,"Diptera"
"28_Sutter_3_2013",1,1,100,"Abundance",10,"Diptera"
"28_Sutter_5_2013",1,1,100,"Abundance",10,"Diptera"
"28_Sutter_8_2013",1,1,100,"Abundance",10,"Diptera"
"28_Sutter_8_2014",1,1,100,"Abundance",10,"Diptera"
"29_Magrach_Gibraleon_2011",4,7,57.1428571428571,"Abundance",10,"Diptera"
"29_Magrach_Gravera_2011",1,3,33.3333333333333,"Abundance",10,"Diptera"
"29_Magrach_Niebla_2011",9,9,100,"Abundance",10,"Diptera"
"29_Magrach_Niebla_2012",1,2,50,"Abundance",10,"Diptera"
"29_Magrach_Villablanca_2011",6,6,100,"Abundance",10,"Diptera"
"2_Petanidou_Armolia_2015",10,11,90.9090909090909,"Abundance",10,"Diptera"
"2_Petanidou_Emborios_2015",8,8,100,"Abundance",10,"Diptera"
"2_Petanidou_Gridia_2015",7,9,77.7777777777778,"Abundance",10,"Diptera"
"2_Petanidou_Kato Fana_2015",9,10,90,"Abundance",10,"Diptera"
"2_Petanidou_Palios Katarraktis_2015",12,13,92.3076923076923,"Abundance",10,"Diptera"
"2_Petanidou_Vessa 2_2015",11,14,78.5714285714286,"Abundance",10,"Diptera"
"30_Smith_lsk48_2012",5,11,45.4545454545455,"Abundance",10,"Diptera"
"30_Smith_lsk57_2011",7,10,70,"Abundance",10,"Diptera"
"30_Smith_lsk73_2012",9,12,75,"Abundance",10,"Diptera"
"30_Smith_lsk74_2012",7,12,58.3333333333333,"Abundance",10,"Diptera"
"30_Smith_lsk77_2011",4,6,66.6666666666667,"Abundance",10,"Diptera"
"30_Smith_lsk77_2012",7,13,53.8461538461538,"Abundance",10,"Diptera"
"31_Roberts_Hunt_2013",1,1,100,"Abundance",10,"Diptera"
"31_Roberts_Jefferies_2013",3,4,75,"Abundance",10,"Diptera"
"31_Roberts_Livingstone_far_2012",1,3,33.3333333333333,"Abundance",10,"Diptera"
"31_Roberts_Livingstone_house_2012",3,4,75,"Abundance",10,"Diptera"
"31_Roberts_Mearns_2013",4,4,100,"Abundance",10,"Diptera"
"31_Roberts_White_left_2012",1,4,25,"Abundance",10,"Diptera"
"36_Larkin_Barracks.Lyan.Co.Clare_13.2017_GS1",5,6,83.3333333333333,"Abundance",10,"Diptera"
"36_Larkin_Glencolumbkille.South.Carron.Co.Clare_20.2017_GS1",5,5,100,"Abundance",10,"Diptera"
"37_White_An",9,10,90,"Abundance",10,"Diptera"
"37_White_Bl",11,15,73.3333333333333,"Abundance",10,"Diptera"
"37_White_Bn",11,13,84.6153846153846,"Abundance",10,"Diptera"
"37_White_CW",18,21,85.7142857142857,"Abundance",10,"Diptera"
"37_White_Ce",8,11,72.7272727272727,"Abundance",10,"Diptera"
"37_White_Cn",9,18,50,"Abundance",10,"Diptera"
"37_White_ED",10,10,100,"Abundance",10,"Diptera"
"37_White_Fs",8,11,72.7272727272727,"Abundance",10,"Diptera"
"37_White_JK",5,12,41.6666666666667,"Abundance",10,"Diptera"
"37_White_Kr",4,7,57.1428571428571,"Abundance",10,"Diptera"
"37_White_ND",8,12,66.6666666666667,"Abundance",10,"Diptera"
"37_White_NG",14,15,93.3333333333333,"Abundance",10,"Diptera"
"37_White_Pn",1,7,14.2857142857143,"Abundance",10,"Diptera"
"37_White_WD",12,13,92.3076923076923,"Abundance",10,"Diptera"
"38_Maurer_A1",4,7,57.1428571428571,"Abundance",10,"Diptera"
"38_Maurer_A2",4,11,36.3636363636364,"Abundance",10,"Diptera"
"38_Maurer_A3",3,9,33.3333333333333,"Abundance",10,"Diptera"
"38_Maurer_A4",7,10,70,"Abundance",10,"Diptera"
"38_Maurer_R1",7,11,63.6363636363636,"Abundance",10,"Diptera"
"38_Maurer_R2",6,14,42.8571428571429,"Abundance",10,"Diptera"
"38_Maurer_R3",3,7,42.8571428571429,"Abundance",10,"Diptera"
"38_Maurer_R4",3,7,42.8571428571429,"Abundance",10,"Diptera"
"38_Maurer_U3",3,10,30,"Abundance",10,"Diptera"
"39_Schweiger_I1_ruderal_1_2021",2,4,50,"Abundance",10,"Diptera"
"39_Schweiger_I2_semi.natural.grass_5_2021",1,2,50,"Abundance",10,"Diptera"
"39_Schweiger_I2_woodland.scrub_1_2021",2,3,66.6666666666667,"Abundance",10,"Diptera"
"39_Schweiger_I4_woodland.scrub_3_2021",3,4,75,"Abundance",10,"Diptera"
"39_Schweiger_R1_semi.natural.grass_4_2021",3,3,100,"Abundance",10,"Diptera"
"39_Schweiger_R4_semi.natural.grass_2_2021",7,8,87.5,"Abundance",10,"Diptera"
"40_Knight_Ghe_ari_2017",46,61,75.4098360655738,"Abundance",10,"Diptera"
"41_Knight_1 wooded meadow_2018",17,21,80.9523809523809,"Abundance",10,"Diptera"
"41_Knight_2 alvar pasture_2018",5,6,83.3333333333333,"Abundance",10,"Diptera"
"41_Knight_3 alvar pasture_2018",18,19,94.7368421052632,"Abundance",10,"Diptera"
"41_Knight_4 wooded meadow_2018",7,7,100,"Abundance",10,"Diptera"
"41_Knight_5 wooded meadow_2018",14,22,63.6363636363636,"Abundance",10,"Diptera"
"41_Knight_6 alvar pasture_2018",3,8,37.5,"Abundance",10,"Diptera"
"42_Knight_M1Restored_2019",5,5,100,"Abundance",10,"Diptera"
"42_Knight_M2Natural_2019",2,2,100,"Abundance",10,"Diptera"
"42_Knight_M3Natural_2019",6,8,75,"Abundance",10,"Diptera"
"42_Knight_M4Restored_2019",6,7,85.7142857142857,"Abundance",10,"Diptera"
"42_Knight_M5Restored_2019",2,6,33.3333333333333,"Abundance",10,"Diptera"
"42_Knight_M6Natural_2019",12,15,80,"Abundance",10,"Diptera"
"42_Knight_M8Restored_2019",6,7,85.7142857142857,"Abundance",10,"Diptera"
"44_Knight_M11_2018",4,5,80,"Abundance",10,"Diptera"
"44_Knight_M12_2018",20,26,76.9230769230769,"Abundance",10,"Diptera"
"44_Knight_M13_2018",15,16,93.75,"Abundance",10,"Diptera"
"44_Knight_M15_2018",23,29,79.3103448275862,"Abundance",10,"Diptera"
"44_Knight_M16_2018",22,28,78.5714285714286,"Abundance",10,"Diptera"
"44_Knight_M17_2018",7,15,46.6666666666667,"Abundance",10,"Diptera"
"44_Knight_M18_2018",14,18,77.7777777777778,"Abundance",10,"Diptera"
"44_Knight_M1_2018",14,14,100,"Abundance",10,"Diptera"
"44_Knight_M3_2018",6,17,35.2941176470588,"Abundance",10,"Diptera"
"44_Knight_M4_2018",22,24,91.6666666666667,"Abundance",10,"Diptera"
"44_Knight_M6_2018",1,8,12.5,"Abundance",10,"Diptera"
"44_Knight_M8_2018",6,13,46.1538461538462,"Abundance",10,"Diptera"
"45_Knight_Hermanovice_meadow_2018",18,28,64.2857142857143,"Abundance",10,"Diptera"
"45_Knight_HorniGrunt_meadow_2018",19,23,82.6086956521739,"Abundance",10,"Diptera"
"45_Knight_Mnichov_meadow_2018",14,26,53.8461538461538,"Abundance",10,"Diptera"
"46_Knight_Gora_Gipsowa_2018",5,18,27.7777777777778,"Abundance",10,"Diptera"
"47_Benadi_1",77,131,58.7786259541985,"Abundance",10,"Diptera"
"47_Benadi_2",102,120,85,"Abundance",10,"Diptera"
"47_Benadi_3",95,115,82.6086956521739,"Abundance",10,"Diptera"
"47_Benadi_4",88,118,74.5762711864407,"Abundance",10,"Diptera"
"47_Benadi_5",73,91,80.2197802197802,"Abundance",10,"Diptera"
"47_Benadi_6",53,64,82.8125,"Abundance",10,"Diptera"
"4_Marini_UNIPD01 A_2018",14,16,87.5,"Abundance",10,"Diptera"
"4_Marini_UNIPD01 An_2018",17,20,85,"Abundance",10,"Diptera"
"4_Marini_UNIPD01 B_2018",15,17,88.2352941176471,"Abundance",10,"Diptera"
"4_Marini_UNIPD01 Bn_2018",23,31,74.1935483870968,"Abundance",10,"Diptera"
"4_Marini_UNIPD01 C_2018",15,26,57.6923076923077,"Abundance",10,"Diptera"
"4_Marini_UNIPD01 Cn_2018",20,31,64.5161290322581,"Abundance",10,"Diptera"
"4_Marini_UNIPD01 E_2018",17,26,65.3846153846154,"Abundance",10,"Diptera"
"4_Marini_UNIPD01 En_2018",22,29,75.8620689655172,"Abundance",10,"Diptera"
"4_Marini_UNIPD01 F_2018",13,13,100,"Abundance",10,"Diptera"
"4_Marini_UNIPD01 Fn_2018",4,8,50,"Abundance",10,"Diptera"
"4_Marini_UNIPD01 G_2018",9,15,60,"Abundance",10,"Diptera"
"4_Marini_UNIPD01 Gn_2018",13,16,81.25,"Abundance",10,"Diptera"
"4_Marini_UNIPD01 H_2018",18,50,36,"Abundance",10,"Diptera"
"4_Marini_UNIPD01 Hn_2018",18,46,39.1304347826087,"Abundance",10,"Diptera"
"4_Marini_UNIPD01 I_2018",15,23,65.2173913043478,"Abundance",10,"Diptera"
"4_Marini_UNIPD01 In_2018",21,29,72.4137931034483,"Abundance",10,"Diptera"
"50_Hervias-Parejo_Cala Tirant_2021",24,26,92.3076923076923,"Abundance",10,"Diptera"
"50_Hervias-Parejo_Llucalari_2021",8,11,72.7272727272727,"Abundance",10,"Diptera"
"50_Hervias-Parejo_Sa Bassa_2021",11,18,61.1111111111111,"Abundance",10,"Diptera"
"50_Hervias-Parejo_Salinas_2021",8,18,44.4444444444444,"Abundance",10,"Diptera"
"50_Hervias-Parejo_Torre Fornells_2021",20,29,68.9655172413793,"Abundance",10,"Diptera"
"50_Hervias-Parejo_coast Son Bou_2021",5,8,62.5,"Abundance",10,"Diptera"
"51_Petanidou_Pyrgos_2013",10,16,62.5,"Abundance",10,"Diptera"
"51_Petanidou_Sigri 3_2012",5,5,100,"Abundance",10,"Diptera"
"54_Lazaro_AloeVera_2018_2018",13,13,100,"Abundance",10,"Diptera"
"54_Lazaro_SonBaco_2018_2018",26,29,89.6551724137931,"Abundance",10,"Diptera"
"54_Lazaro_SonMutNou_2018_2018",26,27,96.2962962962963,"Abundance",10,"Diptera"
"54_Lazaro_UIB_2018_2018",9,12,75,"Abundance",10,"Diptera"
"5_Marini_UNIPD02 AA_2019",4,8,50,"Abundance",10,"Diptera"
"5_Marini_UNIPD02 AB_2019",5,9,55.5555555555556,"Abundance",10,"Diptera"
"5_Marini_UNIPD02 AC_2019",8,13,61.5384615384615,"Abundance",10,"Diptera"
"5_Marini_UNIPD02 AD_2019",6,7,85.7142857142857,"Abundance",10,"Diptera"
"5_Marini_UNIPD02 AE_2019",6,16,37.5,"Abundance",10,"Diptera"
"5_Marini_UNIPD02 AF_2019",4,5,80,"Abundance",10,"Diptera"
"5_Marini_UNIPD02 AG_2019",20,29,68.9655172413793,"Abundance",10,"Diptera"
"5_Marini_UNIPD02 AH_2019",11,16,68.75,"Abundance",10,"Diptera"
"5_Marini_UNIPD02 AI_2019",4,5,80,"Abundance",10,"Diptera"
"5_Marini_UNIPD02 AJ_2019",10,10,100,"Abundance",10,"Diptera"
"5_Marini_UNIPD02 AK_2019",3,5,60,"Abundance",10,"Diptera"
"5_Marini_UNIPD02 AL_2019",10,19,52.6315789473684,"Abundance",10,"Diptera"
"5_Marini_UNIPD02 AM_2019",7,13,53.8461538461538,"Abundance",10,"Diptera"
"5_Marini_UNIPD02 AN_2019",10,10,100,"Abundance",10,"Diptera"
"5_Marini_UNIPD02 AO_2019",12,17,70.5882352941177,"Abundance",10,"Diptera"
"5_Marini_UNIPD02 AP_2019",6,9,66.6666666666667,"Abundance",10,"Diptera"
"5_Marini_UNIPD02 AQ_2019",11,15,73.3333333333333,"Abundance",10,"Diptera"
"5_Marini_UNIPD02 AS_2019",8,8,100,"Abundance",10,"Diptera"
"5_Marini_UNIPD02 AT_2019",8,8,100,"Abundance",10,"Diptera"
"5_Marini_UNIPD02 AV_2019",4,4,100,"Abundance",10,"Diptera"
"5_Marini_UNIPD02 A_2019",5,6,83.3333333333333,"Abundance",10,"Diptera"
"5_Marini_UNIPD02 B_2019",4,7,57.1428571428571,"Abundance",10,"Diptera"
"5_Marini_UNIPD02 C_2019",13,14,92.8571428571429,"Abundance",10,"Diptera"
"5_Marini_UNIPD02 D_2019",14,18,77.7777777777778,"Abundance",10,"Diptera"
"5_Marini_UNIPD02 E_2019",12,12,100,"Abundance",10,"Diptera"
"5_Marini_UNIPD02 G_2019",5,6,83.3333333333333,"Abundance",10,"Diptera"
"5_Marini_UNIPD02 H_2019",3,3,100,"Abundance",10,"Diptera"
"5_Marini_UNIPD02 I_2019",13,17,76.4705882352941,"Abundance",10,"Diptera"
"5_Marini_UNIPD02 K_2019",2,2,100,"Abundance",10,"Diptera"
"5_Marini_UNIPD02 L_2019",10,10,100,"Abundance",10,"Diptera"
"5_Marini_UNIPD02 M_2019",13,14,92.8571428571429,"Abundance",10,"Diptera"
"5_Marini_UNIPD02 N_2019",11,12,91.6666666666667,"Abundance",10,"Diptera"
"5_Marini_UNIPD02 O_2019",17,22,77.2727272727273,"Abundance",10,"Diptera"
"5_Marini_UNIPD02 P_2019",11,13,84.6153846153846,"Abundance",10,"Diptera"
"5_Marini_UNIPD02 Q_2019",10,10,100,"Abundance",10,"Diptera"
"5_Marini_UNIPD02 S_2019",9,9,100,"Abundance",10,"Diptera"
"5_Marini_UNIPD02 T_2019",6,6,100,"Abundance",10,"Diptera"
"5_Marini_UNIPD02 U_2019",8,8,100,"Abundance",10,"Diptera"
"5_Marini_UNIPD02 V_2019",12,18,66.6666666666667,"Abundance",10,"Diptera"
"5_Marini_UNIPD02 W_2019",4,6,66.6666666666667,"Abundance",10,"Diptera"
"5_Marini_UNIPD02 X_2019",19,23,82.6086956521739,"Abundance",10,"Diptera"
"5_Marini_UNIPD02 Y_2019",15,17,88.2352941176471,"Abundance",10,"Diptera"
"5_Marini_UNIPD02 Z_2019",4,4,100,"Abundance",10,"Diptera"
"6_Marini_UNIPD03 CD13_2020",5,5,100,"Abundance",10,"Diptera"
"6_Marini_UNIPD03 CD14_2020",8,8,100,"Abundance",10,"Diptera"
"6_Marini_UNIPD03 CD15_2020",12,13,92.3076923076923,"Abundance",10,"Diptera"
"6_Marini_UNIPD03 CD16_2020",8,9,88.8888888888889,"Abundance",10,"Diptera"
"6_Marini_UNIPD03 CD17_2020",11,11,100,"Abundance",10,"Diptera"
"6_Marini_UNIPD03 CD20_2020",9,12,75,"Abundance",10,"Diptera"
"6_Marini_UNIPD03 CD22_2020",9,9,100,"Abundance",10,"Diptera"
"6_Marini_UNIPD03 CD23_2020",13,15,86.6666666666667,"Abundance",10,"Diptera"
"6_Marini_UNIPD03 CD26_2020",6,6,100,"Abundance",10,"Diptera"
"6_Marini_UNIPD03 CD27_2020",8,9,88.8888888888889,"Abundance",10,"Diptera"
"6_Marini_UNIPD03 CD28_2020",14,16,87.5,"Abundance",10,"Diptera"
"6_Marini_UNIPD03 CD29_2020",13,13,100,"Abundance",10,"Diptera"
"6_Marini_UNIPD03 CD2_2020",3,3,100,"Abundance",10,"Diptera"
"6_Marini_UNIPD03 CD34_2020",9,9,100,"Abundance",10,"Diptera"
"6_Marini_UNIPD03 D11_2020",6,6,100,"Abundance",10,"Diptera"
"6_Marini_UNIPD03 D17_2020",6,6,100,"Abundance",10,"Diptera"
"6_Marini_UNIPD03 D21_2020",5,5,100,"Abundance",10,"Diptera"
"6_Marini_UNIPD03 D24_2020",13,13,100,"Abundance",10,"Diptera"
"6_Marini_UNIPD03 D28_2020",11,11,100,"Abundance",10,"Diptera"
"6_Marini_UNIPD03 D29_2020",5,5,100,"Abundance",10,"Diptera"
"6_Marini_UNIPD03 D34_2020",6,7,85.7142857142857,"Abundance",10,"Diptera"
"6_Marini_UNIPD03 D35_2020",6,6,100,"Abundance",10,"Diptera"
"6_Marini_UNIPD03 D5_2020",7,7,100,"Abundance",10,"Diptera"
"6_Marini_UNIPD03 D8_2020",5,5,100,"Abundance",10,"Diptera"
"6_Marini_UNIPD03 E14_2020",8,13,61.5384615384615,"Abundance",10,"Diptera"
"6_Marini_UNIPD03 E19_2020",10,12,83.3333333333333,"Abundance",10,"Diptera"
"6_Marini_UNIPD03 E25_2020",11,11,100,"Abundance",10,"Diptera"
"6_Marini_UNIPD03 E26_2020",14,15,93.3333333333333,"Abundance",10,"Diptera"
"6_Marini_UNIPD03 E31_2020",6,6,100,"Abundance",10,"Diptera"
"6_Marini_UNIPD03 E32_2020",6,6,100,"Abundance",10,"Diptera"
"6_Marini_UNIPD03 E33_2020",10,10,100,"Abundance",10,"Diptera"
"6_Marini_UNIPD03 E35_2020",9,11,81.8181818181818,"Abundance",10,"Diptera"
"6_Marini_UNIPD03 E36_2020",10,10,100,"Abundance",10,"Diptera"
"7_Scheper_Chize_10_Field_boundary_2015",2,3,66.6666666666667,"Abundance",10,"Diptera"
"7_Scheper_Chize_12_Field_boundary_2015",2,4,50,"Abundance",10,"Diptera"
"7_Scheper_Chize_14_Field_boundary_2015",1,4,25,"Abundance",10,"Diptera"
"7_Scheper_Chize_19_Field_boundary_2015",2,2,100,"Abundance",10,"Diptera"
"7_Scheper_Chize_1_Field_boundary_2015",4,4,100,"Abundance",10,"Diptera"
"7_Scheper_Chize_1_Grassland_2015",2,2,100,"Abundance",10,"Diptera"
"7_Scheper_Chize_25_Field_boundary_2015",3,7,42.8571428571429,"Abundance",10,"Diptera"
"7_Scheper_Chize_4_Field_boundary_2015",4,4,100,"Abundance",10,"Diptera"
"7_Scheper_Chize_5_Field_boundary_2015",5,5,100,"Abundance",10,"Diptera"
"7_Scheper_Chize_6_Field_boundary_2015",5,8,62.5,"Abundance",10,"Diptera"
"11_Clough_ASK_2021_2021",4,5,80,"Abundance",5,"Diptera"
"11_Clough_HAM_2021_2021",4,19,21.0526315789474,"Abundance",5,"Diptera"
"11_Clough_KOM_2021_2021",3,5,60,"Abundance",5,"Diptera"
"11_Clough_LOB_2021_2021",4,7,57.1428571428571,"Abundance",5,"Diptera"
"11_Clough_PET_2021_2021",2,11,18.1818181818182,"Abundance",5,"Diptera"
"11_Clough_TAG_2021_2021",2,13,15.3846153846154,"Abundance",5,"Diptera"
"12_Ockinger_Norrang_Ryckelsby_Og",7,15,46.6666666666667,"Abundance",5,"Diptera"
"12_Ockinger_Sattra_Og",2,7,28.5714285714286,"Abundance",5,"Diptera"
"12_Ockinger_St_Tadinge",3,5,60,"Abundance",5,"Diptera"
"12_Ockinger_Tjalinge_Skogstibble",1,6,16.6666666666667,"Abundance",5,"Diptera"
"20_Hoiss_H5_2010",40,58,68.9655172413793,"Abundance",5,"Diptera"
"20_Hoiss_H6_2010",18,27,66.6666666666667,"Abundance",5,"Diptera"
"20_Hoiss_H7_2010",15,32,46.875,"Abundance",5,"Diptera"
"20_Hoiss_HO1_2010",5,30,16.6666666666667,"Abundance",5,"Diptera"
"20_Hoiss_HO5_2010",33,46,71.7391304347826,"Abundance",5,"Diptera"
"20_Hoiss_T4_2010",12,35,34.2857142857143,"Abundance",5,"Diptera"
"28_Sutter_10_2013",1,1,100,"Abundance",5,"Diptera"
"28_Sutter_11_2013",1,1,100,"Abundance",5,"Diptera"
"28_Sutter_12_2013",1,1,100,"Abundance",5,"Diptera"
"28_Sutter_13_2013",1,1,100,"Abundance",5,"Diptera"
"28_Sutter_14_2013",1,1,100,"Abundance",5,"Diptera"
"28_Sutter_17_2013",1,1,100,"Abundance",5,"Diptera"
"28_Sutter_19_2013",1,1,100,"Abundance",5,"Diptera"
"28_Sutter_1_2013",1,1,100,"Abundance",5,"Diptera"
"28_Sutter_20_2013",1,1,100,"Abundance",5,"Diptera"
"28_Sutter_21_2013",1,1,100,"Abundance",5,"Diptera"
"28_Sutter_2_2013",1,1,100,"Abundance",5,"Diptera"
"28_Sutter_3_2013",1,1,100,"Abundance",5,"Diptera"
"28_Sutter_5_2013",1,1,100,"Abundance",5,"Diptera"
"28_Sutter_8_2013",1,1,100,"Abundance",5,"Diptera"
"28_Sutter_8_2014",1,1,100,"Abundance",5,"Diptera"
"29_Magrach_Gibraleon_2011",4,7,57.1428571428571,"Abundance",5,"Diptera"
"29_Magrach_Gravera_2011",1,3,33.3333333333333,"Abundance",5,"Diptera"
"29_Magrach_Niebla_2011",6,9,66.6666666666667,"Abundance",5,"Diptera"
"29_Magrach_Niebla_2012",1,2,50,"Abundance",5,"Diptera"
"29_Magrach_Villablanca_2011",5,6,83.3333333333333,"Abundance",5,"Diptera"
"2_Petanidou_Armolia_2015",5,11,45.4545454545455,"Abundance",5,"Diptera"
"2_Petanidou_Emborios_2015",7,8,87.5,"Abundance",5,"Diptera"
"2_Petanidou_Gridia_2015",3,9,33.3333333333333,"Abundance",5,"Diptera"
"2_Petanidou_Kato Fana_2015",8,10,80,"Abundance",5,"Diptera"
"2_Petanidou_Palios Katarraktis_2015",5,13,38.4615384615385,"Abundance",5,"Diptera"
"2_Petanidou_Vessa 2_2015",6,14,42.8571428571429,"Abundance",5,"Diptera"
"30_Smith_lsk48_2012",4,11,36.3636363636364,"Abundance",5,"Diptera"
"30_Smith_lsk57_2011",2,10,20,"Abundance",5,"Diptera"
"30_Smith_lsk73_2012",6,12,50,"Abundance",5,"Diptera"
"30_Smith_lsk74_2012",7,12,58.3333333333333,"Abundance",5,"Diptera"
"30_Smith_lsk77_2011",2,6,33.3333333333333,"Abundance",5,"Diptera"
"30_Smith_lsk77_2012",7,13,53.8461538461538,"Abundance",5,"Diptera"
"31_Roberts_Hunt_2013",1,1,100,"Abundance",5,"Diptera"
"31_Roberts_Jefferies_2013",3,4,75,"Abundance",5,"Diptera"
"31_Roberts_Livingstone_far_2012",1,3,33.3333333333333,"Abundance",5,"Diptera"
"31_Roberts_Livingstone_house_2012",2,4,50,"Abundance",5,"Diptera"
"31_Roberts_Mearns_2013",4,4,100,"Abundance",5,"Diptera"
"31_Roberts_White_left_2012",1,4,25,"Abundance",5,"Diptera"
"36_Larkin_Barracks.Lyan.Co.Clare_13.2017_GS1",2,6,33.3333333333333,"Abundance",5,"Diptera"
"36_Larkin_Glencolumbkille.South.Carron.Co.Clare_20.2017_GS1",5,5,100,"Abundance",5,"Diptera"
"37_White_An",2,10,20,"Abundance",5,"Diptera"
"37_White_Bl",8,15,53.3333333333333,"Abundance",5,"Diptera"
"37_White_Bn",8,13,61.5384615384615,"Abundance",5,"Diptera"
"37_White_CW",15,21,71.4285714285714,"Abundance",5,"Diptera"
"37_White_Ce",2,11,18.1818181818182,"Abundance",5,"Diptera"
"37_White_Cn",9,18,50,"Abundance",5,"Diptera"
"37_White_ED",5,10,50,"Abundance",5,"Diptera"
"37_White_Fs",6,11,54.5454545454545,"Abundance",5,"Diptera"
"37_White_JK",5,12,41.6666666666667,"Abundance",5,"Diptera"
"37_White_Kr",4,7,57.1428571428571,"Abundance",5,"Diptera"
"37_White_ND",8,12,66.6666666666667,"Abundance",5,"Diptera"
"37_White_NG",4,15,26.6666666666667,"Abundance",5,"Diptera"
"37_White_Pn",1,7,14.2857142857143,"Abundance",5,"Diptera"
"37_White_WD",9,13,69.2307692307692,"Abundance",5,"Diptera"
"38_Maurer_A1",4,7,57.1428571428571,"Abundance",5,"Diptera"
"38_Maurer_A2",4,11,36.3636363636364,"Abundance",5,"Diptera"
"38_Maurer_A3",1,9,11.1111111111111,"Abundance",5,"Diptera"
"38_Maurer_A4",7,10,70,"Abundance",5,"Diptera"
"38_Maurer_R1",6,11,54.5454545454545,"Abundance",5,"Diptera"
"38_Maurer_R2",5,14,35.7142857142857,"Abundance",5,"Diptera"
"38_Maurer_R3",2,7,28.5714285714286,"Abundance",5,"Diptera"
"38_Maurer_R4",2,7,28.5714285714286,"Abundance",5,"Diptera"
"38_Maurer_U3",1,10,10,"Abundance",5,"Diptera"
"39_Schweiger_I2_semi.natural.grass_5_2021",1,2,50,"Abundance",5,"Diptera"
"39_Schweiger_I2_woodland.scrub_1_2021",1,3,33.3333333333333,"Abundance",5,"Diptera"
"39_Schweiger_I4_woodland.scrub_3_2021",2,4,50,"Abundance",5,"Diptera"
"39_Schweiger_R1_semi.natural.grass_4_2021",3,3,100,"Abundance",5,"Diptera"
"39_Schweiger_R4_semi.natural.grass_2_2021",3,8,37.5,"Abundance",5,"Diptera"
"40_Knight_Ghe_ari_2017",35,61,57.3770491803279,"Abundance",5,"Diptera"
"41_Knight_1 wooded meadow_2018",17,21,80.9523809523809,"Abundance",5,"Diptera"
"41_Knight_2 alvar pasture_2018",3,6,50,"Abundance",5,"Diptera"
"41_Knight_3 alvar pasture_2018",17,19,89.4736842105263,"Abundance",5,"Diptera"
"41_Knight_4 wooded meadow_2018",6,7,85.7142857142857,"Abundance",5,"Diptera"
"41_Knight_5 wooded meadow_2018",13,22,59.0909090909091,"Abundance",5,"Diptera"
"41_Knight_6 alvar pasture_2018",1,8,12.5,"Abundance",5,"Diptera"
"42_Knight_M1Restored_2019",5,5,100,"Abundance",5,"Diptera"
"42_Knight_M2Natural_2019",2,2,100,"Abundance",5,"Diptera"
"42_Knight_M3Natural_2019",6,8,75,"Abundance",5,"Diptera"
"42_Knight_M4Restored_2019",1,7,14.2857142857143,"Abundance",5,"Diptera"
"42_Knight_M5Restored_2019",2,6,33.3333333333333,"Abundance",5,"Diptera"
"42_Knight_M6Natural_2019",12,15,80,"Abundance",5,"Diptera"
"42_Knight_M8Restored_2019",6,7,85.7142857142857,"Abundance",5,"Diptera"
"44_Knight_M11_2018",3,5,60,"Abundance",5,"Diptera"
"44_Knight_M12_2018",6,26,23.0769230769231,"Abundance",5,"Diptera"
"44_Knight_M13_2018",15,16,93.75,"Abundance",5,"Diptera"
"44_Knight_M15_2018",20,29,68.9655172413793,"Abundance",5,"Diptera"
"44_Knight_M16_2018",15,28,53.5714285714286,"Abundance",5,"Diptera"
"44_Knight_M17_2018",7,15,46.6666666666667,"Abundance",5,"Diptera"
"44_Knight_M18_2018",11,18,61.1111111111111,"Abundance",5,"Diptera"
"44_Knight_M1_2018",9,14,64.2857142857143,"Abundance",5,"Diptera"
"44_Knight_M3_2018",3,17,17.6470588235294,"Abundance",5,"Diptera"
"44_Knight_M4_2018",20,24,83.3333333333333,"Abundance",5,"Diptera"
"44_Knight_M6_2018",1,8,12.5,"Abundance",5,"Diptera"
"44_Knight_M8_2018",5,13,38.4615384615385,"Abundance",5,"Diptera"
"45_Knight_Hermanovice_meadow_2018",18,28,64.2857142857143,"Abundance",5,"Diptera"
"45_Knight_HorniGrunt_meadow_2018",18,23,78.2608695652174,"Abundance",5,"Diptera"
"45_Knight_Mnichov_meadow_2018",13,26,50,"Abundance",5,"Diptera"
"46_Knight_Gora_Gipsowa_2018",4,18,22.2222222222222,"Abundance",5,"Diptera"
"47_Benadi_1",58,131,44.2748091603053,"Abundance",5,"Diptera"
"47_Benadi_2",93,120,77.5,"Abundance",5,"Diptera"
"47_Benadi_3",79,115,68.695652173913,"Abundance",5,"Diptera"
"47_Benadi_4",69,118,58.4745762711864,"Abundance",5,"Diptera"
"47_Benadi_5",64,91,70.3296703296703,"Abundance",5,"Diptera"
"47_Benadi_6",50,64,78.125,"Abundance",5,"Diptera"
"4_Marini_UNIPD01 A_2018",10,16,62.5,"Abundance",5,"Diptera"
"4_Marini_UNIPD01 An_2018",12,20,60,"Abundance",5,"Diptera"
"4_Marini_UNIPD01 B_2018",14,17,82.3529411764706,"Abundance",5,"Diptera"
"4_Marini_UNIPD01 Bn_2018",15,31,48.3870967741936,"Abundance",5,"Diptera"
"4_Marini_UNIPD01 C_2018",8,26,30.7692307692308,"Abundance",5,"Diptera"
"4_Marini_UNIPD01 Cn_2018",10,31,32.258064516129,"Abundance",5,"Diptera"
"4_Marini_UNIPD01 E_2018",15,26,57.6923076923077,"Abundance",5,"Diptera"
"4_Marini_UNIPD01 En_2018",13,29,44.8275862068966,"Abundance",5,"Diptera"
"4_Marini_UNIPD01 F_2018",9,13,69.2307692307692,"Abundance",5,"Diptera"
"4_Marini_UNIPD01 Fn_2018",3,8,37.5,"Abundance",5,"Diptera"
"4_Marini_UNIPD01 G_2018",8,15,53.3333333333333,"Abundance",5,"Diptera"
"4_Marini_UNIPD01 Gn_2018",13,16,81.25,"Abundance",5,"Diptera"
"4_Marini_UNIPD01 H_2018",11,50,22,"Abundance",5,"Diptera"
"4_Marini_UNIPD01 Hn_2018",11,46,23.9130434782609,"Abundance",5,"Diptera"
"4_Marini_UNIPD01 I_2018",13,23,56.5217391304348,"Abundance",5,"Diptera"
"4_Marini_UNIPD01 In_2018",17,29,58.6206896551724,"Abundance",5,"Diptera"
"50_Hervias-Parejo_Cala Tirant_2021",2,26,7.69230769230769,"Abundance",5,"Diptera"
"50_Hervias-Parejo_Llucalari_2021",6,11,54.5454545454545,"Abundance",5,"Diptera"
"50_Hervias-Parejo_Sa Bassa_2021",10,18,55.5555555555556,"Abundance",5,"Diptera"
"50_Hervias-Parejo_Salinas_2021",1,18,5.55555555555556,"Abundance",5,"Diptera"
"50_Hervias-Parejo_Torre Fornells_2021",12,29,41.3793103448276,"Abundance",5,"Diptera"
"50_Hervias-Parejo_coast Son Bou_2021",3,8,37.5,"Abundance",5,"Diptera"
"51_Petanidou_Pyrgos_2013",8,16,50,"Abundance",5,"Diptera"
"51_Petanidou_Sigri 3_2012",3,5,60,"Abundance",5,"Diptera"
"54_Lazaro_AloeVera_2018_2018",6,13,46.1538461538462,"Abundance",5,"Diptera"
"54_Lazaro_SonBaco_2018_2018",24,29,82.7586206896552,"Abundance",5,"Diptera"
"54_Lazaro_SonMutNou_2018_2018",25,27,92.5925925925926,"Abundance",5,"Diptera"
"54_Lazaro_UIB_2018_2018",2,12,16.6666666666667,"Abundance",5,"Diptera"
"5_Marini_UNIPD02 AA_2019",1,8,12.5,"Abundance",5,"Diptera"
"5_Marini_UNIPD02 AB_2019",5,9,55.5555555555556,"Abundance",5,"Diptera"
"5_Marini_UNIPD02 AC_2019",3,13,23.0769230769231,"Abundance",5,"Diptera"
"5_Marini_UNIPD02 AD_2019",5,7,71.4285714285714,"Abundance",5,"Diptera"
"5_Marini_UNIPD02 AE_2019",2,16,12.5,"Abundance",5,"Diptera"
"5_Marini_UNIPD02 AF_2019",1,5,20,"Abundance",5,"Diptera"
"5_Marini_UNIPD02 AG_2019",8,29,27.5862068965517,"Abundance",5,"Diptera"
"5_Marini_UNIPD02 AH_2019",6,16,37.5,"Abundance",5,"Diptera"
"5_Marini_UNIPD02 AI_2019",4,5,80,"Abundance",5,"Diptera"
"5_Marini_UNIPD02 AJ_2019",5,10,50,"Abundance",5,"Diptera"
"5_Marini_UNIPD02 AK_2019",3,5,60,"Abundance",5,"Diptera"
"5_Marini_UNIPD02 AL_2019",4,19,21.0526315789474,"Abundance",5,"Diptera"
"5_Marini_UNIPD02 AM_2019",3,13,23.0769230769231,"Abundance",5,"Diptera"
"5_Marini_UNIPD02 AN_2019",8,10,80,"Abundance",5,"Diptera"
"5_Marini_UNIPD02 AO_2019",11,17,64.7058823529412,"Abundance",5,"Diptera"
"5_Marini_UNIPD02 AP_2019",6,9,66.6666666666667,"Abundance",5,"Diptera"
"5_Marini_UNIPD02 AQ_2019",11,15,73.3333333333333,"Abundance",5,"Diptera"
"5_Marini_UNIPD02 AS_2019",4,8,50,"Abundance",5,"Diptera"
"5_Marini_UNIPD02 AT_2019",5,8,62.5,"Abundance",5,"Diptera"
"5_Marini_UNIPD02 AV_2019",4,4,100,"Abundance",5,"Diptera"
"5_Marini_UNIPD02 A_2019",3,6,50,"Abundance",5,"Diptera"
"5_Marini_UNIPD02 B_2019",4,7,57.1428571428571,"Abundance",5,"Diptera"
"5_Marini_UNIPD02 C_2019",12,14,85.7142857142857,"Abundance",5,"Diptera"
"5_Marini_UNIPD02 D_2019",5,18,27.7777777777778,"Abundance",5,"Diptera"
"5_Marini_UNIPD02 E_2019",7,12,58.3333333333333,"Abundance",5,"Diptera"
"5_Marini_UNIPD02 G_2019",3,6,50,"Abundance",5,"Diptera"
"5_Marini_UNIPD02 H_2019",2,3,66.6666666666667,"Abundance",5,"Diptera"
"5_Marini_UNIPD02 I_2019",11,17,64.7058823529412,"Abundance",5,"Diptera"
"5_Marini_UNIPD02 K_2019",1,2,50,"Abundance",5,"Diptera"
"5_Marini_UNIPD02 L_2019",9,10,90,"Abundance",5,"Diptera"
"5_Marini_UNIPD02 M_2019",10,14,71.4285714285714,"Abundance",5,"Diptera"
"5_Marini_UNIPD02 N_2019",9,12,75,"Abundance",5,"Diptera"
"5_Marini_UNIPD02 O_2019",14,22,63.6363636363636,"Abundance",5,"Diptera"
"5_Marini_UNIPD02 P_2019",8,13,61.5384615384615,"Abundance",5,"Diptera"
"5_Marini_UNIPD02 Q_2019",7,10,70,"Abundance",5,"Diptera"
"5_Marini_UNIPD02 S_2019",4,9,44.4444444444444,"Abundance",5,"Diptera"
"5_Marini_UNIPD02 T_2019",6,6,100,"Abundance",5,"Diptera"
"5_Marini_UNIPD02 U_2019",2,8,25,"Abundance",5,"Diptera"
"5_Marini_UNIPD02 V_2019",10,18,55.5555555555556,"Abundance",5,"Diptera"
"5_Marini_UNIPD02 W_2019",2,6,33.3333333333333,"Abundance",5,"Diptera"
"5_Marini_UNIPD02 X_2019",19,23,82.6086956521739,"Abundance",5,"Diptera"
"5_Marini_UNIPD02 Y_2019",10,17,58.8235294117647,"Abundance",5,"Diptera"
"5_Marini_UNIPD02 Z_2019",4,4,100,"Abundance",5,"Diptera"
"6_Marini_UNIPD03 CD13_2020",5,5,100,"Abundance",5,"Diptera"
"6_Marini_UNIPD03 CD14_2020",7,8,87.5,"Abundance",5,"Diptera"
"6_Marini_UNIPD03 CD15_2020",10,13,76.9230769230769,"Abundance",5,"Diptera"
"6_Marini_UNIPD03 CD16_2020",8,9,88.8888888888889,"Abundance",5,"Diptera"
"6_Marini_UNIPD03 CD17_2020",10,11,90.9090909090909,"Abundance",5,"Diptera"
"6_Marini_UNIPD03 CD20_2020",9,12,75,"Abundance",5,"Diptera"
"6_Marini_UNIPD03 CD22_2020",4,9,44.4444444444444,"Abundance",5,"Diptera"
"6_Marini_UNIPD03 CD23_2020",10,15,66.6666666666667,"Abundance",5,"Diptera"
"6_Marini_UNIPD03 CD26_2020",3,6,50,"Abundance",5,"Diptera"
"6_Marini_UNIPD03 CD27_2020",5,9,55.5555555555556,"Abundance",5,"Diptera"
"6_Marini_UNIPD03 CD28_2020",11,16,68.75,"Abundance",5,"Diptera"
"6_Marini_UNIPD03 CD29_2020",5,13,38.4615384615385,"Abundance",5,"Diptera"
"6_Marini_UNIPD03 CD2_2020",1,3,33.3333333333333,"Abundance",5,"Diptera"
"6_Marini_UNIPD03 CD34_2020",9,9,100,"Abundance",5,"Diptera"
"6_Marini_UNIPD03 D11_2020",5,6,83.3333333333333,"Abundance",5,"Diptera"
"6_Marini_UNIPD03 D17_2020",6,6,100,"Abundance",5,"Diptera"
"6_Marini_UNIPD03 D21_2020",5,5,100,"Abundance",5,"Diptera"
"6_Marini_UNIPD03 D24_2020",10,13,76.9230769230769,"Abundance",5,"Diptera"
"6_Marini_UNIPD03 D28_2020",9,11,81.8181818181818,"Abundance",5,"Diptera"
"6_Marini_UNIPD03 D29_2020",4,5,80,"Abundance",5,"Diptera"
"6_Marini_UNIPD03 D34_2020",6,7,85.7142857142857,"Abundance",5,"Diptera"
"6_Marini_UNIPD03 D35_2020",5,6,83.3333333333333,"Abundance",5,"Diptera"
"6_Marini_UNIPD03 D5_2020",5,7,71.4285714285714,"Abundance",5,"Diptera"
"6_Marini_UNIPD03 D8_2020",4,5,80,"Abundance",5,"Diptera"
"6_Marini_UNIPD03 E14_2020",8,13,61.5384615384615,"Abundance",5,"Diptera"
"6_Marini_UNIPD03 E19_2020",10,12,83.3333333333333,"Abundance",5,"Diptera"
"6_Marini_UNIPD03 E25_2020",9,11,81.8181818181818,"Abundance",5,"Diptera"
"6_Marini_UNIPD03 E26_2020",10,15,66.6666666666667,"Abundance",5,"Diptera"
"6_Marini_UNIPD03 E31_2020",5,6,83.3333333333333,"Abundance",5,"Diptera"
"6_Marini_UNIPD03 E32_2020",6,6,100,"Abundance",5,"Diptera"
"6_Marini_UNIPD03 E33_2020",9,10,90,"Abundance",5,"Diptera"
"6_Marini_UNIPD03 E35_2020",8,11,72.7272727272727,"Abundance",5,"Diptera"
"6_Marini_UNIPD03 E36_2020",10,10,100,"Abundance",5,"Diptera"
"7_Scheper_Chize_10_Field_boundary_2015",2,3,66.6666666666667,"Abundance",5,"Diptera"
"7_Scheper_Chize_12_Field_boundary_2015",2,4,50,"Abundance",5,"Diptera"
"7_Scheper_Chize_14_Field_boundary_2015",1,4,25,"Abundance",5,"Diptera"
"7_Scheper_Chize_19_Field_boundary_2015",2,2,100,"Abundance",5,"Diptera"
"7_Scheper_Chize_1_Field_boundary_2015",4,4,100,"Abundance",5,"Diptera"
"7_Scheper_Chize_1_Grassland_2015",2,2,100,"Abundance",5,"Diptera"
"7_Scheper_Chize_25_Field_boundary_2015",3,7,42.8571428571429,"Abundance",5,"Diptera"
"7_Scheper_Chize_4_Field_boundary_2015",4,4,100,"Abundance",5,"Diptera"
"7_Scheper_Chize_5_Field_boundary_2015",4,5,80,"Abundance",5,"Diptera"
"7_Scheper_Chize_6_Field_boundary_2015",4,8,50,"Abundance",5,"Diptera"
"11_Clough_ASK_2021_2021",3,5,60,"Abundance",3,"Diptera"
"11_Clough_HAM_2021_2021",4,19,21.0526315789474,"Abundance",3,"Diptera"
"11_Clough_KOM_2021_2021",3,5,60,"Abundance",3,"Diptera"
"11_Clough_LOB_2021_2021",4,7,57.1428571428571,"Abundance",3,"Diptera"
"11_Clough_PET_2021_2021",2,11,18.1818181818182,"Abundance",3,"Diptera"
"12_Ockinger_Norrang_Ryckelsby_Og",1,15,6.66666666666667,"Abundance",3,"Diptera"
"12_Ockinger_Sattra_Og",2,7,28.5714285714286,"Abundance",3,"Diptera"
"12_Ockinger_Tjalinge_Skogstibble",1,6,16.6666666666667,"Abundance",3,"Diptera"
"20_Hoiss_H5_2010",22,58,37.9310344827586,"Abundance",3,"Diptera"
"20_Hoiss_H6_2010",6,27,22.2222222222222,"Abundance",3,"Diptera"
"20_Hoiss_H7_2010",13,32,40.625,"Abundance",3,"Diptera"
"20_Hoiss_HO1_2010",2,30,6.66666666666667,"Abundance",3,"Diptera"
"20_Hoiss_HO5_2010",27,46,58.695652173913,"Abundance",3,"Diptera"
"20_Hoiss_T4_2010",11,35,31.4285714285714,"Abundance",3,"Diptera"
"28_Sutter_10_2013",1,1,100,"Abundance",3,"Diptera"
"28_Sutter_11_2013",1,1,100,"Abundance",3,"Diptera"
"28_Sutter_12_2013",1,1,100,"Abundance",3,"Diptera"
"28_Sutter_13_2013",1,1,100,"Abundance",3,"Diptera"
"28_Sutter_14_2013",1,1,100,"Abundance",3,"Diptera"
"28_Sutter_17_2013",1,1,100,"Abundance",3,"Diptera"
"28_Sutter_19_2013",1,1,100,"Abundance",3,"Diptera"
"28_Sutter_1_2013",1,1,100,"Abundance",3,"Diptera"
"28_Sutter_20_2013",1,1,100,"Abundance",3,"Diptera"
"28_Sutter_21_2013",1,1,100,"Abundance",3,"Diptera"
"28_Sutter_2_2013",1,1,100,"Abundance",3,"Diptera"
"28_Sutter_3_2013",1,1,100,"Abundance",3,"Diptera"
"28_Sutter_5_2013",1,1,100,"Abundance",3,"Diptera"
"28_Sutter_8_2013",1,1,100,"Abundance",3,"Diptera"
"28_Sutter_8_2014",1,1,100,"Abundance",3,"Diptera"
"29_Magrach_Gibraleon_2011",3,7,42.8571428571429,"Abundance",3,"Diptera"
"29_Magrach_Niebla_2011",6,9,66.6666666666667,"Abundance",3,"Diptera"
"29_Magrach_Niebla_2012",1,2,50,"Abundance",3,"Diptera"
"2_Petanidou_Armolia_2015",4,11,36.3636363636364,"Abundance",3,"Diptera"
"2_Petanidou_Emborios_2015",7,8,87.5,"Abundance",3,"Diptera"
"2_Petanidou_Gridia_2015",2,9,22.2222222222222,"Abundance",3,"Diptera"
"2_Petanidou_Kato Fana_2015",8,10,80,"Abundance",3,"Diptera"
"2_Petanidou_Palios Katarraktis_2015",4,13,30.7692307692308,"Abundance",3,"Diptera"
"2_Petanidou_Vessa 2_2015",3,14,21.4285714285714,"Abundance",3,"Diptera"
"30_Smith_lsk48_2012",3,11,27.2727272727273,"Abundance",3,"Diptera"
"30_Smith_lsk57_2011",2,10,20,"Abundance",3,"Diptera"
"30_Smith_lsk73_2012",4,12,33.3333333333333,"Abundance",3,"Diptera"
"30_Smith_lsk74_2012",7,12,58.3333333333333,"Abundance",3,"Diptera"
"30_Smith_lsk77_2011",1,6,16.6666666666667,"Abundance",3,"Diptera"
"30_Smith_lsk77_2012",4,13,30.7692307692308,"Abundance",3,"Diptera"
"31_Roberts_Hunt_2013",1,1,100,"Abundance",3,"Diptera"
"31_Roberts_Jefferies_2013",2,4,50,"Abundance",3,"Diptera"
"31_Roberts_Livingstone_far_2012",1,3,33.3333333333333,"Abundance",3,"Diptera"
"31_Roberts_Livingstone_house_2012",2,4,50,"Abundance",3,"Diptera"
"31_Roberts_Mearns_2013",4,4,100,"Abundance",3,"Diptera"
"31_Roberts_White_left_2012",1,4,25,"Abundance",3,"Diptera"
"36_Larkin_Barracks.Lyan.Co.Clare_13.2017_GS1",2,6,33.3333333333333,"Abundance",3,"Diptera"
"36_Larkin_Glencolumbkille.South.Carron.Co.Clare_20.2017_GS1",4,5,80,"Abundance",3,"Diptera"
"37_White_An",1,10,10,"Abundance",3,"Diptera"
"37_White_Bl",8,15,53.3333333333333,"Abundance",3,"Diptera"
"37_White_Bn",4,13,30.7692307692308,"Abundance",3,"Diptera"
"37_White_CW",13,21,61.9047619047619,"Abundance",3,"Diptera"
"37_White_Ce",1,11,9.09090909090909,"Abundance",3,"Diptera"
"37_White_Cn",4,18,22.2222222222222,"Abundance",3,"Diptera"
"37_White_ED",1,10,10,"Abundance",3,"Diptera"
"37_White_Fs",3,11,27.2727272727273,"Abundance",3,"Diptera"
"37_White_Kr",2,7,28.5714285714286,"Abundance",3,"Diptera"
"37_White_ND",7,12,58.3333333333333,"Abundance",3,"Diptera"
"37_White_NG",3,15,20,"Abundance",3,"Diptera"
"37_White_WD",8,13,61.5384615384615,"Abundance",3,"Diptera"
"38_Maurer_A1",3,7,42.8571428571429,"Abundance",3,"Diptera"
"38_Maurer_A2",2,11,18.1818181818182,"Abundance",3,"Diptera"
"38_Maurer_A4",3,10,30,"Abundance",3,"Diptera"
"38_Maurer_R1",5,11,45.4545454545455,"Abundance",3,"Diptera"
"38_Maurer_R3",2,7,28.5714285714286,"Abundance",3,"Diptera"
"39_Schweiger_I2_woodland.scrub_1_2021",1,3,33.3333333333333,"Abundance",3,"Diptera"
"39_Schweiger_I4_woodland.scrub_3_2021",1,4,25,"Abundance",3,"Diptera"
"39_Schweiger_R1_semi.natural.grass_4_2021",2,3,66.6666666666667,"Abundance",3,"Diptera"
"39_Schweiger_R4_semi.natural.grass_2_2021",3,8,37.5,"Abundance",3,"Diptera"
"40_Knight_Ghe_ari_2017",27,61,44.2622950819672,"Abundance",3,"Diptera"
"41_Knight_1 wooded meadow_2018",14,21,66.6666666666667,"Abundance",3,"Diptera"
"41_Knight_2 alvar pasture_2018",3,6,50,"Abundance",3,"Diptera"
"41_Knight_3 alvar pasture_2018",17,19,89.4736842105263,"Abundance",3,"Diptera"
"41_Knight_4 wooded meadow_2018",6,7,85.7142857142857,"Abundance",3,"Diptera"
"41_Knight_5 wooded meadow_2018",2,22,9.09090909090909,"Abundance",3,"Diptera"
"41_Knight_6 alvar pasture_2018",1,8,12.5,"Abundance",3,"Diptera"
"42_Knight_M1Restored_2019",3,5,60,"Abundance",3,"Diptera"
"42_Knight_M2Natural_2019",1,2,50,"Abundance",3,"Diptera"
"42_Knight_M3Natural_2019",6,8,75,"Abundance",3,"Diptera"
"42_Knight_M4Restored_2019",1,7,14.2857142857143,"Abundance",3,"Diptera"
"42_Knight_M5Restored_2019",2,6,33.3333333333333,"Abundance",3,"Diptera"
"42_Knight_M6Natural_2019",11,15,73.3333333333333,"Abundance",3,"Diptera"
"42_Knight_M8Restored_2019",6,7,85.7142857142857,"Abundance",3,"Diptera"
"44_Knight_M11_2018",2,5,40,"Abundance",3,"Diptera"
"44_Knight_M12_2018",5,26,19.2307692307692,"Abundance",3,"Diptera"
"44_Knight_M13_2018",13,16,81.25,"Abundance",3,"Diptera"
"44_Knight_M15_2018",15,29,51.7241379310345,"Abundance",3,"Diptera"
"44_Knight_M16_2018",12,28,42.8571428571429,"Abundance",3,"Diptera"
"44_Knight_M17_2018",5,15,33.3333333333333,"Abundance",3,"Diptera"
"44_Knight_M18_2018",6,18,33.3333333333333,"Abundance",3,"Diptera"
"44_Knight_M1_2018",8,14,57.1428571428571,"Abundance",3,"Diptera"
"44_Knight_M3_2018",3,17,17.6470588235294,"Abundance",3,"Diptera"
"44_Knight_M4_2018",15,24,62.5,"Abundance",3,"Diptera"
"44_Knight_M6_2018",1,8,12.5,"Abundance",3,"Diptera"
"44_Knight_M8_2018",5,13,38.4615384615385,"Abundance",3,"Diptera"
"45_Knight_Hermanovice_meadow_2018",17,28,60.7142857142857,"Abundance",3,"Diptera"
"45_Knight_HorniGrunt_meadow_2018",18,23,78.2608695652174,"Abundance",3,"Diptera"
"45_Knight_Mnichov_meadow_2018",9,26,34.6153846153846,"Abundance",3,"Diptera"
"46_Knight_Gora_Gipsowa_2018",2,18,11.1111111111111,"Abundance",3,"Diptera"
"47_Benadi_1",52,131,39.6946564885496,"Abundance",3,"Diptera"
"47_Benadi_2",57,120,47.5,"Abundance",3,"Diptera"
"47_Benadi_3",66,115,57.3913043478261,"Abundance",3,"Diptera"
"47_Benadi_4",63,118,53.3898305084746,"Abundance",3,"Diptera"
"47_Benadi_5",55,91,60.4395604395604,"Abundance",3,"Diptera"
"47_Benadi_6",47,64,73.4375,"Abundance",3,"Diptera"
"4_Marini_UNIPD01 A_2018",10,16,62.5,"Abundance",3,"Diptera"
"4_Marini_UNIPD01 An_2018",10,20,50,"Abundance",3,"Diptera"
"4_Marini_UNIPD01 B_2018",14,17,82.3529411764706,"Abundance",3,"Diptera"
"4_Marini_UNIPD01 Bn_2018",5,31,16.1290322580645,"Abundance",3,"Diptera"
"4_Marini_UNIPD01 C_2018",4,26,15.3846153846154,"Abundance",3,"Diptera"
"4_Marini_UNIPD01 Cn_2018",7,31,22.5806451612903,"Abundance",3,"Diptera"
"4_Marini_UNIPD01 E_2018",6,26,23.0769230769231,"Abundance",3,"Diptera"
"4_Marini_UNIPD01 En_2018",11,29,37.9310344827586,"Abundance",3,"Diptera"
"4_Marini_UNIPD01 F_2018",8,13,61.5384615384615,"Abundance",3,"Diptera"
"4_Marini_UNIPD01 Fn_2018",2,8,25,"Abundance",3,"Diptera"
"4_Marini_UNIPD01 G_2018",8,15,53.3333333333333,"Abundance",3,"Diptera"
"4_Marini_UNIPD01 Gn_2018",13,16,81.25,"Abundance",3,"Diptera"
"4_Marini_UNIPD01 H_2018",9,50,18,"Abundance",3,"Diptera"
"4_Marini_UNIPD01 Hn_2018",10,46,21.7391304347826,"Abundance",3,"Diptera"
"4_Marini_UNIPD01 I_2018",11,23,47.8260869565217,"Abundance",3,"Diptera"
"4_Marini_UNIPD01 In_2018",7,29,24.1379310344828,"Abundance",3,"Diptera"
"50_Hervias-Parejo_Cala Tirant_2021",2,26,7.69230769230769,"Abundance",3,"Diptera"
"50_Hervias-Parejo_Llucalari_2021",1,11,9.09090909090909,"Abundance",3,"Diptera"
"50_Hervias-Parejo_Sa Bassa_2021",4,18,22.2222222222222,"Abundance",3,"Diptera"
"50_Hervias-Parejo_Torre Fornells_2021",8,29,27.5862068965517,"Abundance",3,"Diptera"
"50_Hervias-Parejo_coast Son Bou_2021",1,8,12.5,"Abundance",3,"Diptera"
"51_Petanidou_Pyrgos_2013",5,16,31.25,"Abundance",3,"Diptera"
"51_Petanidou_Sigri 3_2012",2,5,40,"Abundance",3,"Diptera"
"54_Lazaro_AloeVera_2018_2018",1,13,7.69230769230769,"Abundance",3,"Diptera"
"54_Lazaro_SonBaco_2018_2018",17,29,58.6206896551724,"Abundance",3,"Diptera"
"54_Lazaro_SonMutNou_2018_2018",21,27,77.7777777777778,"Abundance",3,"Diptera"
"54_Lazaro_UIB_2018_2018",2,12,16.6666666666667,"Abundance",3,"Diptera"
"5_Marini_UNIPD02 AA_2019",1,8,12.5,"Abundance",3,"Diptera"
"5_Marini_UNIPD02 AB_2019",4,9,44.4444444444444,"Abundance",3,"Diptera"
"5_Marini_UNIPD02 AC_2019",2,13,15.3846153846154,"Abundance",3,"Diptera"
"5_Marini_UNIPD02 AD_2019",5,7,71.4285714285714,"Abundance",3,"Diptera"
"5_Marini_UNIPD02 AE_2019",1,16,6.25,"Abundance",3,"Diptera"
"5_Marini_UNIPD02 AF_2019",1,5,20,"Abundance",3,"Diptera"
"5_Marini_UNIPD02 AG_2019",7,29,24.1379310344828,"Abundance",3,"Diptera"
"5_Marini_UNIPD02 AH_2019",6,16,37.5,"Abundance",3,"Diptera"
"5_Marini_UNIPD02 AI_2019",4,5,80,"Abundance",3,"Diptera"
"5_Marini_UNIPD02 AJ_2019",3,10,30,"Abundance",3,"Diptera"
"5_Marini_UNIPD02 AK_2019",2,5,40,"Abundance",3,"Diptera"
"5_Marini_UNIPD02 AL_2019",1,19,5.26315789473684,"Abundance",3,"Diptera"
"5_Marini_UNIPD02 AM_2019",3,13,23.0769230769231,"Abundance",3,"Diptera"
"5_Marini_UNIPD02 AN_2019",5,10,50,"Abundance",3,"Diptera"
"5_Marini_UNIPD02 AO_2019",8,17,47.0588235294118,"Abundance",3,"Diptera"
"5_Marini_UNIPD02 AP_2019",5,9,55.5555555555556,"Abundance",3,"Diptera"
"5_Marini_UNIPD02 AQ_2019",8,15,53.3333333333333,"Abundance",3,"Diptera"
"5_Marini_UNIPD02 AS_2019",1,8,12.5,"Abundance",3,"Diptera"
"5_Marini_UNIPD02 AT_2019",3,8,37.5,"Abundance",3,"Diptera"
"5_Marini_UNIPD02 AV_2019",4,4,100,"Abundance",3,"Diptera"
"5_Marini_UNIPD02 A_2019",3,6,50,"Abundance",3,"Diptera"
"5_Marini_UNIPD02 B_2019",4,7,57.1428571428571,"Abundance",3,"Diptera"
"5_Marini_UNIPD02 C_2019",7,14,50,"Abundance",3,"Diptera"
"5_Marini_UNIPD02 D_2019",1,18,5.55555555555556,"Abundance",3,"Diptera"
"5_Marini_UNIPD02 E_2019",6,12,50,"Abundance",3,"Diptera"
"5_Marini_UNIPD02 G_2019",3,6,50,"Abundance",3,"Diptera"
"5_Marini_UNIPD02 H_2019",1,3,33.3333333333333,"Abundance",3,"Diptera"
"5_Marini_UNIPD02 I_2019",11,17,64.7058823529412,"Abundance",3,"Diptera"
"5_Marini_UNIPD02 K_2019",1,2,50,"Abundance",3,"Diptera"
"5_Marini_UNIPD02 L_2019",9,10,90,"Abundance",3,"Diptera"
"5_Marini_UNIPD02 M_2019",5,14,35.7142857142857,"Abundance",3,"Diptera"
"5_Marini_UNIPD02 N_2019",7,12,58.3333333333333,"Abundance",3,"Diptera"
"5_Marini_UNIPD02 O_2019",14,22,63.6363636363636,"Abundance",3,"Diptera"
"5_Marini_UNIPD02 P_2019",7,13,53.8461538461538,"Abundance",3,"Diptera"
"5_Marini_UNIPD02 Q_2019",7,10,70,"Abundance",3,"Diptera"
"5_Marini_UNIPD02 S_2019",1,9,11.1111111111111,"Abundance",3,"Diptera"
"5_Marini_UNIPD02 T_2019",6,6,100,"Abundance",3,"Diptera"
"5_Marini_UNIPD02 U_2019",2,8,25,"Abundance",3,"Diptera"
"5_Marini_UNIPD02 V_2019",9,18,50,"Abundance",3,"Diptera"
"5_Marini_UNIPD02 W_2019",2,6,33.3333333333333,"Abundance",3,"Diptera"
"5_Marini_UNIPD02 X_2019",17,23,73.9130434782609,"Abundance",3,"Diptera"
"5_Marini_UNIPD02 Y_2019",10,17,58.8235294117647,"Abundance",3,"Diptera"
"5_Marini_UNIPD02 Z_2019",4,4,100,"Abundance",3,"Diptera"
"6_Marini_UNIPD03 CD13_2020",5,5,100,"Abundance",3,"Diptera"
"6_Marini_UNIPD03 CD14_2020",6,8,75,"Abundance",3,"Diptera"
"6_Marini_UNIPD03 CD15_2020",9,13,69.2307692307692,"Abundance",3,"Diptera"
"6_Marini_UNIPD03 CD16_2020",4,9,44.4444444444444,"Abundance",3,"Diptera"
"6_Marini_UNIPD03 CD17_2020",10,11,90.9090909090909,"Abundance",3,"Diptera"
"6_Marini_UNIPD03 CD20_2020",7,12,58.3333333333333,"Abundance",3,"Diptera"
"6_Marini_UNIPD03 CD22_2020",3,9,33.3333333333333,"Abundance",3,"Diptera"
"6_Marini_UNIPD03 CD23_2020",7,15,46.6666666666667,"Abundance",3,"Diptera"
"6_Marini_UNIPD03 CD26_2020",2,6,33.3333333333333,"Abundance",3,"Diptera"
"6_Marini_UNIPD03 CD27_2020",5,9,55.5555555555556,"Abundance",3,"Diptera"
"6_Marini_UNIPD03 CD28_2020",11,16,68.75,"Abundance",3,"Diptera"
"6_Marini_UNIPD03 CD29_2020",3,13,23.0769230769231,"Abundance",3,"Diptera"
"6_Marini_UNIPD03 CD2_2020",1,3,33.3333333333333,"Abundance",3,"Diptera"
"6_Marini_UNIPD03 CD34_2020",8,9,88.8888888888889,"Abundance",3,"Diptera"
"6_Marini_UNIPD03 D11_2020",4,6,66.6666666666667,"Abundance",3,"Diptera"
"6_Marini_UNIPD03 D17_2020",4,6,66.6666666666667,"Abundance",3,"Diptera"
"6_Marini_UNIPD03 D21_2020",4,5,80,"Abundance",3,"Diptera"
"6_Marini_UNIPD03 D24_2020",9,13,69.2307692307692,"Abundance",3,"Diptera"
"6_Marini_UNIPD03 D28_2020",8,11,72.7272727272727,"Abundance",3,"Diptera"
"6_Marini_UNIPD03 D29_2020",3,5,60,"Abundance",3,"Diptera"
"6_Marini_UNIPD03 D34_2020",3,7,42.8571428571429,"Abundance",3,"Diptera"
"6_Marini_UNIPD03 D35_2020",5,6,83.3333333333333,"Abundance",3,"Diptera"
"6_Marini_UNIPD03 D5_2020",5,7,71.4285714285714,"Abundance",3,"Diptera"
"6_Marini_UNIPD03 E14_2020",8,13,61.5384615384615,"Abundance",3,"Diptera"
"6_Marini_UNIPD03 E19_2020",4,12,33.3333333333333,"Abundance",3,"Diptera"
"6_Marini_UNIPD03 E25_2020",9,11,81.8181818181818,"Abundance",3,"Diptera"
"6_Marini_UNIPD03 E26_2020",8,15,53.3333333333333,"Abundance",3,"Diptera"
"6_Marini_UNIPD03 E31_2020",4,6,66.6666666666667,"Abundance",3,"Diptera"
"6_Marini_UNIPD03 E32_2020",3,6,50,"Abundance",3,"Diptera"
"6_Marini_UNIPD03 E33_2020",9,10,90,"Abundance",3,"Diptera"
"6_Marini_UNIPD03 E35_2020",8,11,72.7272727272727,"Abundance",3,"Diptera"
"6_Marini_UNIPD03 E36_2020",8,10,80,"Abundance",3,"Diptera"
"7_Scheper_Chize_10_Field_boundary_2015",2,3,66.6666666666667,"Abundance",3,"Diptera"
"7_Scheper_Chize_12_Field_boundary_2015",2,4,50,"Abundance",3,"Diptera"
"7_Scheper_Chize_14_Field_boundary_2015",1,4,25,"Abundance",3,"Diptera"
"7_Scheper_Chize_19_Field_boundary_2015",2,2,100,"Abundance",3,"Diptera"
"7_Scheper_Chize_1_Field_boundary_2015",4,4,100,"Abundance",3,"Diptera"
"7_Scheper_Chize_1_Grassland_2015",2,2,100,"Abundance",3,"Diptera"
"7_Scheper_Chize_25_Field_boundary_2015",2,7,28.5714285714286,"Abundance",3,"Diptera"
"7_Scheper_Chize_4_Field_boundary_2015",4,4,100,"Abundance",3,"Diptera"
"7_Scheper_Chize_5_Field_boundary_2015",4,5,80,"Abundance",3,"Diptera"
"7_Scheper_Chize_6_Field_boundary_2015",2,8,25,"Abundance",3,"Diptera"
"11_Clough_ASK_2021_2021",3,5,60,"Flower shape",5,"Diptera"
"11_Clough_HAM_2021_2021",12,19,63.1578947368421,"Flower shape",5,"Diptera"
"11_Clough_KOM_2021_2021",3,5,60,"Flower shape",5,"Diptera"
"11_Clough_LOB_2021_2021",3,7,42.8571428571429,"Flower shape",5,"Diptera"
"11_Clough_PET_2021_2021",2,11,18.1818181818182,"Flower shape",5,"Diptera"
"11_Clough_TAG_2021_2021",1,13,7.69230769230769,"Flower shape",5,"Diptera"
"12_Ockinger_Norrang_Ryckelsby_Og",9,15,60,"Flower shape",5,"Diptera"
"12_Ockinger_Sattra_Og",4,7,57.1428571428571,"Flower shape",5,"Diptera"
"12_Ockinger_St_Tadinge",3,5,60,"Flower shape",5,"Diptera"
"12_Ockinger_Tjalinge_Skogstibble",1,6,16.6666666666667,"Flower shape",5,"Diptera"
"20_Hoiss_H5_2010",42,58,72.4137931034483,"Flower shape",5,"Diptera"
"20_Hoiss_H6_2010",20,27,74.0740740740741,"Flower shape",5,"Diptera"
"20_Hoiss_H7_2010",14,32,43.75,"Flower shape",5,"Diptera"
"20_Hoiss_HO1_2010",8,30,26.6666666666667,"Flower shape",5,"Diptera"
"20_Hoiss_HO5_2010",30,46,65.2173913043478,"Flower shape",5,"Diptera"
"20_Hoiss_T4_2010",12,35,34.2857142857143,"Flower shape",5,"Diptera"
"28_Sutter_10_2013",1,1,100,"Flower shape",5,"Diptera"
"28_Sutter_11_2013",1,1,100,"Flower shape",5,"Diptera"
"28_Sutter_12_2013",1,1,100,"Flower shape",5,"Diptera"
"28_Sutter_13_2013",1,1,100,"Flower shape",5,"Diptera"
"28_Sutter_13_2014",1,1,100,"Flower shape",5,"Diptera"
"28_Sutter_14_2013",1,1,100,"Flower shape",5,"Diptera"
"28_Sutter_17_2013",1,1,100,"Flower shape",5,"Diptera"
"28_Sutter_19_2013",1,1,100,"Flower shape",5,"Diptera"
"28_Sutter_1_2013",1,1,100,"Flower shape",5,"Diptera"
"28_Sutter_20_2013",1,1,100,"Flower shape",5,"Diptera"
"28_Sutter_21_2013",1,1,100,"Flower shape",5,"Diptera"
"28_Sutter_2_2013",1,1,100,"Flower shape",5,"Diptera"
"28_Sutter_3_2013",1,1,100,"Flower shape",5,"Diptera"
"28_Sutter_5_2013",1,1,100,"Flower shape",5,"Diptera"
"28_Sutter_8_2013",1,1,100,"Flower shape",5,"Diptera"
"28_Sutter_8_2014",1,1,100,"Flower shape",5,"Diptera"
"29_Magrach_Gibraleon_2011",3,7,42.8571428571429,"Flower shape",5,"Diptera"
"29_Magrach_Niebla_2011",6,9,66.6666666666667,"Flower shape",5,"Diptera"
"29_Magrach_Niebla_2012",1,2,50,"Flower shape",5,"Diptera"
"29_Magrach_Villablanca_2011",1,6,16.6666666666667,"Flower shape",5,"Diptera"
"2_Petanidou_Armolia_2015",8,11,72.7272727272727,"Flower shape",5,"Diptera"
"2_Petanidou_Emborios_2015",6,8,75,"Flower shape",5,"Diptera"
"2_Petanidou_Gridia_2015",3,9,33.3333333333333,"Flower shape",5,"Diptera"
"2_Petanidou_Kato Fana_2015",9,10,90,"Flower shape",5,"Diptera"
"2_Petanidou_Palios Katarraktis_2015",10,13,76.9230769230769,"Flower shape",5,"Diptera"
"2_Petanidou_Vessa 2_2015",7,14,50,"Flower shape",5,"Diptera"
"30_Smith_lsk48_2012",4,11,36.3636363636364,"Flower shape",5,"Diptera"
"30_Smith_lsk57_2011",5,10,50,"Flower shape",5,"Diptera"
"30_Smith_lsk73_2012",4,12,33.3333333333333,"Flower shape",5,"Diptera"
"30_Smith_lsk74_2012",9,12,75,"Flower shape",5,"Diptera"
"30_Smith_lsk77_2011",2,6,33.3333333333333,"Flower shape",5,"Diptera"
"30_Smith_lsk77_2012",6,13,46.1538461538462,"Flower shape",5,"Diptera"
"31_Roberts_Hunt_2013",1,1,100,"Flower shape",5,"Diptera"
"31_Roberts_Jefferies_2013",2,4,50,"Flower shape",5,"Diptera"
"31_Roberts_Livingstone_far_2012",3,3,100,"Flower shape",5,"Diptera"
"31_Roberts_Livingstone_house_2012",2,4,50,"Flower shape",5,"Diptera"
"31_Roberts_Mearns_2013",4,4,100,"Flower shape",5,"Diptera"
"31_Roberts_White_left_2012",1,4,25,"Flower shape",5,"Diptera"
"37_White_An",2,10,20,"Flower shape",5,"Diptera"
"37_White_Bl",9,15,60,"Flower shape",5,"Diptera"
"37_White_Bn",4,13,30.7692307692308,"Flower shape",5,"Diptera"
"37_White_CW",14,21,66.6666666666667,"Flower shape",5,"Diptera"
"37_White_Ce",2,11,18.1818181818182,"Flower shape",5,"Diptera"
"37_White_Cn",6,18,33.3333333333333,"Flower shape",5,"Diptera"
"37_White_ED",8,10,80,"Flower shape",5,"Diptera"
"37_White_Fs",3,11,27.2727272727273,"Flower shape",5,"Diptera"
"37_White_Kr",4,7,57.1428571428571,"Flower shape",5,"Diptera"
"37_White_ND",6,12,50,"Flower shape",5,"Diptera"
"37_White_Pn",1,7,14.2857142857143,"Flower shape",5,"Diptera"
"37_White_WD",8,13,61.5384615384615,"Flower shape",5,"Diptera"
"38_Maurer_A1",3,7,42.8571428571429,"Flower shape",5,"Diptera"
"38_Maurer_A2",3,11,27.2727272727273,"Flower shape",5,"Diptera"
"38_Maurer_A3",3,9,33.3333333333333,"Flower shape",5,"Diptera"
"38_Maurer_A4",7,10,70,"Flower shape",5,"Diptera"
"38_Maurer_R1",7,11,63.6363636363636,"Flower shape",5,"Diptera"
"38_Maurer_R3",2,7,28.5714285714286,"Flower shape",5,"Diptera"
"38_Maurer_R4",1,7,14.2857142857143,"Flower shape",5,"Diptera"
"38_Maurer_U3",2,10,20,"Flower shape",5,"Diptera"
"39_Schweiger_I1_ruderal_1_2021",1,4,25,"Flower shape",5,"Diptera"
"39_Schweiger_I2_woodland.scrub_1_2021",1,3,33.3333333333333,"Flower shape",5,"Diptera"
"39_Schweiger_I4_woodland.scrub_3_2021",2,4,50,"Flower shape",5,"Diptera"
"39_Schweiger_R1_semi.natural.grass_4_2021",3,3,100,"Flower shape",5,"Diptera"
"39_Schweiger_R4_semi.natural.grass_2_2021",3,8,37.5,"Flower shape",5,"Diptera"
"40_Knight_Ghe_ari_2017",33,61,54.0983606557377,"Flower shape",5,"Diptera"
"41_Knight_1 wooded meadow_2018",16,21,76.1904761904762,"Flower shape",5,"Diptera"
"41_Knight_2 alvar pasture_2018",3,6,50,"Flower shape",5,"Diptera"
"41_Knight_3 alvar pasture_2018",17,19,89.4736842105263,"Flower shape",5,"Diptera"
"41_Knight_4 wooded meadow_2018",6,7,85.7142857142857,"Flower shape",5,"Diptera"
"41_Knight_5 wooded meadow_2018",2,22,9.09090909090909,"Flower shape",5,"Diptera"
"41_Knight_6 alvar pasture_2018",3,8,37.5,"Flower shape",5,"Diptera"
"42_Knight_M1Restored_2019",3,5,60,"Flower shape",5,"Diptera"
"42_Knight_M2Natural_2019",2,2,100,"Flower shape",5,"Diptera"
"42_Knight_M3Natural_2019",6,8,75,"Flower shape",5,"Diptera"
"42_Knight_M4Restored_2019",5,7,71.4285714285714,"Flower shape",5,"Diptera"
"42_Knight_M5Restored_2019",2,6,33.3333333333333,"Flower shape",5,"Diptera"
"42_Knight_M6Natural_2019",11,15,73.3333333333333,"Flower shape",5,"Diptera"
"42_Knight_M8Restored_2019",6,7,85.7142857142857,"Flower shape",5,"Diptera"
"44_Knight_M11_2018",3,5,60,"Flower shape",5,"Diptera"
"44_Knight_M12_2018",15,26,57.6923076923077,"Flower shape",5,"Diptera"
"44_Knight_M13_2018",6,16,37.5,"Flower shape",5,"Diptera"
"44_Knight_M15_2018",15,29,51.7241379310345,"Flower shape",5,"Diptera"
"44_Knight_M16_2018",12,28,42.8571428571429,"Flower shape",5,"Diptera"
"44_Knight_M17_2018",6,15,40,"Flower shape",5,"Diptera"
"44_Knight_M18_2018",10,18,55.5555555555556,"Flower shape",5,"Diptera"
"44_Knight_M1_2018",8,14,57.1428571428571,"Flower shape",5,"Diptera"
"44_Knight_M3_2018",4,17,23.5294117647059,"Flower shape",5,"Diptera"
"44_Knight_M4_2018",14,24,58.3333333333333,"Flower shape",5,"Diptera"
"44_Knight_M6_2018",1,8,12.5,"Flower shape",5,"Diptera"
"44_Knight_M8_2018",5,13,38.4615384615385,"Flower shape",5,"Diptera"
"45_Knight_Hermanovice_meadow_2018",17,28,60.7142857142857,"Flower shape",5,"Diptera"
"45_Knight_HorniGrunt_meadow_2018",19,23,82.6086956521739,"Flower shape",5,"Diptera"
"45_Knight_Mnichov_meadow_2018",13,26,50,"Flower shape",5,"Diptera"
"46_Knight_Gora_Gipsowa_2018",2,18,11.1111111111111,"Flower shape",5,"Diptera"
"47_Benadi_1",51,131,38.9312977099237,"Flower shape",5,"Diptera"
"47_Benadi_2",74,120,61.6666666666667,"Flower shape",5,"Diptera"
"47_Benadi_3",75,115,65.2173913043478,"Flower shape",5,"Diptera"
"47_Benadi_4",73,118,61.864406779661,"Flower shape",5,"Diptera"
"47_Benadi_5",59,91,64.8351648351648,"Flower shape",5,"Diptera"
"47_Benadi_6",47,64,73.4375,"Flower shape",5,"Diptera"
"4_Marini_UNIPD01 A_2018",9,16,56.25,"Flower shape",5,"Diptera"
"4_Marini_UNIPD01 An_2018",15,20,75,"Flower shape",5,"Diptera"
"4_Marini_UNIPD01 B_2018",10,17,58.8235294117647,"Flower shape",5,"Diptera"
"4_Marini_UNIPD01 Bn_2018",15,31,48.3870967741936,"Flower shape",5,"Diptera"
"4_Marini_UNIPD01 C_2018",8,26,30.7692307692308,"Flower shape",5,"Diptera"
"4_Marini_UNIPD01 Cn_2018",12,31,38.7096774193548,"Flower shape",5,"Diptera"
"4_Marini_UNIPD01 E_2018",15,26,57.6923076923077,"Flower shape",5,"Diptera"
"4_Marini_UNIPD01 En_2018",14,29,48.2758620689655,"Flower shape",5,"Diptera"
"4_Marini_UNIPD01 F_2018",8,13,61.5384615384615,"Flower shape",5,"Diptera"
"4_Marini_UNIPD01 Fn_2018",2,8,25,"Flower shape",5,"Diptera"
"4_Marini_UNIPD01 G_2018",8,15,53.3333333333333,"Flower shape",5,"Diptera"
"4_Marini_UNIPD01 Gn_2018",13,16,81.25,"Flower shape",5,"Diptera"
"4_Marini_UNIPD01 H_2018",9,50,18,"Flower shape",5,"Diptera"
"4_Marini_UNIPD01 Hn_2018",13,46,28.2608695652174,"Flower shape",5,"Diptera"
"4_Marini_UNIPD01 I_2018",12,23,52.1739130434783,"Flower shape",5,"Diptera"
"4_Marini_UNIPD01 In_2018",18,29,62.0689655172414,"Flower shape",5,"Diptera"
"50_Hervias-Parejo_Cala Tirant_2021",2,26,7.69230769230769,"Flower shape",5,"Diptera"
"50_Hervias-Parejo_Llucalari_2021",6,11,54.5454545454545,"Flower shape",5,"Diptera"
"50_Hervias-Parejo_Sa Bassa_2021",4,18,22.2222222222222,"Flower shape",5,"Diptera"
"50_Hervias-Parejo_Salinas_2021",1,18,5.55555555555556,"Flower shape",5,"Diptera"
"50_Hervias-Parejo_Torre Fornells_2021",16,29,55.1724137931034,"Flower shape",5,"Diptera"
"50_Hervias-Parejo_coast Son Bou_2021",3,8,37.5,"Flower shape",5,"Diptera"
"51_Petanidou_Pyrgos_2013",2,16,12.5,"Flower shape",5,"Diptera"
"51_Petanidou_Sigri 3_2012",4,5,80,"Flower shape",5,"Diptera"
"54_Lazaro_AloeVera_2018_2018",3,13,23.0769230769231,"Flower shape",5,"Diptera"
"54_Lazaro_SonBaco_2018_2018",18,29,62.0689655172414,"Flower shape",5,"Diptera"
"54_Lazaro_SonMutNou_2018_2018",22,27,81.4814814814815,"Flower shape",5,"Diptera"
"54_Lazaro_UIB_2018_2018",4,12,33.3333333333333,"Flower shape",5,"Diptera"
"5_Marini_UNIPD02 AA_2019",1,8,12.5,"Flower shape",5,"Diptera"
"5_Marini_UNIPD02 AB_2019",5,9,55.5555555555556,"Flower shape",5,"Diptera"
"5_Marini_UNIPD02 AC_2019",6,13,46.1538461538462,"Flower shape",5,"Diptera"
"5_Marini_UNIPD02 AD_2019",5,7,71.4285714285714,"Flower shape",5,"Diptera"
"5_Marini_UNIPD02 AE_2019",2,16,12.5,"Flower shape",5,"Diptera"
"5_Marini_UNIPD02 AF_2019",2,5,40,"Flower shape",5,"Diptera"
"5_Marini_UNIPD02 AG_2019",8,29,27.5862068965517,"Flower shape",5,"Diptera"
"5_Marini_UNIPD02 AH_2019",6,16,37.5,"Flower shape",5,"Diptera"
"5_Marini_UNIPD02 AI_2019",4,5,80,"Flower shape",5,"Diptera"
"5_Marini_UNIPD02 AJ_2019",4,10,40,"Flower shape",5,"Diptera"
"5_Marini_UNIPD02 AK_2019",3,5,60,"Flower shape",5,"Diptera"
"5_Marini_UNIPD02 AL_2019",4,19,21.0526315789474,"Flower shape",5,"Diptera"
"5_Marini_UNIPD02 AM_2019",6,13,46.1538461538462,"Flower shape",5,"Diptera"
"5_Marini_UNIPD02 AN_2019",5,10,50,"Flower shape",5,"Diptera"
"5_Marini_UNIPD02 AO_2019",11,17,64.7058823529412,"Flower shape",5,"Diptera"
"5_Marini_UNIPD02 AP_2019",2,9,22.2222222222222,"Flower shape",5,"Diptera"
"5_Marini_UNIPD02 AQ_2019",8,15,53.3333333333333,"Flower shape",5,"Diptera"
"5_Marini_UNIPD02 AS_2019",4,8,50,"Flower shape",5,"Diptera"
"5_Marini_UNIPD02 AT_2019",7,8,87.5,"Flower shape",5,"Diptera"
"5_Marini_UNIPD02 AV_2019",4,4,100,"Flower shape",5,"Diptera"
"5_Marini_UNIPD02 A_2019",3,6,50,"Flower shape",5,"Diptera"
"5_Marini_UNIPD02 B_2019",4,7,57.1428571428571,"Flower shape",5,"Diptera"
"5_Marini_UNIPD02 C_2019",12,14,85.7142857142857,"Flower shape",5,"Diptera"
"5_Marini_UNIPD02 D_2019",6,18,33.3333333333333,"Flower shape",5,"Diptera"
"5_Marini_UNIPD02 E_2019",7,12,58.3333333333333,"Flower shape",5,"Diptera"
"5_Marini_UNIPD02 G_2019",4,6,66.6666666666667,"Flower shape",5,"Diptera"
"5_Marini_UNIPD02 H_2019",2,3,66.6666666666667,"Flower shape",5,"Diptera"
"5_Marini_UNIPD02 I_2019",4,17,23.5294117647059,"Flower shape",5,"Diptera"
"5_Marini_UNIPD02 K_2019",1,2,50,"Flower shape",5,"Diptera"
"5_Marini_UNIPD02 L_2019",9,10,90,"Flower shape",5,"Diptera"
"5_Marini_UNIPD02 M_2019",10,14,71.4285714285714,"Flower shape",5,"Diptera"
"5_Marini_UNIPD02 N_2019",8,12,66.6666666666667,"Flower shape",5,"Diptera"
"5_Marini_UNIPD02 O_2019",14,22,63.6363636363636,"Flower shape",5,"Diptera"
"5_Marini_UNIPD02 P_2019",11,13,84.6153846153846,"Flower shape",5,"Diptera"
"5_Marini_UNIPD02 Q_2019",7,10,70,"Flower shape",5,"Diptera"
"5_Marini_UNIPD02 S_2019",4,9,44.4444444444444,"Flower shape",5,"Diptera"
"5_Marini_UNIPD02 T_2019",6,6,100,"Flower shape",5,"Diptera"
"5_Marini_UNIPD02 U_2019",2,8,25,"Flower shape",5,"Diptera"
"5_Marini_UNIPD02 V_2019",9,18,50,"Flower shape",5,"Diptera"
"5_Marini_UNIPD02 W_2019",1,6,16.6666666666667,"Flower shape",5,"Diptera"
"5_Marini_UNIPD02 X_2019",7,23,30.4347826086957,"Flower shape",5,"Diptera"
"5_Marini_UNIPD02 Y_2019",6,17,35.2941176470588,"Flower shape",5,"Diptera"
"5_Marini_UNIPD02 Z_2019",4,4,100,"Flower shape",5,"Diptera"
"6_Marini_UNIPD03 CD13_2020",5,5,100,"Flower shape",5,"Diptera"
"6_Marini_UNIPD03 CD14_2020",7,8,87.5,"Flower shape",5,"Diptera"
"6_Marini_UNIPD03 CD15_2020",9,13,69.2307692307692,"Flower shape",5,"Diptera"
"6_Marini_UNIPD03 CD16_2020",7,9,77.7777777777778,"Flower shape",5,"Diptera"
"6_Marini_UNIPD03 CD17_2020",10,11,90.9090909090909,"Flower shape",5,"Diptera"
"6_Marini_UNIPD03 CD20_2020",9,12,75,"Flower shape",5,"Diptera"
"6_Marini_UNIPD03 CD22_2020",6,9,66.6666666666667,"Flower shape",5,"Diptera"
"6_Marini_UNIPD03 CD23_2020",10,15,66.6666666666667,"Flower shape",5,"Diptera"
"6_Marini_UNIPD03 CD26_2020",5,6,83.3333333333333,"Flower shape",5,"Diptera"
"6_Marini_UNIPD03 CD27_2020",7,9,77.7777777777778,"Flower shape",5,"Diptera"
"6_Marini_UNIPD03 CD28_2020",12,16,75,"Flower shape",5,"Diptera"
"6_Marini_UNIPD03 CD29_2020",11,13,84.6153846153846,"Flower shape",5,"Diptera"
"6_Marini_UNIPD03 CD34_2020",7,9,77.7777777777778,"Flower shape",5,"Diptera"
"6_Marini_UNIPD03 D11_2020",5,6,83.3333333333333,"Flower shape",5,"Diptera"
"6_Marini_UNIPD03 D17_2020",4,6,66.6666666666667,"Flower shape",5,"Diptera"
"6_Marini_UNIPD03 D21_2020",4,5,80,"Flower shape",5,"Diptera"
"6_Marini_UNIPD03 D24_2020",9,13,69.2307692307692,"Flower shape",5,"Diptera"
"6_Marini_UNIPD03 D28_2020",9,11,81.8181818181818,"Flower shape",5,"Diptera"
"6_Marini_UNIPD03 D29_2020",4,5,80,"Flower shape",5,"Diptera"
"6_Marini_UNIPD03 D34_2020",5,7,71.4285714285714,"Flower shape",5,"Diptera"
"6_Marini_UNIPD03 D35_2020",5,6,83.3333333333333,"Flower shape",5,"Diptera"
"6_Marini_UNIPD03 D5_2020",3,7,42.8571428571429,"Flower shape",5,"Diptera"
"6_Marini_UNIPD03 D8_2020",4,5,80,"Flower shape",5,"Diptera"
"6_Marini_UNIPD03 E14_2020",8,13,61.5384615384615,"Flower shape",5,"Diptera"
"6_Marini_UNIPD03 E19_2020",7,12,58.3333333333333,"Flower shape",5,"Diptera"
"6_Marini_UNIPD03 E25_2020",10,11,90.9090909090909,"Flower shape",5,"Diptera"
"6_Marini_UNIPD03 E26_2020",9,15,60,"Flower shape",5,"Diptera"
"6_Marini_UNIPD03 E33_2020",7,10,70,"Flower shape",5,"Diptera"
"6_Marini_UNIPD03 E35_2020",8,11,72.7272727272727,"Flower shape",5,"Diptera"
"6_Marini_UNIPD03 E36_2020",9,10,90,"Flower shape",5,"Diptera"
"7_Scheper_Chize_10_Field_boundary_2015",2,3,66.6666666666667,"Flower shape",5,"Diptera"
"7_Scheper_Chize_12_Field_boundary_2015",2,4,50,"Flower shape",5,"Diptera"
"7_Scheper_Chize_14_Field_boundary_2015",1,4,25,"Flower shape",5,"Diptera"
"7_Scheper_Chize_19_Field_boundary_2015",2,2,100,"Flower shape",5,"Diptera"
"7_Scheper_Chize_1_Field_boundary_2015",4,4,100,"Flower shape",5,"Diptera"
"7_Scheper_Chize_1_Grassland_2015",2,2,100,"Flower shape",5,"Diptera"
"7_Scheper_Chize_25_Field_boundary_2015",3,7,42.8571428571429,"Flower shape",5,"Diptera"
"7_Scheper_Chize_4_Field_boundary_2015",4,4,100,"Flower shape",5,"Diptera"
"7_Scheper_Chize_5_Field_boundary_2015",4,5,80,"Flower shape",5,"Diptera"
"7_Scheper_Chize_6_Field_boundary_2015",2,8,25,"Flower shape",5,"Diptera"
"11_Clough_ASK_2021_2021",3,5,60,"Flower shape",3,"Diptera"
"11_Clough_HAM_2021_2021",4,19,21.0526315789474,"Flower shape",3,"Diptera"
"11_Clough_KOM_2021_2021",3,5,60,"Flower shape",3,"Diptera"
"11_Clough_LOB_2021_2021",3,7,42.8571428571429,"Flower shape",3,"Diptera"
"11_Clough_PET_2021_2021",2,11,18.1818181818182,"Flower shape",3,"Diptera"
"12_Ockinger_Norrang_Ryckelsby_Og",7,15,46.6666666666667,"Flower shape",3,"Diptera"
"12_Ockinger_Sattra_Og",2,7,28.5714285714286,"Flower shape",3,"Diptera"
"12_Ockinger_St_Tadinge",3,5,60,"Flower shape",3,"Diptera"
"12_Ockinger_Tjalinge_Skogstibble",1,6,16.6666666666667,"Flower shape",3,"Diptera"
"20_Hoiss_H5_2010",40,58,68.9655172413793,"Flower shape",3,"Diptera"
"20_Hoiss_H6_2010",14,27,51.8518518518518,"Flower shape",3,"Diptera"
"20_Hoiss_H7_2010",13,32,40.625,"Flower shape",3,"Diptera"
"20_Hoiss_HO1_2010",5,30,16.6666666666667,"Flower shape",3,"Diptera"
"20_Hoiss_HO5_2010",21,46,45.6521739130435,"Flower shape",3,"Diptera"
"20_Hoiss_T4_2010",11,35,31.4285714285714,"Flower shape",3,"Diptera"
"28_Sutter_10_2013",1,1,100,"Flower shape",3,"Diptera"
"28_Sutter_11_2013",1,1,100,"Flower shape",3,"Diptera"
"28_Sutter_12_2013",1,1,100,"Flower shape",3,"Diptera"
"28_Sutter_13_2013",1,1,100,"Flower shape",3,"Diptera"
"28_Sutter_14_2013",1,1,100,"Flower shape",3,"Diptera"
"28_Sutter_17_2013",1,1,100,"Flower shape",3,"Diptera"
"28_Sutter_19_2013",1,1,100,"Flower shape",3,"Diptera"
"28_Sutter_1_2013",1,1,100,"Flower shape",3,"Diptera"
"28_Sutter_20_2013",1,1,100,"Flower shape",3,"Diptera"
"28_Sutter_21_2013",1,1,100,"Flower shape",3,"Diptera"
"28_Sutter_2_2013",1,1,100,"Flower shape",3,"Diptera"
"28_Sutter_3_2013",1,1,100,"Flower shape",3,"Diptera"
"28_Sutter_5_2013",1,1,100,"Flower shape",3,"Diptera"
"28_Sutter_8_2013",1,1,100,"Flower shape",3,"Diptera"
"28_Sutter_8_2014",1,1,100,"Flower shape",3,"Diptera"
"29_Magrach_Gibraleon_2011",3,7,42.8571428571429,"Flower shape",3,"Diptera"
"29_Magrach_Niebla_2011",6,9,66.6666666666667,"Flower shape",3,"Diptera"
"29_Magrach_Niebla_2012",1,2,50,"Flower shape",3,"Diptera"
"2_Petanidou_Armolia_2015",8,11,72.7272727272727,"Flower shape",3,"Diptera"
"2_Petanidou_Emborios_2015",6,8,75,"Flower shape",3,"Diptera"
"2_Petanidou_Gridia_2015",3,9,33.3333333333333,"Flower shape",3,"Diptera"
"2_Petanidou_Kato Fana_2015",8,10,80,"Flower shape",3,"Diptera"
"2_Petanidou_Palios Katarraktis_2015",4,13,30.7692307692308,"Flower shape",3,"Diptera"
"2_Petanidou_Vessa 2_2015",1,14,7.14285714285714,"Flower shape",3,"Diptera"
"30_Smith_lsk48_2012",4,11,36.3636363636364,"Flower shape",3,"Diptera"
"30_Smith_lsk73_2012",4,12,33.3333333333333,"Flower shape",3,"Diptera"
"30_Smith_lsk74_2012",7,12,58.3333333333333,"Flower shape",3,"Diptera"
"30_Smith_lsk77_2011",2,6,33.3333333333333,"Flower shape",3,"Diptera"
"30_Smith_lsk77_2012",4,13,30.7692307692308,"Flower shape",3,"Diptera"
"31_Roberts_Hunt_2013",1,1,100,"Flower shape",3,"Diptera"
"31_Roberts_Jefferies_2013",2,4,50,"Flower shape",3,"Diptera"
"31_Roberts_Livingstone_far_2012",1,3,33.3333333333333,"Flower shape",3,"Diptera"
"31_Roberts_Livingstone_house_2012",2,4,50,"Flower shape",3,"Diptera"
"31_Roberts_Mearns_2013",4,4,100,"Flower shape",3,"Diptera"
"31_Roberts_White_left_2012",1,4,25,"Flower shape",3,"Diptera"
"36_Larkin_Barracks.Lyan.Co.Clare_13.2017_GS1",1,6,16.6666666666667,"Flower shape",3,"Diptera"
"36_Larkin_Glencolumbkille.South.Carron.Co.Clare_20.2017_GS1",4,5,80,"Flower shape",3,"Diptera"
"37_White_An",1,10,10,"Flower shape",3,"Diptera"
"37_White_Bl",8,15,53.3333333333333,"Flower shape",3,"Diptera"
"37_White_Bn",4,13,30.7692307692308,"Flower shape",3,"Diptera"
"37_White_CW",13,21,61.9047619047619,"Flower shape",3,"Diptera"
"37_White_Ce",1,11,9.09090909090909,"Flower shape",3,"Diptera"
"37_White_Cn",6,18,33.3333333333333,"Flower shape",3,"Diptera"
"37_White_ED",1,10,10,"Flower shape",3,"Diptera"
"37_White_Fs",3,11,27.2727272727273,"Flower shape",3,"Diptera"
"37_White_Kr",2,7,28.5714285714286,"Flower shape",3,"Diptera"
"37_White_ND",6,12,50,"Flower shape",3,"Diptera"
"37_White_NG",2,15,13.3333333333333,"Flower shape",3,"Diptera"
"37_White_WD",7,13,53.8461538461538,"Flower shape",3,"Diptera"
"38_Maurer_A1",3,7,42.8571428571429,"Flower shape",3,"Diptera"
"38_Maurer_A2",3,11,27.2727272727273,"Flower shape",3,"Diptera"
"38_Maurer_A4",3,10,30,"Flower shape",3,"Diptera"
"38_Maurer_R1",7,11,63.6363636363636,"Flower shape",3,"Diptera"
"38_Maurer_R3",2,7,28.5714285714286,"Flower shape",3,"Diptera"
"38_Maurer_R4",1,7,14.2857142857143,"Flower shape",3,"Diptera"
"39_Schweiger_I2_woodland.scrub_1_2021",1,3,33.3333333333333,"Flower shape",3,"Diptera"
"39_Schweiger_I4_woodland.scrub_3_2021",2,4,50,"Flower shape",3,"Diptera"
"39_Schweiger_R1_semi.natural.grass_4_2021",2,3,66.6666666666667,"Flower shape",3,"Diptera"
"39_Schweiger_R4_semi.natural.grass_2_2021",3,8,37.5,"Flower shape",3,"Diptera"
"40_Knight_Ghe_ari_2017",27,61,44.2622950819672,"Flower shape",3,"Diptera"
"41_Knight_1 wooded meadow_2018",16,21,76.1904761904762,"Flower shape",3,"Diptera"
"41_Knight_2 alvar pasture_2018",3,6,50,"Flower shape",3,"Diptera"
"41_Knight_3 alvar pasture_2018",17,19,89.4736842105263,"Flower shape",3,"Diptera"
"41_Knight_4 wooded meadow_2018",6,7,85.7142857142857,"Flower shape",3,"Diptera"
"41_Knight_5 wooded meadow_2018",2,22,9.09090909090909,"Flower shape",3,"Diptera"
"41_Knight_6 alvar pasture_2018",1,8,12.5,"Flower shape",3,"Diptera"
"42_Knight_M1Restored_2019",3,5,60,"Flower shape",3,"Diptera"
"42_Knight_M2Natural_2019",2,2,100,"Flower shape",3,"Diptera"
"42_Knight_M3Natural_2019",6,8,75,"Flower shape",3,"Diptera"
"42_Knight_M4Restored_2019",1,7,14.2857142857143,"Flower shape",3,"Diptera"
"42_Knight_M5Restored_2019",2,6,33.3333333333333,"Flower shape",3,"Diptera"
"42_Knight_M6Natural_2019",11,15,73.3333333333333,"Flower shape",3,"Diptera"
"42_Knight_M8Restored_2019",6,7,85.7142857142857,"Flower shape",3,"Diptera"
"44_Knight_M11_2018",2,5,40,"Flower shape",3,"Diptera"
"44_Knight_M12_2018",5,26,19.2307692307692,"Flower shape",3,"Diptera"
"44_Knight_M13_2018",6,16,37.5,"Flower shape",3,"Diptera"
"44_Knight_M15_2018",15,29,51.7241379310345,"Flower shape",3,"Diptera"
"44_Knight_M16_2018",12,28,42.8571428571429,"Flower shape",3,"Diptera"
"44_Knight_M17_2018",6,15,40,"Flower shape",3,"Diptera"
"44_Knight_M18_2018",6,18,33.3333333333333,"Flower shape",3,"Diptera"
"44_Knight_M1_2018",8,14,57.1428571428571,"Flower shape",3,"Diptera"
"44_Knight_M3_2018",3,17,17.6470588235294,"Flower shape",3,"Diptera"
"44_Knight_M4_2018",13,24,54.1666666666667,"Flower shape",3,"Diptera"
"44_Knight_M6_2018",1,8,12.5,"Flower shape",3,"Diptera"
"44_Knight_M8_2018",5,13,38.4615384615385,"Flower shape",3,"Diptera"
"45_Knight_Hermanovice_meadow_2018",17,28,60.7142857142857,"Flower shape",3,"Diptera"
"45_Knight_HorniGrunt_meadow_2018",18,23,78.2608695652174,"Flower shape",3,"Diptera"
"45_Knight_Mnichov_meadow_2018",9,26,34.6153846153846,"Flower shape",3,"Diptera"
"46_Knight_Gora_Gipsowa_2018",2,18,11.1111111111111,"Flower shape",3,"Diptera"
"47_Benadi_1",49,131,37.4045801526718,"Flower shape",3,"Diptera"
"47_Benadi_2",57,120,47.5,"Flower shape",3,"Diptera"
"47_Benadi_3",66,115,57.3913043478261,"Flower shape",3,"Diptera"
"47_Benadi_4",57,118,48.3050847457627,"Flower shape",3,"Diptera"
"47_Benadi_5",55,91,60.4395604395604,"Flower shape",3,"Diptera"
"47_Benadi_6",47,64,73.4375,"Flower shape",3,"Diptera"
"4_Marini_UNIPD01 A_2018",9,16,56.25,"Flower shape",3,"Diptera"
"4_Marini_UNIPD01 An_2018",10,20,50,"Flower shape",3,"Diptera"
"4_Marini_UNIPD01 B_2018",10,17,58.8235294117647,"Flower shape",3,"Diptera"
"4_Marini_UNIPD01 Bn_2018",5,31,16.1290322580645,"Flower shape",3,"Diptera"
"4_Marini_UNIPD01 C_2018",4,26,15.3846153846154,"Flower shape",3,"Diptera"
"4_Marini_UNIPD01 Cn_2018",11,31,35.4838709677419,"Flower shape",3,"Diptera"
"4_Marini_UNIPD01 E_2018",6,26,23.0769230769231,"Flower shape",3,"Diptera"
"4_Marini_UNIPD01 En_2018",7,29,24.1379310344828,"Flower shape",3,"Diptera"
"4_Marini_UNIPD01 F_2018",8,13,61.5384615384615,"Flower shape",3,"Diptera"
"4_Marini_UNIPD01 Fn_2018",2,8,25,"Flower shape",3,"Diptera"
"4_Marini_UNIPD01 G_2018",8,15,53.3333333333333,"Flower shape",3,"Diptera"
"4_Marini_UNIPD01 Gn_2018",13,16,81.25,"Flower shape",3,"Diptera"
"4_Marini_UNIPD01 H_2018",7,50,14,"Flower shape",3,"Diptera"
"4_Marini_UNIPD01 Hn_2018",10,46,21.7391304347826,"Flower shape",3,"Diptera"
"4_Marini_UNIPD01 I_2018",11,23,47.8260869565217,"Flower shape",3,"Diptera"
"4_Marini_UNIPD01 In_2018",14,29,48.2758620689655,"Flower shape",3,"Diptera"
"50_Hervias-Parejo_Llucalari_2021",1,11,9.09090909090909,"Flower shape",3,"Diptera"
"50_Hervias-Parejo_Sa Bassa_2021",4,18,22.2222222222222,"Flower shape",3,"Diptera"
"50_Hervias-Parejo_Salinas_2021",1,18,5.55555555555556,"Flower shape",3,"Diptera"
"50_Hervias-Parejo_Torre Fornells_2021",12,29,41.3793103448276,"Flower shape",3,"Diptera"
"50_Hervias-Parejo_coast Son Bou_2021",1,8,12.5,"Flower shape",3,"Diptera"
"51_Petanidou_Pyrgos_2013",2,16,12.5,"Flower shape",3,"Diptera"
"51_Petanidou_Sigri 3_2012",2,5,40,"Flower shape",3,"Diptera"
"54_Lazaro_AloeVera_2018_2018",1,13,7.69230769230769,"Flower shape",3,"Diptera"
"54_Lazaro_SonBaco_2018_2018",17,29,58.6206896551724,"Flower shape",3,"Diptera"
"54_Lazaro_SonMutNou_2018_2018",21,27,77.7777777777778,"Flower shape",3,"Diptera"
"54_Lazaro_UIB_2018_2018",2,12,16.6666666666667,"Flower shape",3,"Diptera"
"5_Marini_UNIPD02 AA_2019",1,8,12.5,"Flower shape",3,"Diptera"
"5_Marini_UNIPD02 AB_2019",5,9,55.5555555555556,"Flower shape",3,"Diptera"
"5_Marini_UNIPD02 AC_2019",2,13,15.3846153846154,"Flower shape",3,"Diptera"
"5_Marini_UNIPD02 AD_2019",5,7,71.4285714285714,"Flower shape",3,"Diptera"
"5_Marini_UNIPD02 AE_2019",2,16,12.5,"Flower shape",3,"Diptera"
"5_Marini_UNIPD02 AG_2019",5,29,17.2413793103448,"Flower shape",3,"Diptera"
"5_Marini_UNIPD02 AH_2019",6,16,37.5,"Flower shape",3,"Diptera"
"5_Marini_UNIPD02 AI_2019",4,5,80,"Flower shape",3,"Diptera"
"5_Marini_UNIPD02 AJ_2019",2,10,20,"Flower shape",3,"Diptera"
"5_Marini_UNIPD02 AK_2019",1,5,20,"Flower shape",3,"Diptera"
"5_Marini_UNIPD02 AL_2019",1,19,5.26315789473684,"Flower shape",3,"Diptera"
"5_Marini_UNIPD02 AM_2019",3,13,23.0769230769231,"Flower shape",3,"Diptera"
"5_Marini_UNIPD02 AN_2019",3,10,30,"Flower shape",3,"Diptera"
"5_Marini_UNIPD02 AO_2019",8,17,47.0588235294118,"Flower shape",3,"Diptera"
"5_Marini_UNIPD02 AP_2019",2,9,22.2222222222222,"Flower shape",3,"Diptera"
"5_Marini_UNIPD02 AQ_2019",8,15,53.3333333333333,"Flower shape",3,"Diptera"
"5_Marini_UNIPD02 AS_2019",1,8,12.5,"Flower shape",3,"Diptera"
"5_Marini_UNIPD02 AT_2019",1,8,12.5,"Flower shape",3,"Diptera"
"5_Marini_UNIPD02 AV_2019",4,4,100,"Flower shape",3,"Diptera"
"5_Marini_UNIPD02 A_2019",3,6,50,"Flower shape",3,"Diptera"
"5_Marini_UNIPD02 B_2019",1,7,14.2857142857143,"Flower shape",3,"Diptera"
"5_Marini_UNIPD02 C_2019",7,14,50,"Flower shape",3,"Diptera"
"5_Marini_UNIPD02 D_2019",1,18,5.55555555555556,"Flower shape",3,"Diptera"
"5_Marini_UNIPD02 E_2019",6,12,50,"Flower shape",3,"Diptera"
"5_Marini_UNIPD02 G_2019",3,6,50,"Flower shape",3,"Diptera"
"5_Marini_UNIPD02 H_2019",1,3,33.3333333333333,"Flower shape",3,"Diptera"
"5_Marini_UNIPD02 I_2019",4,17,23.5294117647059,"Flower shape",3,"Diptera"
"5_Marini_UNIPD02 K_2019",1,2,50,"Flower shape",3,"Diptera"
"5_Marini_UNIPD02 L_2019",9,10,90,"Flower shape",3,"Diptera"
"5_Marini_UNIPD02 M_2019",8,14,57.1428571428571,"Flower shape",3,"Diptera"
"5_Marini_UNIPD02 N_2019",7,12,58.3333333333333,"Flower shape",3,"Diptera"
"5_Marini_UNIPD02 O_2019",14,22,63.6363636363636,"Flower shape",3,"Diptera"
"5_Marini_UNIPD02 P_2019",7,13,53.8461538461538,"Flower shape",3,"Diptera"
"5_Marini_UNIPD02 Q_2019",7,10,70,"Flower shape",3,"Diptera"
"5_Marini_UNIPD02 S_2019",2,9,22.2222222222222,"Flower shape",3,"Diptera"
"5_Marini_UNIPD02 T_2019",6,6,100,"Flower shape",3,"Diptera"
"5_Marini_UNIPD02 U_2019",2,8,25,"Flower shape",3,"Diptera"
"5_Marini_UNIPD02 V_2019",8,18,44.4444444444444,"Flower shape",3,"Diptera"
"5_Marini_UNIPD02 W_2019",1,6,16.6666666666667,"Flower shape",3,"Diptera"
"5_Marini_UNIPD02 X_2019",5,23,21.7391304347826,"Flower shape",3,"Diptera"
"5_Marini_UNIPD02 Y_2019",6,17,35.2941176470588,"Flower shape",3,"Diptera"
"5_Marini_UNIPD02 Z_2019",4,4,100,"Flower shape",3,"Diptera"
"6_Marini_UNIPD03 CD13_2020",5,5,100,"Flower shape",3,"Diptera"
"6_Marini_UNIPD03 CD14_2020",5,8,62.5,"Flower shape",3,"Diptera"
"6_Marini_UNIPD03 CD15_2020",9,13,69.2307692307692,"Flower shape",3,"Diptera"
"6_Marini_UNIPD03 CD16_2020",3,9,33.3333333333333,"Flower shape",3,"Diptera"
"6_Marini_UNIPD03 CD17_2020",10,11,90.9090909090909,"Flower shape",3,"Diptera"
"6_Marini_UNIPD03 CD20_2020",9,12,75,"Flower shape",3,"Diptera"
"6_Marini_UNIPD03 CD22_2020",3,9,33.3333333333333,"Flower shape",3,"Diptera"
"6_Marini_UNIPD03 CD23_2020",7,15,46.6666666666667,"Flower shape",3,"Diptera"
"6_Marini_UNIPD03 CD26_2020",3,6,50,"Flower shape",3,"Diptera"
"6_Marini_UNIPD03 CD27_2020",5,9,55.5555555555556,"Flower shape",3,"Diptera"
"6_Marini_UNIPD03 CD28_2020",9,16,56.25,"Flower shape",3,"Diptera"
"6_Marini_UNIPD03 CD29_2020",3,13,23.0769230769231,"Flower shape",3,"Diptera"
"6_Marini_UNIPD03 CD2_2020",1,3,33.3333333333333,"Flower shape",3,"Diptera"
"6_Marini_UNIPD03 CD34_2020",7,9,77.7777777777778,"Flower shape",3,"Diptera"
"6_Marini_UNIPD03 D11_2020",4,6,66.6666666666667,"Flower shape",3,"Diptera"
"6_Marini_UNIPD03 D17_2020",4,6,66.6666666666667,"Flower shape",3,"Diptera"
"6_Marini_UNIPD03 D21_2020",4,5,80,"Flower shape",3,"Diptera"
"6_Marini_UNIPD03 D24_2020",8,13,61.5384615384615,"Flower shape",3,"Diptera"
"6_Marini_UNIPD03 D28_2020",8,11,72.7272727272727,"Flower shape",3,"Diptera"
"6_Marini_UNIPD03 D29_2020",3,5,60,"Flower shape",3,"Diptera"
"6_Marini_UNIPD03 D34_2020",5,7,71.4285714285714,"Flower shape",3,"Diptera"
"6_Marini_UNIPD03 D35_2020",5,6,83.3333333333333,"Flower shape",3,"Diptera"
"6_Marini_UNIPD03 D5_2020",3,7,42.8571428571429,"Flower shape",3,"Diptera"
"6_Marini_UNIPD03 D8_2020",2,5,40,"Flower shape",3,"Diptera"
"6_Marini_UNIPD03 E14_2020",8,13,61.5384615384615,"Flower shape",3,"Diptera"
"6_Marini_UNIPD03 E19_2020",4,12,33.3333333333333,"Flower shape",3,"Diptera"
"6_Marini_UNIPD03 E25_2020",9,11,81.8181818181818,"Flower shape",3,"Diptera"
"6_Marini_UNIPD03 E26_2020",7,15,46.6666666666667,"Flower shape",3,"Diptera"
"6_Marini_UNIPD03 E31_2020",4,6,66.6666666666667,"Flower shape",3,"Diptera"
"6_Marini_UNIPD03 E32_2020",3,6,50,"Flower shape",3,"Diptera"
"6_Marini_UNIPD03 E33_2020",7,10,70,"Flower shape",3,"Diptera"
"6_Marini_UNIPD03 E35_2020",8,11,72.7272727272727,"Flower shape",3,"Diptera"
"6_Marini_UNIPD03 E36_2020",9,10,90,"Flower shape",3,"Diptera"
"7_Scheper_Chize_10_Field_boundary_2015",2,3,66.6666666666667,"Flower shape",3,"Diptera"
"7_Scheper_Chize_12_Field_boundary_2015",2,4,50,"Flower shape",3,"Diptera"
"7_Scheper_Chize_14_Field_boundary_2015",1,4,25,"Flower shape",3,"Diptera"
"7_Scheper_Chize_19_Field_boundary_2015",2,2,100,"Flower shape",3,"Diptera"
"7_Scheper_Chize_1_Field_boundary_2015",4,4,100,"Flower shape",3,"Diptera"
"7_Scheper_Chize_1_Grassland_2015",2,2,100,"Flower shape",3,"Diptera"
"7_Scheper_Chize_25_Field_boundary_2015",2,7,28.5714285714286,"Flower shape",3,"Diptera"
"7_Scheper_Chize_4_Field_boundary_2015",4,4,100,"Flower shape",3,"Diptera"
"7_Scheper_Chize_5_Field_boundary_2015",4,5,80,"Flower shape",3,"Diptera"
"7_Scheper_Chize_6_Field_boundary_2015",2,8,25,"Flower shape",3,"Diptera"
"11_Clough_ASK_2021_2021",5,5,100,"Phylogenetic",10,"Diptera"
"11_Clough_HAM_2021_2021",9,19,47.3684210526316,"Phylogenetic",10,"Diptera"
"11_Clough_KOM_2021_2021",3,5,60,"Phylogenetic",10,"Diptera"
"11_Clough_LOB_2021_2021",4,7,57.1428571428571,"Phylogenetic",10,"Diptera"
"11_Clough_PET_2021_2021",8,11,72.7272727272727,"Phylogenetic",10,"Diptera"
"11_Clough_TAG_2021_2021",4,13,30.7692307692308,"Phylogenetic",10,"Diptera"
"12_Ockinger_Norrang_Ryckelsby_Og",12,15,80,"Phylogenetic",10,"Diptera"
"12_Ockinger_Sattra_Og",4,7,57.1428571428571,"Phylogenetic",10,"Diptera"
"12_Ockinger_St_Tadinge",2,5,40,"Phylogenetic",10,"Diptera"
"12_Ockinger_Tjalinge_Skogstibble",4,6,66.6666666666667,"Phylogenetic",10,"Diptera"
"20_Hoiss_H5_2010",34,58,58.6206896551724,"Phylogenetic",10,"Diptera"
"20_Hoiss_H6_2010",0,27,0,"Phylogenetic",10,"Diptera"
"20_Hoiss_H7_2010",22,32,68.75,"Phylogenetic",10,"Diptera"
"20_Hoiss_HO1_2010",6,30,20,"Phylogenetic",10,"Diptera"
"20_Hoiss_HO5_2010",21,46,45.6521739130435,"Phylogenetic",10,"Diptera"
"20_Hoiss_T4_2010",15,35,42.8571428571429,"Phylogenetic",10,"Diptera"
"28_Sutter_10_2013",1,1,100,"Phylogenetic",10,"Diptera"
"28_Sutter_11_2013",1,1,100,"Phylogenetic",10,"Diptera"
"28_Sutter_12_2013",1,1,100,"Phylogenetic",10,"Diptera"
"28_Sutter_13_2013",1,1,100,"Phylogenetic",10,"Diptera"
"28_Sutter_13_2014",1,1,100,"Phylogenetic",10,"Diptera"
"28_Sutter_14_2013",1,1,100,"Phylogenetic",10,"Diptera"
"28_Sutter_17_2013",1,1,100,"Phylogenetic",10,"Diptera"
"28_Sutter_19_2013",1,1,100,"Phylogenetic",10,"Diptera"
"28_Sutter_1_2013",1,1,100,"Phylogenetic",10,"Diptera"
"28_Sutter_20_2013",1,1,100,"Phylogenetic",10,"Diptera"
"28_Sutter_21_2013",1,1,100,"Phylogenetic",10,"Diptera"
"28_Sutter_2_2013",1,1,100,"Phylogenetic",10,"Diptera"
"28_Sutter_3_2013",1,1,100,"Phylogenetic",10,"Diptera"
"28_Sutter_5_2013",1,1,100,"Phylogenetic",10,"Diptera"
"28_Sutter_8_2013",1,1,100,"Phylogenetic",10,"Diptera"
"28_Sutter_8_2014",1,1,100,"Phylogenetic",10,"Diptera"
"29_Magrach_Gravera_2011",0,3,0,"Phylogenetic",10,"Diptera"
"29_Magrach_Niebla_2011",5,9,55.5555555555556,"Phylogenetic",10,"Diptera"
"29_Magrach_Niebla_2012",0,2,0,"Phylogenetic",10,"Diptera"
"29_Magrach_Villablanca_2011",0,6,0,"Phylogenetic",10,"Diptera"
"2_Petanidou_Armolia_2015",0,11,0,"Phylogenetic",10,"Diptera"
"2_Petanidou_Emborios_2015",3,8,37.5,"Phylogenetic",10,"Diptera"
"2_Petanidou_Gridia_2015",4,9,44.4444444444444,"Phylogenetic",10,"Diptera"
"2_Petanidou_Kato Fana_2015",8,10,80,"Phylogenetic",10,"Diptera"
"2_Petanidou_Palios Katarraktis_2015",3,13,23.0769230769231,"Phylogenetic",10,"Diptera"
"2_Petanidou_Vessa 2_2015",10,14,71.4285714285714,"Phylogenetic",10,"Diptera"
"30_Smith_lsk48_2012",1,11,9.09090909090909,"Phylogenetic",10,"Diptera"
"30_Smith_lsk57_2011",1,10,10,"Phylogenetic",10,"Diptera"
"30_Smith_lsk73_2012",8,12,66.6666666666667,"Phylogenetic",10,"Diptera"
"30_Smith_lsk74_2012",8,12,66.6666666666667,"Phylogenetic",10,"Diptera"
"30_Smith_lsk77_2011",2,6,33.3333333333333,"Phylogenetic",10,"Diptera"
"30_Smith_lsk77_2012",5,13,38.4615384615385,"Phylogenetic",10,"Diptera"
"31_Roberts_Hunt_2013",0,1,0,"Phylogenetic",10,"Diptera"
"31_Roberts_Jefferies_2013",2,4,50,"Phylogenetic",10,"Diptera"
"31_Roberts_Livingstone_far_2012",3,3,100,"Phylogenetic",10,"Diptera"
"31_Roberts_Livingstone_house_2012",1,4,25,"Phylogenetic",10,"Diptera"
"31_Roberts_Mearns_2013",0,4,0,"Phylogenetic",10,"Diptera"
"31_Roberts_White_left_2012",0,4,0,"Phylogenetic",10,"Diptera"
"36_Larkin_Barracks.Lyan.Co.Clare_13.2017_GS1",5,6,83.3333333333333,"Phylogenetic",10,"Diptera"
"36_Larkin_Glencolumbkille.South.Carron.Co.Clare_20.2017_GS1",5,5,100,"Phylogenetic",10,"Diptera"
"37_White_An",5,10,50,"Phylogenetic",10,"Diptera"
"37_White_Bl",6,15,40,"Phylogenetic",10,"Diptera"
"37_White_Bn",4,13,30.7692307692308,"Phylogenetic",10,"Diptera"
"37_White_CW",16,21,76.1904761904762,"Phylogenetic",10,"Diptera"
"37_White_Ce",5,11,45.4545454545455,"Phylogenetic",10,"Diptera"
"37_White_Cn",6,18,33.3333333333333,"Phylogenetic",10,"Diptera"
"37_White_ED",9,10,90,"Phylogenetic",10,"Diptera"
"37_White_Fs",5,11,45.4545454545455,"Phylogenetic",10,"Diptera"
"37_White_JK",5,12,41.6666666666667,"Phylogenetic",10,"Diptera"
"37_White_Kr",3,7,42.8571428571429,"Phylogenetic",10,"Diptera"
"37_White_ND",5,12,41.6666666666667,"Phylogenetic",10,"Diptera"
"37_White_NG",9,15,60,"Phylogenetic",10,"Diptera"
"37_White_Pn",2,7,28.5714285714286,"Phylogenetic",10,"Diptera"
"37_White_WD",10,13,76.9230769230769,"Phylogenetic",10,"Diptera"
"38_Maurer_A1",3,7,42.8571428571429,"Phylogenetic",10,"Diptera"
"38_Maurer_A2",2,11,18.1818181818182,"Phylogenetic",10,"Diptera"
"38_Maurer_A3",0,9,0,"Phylogenetic",10,"Diptera"
"38_Maurer_A4",2,10,20,"Phylogenetic",10,"Diptera"
"38_Maurer_R1",3,11,27.2727272727273,"Phylogenetic",10,"Diptera"
"38_Maurer_R2",3,14,21.4285714285714,"Phylogenetic",10,"Diptera"
"38_Maurer_R3",3,7,42.8571428571429,"Phylogenetic",10,"Diptera"
"38_Maurer_R4",1,7,14.2857142857143,"Phylogenetic",10,"Diptera"
"38_Maurer_U2",0,15,0,"Phylogenetic",10,"Diptera"
"38_Maurer_U3",1,10,10,"Phylogenetic",10,"Diptera"
"39_Schweiger_I1_ruderal_1_2021",1,4,25,"Phylogenetic",10,"Diptera"
"39_Schweiger_I2_semi.natural.grass_5_2021",1,2,50,"Phylogenetic",10,"Diptera"
"39_Schweiger_I2_woodland.scrub_1_2021",1,3,33.3333333333333,"Phylogenetic",10,"Diptera"
"39_Schweiger_I4_woodland.scrub_3_2021",3,4,75,"Phylogenetic",10,"Diptera"
"39_Schweiger_R1_semi.natural.grass_4_2021",1,3,33.3333333333333,"Phylogenetic",10,"Diptera"
"39_Schweiger_R4_semi.natural.grass_2_2021",7,8,87.5,"Phylogenetic",10,"Diptera"
"40_Knight_Ghe_ari_2017",39,61,63.9344262295082,"Phylogenetic",10,"Diptera"
"41_Knight_1 wooded meadow_2018",6,21,28.5714285714286,"Phylogenetic",10,"Diptera"
"41_Knight_2 alvar pasture_2018",3,6,50,"Phylogenetic",10,"Diptera"
"41_Knight_3 alvar pasture_2018",4,19,21.0526315789474,"Phylogenetic",10,"Diptera"
"41_Knight_4 wooded meadow_2018",4,7,57.1428571428571,"Phylogenetic",10,"Diptera"
"41_Knight_5 wooded meadow_2018",7,22,31.8181818181818,"Phylogenetic",10,"Diptera"
"41_Knight_6 alvar pasture_2018",1,8,12.5,"Phylogenetic",10,"Diptera"
"42_Knight_M1Restored_2019",3,5,60,"Phylogenetic",10,"Diptera"
"42_Knight_M2Natural_2019",1,2,50,"Phylogenetic",10,"Diptera"
"42_Knight_M3Natural_2019",1,8,12.5,"Phylogenetic",10,"Diptera"
"42_Knight_M4Restored_2019",0,7,0,"Phylogenetic",10,"Diptera"
"42_Knight_M5Restored_2019",1,6,16.6666666666667,"Phylogenetic",10,"Diptera"
"42_Knight_M6Natural_2019",7,15,46.6666666666667,"Phylogenetic",10,"Diptera"
"42_Knight_M8Restored_2019",7,7,100,"Phylogenetic",10,"Diptera"
"44_Knight_M11_2018",4,5,80,"Phylogenetic",10,"Diptera"
"44_Knight_M12_2018",9,26,34.6153846153846,"Phylogenetic",10,"Diptera"
"44_Knight_M13_2018",13,16,81.25,"Phylogenetic",10,"Diptera"
"44_Knight_M15_2018",4,29,13.7931034482759,"Phylogenetic",10,"Diptera"
"44_Knight_M16_2018",10,28,35.7142857142857,"Phylogenetic",10,"Diptera"
"44_Knight_M17_2018",6,15,40,"Phylogenetic",10,"Diptera"
"44_Knight_M18_2018",12,18,66.6666666666667,"Phylogenetic",10,"Diptera"
"44_Knight_M1_2018",10,14,71.4285714285714,"Phylogenetic",10,"Diptera"
"44_Knight_M3_2018",3,17,17.6470588235294,"Phylogenetic",10,"Diptera"
"44_Knight_M4_2018",10,24,41.6666666666667,"Phylogenetic",10,"Diptera"
"44_Knight_M6_2018",1,8,12.5,"Phylogenetic",10,"Diptera"
"44_Knight_M8_2018",2,13,15.3846153846154,"Phylogenetic",10,"Diptera"
"45_Knight_Hermanovice_meadow_2018",20,28,71.4285714285714,"Phylogenetic",10,"Diptera"
"45_Knight_HorniGrunt_meadow_2018",13,23,56.5217391304348,"Phylogenetic",10,"Diptera"
"45_Knight_Mnichov_meadow_2018",10,26,38.4615384615385,"Phylogenetic",10,"Diptera"
"46_Knight_Gora_Gipsowa_2018",3,18,16.6666666666667,"Phylogenetic",10,"Diptera"
"47_Benadi_1",38,131,29.0076335877863,"Phylogenetic",10,"Diptera"
"47_Benadi_2",63,120,52.5,"Phylogenetic",10,"Diptera"
"47_Benadi_3",60,115,52.1739130434783,"Phylogenetic",10,"Diptera"
"47_Benadi_4",25,118,21.1864406779661,"Phylogenetic",10,"Diptera"
"47_Benadi_5",46,91,50.5494505494505,"Phylogenetic",10,"Diptera"
"47_Benadi_6",29,64,45.3125,"Phylogenetic",10,"Diptera"
"4_Marini_UNIPD01 A_2018",10,16,62.5,"Phylogenetic",10,"Diptera"
"4_Marini_UNIPD01 An_2018",4,20,20,"Phylogenetic",10,"Diptera"
"4_Marini_UNIPD01 B_2018",6,17,35.2941176470588,"Phylogenetic",10,"Diptera"
"4_Marini_UNIPD01 Bn_2018",14,31,45.1612903225806,"Phylogenetic",10,"Diptera"
"4_Marini_UNIPD01 C_2018",6,26,23.0769230769231,"Phylogenetic",10,"Diptera"
"4_Marini_UNIPD01 Cn_2018",16,31,51.6129032258064,"Phylogenetic",10,"Diptera"
"4_Marini_UNIPD01 E_2018",16,26,61.5384615384615,"Phylogenetic",10,"Diptera"
"4_Marini_UNIPD01 En_2018",15,29,51.7241379310345,"Phylogenetic",10,"Diptera"
"4_Marini_UNIPD01 F_2018",6,13,46.1538461538462,"Phylogenetic",10,"Diptera"
"4_Marini_UNIPD01 Fn_2018",3,8,37.5,"Phylogenetic",10,"Diptera"
"4_Marini_UNIPD01 G_2018",11,15,73.3333333333333,"Phylogenetic",10,"Diptera"
"4_Marini_UNIPD01 Gn_2018",13,16,81.25,"Phylogenetic",10,"Diptera"
"4_Marini_UNIPD01 H_2018",11,50,22,"Phylogenetic",10,"Diptera"
"4_Marini_UNIPD01 Hn_2018",25,46,54.3478260869565,"Phylogenetic",10,"Diptera"
"4_Marini_UNIPD01 I_2018",13,23,56.5217391304348,"Phylogenetic",10,"Diptera"
"4_Marini_UNIPD01 In_2018",10,29,34.4827586206897,"Phylogenetic",10,"Diptera"
"50_Hervias-Parejo_Cala Tirant_2021",7,26,26.9230769230769,"Phylogenetic",10,"Diptera"
"50_Hervias-Parejo_Sa Bassa_2021",3,18,16.6666666666667,"Phylogenetic",10,"Diptera"
"50_Hervias-Parejo_Salinas_2021",5,18,27.7777777777778,"Phylogenetic",10,"Diptera"
"50_Hervias-Parejo_Torre Fornells_2021",18,29,62.0689655172414,"Phylogenetic",10,"Diptera"
"51_Petanidou_Pyrgos_2013",5,16,31.25,"Phylogenetic",10,"Diptera"
"51_Petanidou_Sigri 3_2012",3,5,60,"Phylogenetic",10,"Diptera"
"54_Lazaro_UIB_2018_2018",8,12,66.6666666666667,"Phylogenetic",10,"Diptera"
"5_Marini_UNIPD02 AA_2019",4,8,50,"Phylogenetic",10,"Diptera"
"5_Marini_UNIPD02 AB_2019",1,9,11.1111111111111,"Phylogenetic",10,"Diptera"
"5_Marini_UNIPD02 AC_2019",4,13,30.7692307692308,"Phylogenetic",10,"Diptera"
"5_Marini_UNIPD02 AD_2019",6,7,85.7142857142857,"Phylogenetic",10,"Diptera"
"5_Marini_UNIPD02 AE_2019",8,16,50,"Phylogenetic",10,"Diptera"
"5_Marini_UNIPD02 AF_2019",3,5,60,"Phylogenetic",10,"Diptera"
"5_Marini_UNIPD02 AG_2019",18,29,62.0689655172414,"Phylogenetic",10,"Diptera"
"5_Marini_UNIPD02 AH_2019",3,16,18.75,"Phylogenetic",10,"Diptera"
"5_Marini_UNIPD02 AI_2019",2,5,40,"Phylogenetic",10,"Diptera"
"5_Marini_UNIPD02 AJ_2019",10,10,100,"Phylogenetic",10,"Diptera"
"5_Marini_UNIPD02 AL_2019",7,19,36.8421052631579,"Phylogenetic",10,"Diptera"
"5_Marini_UNIPD02 AM_2019",5,13,38.4615384615385,"Phylogenetic",10,"Diptera"
"5_Marini_UNIPD02 AO_2019",12,17,70.5882352941177,"Phylogenetic",10,"Diptera"
"5_Marini_UNIPD02 AP_2019",4,9,44.4444444444444,"Phylogenetic",10,"Diptera"
"5_Marini_UNIPD02 AQ_2019",8,15,53.3333333333333,"Phylogenetic",10,"Diptera"
"5_Marini_UNIPD02 AT_2019",7,8,87.5,"Phylogenetic",10,"Diptera"
"5_Marini_UNIPD02 A_2019",3,6,50,"Phylogenetic",10,"Diptera"
"5_Marini_UNIPD02 B_2019",7,7,100,"Phylogenetic",10,"Diptera"
"5_Marini_UNIPD02 C_2019",11,14,78.5714285714286,"Phylogenetic",10,"Diptera"
"5_Marini_UNIPD02 D_2019",12,18,66.6666666666667,"Phylogenetic",10,"Diptera"
"5_Marini_UNIPD02 G_2019",5,6,83.3333333333333,"Phylogenetic",10,"Diptera"
"5_Marini_UNIPD02 H_2019",2,3,66.6666666666667,"Phylogenetic",10,"Diptera"
"5_Marini_UNIPD02 I_2019",16,17,94.1176470588235,"Phylogenetic",10,"Diptera"
"5_Marini_UNIPD02 K_2019",1,2,50,"Phylogenetic",10,"Diptera"
"5_Marini_UNIPD02 L_2019",10,10,100,"Phylogenetic",10,"Diptera"
"5_Marini_UNIPD02 M_2019",4,14,28.5714285714286,"Phylogenetic",10,"Diptera"
"5_Marini_UNIPD02 N_2019",9,12,75,"Phylogenetic",10,"Diptera"
"5_Marini_UNIPD02 O_2019",10,22,45.4545454545455,"Phylogenetic",10,"Diptera"
"5_Marini_UNIPD02 P_2019",8,13,61.5384615384615,"Phylogenetic",10,"Diptera"
"5_Marini_UNIPD02 Q_2019",8,10,80,"Phylogenetic",10,"Diptera"
"5_Marini_UNIPD02 S_2019",4,9,44.4444444444444,"Phylogenetic",10,"Diptera"
"5_Marini_UNIPD02 T_2019",6,6,100,"Phylogenetic",10,"Diptera"
"5_Marini_UNIPD02 U_2019",8,8,100,"Phylogenetic",10,"Diptera"
"5_Marini_UNIPD02 V_2019",3,18,16.6666666666667,"Phylogenetic",10,"Diptera"
"5_Marini_UNIPD02 W_2019",4,6,66.6666666666667,"Phylogenetic",10,"Diptera"
"5_Marini_UNIPD02 X_2019",14,23,60.8695652173913,"Phylogenetic",10,"Diptera"
"5_Marini_UNIPD02 Y_2019",8,17,47.0588235294118,"Phylogenetic",10,"Diptera"
"5_Marini_UNIPD02 Z_2019",4,4,100,"Phylogenetic",10,"Diptera"
"6_Marini_UNIPD03 CD13_2020",3,5,60,"Phylogenetic",10,"Diptera"
"6_Marini_UNIPD03 CD14_2020",8,8,100,"Phylogenetic",10,"Diptera"
"6_Marini_UNIPD03 CD15_2020",10,13,76.9230769230769,"Phylogenetic",10,"Diptera"
"6_Marini_UNIPD03 CD16_2020",7,9,77.7777777777778,"Phylogenetic",10,"Diptera"
"6_Marini_UNIPD03 CD17_2020",6,11,54.5454545454545,"Phylogenetic",10,"Diptera"
"6_Marini_UNIPD03 CD20_2020",10,12,83.3333333333333,"Phylogenetic",10,"Diptera"
"6_Marini_UNIPD03 CD22_2020",7,9,77.7777777777778,"Phylogenetic",10,"Diptera"
"6_Marini_UNIPD03 CD23_2020",6,15,40,"Phylogenetic",10,"Diptera"
"6_Marini_UNIPD03 CD26_2020",6,6,100,"Phylogenetic",10,"Diptera"
"6_Marini_UNIPD03 CD27_2020",5,9,55.5555555555556,"Phylogenetic",10,"Diptera"
"6_Marini_UNIPD03 CD28_2020",12,16,75,"Phylogenetic",10,"Diptera"
"6_Marini_UNIPD03 CD29_2020",7,13,53.8461538461538,"Phylogenetic",10,"Diptera"
"6_Marini_UNIPD03 CD2_2020",3,3,100,"Phylogenetic",10,"Diptera"
"6_Marini_UNIPD03 CD34_2020",8,9,88.8888888888889,"Phylogenetic",10,"Diptera"
"6_Marini_UNIPD03 D11_2020",5,6,83.3333333333333,"Phylogenetic",10,"Diptera"
"6_Marini_UNIPD03 D24_2020",8,13,61.5384615384615,"Phylogenetic",10,"Diptera"
"6_Marini_UNIPD03 D28_2020",5,11,45.4545454545455,"Phylogenetic",10,"Diptera"
"6_Marini_UNIPD03 D29_2020",5,5,100,"Phylogenetic",10,"Diptera"
"6_Marini_UNIPD03 D34_2020",4,7,57.1428571428571,"Phylogenetic",10,"Diptera"
"6_Marini_UNIPD03 D35_2020",6,6,100,"Phylogenetic",10,"Diptera"
"6_Marini_UNIPD03 D5_2020",4,7,57.1428571428571,"Phylogenetic",10,"Diptera"
"6_Marini_UNIPD03 E14_2020",8,13,61.5384615384615,"Phylogenetic",10,"Diptera"
"6_Marini_UNIPD03 E19_2020",5,12,41.6666666666667,"Phylogenetic",10,"Diptera"
"6_Marini_UNIPD03 E25_2020",10,11,90.9090909090909,"Phylogenetic",10,"Diptera"
"6_Marini_UNIPD03 E26_2020",9,15,60,"Phylogenetic",10,"Diptera"
"6_Marini_UNIPD03 E31_2020",5,6,83.3333333333333,"Phylogenetic",10,"Diptera"
"6_Marini_UNIPD03 E33_2020",10,10,100,"Phylogenetic",10,"Diptera"
"6_Marini_UNIPD03 E35_2020",11,11,100,"Phylogenetic",10,"Diptera"
"6_Marini_UNIPD03 E36_2020",10,10,100,"Phylogenetic",10,"Diptera"
"7_Scheper_Chize_10_Field_boundary_2015",3,3,100,"Phylogenetic",10,"Diptera"
"7_Scheper_Chize_12_Field_boundary_2015",2,4,50,"Phylogenetic",10,"Diptera"
"7_Scheper_Chize_14_Field_boundary_2015",1,4,25,"Phylogenetic",10,"Diptera"
"7_Scheper_Chize_19_Field_boundary_2015",0,2,0,"Phylogenetic",10,"Diptera"
"7_Scheper_Chize_1_Field_boundary_2015",0,4,0,"Phylogenetic",10,"Diptera"
"7_Scheper_Chize_1_Grassland_2015",2,2,100,"Phylogenetic",10,"Diptera"
"7_Scheper_Chize_25_Field_boundary_2015",0,7,0,"Phylogenetic",10,"Diptera"
"7_Scheper_Chize_4_Field_boundary_2015",0,4,0,"Phylogenetic",10,"Diptera"
"7_Scheper_Chize_5_Field_boundary_2015",4,5,80,"Phylogenetic",10,"Diptera"
"7_Scheper_Chize_6_Field_boundary_2015",3,8,37.5,"Phylogenetic",10,"Diptera"
"11_Clough_ASK_2021_2021",3,5,60,"Phylogenetic",5,"Diptera"
"11_Clough_HAM_2021_2021",1,19,5.26315789473684,"Phylogenetic",5,"Diptera"
"11_Clough_KOM_2021_2021",2,5,40,"Phylogenetic",5,"Diptera"
"11_Clough_LOB_2021_2021",3,7,42.8571428571429,"Phylogenetic",5,"Diptera"
"11_Clough_PET_2021_2021",6,11,54.5454545454545,"Phylogenetic",5,"Diptera"
"11_Clough_TAG_2021_2021",4,13,30.7692307692308,"Phylogenetic",5,"Diptera"
"12_Ockinger_Norrang_Ryckelsby_Og",7,15,46.6666666666667,"Phylogenetic",5,"Diptera"
"12_Ockinger_Sattra_Og",4,7,57.1428571428571,"Phylogenetic",5,"Diptera"
"12_Ockinger_St_Tadinge",2,5,40,"Phylogenetic",5,"Diptera"
"12_Ockinger_Tjalinge_Skogstibble",1,6,16.6666666666667,"Phylogenetic",5,"Diptera"
"20_Hoiss_H5_2010",0,58,0,"Phylogenetic",5,"Diptera"
"20_Hoiss_H6_2010",0,27,0,"Phylogenetic",5,"Diptera"
"20_Hoiss_H7_2010",20,32,62.5,"Phylogenetic",5,"Diptera"
"20_Hoiss_HO1_2010",1,30,3.33333333333333,"Phylogenetic",5,"Diptera"
"20_Hoiss_HO5_2010",21,46,45.6521739130435,"Phylogenetic",5,"Diptera"
"20_Hoiss_T4_2010",12,35,34.2857142857143,"Phylogenetic",5,"Diptera"
"28_Sutter_10_2013",1,1,100,"Phylogenetic",5,"Diptera"
"28_Sutter_11_2013",1,1,100,"Phylogenetic",5,"Diptera"
"28_Sutter_12_2013",1,1,100,"Phylogenetic",5,"Diptera"
"28_Sutter_13_2013",1,1,100,"Phylogenetic",5,"Diptera"
"28_Sutter_13_2014",1,1,100,"Phylogenetic",5,"Diptera"
"28_Sutter_14_2013",1,1,100,"Phylogenetic",5,"Diptera"
"28_Sutter_17_2013",1,1,100,"Phylogenetic",5,"Diptera"
"28_Sutter_19_2013",1,1,100,"Phylogenetic",5,"Diptera"
"28_Sutter_1_2013",1,1,100,"Phylogenetic",5,"Diptera"
"28_Sutter_20_2013",1,1,100,"Phylogenetic",5,"Diptera"
"28_Sutter_21_2013",1,1,100,"Phylogenetic",5,"Diptera"
"28_Sutter_2_2013",1,1,100,"Phylogenetic",5,"Diptera"
"28_Sutter_3_2013",1,1,100,"Phylogenetic",5,"Diptera"
"28_Sutter_5_2013",1,1,100,"Phylogenetic",5,"Diptera"
"28_Sutter_8_2013",1,1,100,"Phylogenetic",5,"Diptera"
"28_Sutter_8_2014",1,1,100,"Phylogenetic",5,"Diptera"
"29_Magrach_Gibraleon_2011",3,7,42.8571428571429,"Phylogenetic",5,"Diptera"
"29_Magrach_Gravera_2011",0,3,0,"Phylogenetic",5,"Diptera"
"29_Magrach_Niebla_2011",5,9,55.5555555555556,"Phylogenetic",5,"Diptera"
"29_Magrach_Niebla_2012",0,2,0,"Phylogenetic",5,"Diptera"
"29_Magrach_Villablanca_2011",0,6,0,"Phylogenetic",5,"Diptera"
"2_Petanidou_Armolia_2015",0,11,0,"Phylogenetic",5,"Diptera"
"2_Petanidou_Emborios_2015",2,8,25,"Phylogenetic",5,"Diptera"
"2_Petanidou_Gridia_2015",2,9,22.2222222222222,"Phylogenetic",5,"Diptera"
"2_Petanidou_Kato Fana_2015",2,10,20,"Phylogenetic",5,"Diptera"
"2_Petanidou_Palios Katarraktis_2015",8,13,61.5384615384615,"Phylogenetic",5,"Diptera"
"2_Petanidou_Vessa 2_2015",2,14,14.2857142857143,"Phylogenetic",5,"Diptera"
"30_Smith_lsk48_2012",1,11,9.09090909090909,"Phylogenetic",5,"Diptera"
"30_Smith_lsk57_2011",0,10,0,"Phylogenetic",5,"Diptera"
"30_Smith_lsk73_2012",3,12,25,"Phylogenetic",5,"Diptera"
"30_Smith_lsk74_2012",8,12,66.6666666666667,"Phylogenetic",5,"Diptera"
"30_Smith_lsk77_2011",1,6,16.6666666666667,"Phylogenetic",5,"Diptera"
"30_Smith_lsk77_2012",3,13,23.0769230769231,"Phylogenetic",5,"Diptera"
"31_Roberts_Hunt_2013",0,1,0,"Phylogenetic",5,"Diptera"
"31_Roberts_Jefferies_2013",0,4,0,"Phylogenetic",5,"Diptera"
"31_Roberts_Livingstone_far_2012",1,3,33.3333333333333,"Phylogenetic",5,"Diptera"
"31_Roberts_Livingstone_house_2012",1,4,25,"Phylogenetic",5,"Diptera"
"31_Roberts_Mearns_2013",0,4,0,"Phylogenetic",5,"Diptera"
"31_Roberts_White_left_2012",0,4,0,"Phylogenetic",5,"Diptera"
"36_Larkin_Barracks.Lyan.Co.Clare_13.2017_GS1",2,6,33.3333333333333,"Phylogenetic",5,"Diptera"
"36_Larkin_Glencolumbkille.South.Carron.Co.Clare_20.2017_GS1",4,5,80,"Phylogenetic",5,"Diptera"
"37_White_An",4,10,40,"Phylogenetic",5,"Diptera"
"37_White_Bl",4,15,26.6666666666667,"Phylogenetic",5,"Diptera"
"37_White_Bn",2,13,15.3846153846154,"Phylogenetic",5,"Diptera"
"37_White_CW",13,21,61.9047619047619,"Phylogenetic",5,"Diptera"
"37_White_Ce",5,11,45.4545454545455,"Phylogenetic",5,"Diptera"
"37_White_Cn",5,18,27.7777777777778,"Phylogenetic",5,"Diptera"
"37_White_ED",2,10,20,"Phylogenetic",5,"Diptera"
"37_White_Fs",3,11,27.2727272727273,"Phylogenetic",5,"Diptera"
"37_White_JK",1,12,8.33333333333333,"Phylogenetic",5,"Diptera"
"37_White_Kr",3,7,42.8571428571429,"Phylogenetic",5,"Diptera"
"37_White_ND",4,12,33.3333333333333,"Phylogenetic",5,"Diptera"
"37_White_NG",7,15,46.6666666666667,"Phylogenetic",5,"Diptera"
"37_White_Pn",1,7,14.2857142857143,"Phylogenetic",5,"Diptera"
"37_White_WD",9,13,69.2307692307692,"Phylogenetic",5,"Diptera"
"38_Maurer_A1",3,7,42.8571428571429,"Phylogenetic",5,"Diptera"
"38_Maurer_A2",3,11,27.2727272727273,"Phylogenetic",5,"Diptera"
"38_Maurer_A3",0,9,0,"Phylogenetic",5,"Diptera"
"38_Maurer_A4",1,10,10,"Phylogenetic",5,"Diptera"
"38_Maurer_R1",4,11,36.3636363636364,"Phylogenetic",5,"Diptera"
"38_Maurer_R2",4,14,28.5714285714286,"Phylogenetic",5,"Diptera"
"38_Maurer_R3",1,7,14.2857142857143,"Phylogenetic",5,"Diptera"
"38_Maurer_R4",0,7,0,"Phylogenetic",5,"Diptera"
"38_Maurer_U2",0,15,0,"Phylogenetic",5,"Diptera"
"38_Maurer_U3",1,10,10,"Phylogenetic",5,"Diptera"
"39_Schweiger_I1_ruderal_1_2021",1,4,25,"Phylogenetic",5,"Diptera"
"39_Schweiger_I2_semi.natural.grass_5_2021",1,2,50,"Phylogenetic",5,"Diptera"
"39_Schweiger_I2_woodland.scrub_1_2021",1,3,33.3333333333333,"Phylogenetic",5,"Diptera"
"39_Schweiger_I4_woodland.scrub_3_2021",2,4,50,"Phylogenetic",5,"Diptera"
"39_Schweiger_R1_semi.natural.grass_4_2021",1,3,33.3333333333333,"Phylogenetic",5,"Diptera"
"39_Schweiger_R4_semi.natural.grass_2_2021",7,8,87.5,"Phylogenetic",5,"Diptera"
"40_Knight_Ghe_ari_2017",30,61,49.1803278688525,"Phylogenetic",5,"Diptera"
"41_Knight_1 wooded meadow_2018",4,21,19.047619047619,"Phylogenetic",5,"Diptera"
"41_Knight_2 alvar pasture_2018",0,6,0,"Phylogenetic",5,"Diptera"
"41_Knight_3 alvar pasture_2018",1,19,5.26315789473684,"Phylogenetic",5,"Diptera"
"41_Knight_4 wooded meadow_2018",2,7,28.5714285714286,"Phylogenetic",5,"Diptera"
"41_Knight_5 wooded meadow_2018",5,22,22.7272727272727,"Phylogenetic",5,"Diptera"
"41_Knight_6 alvar pasture_2018",0,8,0,"Phylogenetic",5,"Diptera"
"42_Knight_M1Restored_2019",2,5,40,"Phylogenetic",5,"Diptera"
"42_Knight_M2Natural_2019",1,2,50,"Phylogenetic",5,"Diptera"
"42_Knight_M3Natural_2019",0,8,0,"Phylogenetic",5,"Diptera"
"42_Knight_M4Restored_2019",0,7,0,"Phylogenetic",5,"Diptera"
"42_Knight_M5Restored_2019",1,6,16.6666666666667,"Phylogenetic",5,"Diptera"
"42_Knight_M6Natural_2019",7,15,46.6666666666667,"Phylogenetic",5,"Diptera"
"42_Knight_M8Restored_2019",1,7,14.2857142857143,"Phylogenetic",5,"Diptera"
"44_Knight_M11_2018",1,5,20,"Phylogenetic",5,"Diptera"
"44_Knight_M12_2018",4,26,15.3846153846154,"Phylogenetic",5,"Diptera"
"44_Knight_M13_2018",3,16,18.75,"Phylogenetic",5,"Diptera"
"44_Knight_M15_2018",1,29,3.44827586206897,"Phylogenetic",5,"Diptera"
"44_Knight_M16_2018",4,28,14.2857142857143,"Phylogenetic",5,"Diptera"
"44_Knight_M17_2018",4,15,26.6666666666667,"Phylogenetic",5,"Diptera"
"44_Knight_M18_2018",6,18,33.3333333333333,"Phylogenetic",5,"Diptera"
"44_Knight_M1_2018",0,14,0,"Phylogenetic",5,"Diptera"
"44_Knight_M3_2018",2,17,11.7647058823529,"Phylogenetic",5,"Diptera"
"44_Knight_M4_2018",8,24,33.3333333333333,"Phylogenetic",5,"Diptera"
"44_Knight_M6_2018",0,8,0,"Phylogenetic",5,"Diptera"
"44_Knight_M8_2018",0,13,0,"Phylogenetic",5,"Diptera"
"45_Knight_Hermanovice_meadow_2018",16,28,57.1428571428571,"Phylogenetic",5,"Diptera"
"45_Knight_HorniGrunt_meadow_2018",12,23,52.1739130434783,"Phylogenetic",5,"Diptera"
"45_Knight_Mnichov_meadow_2018",8,26,30.7692307692308,"Phylogenetic",5,"Diptera"
"46_Knight_Gora_Gipsowa_2018",1,18,5.55555555555556,"Phylogenetic",5,"Diptera"
"47_Benadi_1",34,131,25.9541984732824,"Phylogenetic",5,"Diptera"
"47_Benadi_2",56,120,46.6666666666667,"Phylogenetic",5,"Diptera"
"47_Benadi_3",58,115,50.4347826086956,"Phylogenetic",5,"Diptera"
"47_Benadi_4",34,118,28.8135593220339,"Phylogenetic",5,"Diptera"
"47_Benadi_5",44,91,48.3516483516484,"Phylogenetic",5,"Diptera"
"47_Benadi_6",3,64,4.6875,"Phylogenetic",5,"Diptera"
"4_Marini_UNIPD01 A_2018",5,16,31.25,"Phylogenetic",5,"Diptera"
"4_Marini_UNIPD01 An_2018",2,20,10,"Phylogenetic",5,"Diptera"
"4_Marini_UNIPD01 B_2018",4,17,23.5294117647059,"Phylogenetic",5,"Diptera"
"4_Marini_UNIPD01 Bn_2018",4,31,12.9032258064516,"Phylogenetic",5,"Diptera"
"4_Marini_UNIPD01 C_2018",4,26,15.3846153846154,"Phylogenetic",5,"Diptera"
"4_Marini_UNIPD01 Cn_2018",4,31,12.9032258064516,"Phylogenetic",5,"Diptera"
"4_Marini_UNIPD01 E_2018",8,26,30.7692307692308,"Phylogenetic",5,"Diptera"
"4_Marini_UNIPD01 En_2018",8,29,27.5862068965517,"Phylogenetic",5,"Diptera"
"4_Marini_UNIPD01 F_2018",1,13,7.69230769230769,"Phylogenetic",5,"Diptera"
"4_Marini_UNIPD01 Fn_2018",2,8,25,"Phylogenetic",5,"Diptera"
"4_Marini_UNIPD01 G_2018",5,15,33.3333333333333,"Phylogenetic",5,"Diptera"
"4_Marini_UNIPD01 Gn_2018",12,16,75,"Phylogenetic",5,"Diptera"
"4_Marini_UNIPD01 H_2018",8,50,16,"Phylogenetic",5,"Diptera"
"4_Marini_UNIPD01 Hn_2018",21,46,45.6521739130435,"Phylogenetic",5,"Diptera"
"4_Marini_UNIPD01 I_2018",8,23,34.7826086956522,"Phylogenetic",5,"Diptera"
"4_Marini_UNIPD01 In_2018",5,29,17.2413793103448,"Phylogenetic",5,"Diptera"
"50_Hervias-Parejo_Cala Tirant_2021",5,26,19.2307692307692,"Phylogenetic",5,"Diptera"
"50_Hervias-Parejo_Llucalari_2021",3,11,27.2727272727273,"Phylogenetic",5,"Diptera"
"50_Hervias-Parejo_Sa Bassa_2021",1,18,5.55555555555556,"Phylogenetic",5,"Diptera"
"50_Hervias-Parejo_Salinas_2021",0,18,0,"Phylogenetic",5,"Diptera"
"50_Hervias-Parejo_Torre Fornells_2021",10,29,34.4827586206897,"Phylogenetic",5,"Diptera"
"50_Hervias-Parejo_coast Son Bou_2021",3,8,37.5,"Phylogenetic",5,"Diptera"
"51_Petanidou_Pyrgos_2013",1,16,6.25,"Phylogenetic",5,"Diptera"
"51_Petanidou_Sigri 3_2012",2,5,40,"Phylogenetic",5,"Diptera"
"54_Lazaro_AloeVera_2018_2018",7,13,53.8461538461538,"Phylogenetic",5,"Diptera"
"54_Lazaro_SonBaco_2018_2018",6,29,20.6896551724138,"Phylogenetic",5,"Diptera"
"54_Lazaro_SonMutNou_2018_2018",6,27,22.2222222222222,"Phylogenetic",5,"Diptera"
"54_Lazaro_UIB_2018_2018",3,12,25,"Phylogenetic",5,"Diptera"
"5_Marini_UNIPD02 AA_2019",1,8,12.5,"Phylogenetic",5,"Diptera"
"5_Marini_UNIPD02 AB_2019",0,9,0,"Phylogenetic",5,"Diptera"
"5_Marini_UNIPD02 AC_2019",4,13,30.7692307692308,"Phylogenetic",5,"Diptera"
"5_Marini_UNIPD02 AD_2019",1,7,14.2857142857143,"Phylogenetic",5,"Diptera"
"5_Marini_UNIPD02 AE_2019",2,16,12.5,"Phylogenetic",5,"Diptera"
"5_Marini_UNIPD02 AF_2019",2,5,40,"Phylogenetic",5,"Diptera"
"5_Marini_UNIPD02 AG_2019",13,29,44.8275862068966,"Phylogenetic",5,"Diptera"
"5_Marini_UNIPD02 AH_2019",6,16,37.5,"Phylogenetic",5,"Diptera"
"5_Marini_UNIPD02 AI_2019",0,5,0,"Phylogenetic",5,"Diptera"
"5_Marini_UNIPD02 AJ_2019",3,10,30,"Phylogenetic",5,"Diptera"
"5_Marini_UNIPD02 AK_2019",3,5,60,"Phylogenetic",5,"Diptera"
"5_Marini_UNIPD02 AL_2019",1,19,5.26315789473684,"Phylogenetic",5,"Diptera"
"5_Marini_UNIPD02 AM_2019",3,13,23.0769230769231,"Phylogenetic",5,"Diptera"
"5_Marini_UNIPD02 AN_2019",1,10,10,"Phylogenetic",5,"Diptera"
"5_Marini_UNIPD02 AO_2019",5,17,29.4117647058824,"Phylogenetic",5,"Diptera"
"5_Marini_UNIPD02 AP_2019",3,9,33.3333333333333,"Phylogenetic",5,"Diptera"
"5_Marini_UNIPD02 AQ_2019",5,15,33.3333333333333,"Phylogenetic",5,"Diptera"
"5_Marini_UNIPD02 AS_2019",5,8,62.5,"Phylogenetic",5,"Diptera"
"5_Marini_UNIPD02 AT_2019",6,8,75,"Phylogenetic",5,"Diptera"
"5_Marini_UNIPD02 AV_2019",3,4,75,"Phylogenetic",5,"Diptera"
"5_Marini_UNIPD02 A_2019",1,6,16.6666666666667,"Phylogenetic",5,"Diptera"
"5_Marini_UNIPD02 B_2019",4,7,57.1428571428571,"Phylogenetic",5,"Diptera"
"5_Marini_UNIPD02 C_2019",3,14,21.4285714285714,"Phylogenetic",5,"Diptera"
"5_Marini_UNIPD02 D_2019",4,18,22.2222222222222,"Phylogenetic",5,"Diptera"
"5_Marini_UNIPD02 E_2019",6,12,50,"Phylogenetic",5,"Diptera"
"5_Marini_UNIPD02 G_2019",1,6,16.6666666666667,"Phylogenetic",5,"Diptera"
"5_Marini_UNIPD02 H_2019",1,3,33.3333333333333,"Phylogenetic",5,"Diptera"
"5_Marini_UNIPD02 I_2019",12,17,70.5882352941177,"Phylogenetic",5,"Diptera"
"5_Marini_UNIPD02 K_2019",1,2,50,"Phylogenetic",5,"Diptera"
"5_Marini_UNIPD02 L_2019",8,10,80,"Phylogenetic",5,"Diptera"
"5_Marini_UNIPD02 M_2019",4,14,28.5714285714286,"Phylogenetic",5,"Diptera"
"5_Marini_UNIPD02 N_2019",5,12,41.6666666666667,"Phylogenetic",5,"Diptera"
"5_Marini_UNIPD02 O_2019",6,22,27.2727272727273,"Phylogenetic",5,"Diptera"
"5_Marini_UNIPD02 P_2019",8,13,61.5384615384615,"Phylogenetic",5,"Diptera"
"5_Marini_UNIPD02 Q_2019",8,10,80,"Phylogenetic",5,"Diptera"
"5_Marini_UNIPD02 S_2019",3,9,33.3333333333333,"Phylogenetic",5,"Diptera"
"5_Marini_UNIPD02 T_2019",0,6,0,"Phylogenetic",5,"Diptera"
"5_Marini_UNIPD02 U_2019",0,8,0,"Phylogenetic",5,"Diptera"
"5_Marini_UNIPD02 V_2019",1,18,5.55555555555556,"Phylogenetic",5,"Diptera"
"5_Marini_UNIPD02 W_2019",3,6,50,"Phylogenetic",5,"Diptera"
"5_Marini_UNIPD02 X_2019",3,23,13.0434782608696,"Phylogenetic",5,"Diptera"
"5_Marini_UNIPD02 Y_2019",4,17,23.5294117647059,"Phylogenetic",5,"Diptera"
"5_Marini_UNIPD02 Z_2019",2,4,50,"Phylogenetic",5,"Diptera"
"6_Marini_UNIPD03 CD13_2020",3,5,60,"Phylogenetic",5,"Diptera"
"6_Marini_UNIPD03 CD14_2020",0,8,0,"Phylogenetic",5,"Diptera"
"6_Marini_UNIPD03 CD15_2020",2,13,15.3846153846154,"Phylogenetic",5,"Diptera"
"6_Marini_UNIPD03 CD16_2020",1,9,11.1111111111111,"Phylogenetic",5,"Diptera"
"6_Marini_UNIPD03 CD17_2020",2,11,18.1818181818182,"Phylogenetic",5,"Diptera"
"6_Marini_UNIPD03 CD20_2020",2,12,16.6666666666667,"Phylogenetic",5,"Diptera"
"6_Marini_UNIPD03 CD22_2020",5,9,55.5555555555556,"Phylogenetic",5,"Diptera"
"6_Marini_UNIPD03 CD23_2020",4,15,26.6666666666667,"Phylogenetic",5,"Diptera"
"6_Marini_UNIPD03 CD26_2020",1,6,16.6666666666667,"Phylogenetic",5,"Diptera"
"6_Marini_UNIPD03 CD27_2020",4,9,44.4444444444444,"Phylogenetic",5,"Diptera"
"6_Marini_UNIPD03 CD28_2020",0,16,0,"Phylogenetic",5,"Diptera"
"6_Marini_UNIPD03 CD29_2020",0,13,0,"Phylogenetic",5,"Diptera"
"6_Marini_UNIPD03 CD2_2020",1,3,33.3333333333333,"Phylogenetic",5,"Diptera"
"6_Marini_UNIPD03 CD34_2020",7,9,77.7777777777778,"Phylogenetic",5,"Diptera"
"6_Marini_UNIPD03 D11_2020",2,6,33.3333333333333,"Phylogenetic",5,"Diptera"
"6_Marini_UNIPD03 D17_2020",4,6,66.6666666666667,"Phylogenetic",5,"Diptera"
"6_Marini_UNIPD03 D21_2020",2,5,40,"Phylogenetic",5,"Diptera"
"6_Marini_UNIPD03 D24_2020",7,13,53.8461538461538,"Phylogenetic",5,"Diptera"
"6_Marini_UNIPD03 D28_2020",4,11,36.3636363636364,"Phylogenetic",5,"Diptera"
"6_Marini_UNIPD03 D29_2020",2,5,40,"Phylogenetic",5,"Diptera"
"6_Marini_UNIPD03 D34_2020",2,7,28.5714285714286,"Phylogenetic",5,"Diptera"
"6_Marini_UNIPD03 D35_2020",0,6,0,"Phylogenetic",5,"Diptera"
"6_Marini_UNIPD03 D5_2020",2,7,28.5714285714286,"Phylogenetic",5,"Diptera"
"6_Marini_UNIPD03 D8_2020",1,5,20,"Phylogenetic",5,"Diptera"
"6_Marini_UNIPD03 E14_2020",3,13,23.0769230769231,"Phylogenetic",5,"Diptera"
"6_Marini_UNIPD03 E19_2020",2,12,16.6666666666667,"Phylogenetic",5,"Diptera"
"6_Marini_UNIPD03 E25_2020",8,11,72.7272727272727,"Phylogenetic",5,"Diptera"
"6_Marini_UNIPD03 E26_2020",11,15,73.3333333333333,"Phylogenetic",5,"Diptera"
"6_Marini_UNIPD03 E31_2020",3,6,50,"Phylogenetic",5,"Diptera"
"6_Marini_UNIPD03 E32_2020",4,6,66.6666666666667,"Phylogenetic",5,"Diptera"
"6_Marini_UNIPD03 E33_2020",9,10,90,"Phylogenetic",5,"Diptera"
"6_Marini_UNIPD03 E35_2020",2,11,18.1818181818182,"Phylogenetic",5,"Diptera"
"6_Marini_UNIPD03 E36_2020",3,10,30,"Phylogenetic",5,"Diptera"
"7_Scheper_Chize_10_Field_boundary_2015",0,3,0,"Phylogenetic",5,"Diptera"
"7_Scheper_Chize_12_Field_boundary_2015",1,4,25,"Phylogenetic",5,"Diptera"
"7_Scheper_Chize_14_Field_boundary_2015",0,4,0,"Phylogenetic",5,"Diptera"
"7_Scheper_Chize_19_Field_boundary_2015",2,2,100,"Phylogenetic",5,"Diptera"
"7_Scheper_Chize_1_Field_boundary_2015",0,4,0,"Phylogenetic",5,"Diptera"
"7_Scheper_Chize_1_Grassland_2015",2,2,100,"Phylogenetic",5,"Diptera"
"7_Scheper_Chize_25_Field_boundary_2015",0,7,0,"Phylogenetic",5,"Diptera"
"7_Scheper_Chize_4_Field_boundary_2015",0,4,0,"Phylogenetic",5,"Diptera"
"7_Scheper_Chize_5_Field_boundary_2015",2,5,40,"Phylogenetic",5,"Diptera"
"7_Scheper_Chize_6_Field_boundary_2015",1,8,12.5,"Phylogenetic",5,"Diptera"
"11_Clough_ASK_2021_2021",2,5,40,"Phylogenetic",3,"Diptera"
"11_Clough_HAM_2021_2021",0,19,0,"Phylogenetic",3,"Diptera"
"11_Clough_KOM_2021_2021",2,5,40,"Phylogenetic",3,"Diptera"
"11_Clough_LOB_2021_2021",3,7,42.8571428571429,"Phylogenetic",3,"Diptera"
"11_Clough_PET_2021_2021",1,11,9.09090909090909,"Phylogenetic",3,"Diptera"
"11_Clough_TAG_2021_2021",3,13,23.0769230769231,"Phylogenetic",3,"Diptera"
"12_Ockinger_Norrang_Ryckelsby_Og",1,15,6.66666666666667,"Phylogenetic",3,"Diptera"
"12_Ockinger_Sattra_Og",3,7,42.8571428571429,"Phylogenetic",3,"Diptera"
"12_Ockinger_St_Tadinge",2,5,40,"Phylogenetic",3,"Diptera"
"12_Ockinger_Tjalinge_Skogstibble",1,6,16.6666666666667,"Phylogenetic",3,"Diptera"
"20_Hoiss_H5_2010",0,58,0,"Phylogenetic",3,"Diptera"
"20_Hoiss_H6_2010",0,27,0,"Phylogenetic",3,"Diptera"
"20_Hoiss_H7_2010",15,32,46.875,"Phylogenetic",3,"Diptera"
"20_Hoiss_HO1_2010",1,30,3.33333333333333,"Phylogenetic",3,"Diptera"
"20_Hoiss_HO5_2010",6,46,13.0434782608696,"Phylogenetic",3,"Diptera"
"20_Hoiss_T4_2010",1,35,2.85714285714286,"Phylogenetic",3,"Diptera"
"28_Sutter_10_2013",1,1,100,"Phylogenetic",3,"Diptera"
"28_Sutter_11_2013",1,1,100,"Phylogenetic",3,"Diptera"
"28_Sutter_12_2013",0,1,0,"Phylogenetic",3,"Diptera"
"28_Sutter_13_2013",1,1,100,"Phylogenetic",3,"Diptera"
"28_Sutter_13_2014",1,1,100,"Phylogenetic",3,"Diptera"
"28_Sutter_14_2013",1,1,100,"Phylogenetic",3,"Diptera"
"28_Sutter_17_2013",0,1,0,"Phylogenetic",3,"Diptera"
"28_Sutter_19_2013",0,1,0,"Phylogenetic",3,"Diptera"
"28_Sutter_1_2013",0,1,0,"Phylogenetic",3,"Diptera"
"28_Sutter_20_2013",1,1,100,"Phylogenetic",3,"Diptera"
"28_Sutter_21_2013",1,1,100,"Phylogenetic",3,"Diptera"
"28_Sutter_2_2013",1,1,100,"Phylogenetic",3,"Diptera"
"28_Sutter_3_2013",1,1,100,"Phylogenetic",3,"Diptera"
"28_Sutter_5_2013",1,1,100,"Phylogenetic",3,"Diptera"
"28_Sutter_8_2013",1,1,100,"Phylogenetic",3,"Diptera"
"28_Sutter_8_2014",1,1,100,"Phylogenetic",3,"Diptera"
"29_Magrach_Gibraleon_2011",2,7,28.5714285714286,"Phylogenetic",3,"Diptera"
"29_Magrach_Gravera_2011",0,3,0,"Phylogenetic",3,"Diptera"
"29_Magrach_Niebla_2011",0,9,0,"Phylogenetic",3,"Diptera"
"29_Magrach_Niebla_2012",0,2,0,"Phylogenetic",3,"Diptera"
"29_Magrach_Villablanca_2011",0,6,0,"Phylogenetic",3,"Diptera"
"2_Petanidou_Armolia_2015",0,11,0,"Phylogenetic",3,"Diptera"
"2_Petanidou_Emborios_2015",2,8,25,"Phylogenetic",3,"Diptera"
"2_Petanidou_Gridia_2015",0,9,0,"Phylogenetic",3,"Diptera"
"2_Petanidou_Kato Fana_2015",1,10,10,"Phylogenetic",3,"Diptera"
"2_Petanidou_Palios Katarraktis_2015",1,13,7.69230769230769,"Phylogenetic",3,"Diptera"
"2_Petanidou_Vessa 2_2015",2,14,14.2857142857143,"Phylogenetic",3,"Diptera"
"30_Smith_lsk48_2012",0,11,0,"Phylogenetic",3,"Diptera"
"30_Smith_lsk57_2011",0,10,0,"Phylogenetic",3,"Diptera"
"30_Smith_lsk73_2012",5,12,41.6666666666667,"Phylogenetic",3,"Diptera"
"30_Smith_lsk74_2012",7,12,58.3333333333333,"Phylogenetic",3,"Diptera"
"30_Smith_lsk77_2011",1,6,16.6666666666667,"Phylogenetic",3,"Diptera"
"30_Smith_lsk77_2012",5,13,38.4615384615385,"Phylogenetic",3,"Diptera"
"31_Roberts_Hunt_2013",0,1,0,"Phylogenetic",3,"Diptera"
"31_Roberts_Jefferies_2013",0,4,0,"Phylogenetic",3,"Diptera"
"31_Roberts_Livingstone_far_2012",2,3,66.6666666666667,"Phylogenetic",3,"Diptera"
"31_Roberts_Livingstone_house_2012",0,4,0,"Phylogenetic",3,"Diptera"
"31_Roberts_Mearns_2013",0,4,0,"Phylogenetic",3,"Diptera"
"31_Roberts_White_left_2012",0,4,0,"Phylogenetic",3,"Diptera"
"36_Larkin_Barracks.Lyan.Co.Clare_13.2017_GS1",2,6,33.3333333333333,"Phylogenetic",3,"Diptera"
"36_Larkin_Glencolumbkille.South.Carron.Co.Clare_20.2017_GS1",4,5,80,"Phylogenetic",3,"Diptera"
"37_White_An",3,10,30,"Phylogenetic",3,"Diptera"
"37_White_Bl",2,15,13.3333333333333,"Phylogenetic",3,"Diptera"
"37_White_Bn",2,13,15.3846153846154,"Phylogenetic",3,"Diptera"
"37_White_CW",6,21,28.5714285714286,"Phylogenetic",3,"Diptera"
"37_White_Ce",3,11,27.2727272727273,"Phylogenetic",3,"Diptera"
"37_White_Cn",3,18,16.6666666666667,"Phylogenetic",3,"Diptera"
"37_White_ED",2,10,20,"Phylogenetic",3,"Diptera"
"37_White_Fs",4,11,36.3636363636364,"Phylogenetic",3,"Diptera"
"37_White_JK",0,12,0,"Phylogenetic",3,"Diptera"
"37_White_Kr",3,7,42.8571428571429,"Phylogenetic",3,"Diptera"
"37_White_ND",6,12,50,"Phylogenetic",3,"Diptera"
"37_White_NG",6,15,40,"Phylogenetic",3,"Diptera"
"37_White_Pn",1,7,14.2857142857143,"Phylogenetic",3,"Diptera"
"37_White_WD",9,13,69.2307692307692,"Phylogenetic",3,"Diptera"
"38_Maurer_A1",3,7,42.8571428571429,"Phylogenetic",3,"Diptera"
"38_Maurer_A2",3,11,27.2727272727273,"Phylogenetic",3,"Diptera"
"38_Maurer_A3",1,9,11.1111111111111,"Phylogenetic",3,"Diptera"
"38_Maurer_A4",1,10,10,"Phylogenetic",3,"Diptera"
"38_Maurer_R1",3,11,27.2727272727273,"Phylogenetic",3,"Diptera"
"38_Maurer_R2",3,14,21.4285714285714,"Phylogenetic",3,"Diptera"
"38_Maurer_R3",2,7,28.5714285714286,"Phylogenetic",3,"Diptera"
"38_Maurer_R4",0,7,0,"Phylogenetic",3,"Diptera"
"38_Maurer_U2",0,15,0,"Phylogenetic",3,"Diptera"
"38_Maurer_U3",2,10,20,"Phylogenetic",3,"Diptera"
"39_Schweiger_I1_ruderal_1_2021",0,4,0,"Phylogenetic",3,"Diptera"
"39_Schweiger_I2_semi.natural.grass_5_2021",0,2,0,"Phylogenetic",3,"Diptera"
"39_Schweiger_I2_woodland.scrub_1_2021",0,3,0,"Phylogenetic",3,"Diptera"
"39_Schweiger_I4_woodland.scrub_3_2021",3,4,75,"Phylogenetic",3,"Diptera"
"39_Schweiger_R1_semi.natural.grass_4_2021",1,3,33.3333333333333,"Phylogenetic",3,"Diptera"
"39_Schweiger_R4_semi.natural.grass_2_2021",0,8,0,"Phylogenetic",3,"Diptera"
"40_Knight_Ghe_ari_2017",12,61,19.672131147541,"Phylogenetic",3,"Diptera"
"41_Knight_1 wooded meadow_2018",1,21,4.76190476190476,"Phylogenetic",3,"Diptera"
"41_Knight_2 alvar pasture_2018",1,6,16.6666666666667,"Phylogenetic",3,"Diptera"
"41_Knight_3 alvar pasture_2018",0,19,0,"Phylogenetic",3,"Diptera"
"41_Knight_4 wooded meadow_2018",1,7,14.2857142857143,"Phylogenetic",3,"Diptera"
"41_Knight_5 wooded meadow_2018",0,22,0,"Phylogenetic",3,"Diptera"
"41_Knight_6 alvar pasture_2018",0,8,0,"Phylogenetic",3,"Diptera"
"42_Knight_M1Restored_2019",2,5,40,"Phylogenetic",3,"Diptera"
"42_Knight_M2Natural_2019",1,2,50,"Phylogenetic",3,"Diptera"
"42_Knight_M3Natural_2019",0,8,0,"Phylogenetic",3,"Diptera"
"42_Knight_M4Restored_2019",0,7,0,"Phylogenetic",3,"Diptera"
"42_Knight_M5Restored_2019",0,6,0,"Phylogenetic",3,"Diptera"
"42_Knight_M6Natural_2019",0,15,0,"Phylogenetic",3,"Diptera"
"42_Knight_M8Restored_2019",0,7,0,"Phylogenetic",3,"Diptera"
"44_Knight_M11_2018",0,5,0,"Phylogenetic",3,"Diptera"
"44_Knight_M12_2018",1,26,3.84615384615385,"Phylogenetic",3,"Diptera"
"44_Knight_M13_2018",0,16,0,"Phylogenetic",3,"Diptera"
"44_Knight_M15_2018",0,29,0,"Phylogenetic",3,"Diptera"
"44_Knight_M16_2018",3,28,10.7142857142857,"Phylogenetic",3,"Diptera"
"44_Knight_M17_2018",5,15,33.3333333333333,"Phylogenetic",3,"Diptera"
"44_Knight_M18_2018",7,18,38.8888888888889,"Phylogenetic",3,"Diptera"
"44_Knight_M1_2018",7,14,50,"Phylogenetic",3,"Diptera"
"44_Knight_M3_2018",2,17,11.7647058823529,"Phylogenetic",3,"Diptera"
"44_Knight_M4_2018",8,24,33.3333333333333,"Phylogenetic",3,"Diptera"
"44_Knight_M6_2018",0,8,0,"Phylogenetic",3,"Diptera"
"44_Knight_M8_2018",5,13,38.4615384615385,"Phylogenetic",3,"Diptera"
"45_Knight_Hermanovice_meadow_2018",3,28,10.7142857142857,"Phylogenetic",3,"Diptera"
"45_Knight_HorniGrunt_meadow_2018",2,23,8.69565217391304,"Phylogenetic",3,"Diptera"
"45_Knight_Mnichov_meadow_2018",3,26,11.5384615384615,"Phylogenetic",3,"Diptera"
"46_Knight_Gora_Gipsowa_2018",1,18,5.55555555555556,"Phylogenetic",3,"Diptera"
"47_Benadi_1",29,131,22.1374045801527,"Phylogenetic",3,"Diptera"
"47_Benadi_2",56,120,46.6666666666667,"Phylogenetic",3,"Diptera"
"47_Benadi_3",55,115,47.8260869565217,"Phylogenetic",3,"Diptera"
"47_Benadi_4",32,118,27.1186440677966,"Phylogenetic",3,"Diptera"
"47_Benadi_5",43,91,47.2527472527472,"Phylogenetic",3,"Diptera"
"47_Benadi_6",1,64,1.5625,"Phylogenetic",3,"Diptera"
"4_Marini_UNIPD01 A_2018",7,16,43.75,"Phylogenetic",3,"Diptera"
"4_Marini_UNIPD01 An_2018",8,20,40,"Phylogenetic",3,"Diptera"
"4_Marini_UNIPD01 B_2018",1,17,5.88235294117647,"Phylogenetic",3,"Diptera"
"4_Marini_UNIPD01 Bn_2018",4,31,12.9032258064516,"Phylogenetic",3,"Diptera"
"4_Marini_UNIPD01 C_2018",4,26,15.3846153846154,"Phylogenetic",3,"Diptera"
"4_Marini_UNIPD01 Cn_2018",1,31,3.2258064516129,"Phylogenetic",3,"Diptera"
"4_Marini_UNIPD01 E_2018",8,26,30.7692307692308,"Phylogenetic",3,"Diptera"
"4_Marini_UNIPD01 En_2018",3,29,10.3448275862069,"Phylogenetic",3,"Diptera"
"4_Marini_UNIPD01 F_2018",1,13,7.69230769230769,"Phylogenetic",3,"Diptera"
"4_Marini_UNIPD01 Fn_2018",2,8,25,"Phylogenetic",3,"Diptera"
"4_Marini_UNIPD01 G_2018",5,15,33.3333333333333,"Phylogenetic",3,"Diptera"
"4_Marini_UNIPD01 Gn_2018",12,16,75,"Phylogenetic",3,"Diptera"
"4_Marini_UNIPD01 H_2018",11,50,22,"Phylogenetic",3,"Diptera"
"4_Marini_UNIPD01 Hn_2018",13,46,28.2608695652174,"Phylogenetic",3,"Diptera"
"4_Marini_UNIPD01 I_2018",6,23,26.0869565217391,"Phylogenetic",3,"Diptera"
"4_Marini_UNIPD01 In_2018",5,29,17.2413793103448,"Phylogenetic",3,"Diptera"
"50_Hervias-Parejo_Cala Tirant_2021",4,26,15.3846153846154,"Phylogenetic",3,"Diptera"
"50_Hervias-Parejo_Llucalari_2021",6,11,54.5454545454545,"Phylogenetic",3,"Diptera"
"50_Hervias-Parejo_Sa Bassa_2021",0,18,0,"Phylogenetic",3,"Diptera"
"50_Hervias-Parejo_Salinas_2021",4,18,22.2222222222222,"Phylogenetic",3,"Diptera"
"50_Hervias-Parejo_Torre Fornells_2021",2,29,6.89655172413793,"Phylogenetic",3,"Diptera"
"50_Hervias-Parejo_coast Son Bou_2021",1,8,12.5,"Phylogenetic",3,"Diptera"
"51_Petanidou_Pyrgos_2013",0,16,0,"Phylogenetic",3,"Diptera"
"51_Petanidou_Sigri 3_2012",0,5,0,"Phylogenetic",3,"Diptera"
"54_Lazaro_AloeVera_2018_2018",7,13,53.8461538461538,"Phylogenetic",3,"Diptera"
"54_Lazaro_SonBaco_2018_2018",4,29,13.7931034482759,"Phylogenetic",3,"Diptera"
"54_Lazaro_SonMutNou_2018_2018",6,27,22.2222222222222,"Phylogenetic",3,"Diptera"
"54_Lazaro_UIB_2018_2018",2,12,16.6666666666667,"Phylogenetic",3,"Diptera"
"5_Marini_UNIPD02 AA_2019",2,8,25,"Phylogenetic",3,"Diptera"
"5_Marini_UNIPD02 AB_2019",3,9,33.3333333333333,"Phylogenetic",3,"Diptera"
"5_Marini_UNIPD02 AC_2019",5,13,38.4615384615385,"Phylogenetic",3,"Diptera"
"5_Marini_UNIPD02 AD_2019",0,7,0,"Phylogenetic",3,"Diptera"
"5_Marini_UNIPD02 AE_2019",1,16,6.25,"Phylogenetic",3,"Diptera"
"5_Marini_UNIPD02 AF_2019",1,5,20,"Phylogenetic",3,"Diptera"
"5_Marini_UNIPD02 AG_2019",3,29,10.3448275862069,"Phylogenetic",3,"Diptera"
"5_Marini_UNIPD02 AH_2019",2,16,12.5,"Phylogenetic",3,"Diptera"
"5_Marini_UNIPD02 AI_2019",4,5,80,"Phylogenetic",3,"Diptera"
"5_Marini_UNIPD02 AJ_2019",1,10,10,"Phylogenetic",3,"Diptera"
"5_Marini_UNIPD02 AK_2019",1,5,20,"Phylogenetic",3,"Diptera"
"5_Marini_UNIPD02 AL_2019",1,19,5.26315789473684,"Phylogenetic",3,"Diptera"
"5_Marini_UNIPD02 AM_2019",1,13,7.69230769230769,"Phylogenetic",3,"Diptera"
"5_Marini_UNIPD02 AN_2019",1,10,10,"Phylogenetic",3,"Diptera"
"5_Marini_UNIPD02 AO_2019",3,17,17.6470588235294,"Phylogenetic",3,"Diptera"
"5_Marini_UNIPD02 AP_2019",3,9,33.3333333333333,"Phylogenetic",3,"Diptera"
"5_Marini_UNIPD02 AQ_2019",5,15,33.3333333333333,"Phylogenetic",3,"Diptera"
"5_Marini_UNIPD02 AS_2019",1,8,12.5,"Phylogenetic",3,"Diptera"
"5_Marini_UNIPD02 AT_2019",7,8,87.5,"Phylogenetic",3,"Diptera"
"5_Marini_UNIPD02 AV_2019",0,4,0,"Phylogenetic",3,"Diptera"
"5_Marini_UNIPD02 A_2019",1,6,16.6666666666667,"Phylogenetic",3,"Diptera"
"5_Marini_UNIPD02 B_2019",4,7,57.1428571428571,"Phylogenetic",3,"Diptera"
"5_Marini_UNIPD02 C_2019",4,14,28.5714285714286,"Phylogenetic",3,"Diptera"
"5_Marini_UNIPD02 D_2019",0,18,0,"Phylogenetic",3,"Diptera"
"5_Marini_UNIPD02 E_2019",2,12,16.6666666666667,"Phylogenetic",3,"Diptera"
"5_Marini_UNIPD02 G_2019",3,6,50,"Phylogenetic",3,"Diptera"
"5_Marini_UNIPD02 H_2019",0,3,0,"Phylogenetic",3,"Diptera"
"5_Marini_UNIPD02 I_2019",11,17,64.7058823529412,"Phylogenetic",3,"Diptera"
"5_Marini_UNIPD02 K_2019",0,2,0,"Phylogenetic",3,"Diptera"
"5_Marini_UNIPD02 L_2019",1,10,10,"Phylogenetic",3,"Diptera"
"5_Marini_UNIPD02 M_2019",6,14,42.8571428571429,"Phylogenetic",3,"Diptera"
"5_Marini_UNIPD02 N_2019",7,12,58.3333333333333,"Phylogenetic",3,"Diptera"
"5_Marini_UNIPD02 O_2019",3,22,13.6363636363636,"Phylogenetic",3,"Diptera"
"5_Marini_UNIPD02 P_2019",3,13,23.0769230769231,"Phylogenetic",3,"Diptera"
"5_Marini_UNIPD02 Q_2019",5,10,50,"Phylogenetic",3,"Diptera"
"5_Marini_UNIPD02 S_2019",2,9,22.2222222222222,"Phylogenetic",3,"Diptera"
"5_Marini_UNIPD02 T_2019",6,6,100,"Phylogenetic",3,"Diptera"
"5_Marini_UNIPD02 U_2019",2,8,25,"Phylogenetic",3,"Diptera"
"5_Marini_UNIPD02 V_2019",1,18,5.55555555555556,"Phylogenetic",3,"Diptera"
"5_Marini_UNIPD02 W_2019",4,6,66.6666666666667,"Phylogenetic",3,"Diptera"
"5_Marini_UNIPD02 X_2019",14,23,60.8695652173913,"Phylogenetic",3,"Diptera"
"5_Marini_UNIPD02 Y_2019",3,17,17.6470588235294,"Phylogenetic",3,"Diptera"
"5_Marini_UNIPD02 Z_2019",0,4,0,"Phylogenetic",3,"Diptera"
"6_Marini_UNIPD03 CD13_2020",3,5,60,"Phylogenetic",3,"Diptera"
"6_Marini_UNIPD03 CD14_2020",3,8,37.5,"Phylogenetic",3,"Diptera"
"6_Marini_UNIPD03 CD15_2020",1,13,7.69230769230769,"Phylogenetic",3,"Diptera"
"6_Marini_UNIPD03 CD16_2020",0,9,0,"Phylogenetic",3,"Diptera"
"6_Marini_UNIPD03 CD17_2020",1,11,9.09090909090909,"Phylogenetic",3,"Diptera"
"6_Marini_UNIPD03 CD20_2020",1,12,8.33333333333333,"Phylogenetic",3,"Diptera"
"6_Marini_UNIPD03 CD22_2020",4,9,44.4444444444444,"Phylogenetic",3,"Diptera"
"6_Marini_UNIPD03 CD23_2020",6,15,40,"Phylogenetic",3,"Diptera"
"6_Marini_UNIPD03 CD26_2020",1,6,16.6666666666667,"Phylogenetic",3,"Diptera"
"6_Marini_UNIPD03 CD27_2020",5,9,55.5555555555556,"Phylogenetic",3,"Diptera"
"6_Marini_UNIPD03 CD28_2020",6,16,37.5,"Phylogenetic",3,"Diptera"
"6_Marini_UNIPD03 CD29_2020",1,13,7.69230769230769,"Phylogenetic",3,"Diptera"
"6_Marini_UNIPD03 CD2_2020",0,3,0,"Phylogenetic",3,"Diptera"
"6_Marini_UNIPD03 CD34_2020",2,9,22.2222222222222,"Phylogenetic",3,"Diptera"
"6_Marini_UNIPD03 D11_2020",4,6,66.6666666666667,"Phylogenetic",3,"Diptera"
"6_Marini_UNIPD03 D17_2020",3,6,50,"Phylogenetic",3,"Diptera"
"6_Marini_UNIPD03 D21_2020",1,5,20,"Phylogenetic",3,"Diptera"
"6_Marini_UNIPD03 D24_2020",7,13,53.8461538461538,"Phylogenetic",3,"Diptera"
"6_Marini_UNIPD03 D28_2020",3,11,27.2727272727273,"Phylogenetic",3,"Diptera"
"6_Marini_UNIPD03 D29_2020",1,5,20,"Phylogenetic",3,"Diptera"
"6_Marini_UNIPD03 D34_2020",1,7,14.2857142857143,"Phylogenetic",3,"Diptera"
"6_Marini_UNIPD03 D35_2020",1,6,16.6666666666667,"Phylogenetic",3,"Diptera"
"6_Marini_UNIPD03 D5_2020",2,7,28.5714285714286,"Phylogenetic",3,"Diptera"
"6_Marini_UNIPD03 D8_2020",0,5,0,"Phylogenetic",3,"Diptera"
"6_Marini_UNIPD03 E14_2020",1,13,7.69230769230769,"Phylogenetic",3,"Diptera"
"6_Marini_UNIPD03 E19_2020",1,12,8.33333333333333,"Phylogenetic",3,"Diptera"
"6_Marini_UNIPD03 E25_2020",2,11,18.1818181818182,"Phylogenetic",3,"Diptera"
"6_Marini_UNIPD03 E26_2020",5,15,33.3333333333333,"Phylogenetic",3,"Diptera"
"6_Marini_UNIPD03 E31_2020",2,6,33.3333333333333,"Phylogenetic",3,"Diptera"
"6_Marini_UNIPD03 E32_2020",3,6,50,"Phylogenetic",3,"Diptera"
"6_Marini_UNIPD03 E33_2020",9,10,90,"Phylogenetic",3,"Diptera"
"6_Marini_UNIPD03 E35_2020",0,11,0,"Phylogenetic",3,"Diptera"
"6_Marini_UNIPD03 E36_2020",2,10,20,"Phylogenetic",3,"Diptera"
"7_Scheper_Chize_10_Field_boundary_2015",1,3,33.3333333333333,"Phylogenetic",3,"Diptera"
"7_Scheper_Chize_12_Field_boundary_2015",1,4,25,"Phylogenetic",3,"Diptera"
"7_Scheper_Chize_14_Field_boundary_2015",0,4,0,"Phylogenetic",3,"Diptera"
"7_Scheper_Chize_19_Field_boundary_2015",0,2,0,"Phylogenetic",3,"Diptera"
"7_Scheper_Chize_1_Field_boundary_2015",0,4,0,"Phylogenetic",3,"Diptera"
"7_Scheper_Chize_1_Grassland_2015",1,2,50,"Phylogenetic",3,"Diptera"
"7_Scheper_Chize_25_Field_boundary_2015",0,7,0,"Phylogenetic",3,"Diptera"
"7_Scheper_Chize_4_Field_boundary_2015",1,4,25,"Phylogenetic",3,"Diptera"
"7_Scheper_Chize_5_Field_boundary_2015",2,5,40,"Phylogenetic",3,"Diptera"
"7_Scheper_Chize_6_Field_boundary_2015",0,8,0,"Phylogenetic",3,"Diptera"
"11_Clough_ASK_2021_2021",3.809,5,76.18,"Random",10,"Diptera"
"11_Clough_HAM_2021_2021",11.539,19,60.7315789473684,"Random",10,"Diptera"
"11_Clough_KOM_2021_2021",3.016,5,60.32,"Random",10,"Diptera"
"11_Clough_LOB_2021_2021",3.418,7,48.8285714285714,"Random",10,"Diptera"
"11_Clough_PET_2021_2021",5.275,11,47.9545454545455,"Random",10,"Diptera"
"11_Clough_TAG_2021_2021",6.255,13,48.1153846153846,"Random",10,"Diptera"
"12_Ockinger_Norrang_Ryckelsby_Og",8.386,15,55.9066666666667,"Random",10,"Diptera"
"12_Ockinger_Sattra_Og",3.701,7,52.8714285714286,"Random",10,"Diptera"
"12_Ockinger_St_Tadinge",2.437,5,48.74,"Random",10,"Diptera"
"12_Ockinger_Tjalinge_Skogstibble",2.364,6,39.4,"Random",10,"Diptera"
"20_Hoiss_H5_2010",28.402,58,48.9689655172414,"Random",10,"Diptera"
"20_Hoiss_H6_2010",10.143,27,37.5666666666667,"Random",10,"Diptera"
"20_Hoiss_H7_2010",12.465,32,38.953125,"Random",10,"Diptera"
"20_Hoiss_HO1_2010",9.531,30,31.77,"Random",10,"Diptera"
"20_Hoiss_HO5_2010",14.648,46,31.8434782608696,"Random",10,"Diptera"
"20_Hoiss_T4_2010",9.865,35,28.1857142857143,"Random",10,"Diptera"
"28_Sutter_10_2013",0.998,1,99.8,"Random",10,"Diptera"
"28_Sutter_11_2013",0.996,1,99.6,"Random",10,"Diptera"
"28_Sutter_12_2013",0.92,1,92,"Random",10,"Diptera"
"28_Sutter_13_2013",1,1,100,"Random",10,"Diptera"
"28_Sutter_13_2014",0.817,1,81.7,"Random",10,"Diptera"
"28_Sutter_14_2013",0.998,1,99.8,"Random",10,"Diptera"
"28_Sutter_17_2013",0.993,1,99.3,"Random",10,"Diptera"
"28_Sutter_19_2013",0.991,1,99.1,"Random",10,"Diptera"
"28_Sutter_1_2013",0.992,1,99.2,"Random",10,"Diptera"
"28_Sutter_20_2013",0.993,1,99.3,"Random",10,"Diptera"
"28_Sutter_21_2013",0.944,1,94.4,"Random",10,"Diptera"
"28_Sutter_2_2013",0.996,1,99.6,"Random",10,"Diptera"
"28_Sutter_3_2013",0.985,1,98.5,"Random",10,"Diptera"
"28_Sutter_5_2013",0.966,1,96.6,"Random",10,"Diptera"
"28_Sutter_8_2013",0.997,1,99.7,"Random",10,"Diptera"
"28_Sutter_8_2014",0.922,1,92.2,"Random",10,"Diptera"
"29_Magrach_Gibraleon_2011",2.986,7,42.6571428571429,"Random",10,"Diptera"
"29_Magrach_Gravera_2011",0.565,3,18.8333333333333,"Random",10,"Diptera"
"29_Magrach_Niebla_2011",6.425,9,71.3888888888889,"Random",10,"Diptera"
"29_Magrach_Niebla_2012",0.939,2,46.95,"Random",10,"Diptera"
"29_Magrach_Villablanca_2011",3.422,6,57.0333333333333,"Random",10,"Diptera"
"2_Petanidou_Armolia_2015",3.452,11,31.3818181818182,"Random",10,"Diptera"
"2_Petanidou_Emborios_2015",5.383,8,67.2875,"Random",10,"Diptera"
"2_Petanidou_Gridia_2015",3.159,9,35.1,"Random",10,"Diptera"
"2_Petanidou_Kato Fana_2015",7.873,10,78.73,"Random",10,"Diptera"
"2_Petanidou_Palios Katarraktis_2015",4.075,13,31.3461538461538,"Random",10,"Diptera"
"2_Petanidou_Vessa 2_2015",5.324,14,38.0285714285714,"Random",10,"Diptera"
"30_Smith_lsk48_2012",2.746,11,24.9636363636364,"Random",10,"Diptera"
"30_Smith_lsk57_2011",2.402,10,24.02,"Random",10,"Diptera"
"30_Smith_lsk73_2012",5.165,12,43.0416666666667,"Random",10,"Diptera"
"30_Smith_lsk74_2012",4.257,12,35.475,"Random",10,"Diptera"
"30_Smith_lsk77_2011",2.519,6,41.9833333333333,"Random",10,"Diptera"
"30_Smith_lsk77_2012",2.952,13,22.7076923076923,"Random",10,"Diptera"
"31_Roberts_Hunt_2013",0.228,1,22.8,"Random",10,"Diptera"
"31_Roberts_Jefferies_2013",1.17,4,29.25,"Random",10,"Diptera"
"31_Roberts_Livingstone_far_2012",1.501,3,50.0333333333333,"Random",10,"Diptera"
"31_Roberts_Livingstone_house_2012",1.603,4,40.075,"Random",10,"Diptera"
"31_Roberts_Mearns_2013",1.771,4,44.275,"Random",10,"Diptera"
"31_Roberts_White_left_2012",1.253,4,31.325,"Random",10,"Diptera"
"36_Larkin_Barracks.Lyan.Co.Clare_13.2017_GS1",5.267,6,87.7833333333333,"Random",10,"Diptera"
"36_Larkin_Glencolumbkille.South.Carron.Co.Clare_20.2017_GS1",4.63,5,92.6,"Random",10,"Diptera"
"37_White_An",6.843,10,68.43,"Random",10,"Diptera"
"37_White_Bl",8.125,15,54.1666666666667,"Random",10,"Diptera"
"37_White_Bn",7.189,13,55.3,"Random",10,"Diptera"
"37_White_CW",12.258,21,58.3714285714286,"Random",10,"Diptera"
"37_White_Ce",7.252,11,65.9272727272727,"Random",10,"Diptera"
"37_White_Cn",8.796,18,48.8666666666667,"Random",10,"Diptera"
"37_White_ED",8.279,10,82.79,"Random",10,"Diptera"
"37_White_Fs",5.91,11,53.7272727272727,"Random",10,"Diptera"
"37_White_JK",4.92,12,41,"Random",10,"Diptera"
"37_White_Kr",3.067,7,43.8142857142857,"Random",10,"Diptera"
"37_White_ND",7.169,12,59.7416666666667,"Random",10,"Diptera"
"37_White_NG",9.995,15,66.6333333333333,"Random",10,"Diptera"
"37_White_Pn",1.645,7,23.5,"Random",10,"Diptera"
"37_White_WD",9.566,13,73.5846153846154,"Random",10,"Diptera"
"38_Maurer_A1",2.251,7,32.1571428571429,"Random",10,"Diptera"
"38_Maurer_A2",2.443,11,22.2090909090909,"Random",10,"Diptera"
"38_Maurer_A3",2.343,9,26.0333333333333,"Random",10,"Diptera"
"38_Maurer_A4",2.145,10,21.45,"Random",10,"Diptera"
"38_Maurer_R1",3.105,11,28.2272727272727,"Random",10,"Diptera"
"38_Maurer_R2",2.514,14,17.9571428571429,"Random",10,"Diptera"
"38_Maurer_R3",0.908,7,12.9714285714286,"Random",10,"Diptera"
"38_Maurer_R4",1.69,7,24.1428571428571,"Random",10,"Diptera"
"38_Maurer_U2",2.221,15,14.8066666666667,"Random",10,"Diptera"
"38_Maurer_U3",1.745,10,17.45,"Random",10,"Diptera"
"39_Schweiger_I1_ruderal_1_2021",2.272,4,56.8,"Random",10,"Diptera"
"39_Schweiger_I2_semi.natural.grass_5_2021",0.575,2,28.75,"Random",10,"Diptera"
"39_Schweiger_I2_woodland.scrub_1_2021",1.552,3,51.7333333333333,"Random",10,"Diptera"
"39_Schweiger_I4_woodland.scrub_3_2021",2.08,4,52,"Random",10,"Diptera"
"39_Schweiger_R1_semi.natural.grass_4_2021",2.259,3,75.3,"Random",10,"Diptera"
"39_Schweiger_R4_semi.natural.grass_2_2021",6.494,8,81.175,"Random",10,"Diptera"
"40_Knight_Ghe_ari_2017",34.82,61,57.0819672131148,"Random",10,"Diptera"
"41_Knight_1 wooded meadow_2018",7.274,21,34.6380952380952,"Random",10,"Diptera"
"41_Knight_2 alvar pasture_2018",2.568,6,42.8,"Random",10,"Diptera"
"41_Knight_3 alvar pasture_2018",9.819,19,51.6789473684211,"Random",10,"Diptera"
"41_Knight_4 wooded meadow_2018",3.854,7,55.0571428571429,"Random",10,"Diptera"
"41_Knight_5 wooded meadow_2018",6.891,22,31.3227272727273,"Random",10,"Diptera"
"41_Knight_6 alvar pasture_2018",1.645,8,20.5625,"Random",10,"Diptera"
"42_Knight_M1Restored_2019",1.845,5,36.9,"Random",10,"Diptera"
"42_Knight_M2Natural_2019",1.131,2,56.55,"Random",10,"Diptera"
"42_Knight_M3Natural_2019",2.26,8,28.25,"Random",10,"Diptera"
"42_Knight_M4Restored_2019",2.315,7,33.0714285714286,"Random",10,"Diptera"
"42_Knight_M5Restored_2019",1.386,6,23.1,"Random",10,"Diptera"
"42_Knight_M6Natural_2019",3.566,15,23.7733333333333,"Random",10,"Diptera"
"42_Knight_M8Restored_2019",2.937,7,41.9571428571429,"Random",10,"Diptera"
"44_Knight_M11_2018",1.56,5,31.2,"Random",10,"Diptera"
"44_Knight_M12_2018",6.639,26,25.5346153846154,"Random",10,"Diptera"
"44_Knight_M13_2018",6.641,16,41.50625,"Random",10,"Diptera"
"44_Knight_M15_2018",9.451,29,32.5896551724138,"Random",10,"Diptera"
"44_Knight_M16_2018",8.204,28,29.3,"Random",10,"Diptera"
"44_Knight_M17_2018",4.091,15,27.2733333333333,"Random",10,"Diptera"
"44_Knight_M18_2018",5.279,18,29.3277777777778,"Random",10,"Diptera"
"44_Knight_M1_2018",6.794,14,48.5285714285714,"Random",10,"Diptera"
"44_Knight_M3_2018",2.962,17,17.4235294117647,"Random",10,"Diptera"
"44_Knight_M4_2018",8.264,24,34.4333333333333,"Random",10,"Diptera"
"44_Knight_M6_2018",0.965,8,12.0625,"Random",10,"Diptera"
"44_Knight_M8_2018",1.868,13,14.3692307692308,"Random",10,"Diptera"
"45_Knight_Hermanovice_meadow_2018",10.673,28,38.1178571428571,"Random",10,"Diptera"
"45_Knight_HorniGrunt_meadow_2018",11.192,23,48.6608695652174,"Random",10,"Diptera"
"45_Knight_Mnichov_meadow_2018",8.193,26,31.5115384615385,"Random",10,"Diptera"
"46_Knight_Gora_Gipsowa_2018",2.698,18,14.9888888888889,"Random",10,"Diptera"
"47_Benadi_1",29.939,131,22.8541984732824,"Random",10,"Diptera"
"47_Benadi_2",43.019,120,35.8491666666667,"Random",10,"Diptera"
"47_Benadi_3",31.44,115,27.3391304347826,"Random",10,"Diptera"
"47_Benadi_4",40.827,118,34.5991525423729,"Random",10,"Diptera"
"47_Benadi_5",29.366,91,32.2703296703297,"Random",10,"Diptera"
"47_Benadi_6",20.597,64,32.1828125,"Random",10,"Diptera"
"4_Marini_UNIPD01 A_2018",9.34,16,58.375,"Random",10,"Diptera"
"4_Marini_UNIPD01 An_2018",9.36,20,46.8,"Random",10,"Diptera"
"4_Marini_UNIPD01 B_2018",7.559,17,44.4647058823529,"Random",10,"Diptera"
"4_Marini_UNIPD01 Bn_2018",12.565,31,40.5322580645161,"Random",10,"Diptera"
"4_Marini_UNIPD01 C_2018",11.767,26,45.2576923076923,"Random",10,"Diptera"
"4_Marini_UNIPD01 Cn_2018",15.407,31,49.7,"Random",10,"Diptera"
"4_Marini_UNIPD01 E_2018",11.057,26,42.5269230769231,"Random",10,"Diptera"
"4_Marini_UNIPD01 En_2018",11.154,29,38.4620689655172,"Random",10,"Diptera"
"4_Marini_UNIPD01 F_2018",7.649,13,58.8384615384615,"Random",10,"Diptera"
"4_Marini_UNIPD01 Fn_2018",4.62,8,57.75,"Random",10,"Diptera"
"4_Marini_UNIPD01 G_2018",7.728,15,51.52,"Random",10,"Diptera"
"4_Marini_UNIPD01 Gn_2018",8.018,16,50.1125,"Random",10,"Diptera"
"4_Marini_UNIPD01 H_2018",14.879,50,29.758,"Random",10,"Diptera"
"4_Marini_UNIPD01 Hn_2018",16.512,46,35.895652173913,"Random",10,"Diptera"
"4_Marini_UNIPD01 I_2018",11.617,23,50.5086956521739,"Random",10,"Diptera"
"4_Marini_UNIPD01 In_2018",10.292,29,35.4896551724138,"Random",10,"Diptera"
"50_Hervias-Parejo_Cala Tirant_2021",16.804,26,64.6307692307692,"Random",10,"Diptera"
"50_Hervias-Parejo_Llucalari_2021",8.27,11,75.1818181818182,"Random",10,"Diptera"
"50_Hervias-Parejo_Sa Bassa_2021",8.293,18,46.0722222222222,"Random",10,"Diptera"
"50_Hervias-Parejo_Salinas_2021",5.74,18,31.8888888888889,"Random",10,"Diptera"
"50_Hervias-Parejo_Torre Fornells_2021",16.419,29,56.6172413793103,"Random",10,"Diptera"
"50_Hervias-Parejo_coast Son Bou_2021",5,8,62.5,"Random",10,"Diptera"
"51_Petanidou_Pyrgos_2013",5.366,16,33.5375,"Random",10,"Diptera"
"51_Petanidou_Sigri 3_2012",2.038,5,40.76,"Random",10,"Diptera"
"54_Lazaro_AloeVera_2018_2018",12.005,13,92.3461538461539,"Random",10,"Diptera"
"54_Lazaro_SonBaco_2018_2018",19.842,29,68.4206896551724,"Random",10,"Diptera"
"54_Lazaro_SonMutNou_2018_2018",23.793,27,88.1222222222222,"Random",10,"Diptera"
"54_Lazaro_UIB_2018_2018",7.531,12,62.7583333333333,"Random",10,"Diptera"
"5_Marini_UNIPD02 AA_2019",3.827,8,47.8375,"Random",10,"Diptera"
"5_Marini_UNIPD02 AB_2019",2.865,9,31.8333333333333,"Random",10,"Diptera"
"5_Marini_UNIPD02 AC_2019",4.772,13,36.7076923076923,"Random",10,"Diptera"
"5_Marini_UNIPD02 AD_2019",3.888,7,55.5428571428571,"Random",10,"Diptera"
"5_Marini_UNIPD02 AE_2019",7.327,16,45.79375,"Random",10,"Diptera"
"5_Marini_UNIPD02 AF_2019",3.403,5,68.06,"Random",10,"Diptera"
"5_Marini_UNIPD02 AG_2019",14.627,29,50.4379310344828,"Random",10,"Diptera"
"5_Marini_UNIPD02 AH_2019",6.983,16,43.64375,"Random",10,"Diptera"
"5_Marini_UNIPD02 AI_2019",2.512,5,50.24,"Random",10,"Diptera"
"5_Marini_UNIPD02 AJ_2019",10,10,100,"Random",10,"Diptera"
"5_Marini_UNIPD02 AK_2019",3,5,60,"Random",10,"Diptera"
"5_Marini_UNIPD02 AL_2019",9.966,19,52.4526315789474,"Random",10,"Diptera"
"5_Marini_UNIPD02 AM_2019",5.661,13,43.5461538461538,"Random",10,"Diptera"
"5_Marini_UNIPD02 AN_2019",8.625,10,86.25,"Random",10,"Diptera"
"5_Marini_UNIPD02 AO_2019",10.345,17,60.8529411764706,"Random",10,"Diptera"
"5_Marini_UNIPD02 AP_2019",4.844,9,53.8222222222222,"Random",10,"Diptera"
"5_Marini_UNIPD02 AQ_2019",10.112,15,67.4133333333333,"Random",10,"Diptera"
"5_Marini_UNIPD02 AS_2019",6.12,8,76.5,"Random",10,"Diptera"
"5_Marini_UNIPD02 AT_2019",5.881,8,73.5125,"Random",10,"Diptera"
"5_Marini_UNIPD02 AV_2019",4,4,100,"Random",10,"Diptera"
"5_Marini_UNIPD02 A_2019",3.604,6,60.0666666666667,"Random",10,"Diptera"
"5_Marini_UNIPD02 B_2019",4.718,7,67.4,"Random",10,"Diptera"
"5_Marini_UNIPD02 C_2019",9.659,14,68.9928571428571,"Random",10,"Diptera"
"5_Marini_UNIPD02 D_2019",11.824,18,65.6888888888889,"Random",10,"Diptera"
"5_Marini_UNIPD02 E_2019",10.407,12,86.725,"Random",10,"Diptera"
"5_Marini_UNIPD02 G_2019",3.868,6,64.4666666666667,"Random",10,"Diptera"
"5_Marini_UNIPD02 H_2019",2.575,3,85.8333333333333,"Random",10,"Diptera"
"5_Marini_UNIPD02 I_2019",12.399,17,72.9352941176471,"Random",10,"Diptera"
"5_Marini_UNIPD02 K_2019",1.22,2,61,"Random",10,"Diptera"
"5_Marini_UNIPD02 L_2019",8.685,10,86.85,"Random",10,"Diptera"
"5_Marini_UNIPD02 M_2019",6.555,14,46.8214285714286,"Random",10,"Diptera"
"5_Marini_UNIPD02 N_2019",7.801,12,65.0083333333333,"Random",10,"Diptera"
"5_Marini_UNIPD02 O_2019",11.916,22,54.1636363636364,"Random",10,"Diptera"
"5_Marini_UNIPD02 P_2019",9.112,13,70.0923076923077,"Random",10,"Diptera"
"5_Marini_UNIPD02 Q_2019",6.854,10,68.54,"Random",10,"Diptera"
"5_Marini_UNIPD02 S_2019",5.379,9,59.7666666666667,"Random",10,"Diptera"
"5_Marini_UNIPD02 T_2019",4.139,6,68.9833333333333,"Random",10,"Diptera"
"5_Marini_UNIPD02 U_2019",3.749,8,46.8625,"Random",10,"Diptera"
"5_Marini_UNIPD02 V_2019",7.094,18,39.4111111111111,"Random",10,"Diptera"
"5_Marini_UNIPD02 W_2019",3.368,6,56.1333333333333,"Random",10,"Diptera"
"5_Marini_UNIPD02 X_2019",8.421,23,36.6130434782609,"Random",10,"Diptera"
"5_Marini_UNIPD02 Y_2019",9.45,17,55.5882352941176,"Random",10,"Diptera"
"5_Marini_UNIPD02 Z_2019",3.448,4,86.2,"Random",10,"Diptera"
"6_Marini_UNIPD03 CD13_2020",4.23,5,84.6,"Random",10,"Diptera"
"6_Marini_UNIPD03 CD14_2020",5.747,8,71.8375,"Random",10,"Diptera"
"6_Marini_UNIPD03 CD15_2020",7.398,13,56.9076923076923,"Random",10,"Diptera"
"6_Marini_UNIPD03 CD16_2020",5.811,9,64.5666666666667,"Random",10,"Diptera"
"6_Marini_UNIPD03 CD17_2020",6.918,11,62.8909090909091,"Random",10,"Diptera"
"6_Marini_UNIPD03 CD20_2020",8.152,12,67.9333333333333,"Random",10,"Diptera"
"6_Marini_UNIPD03 CD22_2020",6.486,9,72.0666666666667,"Random",10,"Diptera"
"6_Marini_UNIPD03 CD23_2020",9.387,15,62.58,"Random",10,"Diptera"
"6_Marini_UNIPD03 CD26_2020",5.639,6,93.9833333333333,"Random",10,"Diptera"
"6_Marini_UNIPD03 CD27_2020",6.665,9,74.0555555555556,"Random",10,"Diptera"
"6_Marini_UNIPD03 CD28_2020",9.016,16,56.35,"Random",10,"Diptera"
"6_Marini_UNIPD03 CD29_2020",8.751,13,67.3153846153846,"Random",10,"Diptera"
"6_Marini_UNIPD03 CD2_2020",3,3,100,"Random",10,"Diptera"
"6_Marini_UNIPD03 CD34_2020",7.922,9,88.0222222222222,"Random",10,"Diptera"
"6_Marini_UNIPD03 D11_2020",4.833,6,80.55,"Random",10,"Diptera"
"6_Marini_UNIPD03 D17_2020",6,6,100,"Random",10,"Diptera"
"6_Marini_UNIPD03 D21_2020",4.631,5,92.62,"Random",10,"Diptera"
"6_Marini_UNIPD03 D24_2020",9.57,13,73.6153846153846,"Random",10,"Diptera"
"6_Marini_UNIPD03 D28_2020",7.594,11,69.0363636363636,"Random",10,"Diptera"
"6_Marini_UNIPD03 D29_2020",4.213,5,84.26,"Random",10,"Diptera"
"6_Marini_UNIPD03 D34_2020",5.993,7,85.6142857142857,"Random",10,"Diptera"
"6_Marini_UNIPD03 D35_2020",4.585,6,76.4166666666667,"Random",10,"Diptera"
"6_Marini_UNIPD03 D5_2020",4.541,7,64.8714285714286,"Random",10,"Diptera"
"6_Marini_UNIPD03 D8_2020",4.619,5,92.38,"Random",10,"Diptera"
"6_Marini_UNIPD03 E14_2020",9.234,13,71.0307692307692,"Random",10,"Diptera"
"6_Marini_UNIPD03 E19_2020",8.116,12,67.6333333333333,"Random",10,"Diptera"
"6_Marini_UNIPD03 E25_2020",7.239,11,65.8090909090909,"Random",10,"Diptera"
"6_Marini_UNIPD03 E26_2020",11.512,15,76.7466666666667,"Random",10,"Diptera"
"6_Marini_UNIPD03 E31_2020",5.246,6,87.4333333333333,"Random",10,"Diptera"
"6_Marini_UNIPD03 E32_2020",6,6,100,"Random",10,"Diptera"
"6_Marini_UNIPD03 E33_2020",8.247,10,82.47,"Random",10,"Diptera"
"6_Marini_UNIPD03 E35_2020",8.505,11,77.3181818181818,"Random",10,"Diptera"
"6_Marini_UNIPD03 E36_2020",9.404,10,94.04,"Random",10,"Diptera"
"7_Scheper_Chize_10_Field_boundary_2015",1.008,3,33.6,"Random",10,"Diptera"
"7_Scheper_Chize_12_Field_boundary_2015",1.24,4,31,"Random",10,"Diptera"
"7_Scheper_Chize_14_Field_boundary_2015",0.28,4,7,"Random",10,"Diptera"
"7_Scheper_Chize_19_Field_boundary_2015",1.241,2,62.05,"Random",10,"Diptera"
"7_Scheper_Chize_1_Field_boundary_2015",2.05,4,51.25,"Random",10,"Diptera"
"7_Scheper_Chize_1_Grassland_2015",1.712,2,85.6,"Random",10,"Diptera"
"7_Scheper_Chize_25_Field_boundary_2015",1.322,7,18.8857142857143,"Random",10,"Diptera"
"7_Scheper_Chize_4_Field_boundary_2015",2.068,4,51.7,"Random",10,"Diptera"
"7_Scheper_Chize_5_Field_boundary_2015",2.578,5,51.56,"Random",10,"Diptera"
"7_Scheper_Chize_6_Field_boundary_2015",2.293,8,28.6625,"Random",10,"Diptera"
"11_Clough_ASK_2021_2021",2.506,5,50.12,"Random",5,"Diptera"
"11_Clough_HAM_2021_2021",7.281,19,38.3210526315789,"Random",5,"Diptera"
"11_Clough_KOM_2021_2021",1.582,5,31.64,"Random",5,"Diptera"
"11_Clough_LOB_2021_2021",1.806,7,25.8,"Random",5,"Diptera"
"11_Clough_PET_2021_2021",3.009,11,27.3545454545455,"Random",5,"Diptera"
"11_Clough_TAG_2021_2021",3.586,13,27.5846153846154,"Random",5,"Diptera"
"12_Ockinger_Norrang_Ryckelsby_Og",4.844,15,32.2933333333333,"Random",5,"Diptera"
"12_Ockinger_Sattra_Og",2.102,7,30.0285714285714,"Random",5,"Diptera"
"12_Ockinger_St_Tadinge",1.3,5,26,"Random",5,"Diptera"
"12_Ockinger_Tjalinge_Skogstibble",1.312,6,21.8666666666667,"Random",5,"Diptera"
"20_Hoiss_H5_2010",17.078,58,29.4448275862069,"Random",5,"Diptera"
"20_Hoiss_H6_2010",5.732,27,21.2296296296296,"Random",5,"Diptera"
"20_Hoiss_H7_2010",6.771,32,21.159375,"Random",5,"Diptera"
"20_Hoiss_HO1_2010",5.484,30,18.28,"Random",5,"Diptera"
"20_Hoiss_HO5_2010",8.169,46,17.7586956521739,"Random",5,"Diptera"
"20_Hoiss_T4_2010",5.208,35,14.88,"Random",5,"Diptera"
"28_Sutter_10_2013",0.929,1,92.9,"Random",5,"Diptera"
"28_Sutter_11_2013",0.892,1,89.2,"Random",5,"Diptera"
"28_Sutter_12_2013",0.711,1,71.1,"Random",5,"Diptera"
"28_Sutter_13_2013",0.958,1,95.8,"Random",5,"Diptera"
"28_Sutter_13_2014",0.537,1,53.7,"Random",5,"Diptera"
"28_Sutter_14_2013",0.912,1,91.2,"Random",5,"Diptera"
"28_Sutter_17_2013",0.902,1,90.2,"Random",5,"Diptera"
"28_Sutter_19_2013",0.842,1,84.2,"Random",5,"Diptera"
"28_Sutter_1_2013",0.926,1,92.6,"Random",5,"Diptera"
"28_Sutter_20_2013",0.875,1,87.5,"Random",5,"Diptera"
"28_Sutter_21_2013",0.748,1,74.8,"Random",5,"Diptera"
"28_Sutter_2_2013",0.88,1,88,"Random",5,"Diptera"
"28_Sutter_3_2013",0.853,1,85.3,"Random",5,"Diptera"
"28_Sutter_5_2013",0.799,1,79.9,"Random",5,"Diptera"
"28_Sutter_8_2013",0.936,1,93.6,"Random",5,"Diptera"
"28_Sutter_8_2014",0.669,1,66.9,"Random",5,"Diptera"
"29_Magrach_Gibraleon_2011",1.684,7,24.0571428571429,"Random",5,"Diptera"
"29_Magrach_Gravera_2011",0.264,3,8.8,"Random",5,"Diptera"
"29_Magrach_Niebla_2011",3.656,9,40.6222222222222,"Random",5,"Diptera"
"29_Magrach_Niebla_2012",0.445,2,22.25,"Random",5,"Diptera"
"29_Magrach_Villablanca_2011",1.512,6,25.2,"Random",5,"Diptera"
"2_Petanidou_Armolia_2015",1.907,11,17.3363636363636,"Random",5,"Diptera"
"2_Petanidou_Emborios_2015",3.293,8,41.1625,"Random",5,"Diptera"
"2_Petanidou_Gridia_2015",1.648,9,18.3111111111111,"Random",5,"Diptera"
"2_Petanidou_Kato Fana_2015",4.672,10,46.72,"Random",5,"Diptera"
"2_Petanidou_Palios Katarraktis_2015",2.344,13,18.0307692307692,"Random",5,"Diptera"
"2_Petanidou_Vessa 2_2015",2.648,14,18.9142857142857,"Random",5,"Diptera"
"30_Smith_lsk48_2012",1.529,11,13.9,"Random",5,"Diptera"
"30_Smith_lsk57_2011",1.186,10,11.86,"Random",5,"Diptera"
"30_Smith_lsk73_2012",2.879,12,23.9916666666667,"Random",5,"Diptera"
"30_Smith_lsk74_2012",2.353,12,19.6083333333333,"Random",5,"Diptera"
"30_Smith_lsk77_2011",1.311,6,21.85,"Random",5,"Diptera"
"30_Smith_lsk77_2012",1.664,13,12.8,"Random",5,"Diptera"
"31_Roberts_Hunt_2013",0.127,1,12.7,"Random",5,"Diptera"
"31_Roberts_Jefferies_2013",0.613,4,15.325,"Random",5,"Diptera"
"31_Roberts_Livingstone_far_2012",0.906,3,30.2,"Random",5,"Diptera"
"31_Roberts_Livingstone_house_2012",0.798,4,19.95,"Random",5,"Diptera"
"31_Roberts_Mearns_2013",0.938,4,23.45,"Random",5,"Diptera"
"31_Roberts_White_left_2012",0.699,4,17.475,"Random",5,"Diptera"
"36_Larkin_Barracks.Lyan.Co.Clare_13.2017_GS1",3.256,6,54.2666666666667,"Random",5,"Diptera"
"36_Larkin_Glencolumbkille.South.Carron.Co.Clare_20.2017_GS1",3.368,5,67.36,"Random",5,"Diptera"
"37_White_An",3.527,10,35.27,"Random",5,"Diptera"
"37_White_Bl",4.903,15,32.6866666666667,"Random",5,"Diptera"
"37_White_Bn",3.838,13,29.5230769230769,"Random",5,"Diptera"
"37_White_CW",7.157,21,34.0809523809524,"Random",5,"Diptera"
"37_White_Ce",4.813,11,43.7545454545455,"Random",5,"Diptera"
"37_White_Cn",5.039,18,27.9944444444444,"Random",5,"Diptera"
"37_White_ED",4.978,10,49.78,"Random",5,"Diptera"
"37_White_Fs",3.631,11,33.0090909090909,"Random",5,"Diptera"
"37_White_JK",2.694,12,22.45,"Random",5,"Diptera"
"37_White_Kr",1.782,7,25.4571428571429,"Random",5,"Diptera"
"37_White_ND",4.022,12,33.5166666666667,"Random",5,"Diptera"
"37_White_NG",6.212,15,41.4133333333333,"Random",5,"Diptera"
"37_White_Pn",0.836,7,11.9428571428571,"Random",5,"Diptera"
"37_White_WD",5.795,13,44.5769230769231,"Random",5,"Diptera"
"38_Maurer_A1",1.182,7,16.8857142857143,"Random",5,"Diptera"
"38_Maurer_A2",1.309,11,11.9,"Random",5,"Diptera"
"38_Maurer_A3",1.278,9,14.2,"Random",5,"Diptera"
"38_Maurer_A4",1.151,10,11.51,"Random",5,"Diptera"
"38_Maurer_R1",1.677,11,15.2454545454545,"Random",5,"Diptera"
"38_Maurer_R2",1.24,14,8.85714285714286,"Random",5,"Diptera"
"38_Maurer_R3",0.462,7,6.6,"Random",5,"Diptera"
"38_Maurer_R4",0.784,7,11.2,"Random",5,"Diptera"
"38_Maurer_U2",1.096,15,7.30666666666667,"Random",5,"Diptera"
"38_Maurer_U3",0.946,10,9.46,"Random",5,"Diptera"
"39_Schweiger_I1_ruderal_1_2021",1.367,4,34.175,"Random",5,"Diptera"
"39_Schweiger_I2_semi.natural.grass_5_2021",0.264,2,13.2,"Random",5,"Diptera"
"39_Schweiger_I2_woodland.scrub_1_2021",0.823,3,27.4333333333333,"Random",5,"Diptera"
"39_Schweiger_I4_woodland.scrub_3_2021",1.092,4,27.3,"Random",5,"Diptera"
"39_Schweiger_R1_semi.natural.grass_4_2021",1.297,3,43.2333333333333,"Random",5,"Diptera"
"39_Schweiger_R4_semi.natural.grass_2_2021",3.814,8,47.675,"Random",5,"Diptera"
"40_Knight_Ghe_ari_2017",21.874,61,35.8590163934426,"Random",5,"Diptera"
"41_Knight_1 wooded meadow_2018",4.058,21,19.3238095238095,"Random",5,"Diptera"
"41_Knight_2 alvar pasture_2018",1.394,6,23.2333333333333,"Random",5,"Diptera"
"41_Knight_3 alvar pasture_2018",5.349,19,28.1526315789474,"Random",5,"Diptera"
"41_Knight_4 wooded meadow_2018",2.487,7,35.5285714285714,"Random",5,"Diptera"
"41_Knight_5 wooded meadow_2018",3.625,22,16.4772727272727,"Random",5,"Diptera"
"41_Knight_6 alvar pasture_2018",0.777,8,9.7125,"Random",5,"Diptera"
"42_Knight_M1Restored_2019",1.141,5,22.82,"Random",5,"Diptera"
"42_Knight_M2Natural_2019",0.658,2,32.9,"Random",5,"Diptera"
"42_Knight_M3Natural_2019",1.278,8,15.975,"Random",5,"Diptera"
"42_Knight_M4Restored_2019",1.227,7,17.5285714285714,"Random",5,"Diptera"
"42_Knight_M5Restored_2019",0.806,6,13.4333333333333,"Random",5,"Diptera"
"42_Knight_M6Natural_2019",1.879,15,12.5266666666667,"Random",5,"Diptera"
"42_Knight_M8Restored_2019",1.46,7,20.8571428571429,"Random",5,"Diptera"
"44_Knight_M11_2018",0.846,5,16.92,"Random",5,"Diptera"
"44_Knight_M12_2018",3.722,26,14.3153846153846,"Random",5,"Diptera"
"44_Knight_M13_2018",3.478,16,21.7375,"Random",5,"Diptera"
"44_Knight_M15_2018",5.2,29,17.9310344827586,"Random",5,"Diptera"
"44_Knight_M16_2018",4.49,28,16.0357142857143,"Random",5,"Diptera"
"44_Knight_M17_2018",2.334,15,15.56,"Random",5,"Diptera"
"44_Knight_M18_2018",2.737,18,15.2055555555556,"Random",5,"Diptera"
"44_Knight_M1_2018",3.435,14,24.5357142857143,"Random",5,"Diptera"
"44_Knight_M3_2018",1.588,17,9.34117647058824,"Random",5,"Diptera"
"44_Knight_M4_2018",4.568,24,19.0333333333333,"Random",5,"Diptera"
"44_Knight_M6_2018",0.536,8,6.7,"Random",5,"Diptera"
"44_Knight_M8_2018",0.928,13,7.13846153846154,"Random",5,"Diptera"
"45_Knight_Hermanovice_meadow_2018",6.241,28,22.2892857142857,"Random",5,"Diptera"
"45_Knight_HorniGrunt_meadow_2018",6.125,23,26.6304347826087,"Random",5,"Diptera"
"45_Knight_Mnichov_meadow_2018",4.885,26,18.7884615384615,"Random",5,"Diptera"
"46_Knight_Gora_Gipsowa_2018",1.676,18,9.31111111111111,"Random",5,"Diptera"
"47_Benadi_1",16.572,131,12.6503816793893,"Random",5,"Diptera"
"47_Benadi_2",24.096,120,20.08,"Random",5,"Diptera"
"47_Benadi_3",18.092,115,15.7321739130435,"Random",5,"Diptera"
"47_Benadi_4",23.789,118,20.1601694915254,"Random",5,"Diptera"
"47_Benadi_5",17.427,91,19.1505494505495,"Random",5,"Diptera"
"47_Benadi_6",11.297,64,17.6515625,"Random",5,"Diptera"
"4_Marini_UNIPD01 A_2018",6.224,16,38.9,"Random",5,"Diptera"
"4_Marini_UNIPD01 An_2018",5.098,20,25.49,"Random",5,"Diptera"
"4_Marini_UNIPD01 B_2018",4.447,17,26.1588235294118,"Random",5,"Diptera"
"4_Marini_UNIPD01 Bn_2018",7.726,31,24.9225806451613,"Random",5,"Diptera"
"4_Marini_UNIPD01 C_2018",7.349,26,28.2653846153846,"Random",5,"Diptera"
"4_Marini_UNIPD01 Cn_2018",9.568,31,30.8645161290323,"Random",5,"Diptera"
"4_Marini_UNIPD01 E_2018",7.289,26,28.0346153846154,"Random",5,"Diptera"
"4_Marini_UNIPD01 En_2018",6.442,29,22.2137931034483,"Random",5,"Diptera"
"4_Marini_UNIPD01 F_2018",4.469,13,34.3769230769231,"Random",5,"Diptera"
"4_Marini_UNIPD01 Fn_2018",2.95,8,36.875,"Random",5,"Diptera"
"4_Marini_UNIPD01 G_2018",4.724,15,31.4933333333333,"Random",5,"Diptera"
"4_Marini_UNIPD01 Gn_2018",4.083,16,25.51875,"Random",5,"Diptera"
"4_Marini_UNIPD01 H_2018",7.98,50,15.96,"Random",5,"Diptera"
"4_Marini_UNIPD01 Hn_2018",9.253,46,20.1152173913043,"Random",5,"Diptera"
"4_Marini_UNIPD01 I_2018",7.278,23,31.6434782608696,"Random",5,"Diptera"
"4_Marini_UNIPD01 In_2018",6.225,29,21.4655172413793,"Random",5,"Diptera"
"50_Hervias-Parejo_Cala Tirant_2021",9.478,26,36.4538461538462,"Random",5,"Diptera"
"50_Hervias-Parejo_Llucalari_2021",4.536,11,41.2363636363636,"Random",5,"Diptera"
"50_Hervias-Parejo_Sa Bassa_2021",4.409,18,24.4944444444444,"Random",5,"Diptera"
"50_Hervias-Parejo_Salinas_2021",2.94,18,16.3333333333333,"Random",5,"Diptera"
"50_Hervias-Parejo_Torre Fornells_2021",9.782,29,33.7310344827586,"Random",5,"Diptera"
"50_Hervias-Parejo_coast Son Bou_2021",2.842,8,35.525,"Random",5,"Diptera"
"51_Petanidou_Pyrgos_2013",2.822,16,17.6375,"Random",5,"Diptera"
"51_Petanidou_Sigri 3_2012",1.029,5,20.58,"Random",5,"Diptera"
"54_Lazaro_AloeVera_2018_2018",6.759,13,51.9923076923077,"Random",5,"Diptera"
"54_Lazaro_SonBaco_2018_2018",11.171,29,38.5206896551724,"Random",5,"Diptera"
"54_Lazaro_SonMutNou_2018_2018",13.832,27,51.2296296296296,"Random",5,"Diptera"
"54_Lazaro_UIB_2018_2018",4.521,12,37.675,"Random",5,"Diptera"
"5_Marini_UNIPD02 AA_2019",2.057,8,25.7125,"Random",5,"Diptera"
"5_Marini_UNIPD02 AB_2019",1.582,9,17.5777777777778,"Random",5,"Diptera"
"5_Marini_UNIPD02 AC_2019",2.602,13,20.0153846153846,"Random",5,"Diptera"
"5_Marini_UNIPD02 AD_2019",1.978,7,28.2571428571429,"Random",5,"Diptera"
"5_Marini_UNIPD02 AE_2019",4.137,16,25.85625,"Random",5,"Diptera"
"5_Marini_UNIPD02 AF_2019",1.864,5,37.28,"Random",5,"Diptera"
"5_Marini_UNIPD02 AG_2019",8.051,29,27.7620689655172,"Random",5,"Diptera"
"5_Marini_UNIPD02 AH_2019",3.977,16,24.85625,"Random",5,"Diptera"
"5_Marini_UNIPD02 AI_2019",1.583,5,31.66,"Random",5,"Diptera"
"5_Marini_UNIPD02 AJ_2019",5.566,10,55.66,"Random",5,"Diptera"
"5_Marini_UNIPD02 AK_2019",1.418,5,28.36,"Random",5,"Diptera"
"5_Marini_UNIPD02 AL_2019",5.617,19,29.5631578947368,"Random",5,"Diptera"
"5_Marini_UNIPD02 AM_2019",3.137,13,24.1307692307692,"Random",5,"Diptera"
"5_Marini_UNIPD02 AN_2019",4.715,10,47.15,"Random",5,"Diptera"
"5_Marini_UNIPD02 AO_2019",5.797,17,34.1,"Random",5,"Diptera"
"5_Marini_UNIPD02 AP_2019",2.906,9,32.2888888888889,"Random",5,"Diptera"
"5_Marini_UNIPD02 AQ_2019",5.292,15,35.28,"Random",5,"Diptera"
"5_Marini_UNIPD02 AS_2019",3.369,8,42.1125,"Random",5,"Diptera"
"5_Marini_UNIPD02 AT_2019",3.544,8,44.3,"Random",5,"Diptera"
"5_Marini_UNIPD02 AV_2019",1.96,4,49,"Random",5,"Diptera"
"5_Marini_UNIPD02 A_2019",2.393,6,39.8833333333333,"Random",5,"Diptera"
"5_Marini_UNIPD02 B_2019",3.202,7,45.7428571428571,"Random",5,"Diptera"
"5_Marini_UNIPD02 C_2019",5.984,14,42.7428571428571,"Random",5,"Diptera"
"5_Marini_UNIPD02 D_2019",6.684,18,37.1333333333333,"Random",5,"Diptera"
"5_Marini_UNIPD02 E_2019",6.481,12,54.0083333333333,"Random",5,"Diptera"
"5_Marini_UNIPD02 G_2019",2.655,6,44.25,"Random",5,"Diptera"
"5_Marini_UNIPD02 H_2019",1.829,3,60.9666666666667,"Random",5,"Diptera"
"5_Marini_UNIPD02 I_2019",7.862,17,46.2470588235294,"Random",5,"Diptera"
"5_Marini_UNIPD02 K_2019",0.607,2,30.35,"Random",5,"Diptera"
"5_Marini_UNIPD02 L_2019",5.332,10,53.32,"Random",5,"Diptera"
"5_Marini_UNIPD02 M_2019",3.561,14,25.4357142857143,"Random",5,"Diptera"
"5_Marini_UNIPD02 N_2019",4.588,12,38.2333333333333,"Random",5,"Diptera"
"5_Marini_UNIPD02 O_2019",6.404,22,29.1090909090909,"Random",5,"Diptera"
"5_Marini_UNIPD02 P_2019",5.66,13,43.5384615384615,"Random",5,"Diptera"
"5_Marini_UNIPD02 Q_2019",4.111,10,41.11,"Random",5,"Diptera"
"5_Marini_UNIPD02 S_2019",3.287,9,36.5222222222222,"Random",5,"Diptera"
"5_Marini_UNIPD02 T_2019",2.377,6,39.6166666666667,"Random",5,"Diptera"
"5_Marini_UNIPD02 U_2019",2.073,8,25.9125,"Random",5,"Diptera"
"5_Marini_UNIPD02 V_2019",4.377,18,24.3166666666667,"Random",5,"Diptera"
"5_Marini_UNIPD02 W_2019",2.132,6,35.5333333333333,"Random",5,"Diptera"
"5_Marini_UNIPD02 X_2019",4.623,23,20.1,"Random",5,"Diptera"
"5_Marini_UNIPD02 Y_2019",4.913,17,28.9,"Random",5,"Diptera"
"5_Marini_UNIPD02 Z_2019",2.344,4,58.6,"Random",5,"Diptera"
"6_Marini_UNIPD03 CD13_2020",2.724,5,54.48,"Random",5,"Diptera"
"6_Marini_UNIPD03 CD14_2020",3.483,8,43.5375,"Random",5,"Diptera"
"6_Marini_UNIPD03 CD15_2020",4.784,13,36.8,"Random",5,"Diptera"
"6_Marini_UNIPD03 CD16_2020",3.75,9,41.6666666666667,"Random",5,"Diptera"
"6_Marini_UNIPD03 CD17_2020",4.257,11,38.7,"Random",5,"Diptera"
"6_Marini_UNIPD03 CD20_2020",5.205,12,43.375,"Random",5,"Diptera"
"6_Marini_UNIPD03 CD22_2020",4.248,9,47.2,"Random",5,"Diptera"
"6_Marini_UNIPD03 CD23_2020",6.297,15,41.98,"Random",5,"Diptera"
"6_Marini_UNIPD03 CD26_2020",3.724,6,62.0666666666667,"Random",5,"Diptera"
"6_Marini_UNIPD03 CD27_2020",4.701,9,52.2333333333333,"Random",5,"Diptera"
"6_Marini_UNIPD03 CD28_2020",5.766,16,36.0375,"Random",5,"Diptera"
"6_Marini_UNIPD03 CD29_2020",5.538,13,42.6,"Random",5,"Diptera"
"6_Marini_UNIPD03 CD2_2020",2.257,3,75.2333333333333,"Random",5,"Diptera"
"6_Marini_UNIPD03 CD34_2020",5.447,9,60.5222222222222,"Random",5,"Diptera"
"6_Marini_UNIPD03 D11_2020",2.943,6,49.05,"Random",5,"Diptera"
"6_Marini_UNIPD03 D17_2020",3.434,6,57.2333333333333,"Random",5,"Diptera"
"6_Marini_UNIPD03 D21_2020",2.692,5,53.84,"Random",5,"Diptera"
"6_Marini_UNIPD03 D24_2020",6.28,13,48.3076923076923,"Random",5,"Diptera"
"6_Marini_UNIPD03 D28_2020",4.971,11,45.1909090909091,"Random",5,"Diptera"
"6_Marini_UNIPD03 D29_2020",2.864,5,57.28,"Random",5,"Diptera"
"6_Marini_UNIPD03 D34_2020",3.82,7,54.5714285714286,"Random",5,"Diptera"
"6_Marini_UNIPD03 D35_2020",2.323,6,38.7166666666667,"Random",5,"Diptera"
"6_Marini_UNIPD03 D5_2020",2.667,7,38.1,"Random",5,"Diptera"
"6_Marini_UNIPD03 D8_2020",2.539,5,50.78,"Random",5,"Diptera"
"6_Marini_UNIPD03 E14_2020",5.872,13,45.1692307692308,"Random",5,"Diptera"
"6_Marini_UNIPD03 E19_2020",5.058,12,42.15,"Random",5,"Diptera"
"6_Marini_UNIPD03 E25_2020",4.454,11,40.4909090909091,"Random",5,"Diptera"
"6_Marini_UNIPD03 E26_2020",7.75,15,51.6666666666667,"Random",5,"Diptera"
"6_Marini_UNIPD03 E31_2020",3.601,6,60.0166666666667,"Random",5,"Diptera"
"6_Marini_UNIPD03 E32_2020",3.818,6,63.6333333333333,"Random",5,"Diptera"
"6_Marini_UNIPD03 E33_2020",5.159,10,51.59,"Random",5,"Diptera"
"6_Marini_UNIPD03 E35_2020",5.092,11,46.2909090909091,"Random",5,"Diptera"
"6_Marini_UNIPD03 E36_2020",6.163,10,61.63,"Random",5,"Diptera"
"7_Scheper_Chize_10_Field_boundary_2015",0.552,3,18.4,"Random",5,"Diptera"
"7_Scheper_Chize_12_Field_boundary_2015",0.848,4,21.2,"Random",5,"Diptera"
"7_Scheper_Chize_14_Field_boundary_2015",0.148,4,3.7,"Random",5,"Diptera"
"7_Scheper_Chize_19_Field_boundary_2015",0.882,2,44.1,"Random",5,"Diptera"
"7_Scheper_Chize_1_Field_boundary_2015",1.216,4,30.4,"Random",5,"Diptera"
"7_Scheper_Chize_1_Grassland_2015",1.232,2,61.6,"Random",5,"Diptera"
"7_Scheper_Chize_25_Field_boundary_2015",0.605,7,8.64285714285714,"Random",5,"Diptera"
"7_Scheper_Chize_4_Field_boundary_2015",1.088,4,27.2,"Random",5,"Diptera"
"7_Scheper_Chize_5_Field_boundary_2015",1.413,5,28.26,"Random",5,"Diptera"
"7_Scheper_Chize_6_Field_boundary_2015",1.263,8,15.7875,"Random",5,"Diptera"
"11_Clough_ASK_2021_2021",1.672,5,33.44,"Random",3,"Diptera"
"11_Clough_HAM_2021_2021",4.737,19,24.9315789473684,"Random",3,"Diptera"
"11_Clough_KOM_2021_2021",1.072,5,21.44,"Random",3,"Diptera"
"11_Clough_LOB_2021_2021",1.146,7,16.3714285714286,"Random",3,"Diptera"
"11_Clough_PET_2021_2021",1.976,11,17.9636363636364,"Random",3,"Diptera"
"11_Clough_TAG_2021_2021",2.119,13,16.3,"Random",3,"Diptera"
"12_Ockinger_Norrang_Ryckelsby_Og",2.857,15,19.0466666666667,"Random",3,"Diptera"
"12_Ockinger_Sattra_Og",1.392,7,19.8857142857143,"Random",3,"Diptera"
"12_Ockinger_St_Tadinge",0.83,5,16.6,"Random",3,"Diptera"
"12_Ockinger_Tjalinge_Skogstibble",0.84,6,14,"Random",3,"Diptera"
"20_Hoiss_H5_2010",10.665,58,18.3879310344828,"Random",3,"Diptera"
"20_Hoiss_H6_2010",3.798,27,14.0666666666667,"Random",3,"Diptera"
"20_Hoiss_H7_2010",4.644,32,14.5125,"Random",3,"Diptera"
"20_Hoiss_HO1_2010",3.423,30,11.41,"Random",3,"Diptera"
"20_Hoiss_HO5_2010",5.028,46,10.9304347826087,"Random",3,"Diptera"
"20_Hoiss_T4_2010",3.134,35,8.95428571428571,"Random",3,"Diptera"
"28_Sutter_10_2013",0.776,1,77.6,"Random",3,"Diptera"
"28_Sutter_11_2013",0.739,1,73.9,"Random",3,"Diptera"
"28_Sutter_12_2013",0.519,1,51.9,"Random",3,"Diptera"
"28_Sutter_13_2013",0.863,1,86.3,"Random",3,"Diptera"
"28_Sutter_13_2014",0.345,1,34.5,"Random",3,"Diptera"
"28_Sutter_14_2013",0.754,1,75.4,"Random",3,"Diptera"
"28_Sutter_17_2013",0.715,1,71.5,"Random",3,"Diptera"
"28_Sutter_19_2013",0.667,1,66.7,"Random",3,"Diptera"
"28_Sutter_1_2013",0.754,1,75.4,"Random",3,"Diptera"
"28_Sutter_20_2013",0.679,1,67.9,"Random",3,"Diptera"
"28_Sutter_21_2013",0.554,1,55.4,"Random",3,"Diptera"
"28_Sutter_2_2013",0.703,1,70.3,"Random",3,"Diptera"
"28_Sutter_3_2013",0.669,1,66.9,"Random",3,"Diptera"
"28_Sutter_5_2013",0.618,1,61.8,"Random",3,"Diptera"
"28_Sutter_8_2013",0.763,1,76.3,"Random",3,"Diptera"
"28_Sutter_8_2014",0.432,1,43.2,"Random",3,"Diptera"
"29_Magrach_Gibraleon_2011",1.065,7,15.2142857142857,"Random",3,"Diptera"
"29_Magrach_Gravera_2011",0.163,3,5.43333333333333,"Random",3,"Diptera"
"29_Magrach_Niebla_2011",2.26,9,25.1111111111111,"Random",3,"Diptera"
"29_Magrach_Niebla_2012",0.291,2,14.55,"Random",3,"Diptera"
"29_Magrach_Villablanca_2011",1.026,6,17.1,"Random",3,"Diptera"
"2_Petanidou_Armolia_2015",1.148,11,10.4363636363636,"Random",3,"Diptera"
"2_Petanidou_Emborios_2015",1.983,8,24.7875,"Random",3,"Diptera"
"2_Petanidou_Gridia_2015",1.091,9,12.1222222222222,"Random",3,"Diptera"
"2_Petanidou_Kato Fana_2015",2.933,10,29.33,"Random",3,"Diptera"
"2_Petanidou_Palios Katarraktis_2015",1.255,13,9.65384615384615,"Random",3,"Diptera"
"2_Petanidou_Vessa 2_2015",1.603,14,11.45,"Random",3,"Diptera"
"30_Smith_lsk48_2012",0.942,11,8.56363636363636,"Random",3,"Diptera"
"30_Smith_lsk57_2011",0.606,10,6.06,"Random",3,"Diptera"
"30_Smith_lsk73_2012",1.879,12,15.6583333333333,"Random",3,"Diptera"
"30_Smith_lsk74_2012",1.296,12,10.8,"Random",3,"Diptera"
"30_Smith_lsk77_2011",0.824,6,13.7333333333333,"Random",3,"Diptera"
"30_Smith_lsk77_2012",1.032,13,7.93846153846154,"Random",3,"Diptera"
"31_Roberts_Hunt_2013",0.067,1,6.7,"Random",3,"Diptera"
"31_Roberts_Jefferies_2013",0.37,4,9.25,"Random",3,"Diptera"
"31_Roberts_Livingstone_far_2012",0.547,3,18.2333333333333,"Random",3,"Diptera"
"31_Roberts_Livingstone_house_2012",0.537,4,13.425,"Random",3,"Diptera"
"31_Roberts_Mearns_2013",0.533,4,13.325,"Random",3,"Diptera"
"31_Roberts_White_left_2012",0.442,4,11.05,"Random",3,"Diptera"
"36_Larkin_Barracks.Lyan.Co.Clare_13.2017_GS1",2.236,6,37.2666666666667,"Random",3,"Diptera"
"36_Larkin_Glencolumbkille.South.Carron.Co.Clare_20.2017_GS1",2.456,5,49.12,"Random",3,"Diptera"
"37_White_An",2.198,10,21.98,"Random",3,"Diptera"
"37_White_Bl",3.083,15,20.5533333333333,"Random",3,"Diptera"
"37_White_Bn",2.538,13,19.5230769230769,"Random",3,"Diptera"
"37_White_CW",4.448,21,21.1809523809524,"Random",3,"Diptera"
"37_White_Ce",3.43,11,31.1818181818182,"Random",3,"Diptera"
"37_White_Cn",3.328,18,18.4888888888889,"Random",3,"Diptera"
"37_White_ED",3.115,10,31.15,"Random",3,"Diptera"
"37_White_Fs",2.284,11,20.7636363636364,"Random",3,"Diptera"
"37_White_JK",1.679,12,13.9916666666667,"Random",3,"Diptera"
"37_White_Kr",1.034,7,14.7714285714286,"Random",3,"Diptera"
"37_White_ND",2.737,12,22.8083333333333,"Random",3,"Diptera"
"37_White_NG",4.133,15,27.5533333333333,"Random",3,"Diptera"
"37_White_Pn",0.47,7,6.71428571428571,"Random",3,"Diptera"
"37_White_WD",3.785,13,29.1153846153846,"Random",3,"Diptera"
"38_Maurer_A1",0.762,7,10.8857142857143,"Random",3,"Diptera"
"38_Maurer_A2",0.787,11,7.15454545454546,"Random",3,"Diptera"
"38_Maurer_A3",0.863,9,9.58888888888889,"Random",3,"Diptera"
"38_Maurer_A4",0.792,10,7.92,"Random",3,"Diptera"
"38_Maurer_R1",1.101,11,10.0090909090909,"Random",3,"Diptera"
"38_Maurer_R2",0.836,14,5.97142857142857,"Random",3,"Diptera"
"38_Maurer_R3",0.305,7,4.35714285714286,"Random",3,"Diptera"
"38_Maurer_R4",0.482,7,6.88571428571429,"Random",3,"Diptera"
"38_Maurer_U2",0.654,15,4.36,"Random",3,"Diptera"
"38_Maurer_U3",0.515,10,5.15,"Random",3,"Diptera"
"39_Schweiger_I1_ruderal_1_2021",0.9,4,22.5,"Random",3,"Diptera"
"39_Schweiger_I2_semi.natural.grass_5_2021",0.173,2,8.65,"Random",3,"Diptera"
"39_Schweiger_I2_woodland.scrub_1_2021",0.506,3,16.8666666666667,"Random",3,"Diptera"
"39_Schweiger_I4_woodland.scrub_3_2021",0.623,4,15.575,"Random",3,"Diptera"
"39_Schweiger_R1_semi.natural.grass_4_2021",0.819,3,27.3,"Random",3,"Diptera"
"39_Schweiger_R4_semi.natural.grass_2_2021",2.573,8,32.1625,"Random",3,"Diptera"
"40_Knight_Ghe_ari_2017",15.283,61,25.0540983606557,"Random",3,"Diptera"
"41_Knight_1 wooded meadow_2018",2.803,21,13.347619047619,"Random",3,"Diptera"
"41_Knight_2 alvar pasture_2018",0.898,6,14.9666666666667,"Random",3,"Diptera"
"41_Knight_3 alvar pasture_2018",3.02,19,15.8947368421053,"Random",3,"Diptera"
"41_Knight_4 wooded meadow_2018",1.601,7,22.8714285714286,"Random",3,"Diptera"
"41_Knight_5 wooded meadow_2018",2.095,22,9.52272727272727,"Random",3,"Diptera"
"41_Knight_6 alvar pasture_2018",0.497,8,6.2125,"Random",3,"Diptera"
"42_Knight_M1Restored_2019",0.736,5,14.72,"Random",3,"Diptera"
"42_Knight_M2Natural_2019",0.456,2,22.8,"Random",3,"Diptera"
"42_Knight_M3Natural_2019",0.641,8,8.0125,"Random",3,"Diptera"
"42_Knight_M4Restored_2019",0.737,7,10.5285714285714,"Random",3,"Diptera"
"42_Knight_M5Restored_2019",0.537,6,8.95,"Random",3,"Diptera"
"42_Knight_M6Natural_2019",1.236,15,8.24,"Random",3,"Diptera"
"42_Knight_M8Restored_2019",0.946,7,13.5142857142857,"Random",3,"Diptera"
"44_Knight_M11_2018",0.529,5,10.58,"Random",3,"Diptera"
"44_Knight_M12_2018",2.007,26,7.71923076923077,"Random",3,"Diptera"
"44_Knight_M13_2018",2.229,16,13.93125,"Random",3,"Diptera"
"44_Knight_M15_2018",3.277,29,11.3,"Random",3,"Diptera"
"44_Knight_M16_2018",2.71,28,9.67857142857143,"Random",3,"Diptera"
"44_Knight_M17_2018",1.56,15,10.4,"Random",3,"Diptera"
"44_Knight_M18_2018",1.624,18,9.02222222222222,"Random",3,"Diptera"
"44_Knight_M1_2018",2.243,14,16.0214285714286,"Random",3,"Diptera"
"44_Knight_M3_2018",0.984,17,5.78823529411765,"Random",3,"Diptera"
"44_Knight_M4_2018",2.651,24,11.0458333333333,"Random",3,"Diptera"
"44_Knight_M6_2018",0.349,8,4.3625,"Random",3,"Diptera"
"44_Knight_M8_2018",0.567,13,4.36153846153846,"Random",3,"Diptera"
"45_Knight_Hermanovice_meadow_2018",3.845,28,13.7321428571429,"Random",3,"Diptera"
"45_Knight_HorniGrunt_meadow_2018",3.792,23,16.4869565217391,"Random",3,"Diptera"
"45_Knight_Mnichov_meadow_2018",3.12,26,12,"Random",3,"Diptera"
"46_Knight_Gora_Gipsowa_2018",1.056,18,5.86666666666667,"Random",3,"Diptera"
"47_Benadi_1",10.491,131,8.00839694656489,"Random",3,"Diptera"
"47_Benadi_2",16.096,120,13.4133333333333,"Random",3,"Diptera"
"47_Benadi_3",11.301,115,9.82695652173913,"Random",3,"Diptera"
"47_Benadi_4",15.226,118,12.9033898305085,"Random",3,"Diptera"
"47_Benadi_5",11.748,91,12.9098901098901,"Random",3,"Diptera"
"47_Benadi_6",7.338,64,11.465625,"Random",3,"Diptera"
"4_Marini_UNIPD01 A_2018",4.295,16,26.84375,"Random",3,"Diptera"
"4_Marini_UNIPD01 An_2018",3.119,20,15.595,"Random",3,"Diptera"
"4_Marini_UNIPD01 B_2018",2.823,17,16.6058823529412,"Random",3,"Diptera"
"4_Marini_UNIPD01 Bn_2018",5.18,31,16.7096774193548,"Random",3,"Diptera"
"4_Marini_UNIPD01 C_2018",4.783,26,18.3961538461538,"Random",3,"Diptera"
"4_Marini_UNIPD01 Cn_2018",6.557,31,21.1516129032258,"Random",3,"Diptera"
"4_Marini_UNIPD01 E_2018",5.034,26,19.3615384615385,"Random",3,"Diptera"
"4_Marini_UNIPD01 En_2018",4.228,29,14.5793103448276,"Random",3,"Diptera"
"4_Marini_UNIPD01 F_2018",2.975,13,22.8846153846154,"Random",3,"Diptera"
"4_Marini_UNIPD01 Fn_2018",2.11,8,26.375,"Random",3,"Diptera"
"4_Marini_UNIPD01 G_2018",3.559,15,23.7266666666667,"Random",3,"Diptera"
"4_Marini_UNIPD01 Gn_2018",2.982,16,18.6375,"Random",3,"Diptera"
"4_Marini_UNIPD01 H_2018",5.238,50,10.476,"Random",3,"Diptera"
"4_Marini_UNIPD01 Hn_2018",5.895,46,12.8152173913043,"Random",3,"Diptera"
"4_Marini_UNIPD01 I_2018",4.889,23,21.2565217391304,"Random",3,"Diptera"
"4_Marini_UNIPD01 In_2018",4.179,29,14.4103448275862,"Random",3,"Diptera"
"50_Hervias-Parejo_Cala Tirant_2021",5.983,26,23.0115384615385,"Random",3,"Diptera"
"50_Hervias-Parejo_Llucalari_2021",2.941,11,26.7363636363636,"Random",3,"Diptera"
"50_Hervias-Parejo_Sa Bassa_2021",2.676,18,14.8666666666667,"Random",3,"Diptera"
"50_Hervias-Parejo_Salinas_2021",1.912,18,10.6222222222222,"Random",3,"Diptera"
"50_Hervias-Parejo_Torre Fornells_2021",6.515,29,22.4655172413793,"Random",3,"Diptera"
"50_Hervias-Parejo_coast Son Bou_2021",1.78,8,22.25,"Random",3,"Diptera"
"51_Petanidou_Pyrgos_2013",1.615,16,10.09375,"Random",3,"Diptera"
"51_Petanidou_Sigri 3_2012",0.614,5,12.28,"Random",3,"Diptera"
"54_Lazaro_AloeVera_2018_2018",4.309,13,33.1461538461539,"Random",3,"Diptera"
"54_Lazaro_SonBaco_2018_2018",7.141,29,24.6241379310345,"Random",3,"Diptera"
"54_Lazaro_SonMutNou_2018_2018",8.708,27,32.2518518518519,"Random",3,"Diptera"
"54_Lazaro_UIB_2018_2018",2.986,12,24.8833333333333,"Random",3,"Diptera"
"5_Marini_UNIPD02 AA_2019",1.351,8,16.8875,"Random",3,"Diptera"
"5_Marini_UNIPD02 AB_2019",0.899,9,9.98888888888889,"Random",3,"Diptera"
"5_Marini_UNIPD02 AC_2019",1.612,13,12.4,"Random",3,"Diptera"
"5_Marini_UNIPD02 AD_2019",1.215,7,17.3571428571429,"Random",3,"Diptera"
"5_Marini_UNIPD02 AE_2019",2.756,16,17.225,"Random",3,"Diptera"
"5_Marini_UNIPD02 AF_2019",1.141,5,22.82,"Random",3,"Diptera"
"5_Marini_UNIPD02 AG_2019",5.293,29,18.251724137931,"Random",3,"Diptera"
"5_Marini_UNIPD02 AH_2019",2.351,16,14.69375,"Random",3,"Diptera"
"5_Marini_UNIPD02 AI_2019",1.042,5,20.84,"Random",3,"Diptera"
"5_Marini_UNIPD02 AJ_2019",3.496,10,34.96,"Random",3,"Diptera"
"5_Marini_UNIPD02 AK_2019",0.935,5,18.7,"Random",3,"Diptera"
"5_Marini_UNIPD02 AL_2019",3.591,19,18.9,"Random",3,"Diptera"
"5_Marini_UNIPD02 AM_2019",2.026,13,15.5846153846154,"Random",3,"Diptera"
"5_Marini_UNIPD02 AN_2019",2.914,10,29.14,"Random",3,"Diptera"
"5_Marini_UNIPD02 AO_2019",3.618,17,21.2823529411765,"Random",3,"Diptera"
"5_Marini_UNIPD02 AP_2019",1.909,9,21.2111111111111,"Random",3,"Diptera"
"5_Marini_UNIPD02 AQ_2019",3.214,15,21.4266666666667,"Random",3,"Diptera"
"5_Marini_UNIPD02 AS_2019",2.103,8,26.2875,"Random",3,"Diptera"
"5_Marini_UNIPD02 AT_2019",2.317,8,28.9625,"Random",3,"Diptera"
"5_Marini_UNIPD02 AV_2019",1.222,4,30.55,"Random",3,"Diptera"
"5_Marini_UNIPD02 A_2019",1.674,6,27.9,"Random",3,"Diptera"
"5_Marini_UNIPD02 B_2019",2.328,7,33.2571428571429,"Random",3,"Diptera"
"5_Marini_UNIPD02 C_2019",4.118,14,29.4142857142857,"Random",3,"Diptera"
"5_Marini_UNIPD02 D_2019",4.295,18,23.8611111111111,"Random",3,"Diptera"
"5_Marini_UNIPD02 E_2019",4.506,12,37.55,"Random",3,"Diptera"
"5_Marini_UNIPD02 G_2019",2.057,6,34.2833333333333,"Random",3,"Diptera"
"5_Marini_UNIPD02 H_2019",1.392,3,46.4,"Random",3,"Diptera"
"5_Marini_UNIPD02 I_2019",5.02,17,29.5294117647059,"Random",3,"Diptera"
"5_Marini_UNIPD02 K_2019",0.386,2,19.3,"Random",3,"Diptera"
"5_Marini_UNIPD02 L_2019",3.334,10,33.34,"Random",3,"Diptera"
"5_Marini_UNIPD02 M_2019",2.169,14,15.4928571428571,"Random",3,"Diptera"
"5_Marini_UNIPD02 N_2019",3.169,12,26.4083333333333,"Random",3,"Diptera"
"5_Marini_UNIPD02 O_2019",4.004,22,18.2,"Random",3,"Diptera"
"5_Marini_UNIPD02 P_2019",3.874,13,29.8,"Random",3,"Diptera"
"5_Marini_UNIPD02 Q_2019",2.428,10,24.28,"Random",3,"Diptera"
"5_Marini_UNIPD02 S_2019",2.187,9,24.3,"Random",3,"Diptera"
"5_Marini_UNIPD02 T_2019",1.62,6,27,"Random",3,"Diptera"
"5_Marini_UNIPD02 U_2019",1.256,8,15.7,"Random",3,"Diptera"
"5_Marini_UNIPD02 V_2019",2.888,18,16.0444444444444,"Random",3,"Diptera"
"5_Marini_UNIPD02 W_2019",1.483,6,24.7166666666667,"Random",3,"Diptera"
"5_Marini_UNIPD02 X_2019",2.667,23,11.595652173913,"Random",3,"Diptera"
"5_Marini_UNIPD02 Y_2019",3.166,17,18.6235294117647,"Random",3,"Diptera"
"5_Marini_UNIPD02 Z_2019",1.55,4,38.75,"Random",3,"Diptera"
"6_Marini_UNIPD03 CD13_2020",2.027,5,40.54,"Random",3,"Diptera"
"6_Marini_UNIPD03 CD14_2020",2.391,8,29.8875,"Random",3,"Diptera"
"6_Marini_UNIPD03 CD15_2020",3.219,13,24.7615384615385,"Random",3,"Diptera"
"6_Marini_UNIPD03 CD16_2020",2.531,9,28.1222222222222,"Random",3,"Diptera"
"6_Marini_UNIPD03 CD17_2020",3.078,11,27.9818181818182,"Random",3,"Diptera"
"6_Marini_UNIPD03 CD20_2020",3.561,12,29.675,"Random",3,"Diptera"
"6_Marini_UNIPD03 CD22_2020",3.152,9,35.0222222222222,"Random",3,"Diptera"
"6_Marini_UNIPD03 CD23_2020",4.368,15,29.12,"Random",3,"Diptera"
"6_Marini_UNIPD03 CD26_2020",2.774,6,46.2333333333333,"Random",3,"Diptera"
"6_Marini_UNIPD03 CD27_2020",3.443,9,38.2555555555556,"Random",3,"Diptera"
"6_Marini_UNIPD03 CD28_2020",3.825,16,23.90625,"Random",3,"Diptera"
"6_Marini_UNIPD03 CD29_2020",3.948,13,30.3692307692308,"Random",3,"Diptera"
"6_Marini_UNIPD03 CD2_2020",1.695,3,56.5,"Random",3,"Diptera"
"6_Marini_UNIPD03 CD34_2020",3.778,9,41.9777777777778,"Random",3,"Diptera"
"6_Marini_UNIPD03 D11_2020",1.964,6,32.7333333333333,"Random",3,"Diptera"
"6_Marini_UNIPD03 D17_2020",2.217,6,36.95,"Random",3,"Diptera"
"6_Marini_UNIPD03 D21_2020",1.823,5,36.46,"Random",3,"Diptera"
"6_Marini_UNIPD03 D24_2020",4.471,13,34.3923076923077,"Random",3,"Diptera"
"6_Marini_UNIPD03 D28_2020",3.166,11,28.7818181818182,"Random",3,"Diptera"
"6_Marini_UNIPD03 D29_2020",2.022,5,40.44,"Random",3,"Diptera"
"6_Marini_UNIPD03 D34_2020",2.6,7,37.1428571428571,"Random",3,"Diptera"
"6_Marini_UNIPD03 D35_2020",1.425,6,23.75,"Random",3,"Diptera"
"6_Marini_UNIPD03 D5_2020",1.783,7,25.4714285714286,"Random",3,"Diptera"
"6_Marini_UNIPD03 D8_2020",1.536,5,30.72,"Random",3,"Diptera"
"6_Marini_UNIPD03 E14_2020",3.93,13,30.2307692307692,"Random",3,"Diptera"
"6_Marini_UNIPD03 E19_2020",3.462,12,28.85,"Random",3,"Diptera"
"6_Marini_UNIPD03 E25_2020",2.944,11,26.7636363636364,"Random",3,"Diptera"
"6_Marini_UNIPD03 E26_2020",5.732,15,38.2133333333333,"Random",3,"Diptera"
"6_Marini_UNIPD03 E31_2020",2.67,6,44.5,"Random",3,"Diptera"
"6_Marini_UNIPD03 E32_2020",2.748,6,45.8,"Random",3,"Diptera"
"6_Marini_UNIPD03 E33_2020",3.424,10,34.24,"Random",3,"Diptera"
"6_Marini_UNIPD03 E35_2020",3.357,11,30.5181818181818,"Random",3,"Diptera"
"6_Marini_UNIPD03 E36_2020",4.035,10,40.35,"Random",3,"Diptera"
"7_Scheper_Chize_10_Field_boundary_2015",0.309,3,10.3,"Random",3,"Diptera"
"7_Scheper_Chize_12_Field_boundary_2015",0.559,4,13.975,"Random",3,"Diptera"
"7_Scheper_Chize_14_Field_boundary_2015",0.092,4,2.3,"Random",3,"Diptera"
"7_Scheper_Chize_19_Field_boundary_2015",0.617,2,30.85,"Random",3,"Diptera"
"7_Scheper_Chize_1_Field_boundary_2015",0.796,4,19.9,"Random",3,"Diptera"
"7_Scheper_Chize_1_Grassland_2015",0.886,2,44.3,"Random",3,"Diptera"
"7_Scheper_Chize_25_Field_boundary_2015",0.38,7,5.42857142857143,"Random",3,"Diptera"
"7_Scheper_Chize_4_Field_boundary_2015",0.679,4,16.975,"Random",3,"Diptera"
"7_Scheper_Chize_5_Field_boundary_2015",0.848,5,16.96,"Random",3,"Diptera"
"7_Scheper_Chize_6_Field_boundary_2015",0.738,8,9.225,"Random",3,"Diptera"
"11_Clough_ASK_2021_2021",1,2,50,"Abundance",10,"Coleoptera"
"11_Clough_HAM_2021_2021",3,3,100,"Abundance",10,"Coleoptera"
"11_Clough_KOM_2021_2021",2,3,66.6666666666667,"Abundance",10,"Coleoptera"
"11_Clough_LOB_2021_2021",4,5,80,"Abundance",10,"Coleoptera"
"11_Clough_PET_2021_2021",2,3,66.6666666666667,"Abundance",10,"Coleoptera"
"11_Clough_TAG_2021_2021",2,3,66.6666666666667,"Abundance",10,"Coleoptera"
"20_Hoiss_H7_2010",1,1,100,"Abundance",10,"Coleoptera"
"2_Petanidou_Armolia_2015",11,14,78.5714285714286,"Abundance",10,"Coleoptera"
"2_Petanidou_Emborios_2015",10,10,100,"Abundance",10,"Coleoptera"
"2_Petanidou_Gridia_2015",8,10,80,"Abundance",10,"Coleoptera"
"2_Petanidou_Kato Fana_2015",6,9,66.6666666666667,"Abundance",10,"Coleoptera"
"2_Petanidou_Palios Katarraktis_2015",9,10,90,"Abundance",10,"Coleoptera"
"2_Petanidou_Vessa 2_2015",9,16,56.25,"Abundance",10,"Coleoptera"
"50_Hervias-Parejo_Cala Tirant_2021",8,11,72.7272727272727,"Abundance",10,"Coleoptera"
"50_Hervias-Parejo_Llucalari_2021",7,9,77.7777777777778,"Abundance",10,"Coleoptera"
"50_Hervias-Parejo_Sa Bassa_2021",13,15,86.6666666666667,"Abundance",10,"Coleoptera"
"50_Hervias-Parejo_Salinas_2021",13,24,54.1666666666667,"Abundance",10,"Coleoptera"
"50_Hervias-Parejo_Torre Fornells_2021",6,9,66.6666666666667,"Abundance",10,"Coleoptera"
"50_Hervias-Parejo_coast Son Bou_2021",7,10,70,"Abundance",10,"Coleoptera"
"51_Petanidou_Pyrgos_2013",5,6,83.3333333333333,"Abundance",10,"Coleoptera"
"51_Petanidou_Sigri 3_2012",4,4,100,"Abundance",10,"Coleoptera"
"54_Lazaro_AloeVera_2018_2018",27,28,96.4285714285714,"Abundance",10,"Coleoptera"
"54_Lazaro_SonBaco_2018_2018",19,21,90.4761904761905,"Abundance",10,"Coleoptera"
"54_Lazaro_SonMutNou_2018_2018",20,20,100,"Abundance",10,"Coleoptera"
"54_Lazaro_UIB_2018_2018",12,25,48,"Abundance",10,"Coleoptera"
"11_Clough_HAM_2021_2021",2,3,66.6666666666667,"Abundance",5,"Coleoptera"
"11_Clough_KOM_2021_2021",1,3,33.3333333333333,"Abundance",5,"Coleoptera"
"11_Clough_LOB_2021_2021",4,5,80,"Abundance",5,"Coleoptera"
"11_Clough_PET_2021_2021",1,3,33.3333333333333,"Abundance",5,"Coleoptera"
"11_Clough_TAG_2021_2021",1,3,33.3333333333333,"Abundance",5,"Coleoptera"
"20_Hoiss_H7_2010",1,1,100,"Abundance",5,"Coleoptera"
"2_Petanidou_Armolia_2015",6,14,42.8571428571429,"Abundance",5,"Coleoptera"
"2_Petanidou_Emborios_2015",7,10,70,"Abundance",5,"Coleoptera"
"2_Petanidou_Gridia_2015",8,10,80,"Abundance",5,"Coleoptera"
"2_Petanidou_Kato Fana_2015",6,9,66.6666666666667,"Abundance",5,"Coleoptera"
"2_Petanidou_Palios Katarraktis_2015",5,10,50,"Abundance",5,"Coleoptera"
"2_Petanidou_Vessa 2_2015",8,16,50,"Abundance",5,"Coleoptera"
"50_Hervias-Parejo_Cala Tirant_2021",5,11,45.4545454545455,"Abundance",5,"Coleoptera"
"50_Hervias-Parejo_Llucalari_2021",3,9,33.3333333333333,"Abundance",5,"Coleoptera"
"50_Hervias-Parejo_Sa Bassa_2021",11,15,73.3333333333333,"Abundance",5,"Coleoptera"
"50_Hervias-Parejo_Salinas_2021",3,24,12.5,"Abundance",5,"Coleoptera"
"50_Hervias-Parejo_Torre Fornells_2021",5,9,55.5555555555556,"Abundance",5,"Coleoptera"
"50_Hervias-Parejo_coast Son Bou_2021",5,10,50,"Abundance",5,"Coleoptera"
"51_Petanidou_Pyrgos_2013",5,6,83.3333333333333,"Abundance",5,"Coleoptera"
"51_Petanidou_Sigri 3_2012",3,4,75,"Abundance",5,"Coleoptera"
"54_Lazaro_AloeVera_2018_2018",15,28,53.5714285714286,"Abundance",5,"Coleoptera"
"54_Lazaro_SonBaco_2018_2018",19,21,90.4761904761905,"Abundance",5,"Coleoptera"
"54_Lazaro_SonMutNou_2018_2018",17,20,85,"Abundance",5,"Coleoptera"
"54_Lazaro_UIB_2018_2018",2,25,8,"Abundance",5,"Coleoptera"
"11_Clough_HAM_2021_2021",2,3,66.6666666666667,"Abundance",3,"Coleoptera"
"11_Clough_LOB_2021_2021",4,5,80,"Abundance",3,"Coleoptera"
"11_Clough_PET_2021_2021",1,3,33.3333333333333,"Abundance",3,"Coleoptera"
"20_Hoiss_H7_2010",1,1,100,"Abundance",3,"Coleoptera"
"2_Petanidou_Armolia_2015",6,14,42.8571428571429,"Abundance",3,"Coleoptera"
"2_Petanidou_Emborios_2015",4,10,40,"Abundance",3,"Coleoptera"
"2_Petanidou_Gridia_2015",7,10,70,"Abundance",3,"Coleoptera"
"2_Petanidou_Kato Fana_2015",5,9,55.5555555555556,"Abundance",3,"Coleoptera"
"2_Petanidou_Palios Katarraktis_2015",5,10,50,"Abundance",3,"Coleoptera"
"2_Petanidou_Vessa 2_2015",5,16,31.25,"Abundance",3,"Coleoptera"
"50_Hervias-Parejo_Cala Tirant_2021",1,11,9.09090909090909,"Abundance",3,"Coleoptera"
"50_Hervias-Parejo_Llucalari_2021",1,9,11.1111111111111,"Abundance",3,"Coleoptera"
"50_Hervias-Parejo_Sa Bassa_2021",4,15,26.6666666666667,"Abundance",3,"Coleoptera"
"50_Hervias-Parejo_Salinas_2021",2,24,8.33333333333333,"Abundance",3,"Coleoptera"
"50_Hervias-Parejo_Torre Fornells_2021",2,9,22.2222222222222,"Abundance",3,"Coleoptera"
"50_Hervias-Parejo_coast Son Bou_2021",5,10,50,"Abundance",3,"Coleoptera"
"51_Petanidou_Pyrgos_2013",1,6,16.6666666666667,"Abundance",3,"Coleoptera"
"51_Petanidou_Sigri 3_2012",3,4,75,"Abundance",3,"Coleoptera"
"54_Lazaro_AloeVera_2018_2018",2,28,7.14285714285714,"Abundance",3,"Coleoptera"
"54_Lazaro_SonBaco_2018_2018",18,21,85.7142857142857,"Abundance",3,"Coleoptera"
"54_Lazaro_SonMutNou_2018_2018",16,20,80,"Abundance",3,"Coleoptera"
"54_Lazaro_UIB_2018_2018",1,25,4,"Abundance",3,"Coleoptera"
"11_Clough_HAM_2021_2021",3,3,100,"Flower shape",5,"Coleoptera"
"11_Clough_KOM_2021_2021",1,3,33.3333333333333,"Flower shape",5,"Coleoptera"
"11_Clough_LOB_2021_2021",2,5,40,"Flower shape",5,"Coleoptera"
"11_Clough_PET_2021_2021",1,3,33.3333333333333,"Flower shape",5,"Coleoptera"
"11_Clough_TAG_2021_2021",2,3,66.6666666666667,"Flower shape",5,"Coleoptera"
"20_Hoiss_H7_2010",1,1,100,"Flower shape",5,"Coleoptera"
"2_Petanidou_Armolia_2015",8,14,57.1428571428571,"Flower shape",5,"Coleoptera"
"2_Petanidou_Emborios_2015",6,10,60,"Flower shape",5,"Coleoptera"
"2_Petanidou_Gridia_2015",4,10,40,"Flower shape",5,"Coleoptera"
"2_Petanidou_Kato Fana_2015",5,9,55.5555555555556,"Flower shape",5,"Coleoptera"
"2_Petanidou_Palios Katarraktis_2015",9,10,90,"Flower shape",5,"Coleoptera"
"2_Petanidou_Vessa 2_2015",4,16,25,"Flower shape",5,"Coleoptera"
"50_Hervias-Parejo_Cala Tirant_2021",5,11,45.4545454545455,"Flower shape",5,"Coleoptera"
"50_Hervias-Parejo_Llucalari_2021",3,9,33.3333333333333,"Flower shape",5,"Coleoptera"
"50_Hervias-Parejo_Sa Bassa_2021",6,15,40,"Flower shape",5,"Coleoptera"
"50_Hervias-Parejo_Salinas_2021",4,24,16.6666666666667,"Flower shape",5,"Coleoptera"
"50_Hervias-Parejo_Torre Fornells_2021",4,9,44.4444444444444,"Flower shape",5,"Coleoptera"
"50_Hervias-Parejo_coast Son Bou_2021",5,10,50,"Flower shape",5,"Coleoptera"
"51_Petanidou_Pyrgos_2013",1,6,16.6666666666667,"Flower shape",5,"Coleoptera"
"51_Petanidou_Sigri 3_2012",3,4,75,"Flower shape",5,"Coleoptera"
"54_Lazaro_AloeVera_2018_2018",3,28,10.7142857142857,"Flower shape",5,"Coleoptera"
"54_Lazaro_SonBaco_2018_2018",18,21,85.7142857142857,"Flower shape",5,"Coleoptera"
"54_Lazaro_SonMutNou_2018_2018",16,20,80,"Flower shape",5,"Coleoptera"
"54_Lazaro_UIB_2018_2018",3,25,12,"Flower shape",5,"Coleoptera"
"11_Clough_HAM_2021_2021",2,3,66.6666666666667,"Flower shape",3,"Coleoptera"
"11_Clough_LOB_2021_2021",2,5,40,"Flower shape",3,"Coleoptera"
"11_Clough_PET_2021_2021",1,3,33.3333333333333,"Flower shape",3,"Coleoptera"
"20_Hoiss_H7_2010",1,1,100,"Flower shape",3,"Coleoptera"
"2_Petanidou_Armolia_2015",8,14,57.1428571428571,"Flower shape",3,"Coleoptera"
"2_Petanidou_Emborios_2015",6,10,60,"Flower shape",3,"Coleoptera"
"2_Petanidou_Gridia_2015",1,10,10,"Flower shape",3,"Coleoptera"
"2_Petanidou_Kato Fana_2015",5,9,55.5555555555556,"Flower shape",3,"Coleoptera"
"2_Petanidou_Palios Katarraktis_2015",8,10,80,"Flower shape",3,"Coleoptera"
"2_Petanidou_Vessa 2_2015",3,16,18.75,"Flower shape",3,"Coleoptera"
"50_Hervias-Parejo_Cala Tirant_2021",2,11,18.1818181818182,"Flower shape",3,"Coleoptera"
"50_Hervias-Parejo_Llucalari_2021",1,9,11.1111111111111,"Flower shape",3,"Coleoptera"
"50_Hervias-Parejo_Sa Bassa_2021",4,15,26.6666666666667,"Flower shape",3,"Coleoptera"
"50_Hervias-Parejo_Salinas_2021",1,24,4.16666666666667,"Flower shape",3,"Coleoptera"
"50_Hervias-Parejo_Torre Fornells_2021",4,9,44.4444444444444,"Flower shape",3,"Coleoptera"
"50_Hervias-Parejo_coast Son Bou_2021",5,10,50,"Flower shape",3,"Coleoptera"
"51_Petanidou_Pyrgos_2013",1,6,16.6666666666667,"Flower shape",3,"Coleoptera"
"51_Petanidou_Sigri 3_2012",3,4,75,"Flower shape",3,"Coleoptera"
"54_Lazaro_AloeVera_2018_2018",3,28,10.7142857142857,"Flower shape",3,"Coleoptera"
"54_Lazaro_SonBaco_2018_2018",18,21,85.7142857142857,"Flower shape",3,"Coleoptera"
"54_Lazaro_SonMutNou_2018_2018",16,20,80,"Flower shape",3,"Coleoptera"
"54_Lazaro_UIB_2018_2018",1,25,4,"Flower shape",3,"Coleoptera"
"11_Clough_ASK_2021_2021",2,2,100,"Phylogenetic",10,"Coleoptera"
"11_Clough_HAM_2021_2021",1,3,33.3333333333333,"Phylogenetic",10,"Coleoptera"
"11_Clough_KOM_2021_2021",2,3,66.6666666666667,"Phylogenetic",10,"Coleoptera"
"11_Clough_LOB_2021_2021",5,5,100,"Phylogenetic",10,"Coleoptera"
"11_Clough_PET_2021_2021",0,3,0,"Phylogenetic",10,"Coleoptera"
"11_Clough_TAG_2021_2021",1,3,33.3333333333333,"Phylogenetic",10,"Coleoptera"
"20_Hoiss_H7_2010",0,1,0,"Phylogenetic",10,"Coleoptera"
"20_Hoiss_T4_2010",0,1,0,"Phylogenetic",10,"Coleoptera"
"2_Petanidou_Armolia_2015",1,14,7.14285714285714,"Phylogenetic",10,"Coleoptera"
"2_Petanidou_Emborios_2015",8,10,80,"Phylogenetic",10,"Coleoptera"
"2_Petanidou_Gridia_2015",7,10,70,"Phylogenetic",10,"Coleoptera"
"2_Petanidou_Kato Fana_2015",7,9,77.7777777777778,"Phylogenetic",10,"Coleoptera"
"2_Petanidou_Palios Katarraktis_2015",1,10,10,"Phylogenetic",10,"Coleoptera"
"2_Petanidou_Vessa 2_2015",10,16,62.5,"Phylogenetic",10,"Coleoptera"
"50_Hervias-Parejo_Cala Tirant_2021",8,11,72.7272727272727,"Phylogenetic",10,"Coleoptera"
"50_Hervias-Parejo_Sa Bassa_2021",11,15,73.3333333333333,"Phylogenetic",10,"Coleoptera"
"50_Hervias-Parejo_Salinas_2021",14,24,58.3333333333333,"Phylogenetic",10,"Coleoptera"
"50_Hervias-Parejo_Torre Fornells_2021",7,9,77.7777777777778,"Phylogenetic",10,"Coleoptera"
"51_Petanidou_Pyrgos_2013",1,6,16.6666666666667,"Phylogenetic",10,"Coleoptera"
"51_Petanidou_Sigri 3_2012",0,4,0,"Phylogenetic",10,"Coleoptera"
"54_Lazaro_UIB_2018_2018",22,25,88,"Phylogenetic",10,"Coleoptera"
"11_Clough_ASK_2021_2021",1,2,50,"Phylogenetic",5,"Coleoptera"
"11_Clough_HAM_2021_2021",0,3,0,"Phylogenetic",5,"Coleoptera"
"11_Clough_KOM_2021_2021",1,3,33.3333333333333,"Phylogenetic",5,"Coleoptera"
"11_Clough_LOB_2021_2021",4,5,80,"Phylogenetic",5,"Coleoptera"
"11_Clough_PET_2021_2021",0,3,0,"Phylogenetic",5,"Coleoptera"
"11_Clough_TAG_2021_2021",1,3,33.3333333333333,"Phylogenetic",5,"Coleoptera"
"20_Hoiss_H7_2010",0,1,0,"Phylogenetic",5,"Coleoptera"
"20_Hoiss_T4_2010",0,1,0,"Phylogenetic",5,"Coleoptera"
"2_Petanidou_Armolia_2015",1,14,7.14285714285714,"Phylogenetic",5,"Coleoptera"
"2_Petanidou_Emborios_2015",8,10,80,"Phylogenetic",5,"Coleoptera"
"2_Petanidou_Gridia_2015",3,10,30,"Phylogenetic",5,"Coleoptera"
"2_Petanidou_Kato Fana_2015",4,9,44.4444444444444,"Phylogenetic",5,"Coleoptera"
"2_Petanidou_Palios Katarraktis_2015",3,10,30,"Phylogenetic",5,"Coleoptera"
"2_Petanidou_Vessa 2_2015",5,16,31.25,"Phylogenetic",5,"Coleoptera"
"50_Hervias-Parejo_Cala Tirant_2021",1,11,9.09090909090909,"Phylogenetic",5,"Coleoptera"
"50_Hervias-Parejo_Llucalari_2021",4,9,44.4444444444444,"Phylogenetic",5,"Coleoptera"
"50_Hervias-Parejo_Sa Bassa_2021",6,15,40,"Phylogenetic",5,"Coleoptera"
"50_Hervias-Parejo_Salinas_2021",6,24,25,"Phylogenetic",5,"Coleoptera"
"50_Hervias-Parejo_Torre Fornells_2021",2,9,22.2222222222222,"Phylogenetic",5,"Coleoptera"
"50_Hervias-Parejo_coast Son Bou_2021",3,10,30,"Phylogenetic",5,"Coleoptera"
"51_Petanidou_Pyrgos_2013",1,6,16.6666666666667,"Phylogenetic",5,"Coleoptera"
"51_Petanidou_Sigri 3_2012",0,4,0,"Phylogenetic",5,"Coleoptera"
"54_Lazaro_AloeVera_2018_2018",22,28,78.5714285714286,"Phylogenetic",5,"Coleoptera"
"54_Lazaro_SonBaco_2018_2018",4,21,19.047619047619,"Phylogenetic",5,"Coleoptera"
"54_Lazaro_SonMutNou_2018_2018",3,20,15,"Phylogenetic",5,"Coleoptera"
"54_Lazaro_UIB_2018_2018",2,25,8,"Phylogenetic",5,"Coleoptera"
"11_Clough_ASK_2021_2021",1,2,50,"Phylogenetic",3,"Coleoptera"
"11_Clough_HAM_2021_2021",0,3,0,"Phylogenetic",3,"Coleoptera"
"11_Clough_KOM_2021_2021",1,3,33.3333333333333,"Phylogenetic",3,"Coleoptera"
"11_Clough_LOB_2021_2021",3,5,60,"Phylogenetic",3,"Coleoptera"
"11_Clough_PET_2021_2021",0,3,0,"Phylogenetic",3,"Coleoptera"
"11_Clough_TAG_2021_2021",0,3,0,"Phylogenetic",3,"Coleoptera"
"20_Hoiss_H7_2010",0,1,0,"Phylogenetic",3,"Coleoptera"
"20_Hoiss_T4_2010",0,1,0,"Phylogenetic",3,"Coleoptera"
"2_Petanidou_Armolia_2015",1,14,7.14285714285714,"Phylogenetic",3,"Coleoptera"
"2_Petanidou_Emborios_2015",5,10,50,"Phylogenetic",3,"Coleoptera"
"2_Petanidou_Gridia_2015",0,10,0,"Phylogenetic",3,"Coleoptera"
"2_Petanidou_Kato Fana_2015",4,9,44.4444444444444,"Phylogenetic",3,"Coleoptera"
"2_Petanidou_Palios Katarraktis_2015",1,10,10,"Phylogenetic",3,"Coleoptera"
"2_Petanidou_Vessa 2_2015",6,16,37.5,"Phylogenetic",3,"Coleoptera"
"50_Hervias-Parejo_Cala Tirant_2021",0,11,0,"Phylogenetic",3,"Coleoptera"
"50_Hervias-Parejo_Llucalari_2021",2,9,22.2222222222222,"Phylogenetic",3,"Coleoptera"
"50_Hervias-Parejo_Sa Bassa_2021",3,15,20,"Phylogenetic",3,"Coleoptera"
"50_Hervias-Parejo_Salinas_2021",10,24,41.6666666666667,"Phylogenetic",3,"Coleoptera"
"50_Hervias-Parejo_Torre Fornells_2021",3,9,33.3333333333333,"Phylogenetic",3,"Coleoptera"
"50_Hervias-Parejo_coast Son Bou_2021",3,10,30,"Phylogenetic",3,"Coleoptera"
"51_Petanidou_Pyrgos_2013",1,6,16.6666666666667,"Phylogenetic",3,"Coleoptera"
"51_Petanidou_Sigri 3_2012",0,4,0,"Phylogenetic",3,"Coleoptera"
"54_Lazaro_AloeVera_2018_2018",22,28,78.5714285714286,"Phylogenetic",3,"Coleoptera"
"54_Lazaro_SonBaco_2018_2018",2,21,9.52380952380952,"Phylogenetic",3,"Coleoptera"
"54_Lazaro_SonMutNou_2018_2018",2,20,10,"Phylogenetic",3,"Coleoptera"
"54_Lazaro_UIB_2018_2018",2,25,8,"Phylogenetic",3,"Coleoptera"
"11_Clough_ASK_2021_2021",1.257,2,62.85,"Random",10,"Coleoptera"
"11_Clough_HAM_2021_2021",1.647,3,54.9,"Random",10,"Coleoptera"
"11_Clough_KOM_2021_2021",1.77,3,59,"Random",10,"Coleoptera"
"11_Clough_LOB_2021_2021",2.723,5,54.46,"Random",10,"Coleoptera"
"11_Clough_PET_2021_2021",1.009,3,33.6333333333333,"Random",10,"Coleoptera"
"11_Clough_TAG_2021_2021",1.267,3,42.2333333333333,"Random",10,"Coleoptera"
"20_Hoiss_H7_2010",0.328,1,32.8,"Random",10,"Coleoptera"
"20_Hoiss_T4_2010",0.309,1,30.9,"Random",10,"Coleoptera"
"2_Petanidou_Armolia_2015",5.056,14,36.1142857142857,"Random",10,"Coleoptera"
"2_Petanidou_Emborios_2015",6.204,10,62.04,"Random",10,"Coleoptera"
"2_Petanidou_Gridia_2015",4.654,10,46.54,"Random",10,"Coleoptera"
"2_Petanidou_Kato Fana_2015",5.788,9,64.3111111111111,"Random",10,"Coleoptera"
"2_Petanidou_Palios Katarraktis_2015",4.03,10,40.3,"Random",10,"Coleoptera"
"2_Petanidou_Vessa 2_2015",6.658,16,41.6125,"Random",10,"Coleoptera"
"50_Hervias-Parejo_Cala Tirant_2021",8.033,11,73.0272727272727,"Random",10,"Coleoptera"
"50_Hervias-Parejo_Llucalari_2021",8.525,9,94.7222222222222,"Random",10,"Coleoptera"
"50_Hervias-Parejo_Sa Bassa_2021",12.122,15,80.8133333333333,"Random",10,"Coleoptera"
"50_Hervias-Parejo_Salinas_2021",12.976,24,54.0666666666667,"Random",10,"Coleoptera"
"50_Hervias-Parejo_Torre Fornells_2021",4.619,9,51.3222222222222,"Random",10,"Coleoptera"
"50_Hervias-Parejo_coast Son Bou_2021",7,10,70,"Random",10,"Coleoptera"
"51_Petanidou_Pyrgos_2013",3.347,6,55.7833333333333,"Random",10,"Coleoptera"
"51_Petanidou_Sigri 3_2012",2.057,4,51.425,"Random",10,"Coleoptera"
"54_Lazaro_AloeVera_2018_2018",25.549,28,91.2464285714286,"Random",10,"Coleoptera"
"54_Lazaro_SonBaco_2018_2018",16.679,21,79.4238095238095,"Random",10,"Coleoptera"
"54_Lazaro_SonMutNou_2018_2018",17.684,20,88.42,"Random",10,"Coleoptera"
"54_Lazaro_UIB_2018_2018",17.558,25,70.232,"Random",10,"Coleoptera"
"11_Clough_ASK_2021_2021",0.628,2,31.4,"Random",5,"Coleoptera"
"11_Clough_HAM_2021_2021",0.962,3,32.0666666666667,"Random",5,"Coleoptera"
"11_Clough_KOM_2021_2021",1.013,3,33.7666666666667,"Random",5,"Coleoptera"
"11_Clough_LOB_2021_2021",1.542,5,30.84,"Random",5,"Coleoptera"
"11_Clough_PET_2021_2021",0.518,3,17.2666666666667,"Random",5,"Coleoptera"
"11_Clough_TAG_2021_2021",0.677,3,22.5666666666667,"Random",5,"Coleoptera"
"20_Hoiss_H7_2010",0.17,1,17,"Random",5,"Coleoptera"
"20_Hoiss_T4_2010",0.148,1,14.8,"Random",5,"Coleoptera"
"2_Petanidou_Armolia_2015",2.992,14,21.3714285714286,"Random",5,"Coleoptera"
"2_Petanidou_Emborios_2015",3.77,10,37.7,"Random",5,"Coleoptera"
"2_Petanidou_Gridia_2015",2.888,10,28.88,"Random",5,"Coleoptera"
"2_Petanidou_Kato Fana_2015",3.876,9,43.0666666666667,"Random",5,"Coleoptera"
"2_Petanidou_Palios Katarraktis_2015",2.383,10,23.83,"Random",5,"Coleoptera"
"2_Petanidou_Vessa 2_2015",3.404,16,21.275,"Random",5,"Coleoptera"
"50_Hervias-Parejo_Cala Tirant_2021",5.047,11,45.8818181818182,"Random",5,"Coleoptera"
"50_Hervias-Parejo_Llucalari_2021",5.354,9,59.4888888888889,"Random",5,"Coleoptera"
"50_Hervias-Parejo_Sa Bassa_2021",8.017,15,53.4466666666667,"Random",5,"Coleoptera"
"50_Hervias-Parejo_Salinas_2021",8.319,24,34.6625,"Random",5,"Coleoptera"
"50_Hervias-Parejo_Torre Fornells_2021",2.686,9,29.8444444444444,"Random",5,"Coleoptera"
"50_Hervias-Parejo_coast Son Bou_2021",5.167,10,51.67,"Random",5,"Coleoptera"
"51_Petanidou_Pyrgos_2013",1.935,6,32.25,"Random",5,"Coleoptera"
"51_Petanidou_Sigri 3_2012",1.094,4,27.35,"Random",5,"Coleoptera"
"54_Lazaro_AloeVera_2018_2018",15.669,28,55.9607142857143,"Random",5,"Coleoptera"
"54_Lazaro_SonBaco_2018_2018",9.838,21,46.847619047619,"Random",5,"Coleoptera"
"54_Lazaro_SonMutNou_2018_2018",10.711,20,53.555,"Random",5,"Coleoptera"
"54_Lazaro_UIB_2018_2018",11.327,25,45.308,"Random",5,"Coleoptera"
"11_Clough_ASK_2021_2021",0.395,2,19.75,"Random",3,"Coleoptera"
"11_Clough_HAM_2021_2021",0.625,3,20.8333333333333,"Random",3,"Coleoptera"
"11_Clough_KOM_2021_2021",0.664,3,22.1333333333333,"Random",3,"Coleoptera"
"11_Clough_LOB_2021_2021",0.97,5,19.4,"Random",3,"Coleoptera"
"11_Clough_PET_2021_2021",0.33,3,11,"Random",3,"Coleoptera"
"11_Clough_TAG_2021_2021",0.389,3,12.9666666666667,"Random",3,"Coleoptera"
"20_Hoiss_H7_2010",0.106,1,10.6,"Random",3,"Coleoptera"
"20_Hoiss_T4_2010",0.106,1,10.6,"Random",3,"Coleoptera"
"2_Petanidou_Armolia_2015",1.969,14,14.0642857142857,"Random",3,"Coleoptera"
"2_Petanidou_Emborios_2015",2.595,10,25.95,"Random",3,"Coleoptera"
"2_Petanidou_Gridia_2015",1.857,10,18.57,"Random",3,"Coleoptera"
"2_Petanidou_Kato Fana_2015",2.583,9,28.7,"Random",3,"Coleoptera"
"2_Petanidou_Palios Katarraktis_2015",1.473,10,14.73,"Random",3,"Coleoptera"
"2_Petanidou_Vessa 2_2015",2.109,16,13.18125,"Random",3,"Coleoptera"
"50_Hervias-Parejo_Cala Tirant_2021",3.354,11,30.4909090909091,"Random",3,"Coleoptera"
"50_Hervias-Parejo_Llucalari_2021",3.396,9,37.7333333333333,"Random",3,"Coleoptera"
"50_Hervias-Parejo_Sa Bassa_2021",5.502,15,36.68,"Random",3,"Coleoptera"
"50_Hervias-Parejo_Salinas_2021",5.865,24,24.4375,"Random",3,"Coleoptera"
"50_Hervias-Parejo_Torre Fornells_2021",1.91,9,21.2222222222222,"Random",3,"Coleoptera"
"50_Hervias-Parejo_coast Son Bou_2021",3.939,10,39.39,"Random",3,"Coleoptera"
"51_Petanidou_Pyrgos_2013",1.231,6,20.5166666666667,"Random",3,"Coleoptera"
"51_Petanidou_Sigri 3_2012",0.724,4,18.1,"Random",3,"Coleoptera"
"54_Lazaro_AloeVera_2018_2018",10.487,28,37.4535714285714,"Random",3,"Coleoptera"
"54_Lazaro_SonBaco_2018_2018",6.295,21,29.9761904761905,"Random",3,"Coleoptera"
"54_Lazaro_SonMutNou_2018_2018",7.108,20,35.54,"Random",3,"Coleoptera"
"54_Lazaro_UIB_2018_2018",7.997,25,31.988,"Random",3,"Coleoptera"
"11_Clough_HAM_2021_2021",3,3,100,"Abundance",10,"Lepidoptera"
"11_Clough_KOM_2021_2021",1,3,33.3333333333333,"Abundance",10,"Lepidoptera"
"11_Clough_LOB_2021_2021",1,1,100,"Abundance",10,"Lepidoptera"
"11_Clough_TAG_2021_2021",1,3,33.3333333333333,"Abundance",10,"Lepidoptera"
"20_Hoiss_H5_2010",5,6,83.3333333333333,"Abundance",10,"Lepidoptera"
"20_Hoiss_H6_2010",2,4,50,"Abundance",10,"Lepidoptera"
"20_Hoiss_H7_2010",1,1,100,"Abundance",10,"Lepidoptera"
"20_Hoiss_HO1_2010",6,6,100,"Abundance",10,"Lepidoptera"
"20_Hoiss_T4_2010",2,5,40,"Abundance",10,"Lepidoptera"
"28_Sutter_10_2013",1,1,100,"Abundance",10,"Lepidoptera"
"28_Sutter_11_2013",1,1,100,"Abundance",10,"Lepidoptera"
"28_Sutter_13_2013",1,1,100,"Abundance",10,"Lepidoptera"
"28_Sutter_13_2014",1,1,100,"Abundance",10,"Lepidoptera"
"28_Sutter_14_2013",1,1,100,"Abundance",10,"Lepidoptera"
"28_Sutter_17_2013",1,1,100,"Abundance",10,"Lepidoptera"
"28_Sutter_19_2013",1,1,100,"Abundance",10,"Lepidoptera"
"28_Sutter_20_2013",1,1,100,"Abundance",10,"Lepidoptera"
"28_Sutter_21_2013",1,1,100,"Abundance",10,"Lepidoptera"
"28_Sutter_2_2013",1,1,100,"Abundance",10,"Lepidoptera"
"28_Sutter_3_2013",1,1,100,"Abundance",10,"Lepidoptera"
"28_Sutter_5_2013",1,1,100,"Abundance",10,"Lepidoptera"
"28_Sutter_8_2013",1,1,100,"Abundance",10,"Lepidoptera"
"2_Petanidou_Armolia_2015",2,2,100,"Abundance",10,"Lepidoptera"
"2_Petanidou_Emborios_2015",3,4,75,"Abundance",10,"Lepidoptera"
"2_Petanidou_Kato Fana_2015",1,1,100,"Abundance",10,"Lepidoptera"
"2_Petanidou_Palios Katarraktis_2015",2,2,100,"Abundance",10,"Lepidoptera"
"2_Petanidou_Vessa 2_2015",1,1,100,"Abundance",10,"Lepidoptera"
"37_White_An",2,2,100,"Abundance",10,"Lepidoptera"
"37_White_Bl",4,5,80,"Abundance",10,"Lepidoptera"
"37_White_Bn",1,1,100,"Abundance",10,"Lepidoptera"
"37_White_CW",2,2,100,"Abundance",10,"Lepidoptera"
"37_White_Ce",2,2,100,"Abundance",10,"Lepidoptera"
"37_White_Cn",2,3,66.6666666666667,"Abundance",10,"Lepidoptera"
"37_White_ED",1,1,100,"Abundance",10,"Lepidoptera"
"37_White_Fs",2,2,100,"Abundance",10,"Lepidoptera"
"37_White_JK",1,1,100,"Abundance",10,"Lepidoptera"
"37_White_Kr",2,2,100,"Abundance",10,"Lepidoptera"
"37_White_ND",2,2,100,"Abundance",10,"Lepidoptera"
"37_White_NG",1,1,100,"Abundance",10,"Lepidoptera"
"37_White_Pn",1,1,100,"Abundance",10,"Lepidoptera"
"40_Knight_Ghe_ari_2017",24,27,88.8888888888889,"Abundance",10,"Lepidoptera"
"41_Knight_1 wooded meadow_2018",2,2,100,"Abundance",10,"Lepidoptera"
"41_Knight_2 alvar pasture_2018",4,4,100,"Abundance",10,"Lepidoptera"
"41_Knight_3 alvar pasture_2018",1,2,50,"Abundance",10,"Lepidoptera"
"41_Knight_4 wooded meadow_2018",5,6,83.3333333333333,"Abundance",10,"Lepidoptera"
"41_Knight_5 wooded meadow_2018",10,11,90.9090909090909,"Abundance",10,"Lepidoptera"
"41_Knight_6 alvar pasture_2018",3,4,75,"Abundance",10,"Lepidoptera"
"42_Knight_M1Restored_2019",7,7,100,"Abundance",10,"Lepidoptera"
"42_Knight_M2Natural_2019",10,10,100,"Abundance",10,"Lepidoptera"
"42_Knight_M3Natural_2019",4,5,80,"Abundance",10,"Lepidoptera"
"42_Knight_M4Restored_2019",5,7,71.4285714285714,"Abundance",10,"Lepidoptera"
"42_Knight_M5Restored_2019",9,9,100,"Abundance",10,"Lepidoptera"
"42_Knight_M6Natural_2019",4,6,66.6666666666667,"Abundance",10,"Lepidoptera"
"42_Knight_M8Restored_2019",2,3,66.6666666666667,"Abundance",10,"Lepidoptera"
"44_Knight_M11_2018",3,3,100,"Abundance",10,"Lepidoptera"
"44_Knight_M12_2018",3,6,50,"Abundance",10,"Lepidoptera"
"44_Knight_M15_2018",6,7,85.7142857142857,"Abundance",10,"Lepidoptera"
"44_Knight_M16_2018",4,4,100,"Abundance",10,"Lepidoptera"
"44_Knight_M17_2018",6,12,50,"Abundance",10,"Lepidoptera"
"44_Knight_M18_2018",3,3,100,"Abundance",10,"Lepidoptera"
"44_Knight_M1_2018",4,6,66.6666666666667,"Abundance",10,"Lepidoptera"
"44_Knight_M3_2018",4,6,66.6666666666667,"Abundance",10,"Lepidoptera"
"44_Knight_M4_2018",6,6,100,"Abundance",10,"Lepidoptera"
"44_Knight_M8_2018",6,8,75,"Abundance",10,"Lepidoptera"
"45_Knight_Hermanovice_meadow_2018",6,8,75,"Abundance",10,"Lepidoptera"
"45_Knight_HorniGrunt_meadow_2018",7,10,70,"Abundance",10,"Lepidoptera"
"45_Knight_Mnichov_meadow_2018",15,16,93.75,"Abundance",10,"Lepidoptera"
"46_Knight_Gora_Gipsowa_2018",5,12,41.6666666666667,"Abundance",10,"Lepidoptera"
"47_Benadi_1",19,33,57.5757575757576,"Abundance",10,"Lepidoptera"
"47_Benadi_2",11,20,55,"Abundance",10,"Lepidoptera"
"47_Benadi_3",13,13,100,"Abundance",10,"Lepidoptera"
"47_Benadi_4",10,13,76.9230769230769,"Abundance",10,"Lepidoptera"
"47_Benadi_5",14,22,63.6363636363636,"Abundance",10,"Lepidoptera"
"47_Benadi_6",12,16,75,"Abundance",10,"Lepidoptera"
"4_Marini_UNIPD01 A_2018",10,10,100,"Abundance",10,"Lepidoptera"
"4_Marini_UNIPD01 An_2018",2,2,100,"Abundance",10,"Lepidoptera"
"4_Marini_UNIPD01 B_2018",7,7,100,"Abundance",10,"Lepidoptera"
"4_Marini_UNIPD01 Bn_2018",5,8,62.5,"Abundance",10,"Lepidoptera"
"4_Marini_UNIPD01 C_2018",7,11,63.6363636363636,"Abundance",10,"Lepidoptera"
"4_Marini_UNIPD01 Cn_2018",1,7,14.2857142857143,"Abundance",10,"Lepidoptera"
"4_Marini_UNIPD01 E_2018",8,15,53.3333333333333,"Abundance",10,"Lepidoptera"
"4_Marini_UNIPD01 En_2018",6,9,66.6666666666667,"Abundance",10,"Lepidoptera"
"4_Marini_UNIPD01 F_2018",3,5,60,"Abundance",10,"Lepidoptera"
"4_Marini_UNIPD01 G_2018",9,9,100,"Abundance",10,"Lepidoptera"
"4_Marini_UNIPD01 Gn_2018",1,2,50,"Abundance",10,"Lepidoptera"
"4_Marini_UNIPD01 H_2018",6,14,42.8571428571429,"Abundance",10,"Lepidoptera"
"4_Marini_UNIPD01 Hn_2018",4,10,40,"Abundance",10,"Lepidoptera"
"4_Marini_UNIPD01 I_2018",15,18,83.3333333333333,"Abundance",10,"Lepidoptera"
"4_Marini_UNIPD01 In_2018",4,6,66.6666666666667,"Abundance",10,"Lepidoptera"
"50_Hervias-Parejo_Cala Tirant_2021",2,4,50,"Abundance",10,"Lepidoptera"
"50_Hervias-Parejo_Llucalari_2021",11,11,100,"Abundance",10,"Lepidoptera"
"50_Hervias-Parejo_Sa Bassa_2021",7,8,87.5,"Abundance",10,"Lepidoptera"
"50_Hervias-Parejo_Salinas_2021",1,13,7.69230769230769,"Abundance",10,"Lepidoptera"
"50_Hervias-Parejo_Torre Fornells_2021",4,4,100,"Abundance",10,"Lepidoptera"
"50_Hervias-Parejo_coast Son Bou_2021",2,5,40,"Abundance",10,"Lepidoptera"
"51_Petanidou_Pyrgos_2013",3,6,50,"Abundance",10,"Lepidoptera"
"51_Petanidou_Sigri 3_2012",4,4,100,"Abundance",10,"Lepidoptera"
"54_Lazaro_AloeVera_2018_2018",2,3,66.6666666666667,"Abundance",10,"Lepidoptera"
"54_Lazaro_SonBaco_2018_2018",1,1,100,"Abundance",10,"Lepidoptera"
"54_Lazaro_SonMutNou_2018_2018",2,2,100,"Abundance",10,"Lepidoptera"
"54_Lazaro_UIB_2018_2018",1,1,100,"Abundance",10,"Lepidoptera"
"5_Marini_UNIPD02 AA_2019",1,2,50,"Abundance",10,"Lepidoptera"
"5_Marini_UNIPD02 AB_2019",4,4,100,"Abundance",10,"Lepidoptera"
"5_Marini_UNIPD02 AC_2019",1,4,25,"Abundance",10,"Lepidoptera"
"5_Marini_UNIPD02 AE_2019",5,5,100,"Abundance",10,"Lepidoptera"
"5_Marini_UNIPD02 AF_2019",8,9,88.8888888888889,"Abundance",10,"Lepidoptera"
"5_Marini_UNIPD02 AG_2019",3,6,50,"Abundance",10,"Lepidoptera"
"5_Marini_UNIPD02 AH_2019",1,5,20,"Abundance",10,"Lepidoptera"
"5_Marini_UNIPD02 AI_2019",1,2,50,"Abundance",10,"Lepidoptera"
"5_Marini_UNIPD02 AJ_2019",4,4,100,"Abundance",10,"Lepidoptera"
"5_Marini_UNIPD02 AK_2019",6,7,85.7142857142857,"Abundance",10,"Lepidoptera"
"5_Marini_UNIPD02 AL_2019",2,5,40,"Abundance",10,"Lepidoptera"
"5_Marini_UNIPD02 AM_2019",4,5,80,"Abundance",10,"Lepidoptera"
"5_Marini_UNIPD02 AN_2019",1,1,100,"Abundance",10,"Lepidoptera"
"5_Marini_UNIPD02 AO_2019",2,3,66.6666666666667,"Abundance",10,"Lepidoptera"
"5_Marini_UNIPD02 AP_2019",2,2,100,"Abundance",10,"Lepidoptera"
"5_Marini_UNIPD02 AT_2019",3,3,100,"Abundance",10,"Lepidoptera"
"5_Marini_UNIPD02 AV_2019",4,4,100,"Abundance",10,"Lepidoptera"
"5_Marini_UNIPD02 A_2019",3,4,75,"Abundance",10,"Lepidoptera"
"5_Marini_UNIPD02 B_2019",2,3,66.6666666666667,"Abundance",10,"Lepidoptera"
"5_Marini_UNIPD02 C_2019",1,1,100,"Abundance",10,"Lepidoptera"
"5_Marini_UNIPD02 D_2019",3,3,100,"Abundance",10,"Lepidoptera"
"5_Marini_UNIPD02 E_2019",1,1,100,"Abundance",10,"Lepidoptera"
"5_Marini_UNIPD02 G_2019",5,6,83.3333333333333,"Abundance",10,"Lepidoptera"
"5_Marini_UNIPD02 H_2019",2,2,100,"Abundance",10,"Lepidoptera"
"5_Marini_UNIPD02 I_2019",8,8,100,"Abundance",10,"Lepidoptera"
"5_Marini_UNIPD02 K_2019",5,7,71.4285714285714,"Abundance",10,"Lepidoptera"
"5_Marini_UNIPD02 L_2019",3,3,100,"Abundance",10,"Lepidoptera"
"5_Marini_UNIPD02 M_2019",6,6,100,"Abundance",10,"Lepidoptera"
"5_Marini_UNIPD02 N_2019",1,2,50,"Abundance",10,"Lepidoptera"
"5_Marini_UNIPD02 O_2019",2,2,100,"Abundance",10,"Lepidoptera"
"5_Marini_UNIPD02 P_2019",1,4,25,"Abundance",10,"Lepidoptera"
"5_Marini_UNIPD02 S_2019",1,2,50,"Abundance",10,"Lepidoptera"
"5_Marini_UNIPD02 T_2019",3,3,100,"Abundance",10,"Lepidoptera"
"5_Marini_UNIPD02 U_2019",1,2,50,"Abundance",10,"Lepidoptera"
"5_Marini_UNIPD02 V_2019",4,4,100,"Abundance",10,"Lepidoptera"
"5_Marini_UNIPD02 W_2019",7,7,100,"Abundance",10,"Lepidoptera"
"5_Marini_UNIPD02 X_2019",1,2,50,"Abundance",10,"Lepidoptera"
"5_Marini_UNIPD02 Y_2019",9,11,81.8181818181818,"Abundance",10,"Lepidoptera"
"5_Marini_UNIPD02 Z_2019",5,5,100,"Abundance",10,"Lepidoptera"
"11_Clough_KOM_2021_2021",1,3,33.3333333333333,"Abundance",5,"Lepidoptera"
"11_Clough_LOB_2021_2021",1,1,100,"Abundance",5,"Lepidoptera"
"20_Hoiss_H5_2010",2,6,33.3333333333333,"Abundance",5,"Lepidoptera"
"20_Hoiss_T4_2010",2,5,40,"Abundance",5,"Lepidoptera"
"28_Sutter_10_2013",1,1,100,"Abundance",5,"Lepidoptera"
"28_Sutter_11_2013",1,1,100,"Abundance",5,"Lepidoptera"
"28_Sutter_13_2013",1,1,100,"Abundance",5,"Lepidoptera"
"28_Sutter_14_2013",1,1,100,"Abundance",5,"Lepidoptera"
"28_Sutter_17_2013",1,1,100,"Abundance",5,"Lepidoptera"
"28_Sutter_19_2013",1,1,100,"Abundance",5,"Lepidoptera"
"28_Sutter_21_2013",1,1,100,"Abundance",5,"Lepidoptera"
"28_Sutter_2_2013",1,1,100,"Abundance",5,"Lepidoptera"
"28_Sutter_3_2013",1,1,100,"Abundance",5,"Lepidoptera"
"28_Sutter_5_2013",1,1,100,"Abundance",5,"Lepidoptera"
"2_Petanidou_Armolia_2015",1,2,50,"Abundance",5,"Lepidoptera"
"2_Petanidou_Emborios_2015",3,4,75,"Abundance",5,"Lepidoptera"
"2_Petanidou_Kato Fana_2015",1,1,100,"Abundance",5,"Lepidoptera"
"2_Petanidou_Palios Katarraktis_2015",1,2,50,"Abundance",5,"Lepidoptera"
"2_Petanidou_Vessa 2_2015",1,1,100,"Abundance",5,"Lepidoptera"
"37_White_Bl",2,5,40,"Abundance",5,"Lepidoptera"
"37_White_CW",2,2,100,"Abundance",5,"Lepidoptera"
"37_White_Cn",2,3,66.6666666666667,"Abundance",5,"Lepidoptera"
"37_White_ED",1,1,100,"Abundance",5,"Lepidoptera"
"37_White_JK",1,1,100,"Abundance",5,"Lepidoptera"
"37_White_Kr",1,2,50,"Abundance",5,"Lepidoptera"
"37_White_ND",2,2,100,"Abundance",5,"Lepidoptera"
"37_White_Pn",1,1,100,"Abundance",5,"Lepidoptera"
"40_Knight_Ghe_ari_2017",21,27,77.7777777777778,"Abundance",5,"Lepidoptera"
"41_Knight_1 wooded meadow_2018",2,2,100,"Abundance",5,"Lepidoptera"
"41_Knight_2 alvar pasture_2018",4,4,100,"Abundance",5,"Lepidoptera"
"41_Knight_3 alvar pasture_2018",1,2,50,"Abundance",5,"Lepidoptera"
"41_Knight_4 wooded meadow_2018",5,6,83.3333333333333,"Abundance",5,"Lepidoptera"
"41_Knight_5 wooded meadow_2018",9,11,81.8181818181818,"Abundance",5,"Lepidoptera"
"41_Knight_6 alvar pasture_2018",3,4,75,"Abundance",5,"Lepidoptera"
"42_Knight_M1Restored_2019",5,7,71.4285714285714,"Abundance",5,"Lepidoptera"
"42_Knight_M2Natural_2019",10,10,100,"Abundance",5,"Lepidoptera"
"42_Knight_M3Natural_2019",3,5,60,"Abundance",5,"Lepidoptera"
"42_Knight_M4Restored_2019",3,7,42.8571428571429,"Abundance",5,"Lepidoptera"
"42_Knight_M5Restored_2019",9,9,100,"Abundance",5,"Lepidoptera"
"42_Knight_M6Natural_2019",4,6,66.6666666666667,"Abundance",5,"Lepidoptera"
"42_Knight_M8Restored_2019",1,3,33.3333333333333,"Abundance",5,"Lepidoptera"
"44_Knight_M11_2018",2,3,66.6666666666667,"Abundance",5,"Lepidoptera"
"44_Knight_M12_2018",3,6,50,"Abundance",5,"Lepidoptera"
"44_Knight_M15_2018",6,7,85.7142857142857,"Abundance",5,"Lepidoptera"
"44_Knight_M16_2018",3,4,75,"Abundance",5,"Lepidoptera"
"44_Knight_M17_2018",5,12,41.6666666666667,"Abundance",5,"Lepidoptera"
"44_Knight_M18_2018",2,3,66.6666666666667,"Abundance",5,"Lepidoptera"
"44_Knight_M1_2018",4,6,66.6666666666667,"Abundance",5,"Lepidoptera"
"44_Knight_M3_2018",2,6,33.3333333333333,"Abundance",5,"Lepidoptera"
"44_Knight_M4_2018",6,6,100,"Abundance",5,"Lepidoptera"
"44_Knight_M8_2018",6,8,75,"Abundance",5,"Lepidoptera"
"45_Knight_Hermanovice_meadow_2018",3,8,37.5,"Abundance",5,"Lepidoptera"
"45_Knight_HorniGrunt_meadow_2018",6,10,60,"Abundance",5,"Lepidoptera"
"45_Knight_Mnichov_meadow_2018",15,16,93.75,"Abundance",5,"Lepidoptera"
"46_Knight_Gora_Gipsowa_2018",1,12,8.33333333333333,"Abundance",5,"Lepidoptera"
"47_Benadi_1",18,33,54.5454545454545,"Abundance",5,"Lepidoptera"
"47_Benadi_2",9,20,45,"Abundance",5,"Lepidoptera"
"47_Benadi_3",5,13,38.4615384615385,"Abundance",5,"Lepidoptera"
"47_Benadi_4",5,13,38.4615384615385,"Abundance",5,"Lepidoptera"
"47_Benadi_5",5,22,22.7272727272727,"Abundance",5,"Lepidoptera"
"47_Benadi_6",9,16,56.25,"Abundance",5,"Lepidoptera"
"4_Marini_UNIPD01 A_2018",7,10,70,"Abundance",5,"Lepidoptera"
"4_Marini_UNIPD01 An_2018",2,2,100,"Abundance",5,"Lepidoptera"
"4_Marini_UNIPD01 B_2018",7,7,100,"Abundance",5,"Lepidoptera"
"4_Marini_UNIPD01 Bn_2018",3,8,37.5,"Abundance",5,"Lepidoptera"
"4_Marini_UNIPD01 C_2018",3,11,27.2727272727273,"Abundance",5,"Lepidoptera"
"4_Marini_UNIPD01 Cn_2018",1,7,14.2857142857143,"Abundance",5,"Lepidoptera"
"4_Marini_UNIPD01 E_2018",6,15,40,"Abundance",5,"Lepidoptera"
"4_Marini_UNIPD01 F_2018",3,5,60,"Abundance",5,"Lepidoptera"
"4_Marini_UNIPD01 G_2018",9,9,100,"Abundance",5,"Lepidoptera"
"4_Marini_UNIPD01 Gn_2018",1,2,50,"Abundance",5,"Lepidoptera"
"4_Marini_UNIPD01 H_2018",6,14,42.8571428571429,"Abundance",5,"Lepidoptera"
"4_Marini_UNIPD01 Hn_2018",3,10,30,"Abundance",5,"Lepidoptera"
"4_Marini_UNIPD01 I_2018",14,18,77.7777777777778,"Abundance",5,"Lepidoptera"
"4_Marini_UNIPD01 In_2018",2,6,33.3333333333333,"Abundance",5,"Lepidoptera"
"50_Hervias-Parejo_Cala Tirant_2021",1,4,25,"Abundance",5,"Lepidoptera"
"50_Hervias-Parejo_Llucalari_2021",4,11,36.3636363636364,"Abundance",5,"Lepidoptera"
"50_Hervias-Parejo_Sa Bassa_2021",2,8,25,"Abundance",5,"Lepidoptera"
"50_Hervias-Parejo_Torre Fornells_2021",2,4,50,"Abundance",5,"Lepidoptera"
"50_Hervias-Parejo_coast Son Bou_2021",2,5,40,"Abundance",5,"Lepidoptera"
"51_Petanidou_Pyrgos_2013",3,6,50,"Abundance",5,"Lepidoptera"
"51_Petanidou_Sigri 3_2012",2,4,50,"Abundance",5,"Lepidoptera"
"54_Lazaro_AloeVera_2018_2018",2,3,66.6666666666667,"Abundance",5,"Lepidoptera"
"54_Lazaro_SonBaco_2018_2018",1,1,100,"Abundance",5,"Lepidoptera"
"54_Lazaro_SonMutNou_2018_2018",1,2,50,"Abundance",5,"Lepidoptera"
"54_Lazaro_UIB_2018_2018",1,1,100,"Abundance",5,"Lepidoptera"
"5_Marini_UNIPD02 AA_2019",1,2,50,"Abundance",5,"Lepidoptera"
"5_Marini_UNIPD02 AB_2019",2,4,50,"Abundance",5,"Lepidoptera"
"5_Marini_UNIPD02 AE_2019",5,5,100,"Abundance",5,"Lepidoptera"
"5_Marini_UNIPD02 AF_2019",7,9,77.7777777777778,"Abundance",5,"Lepidoptera"
"5_Marini_UNIPD02 AG_2019",1,6,16.6666666666667,"Abundance",5,"Lepidoptera"
"5_Marini_UNIPD02 AI_2019",1,2,50,"Abundance",5,"Lepidoptera"
"5_Marini_UNIPD02 AJ_2019",3,4,75,"Abundance",5,"Lepidoptera"
"5_Marini_UNIPD02 AK_2019",5,7,71.4285714285714,"Abundance",5,"Lepidoptera"
"5_Marini_UNIPD02 AL_2019",1,5,20,"Abundance",5,"Lepidoptera"
"5_Marini_UNIPD02 AM_2019",4,5,80,"Abundance",5,"Lepidoptera"
"5_Marini_UNIPD02 AO_2019",2,3,66.6666666666667,"Abundance",5,"Lepidoptera"
"5_Marini_UNIPD02 AP_2019",2,2,100,"Abundance",5,"Lepidoptera"
"5_Marini_UNIPD02 AT_2019",2,3,66.6666666666667,"Abundance",5,"Lepidoptera"
"5_Marini_UNIPD02 AV_2019",3,4,75,"Abundance",5,"Lepidoptera"
"5_Marini_UNIPD02 A_2019",1,4,25,"Abundance",5,"Lepidoptera"
"5_Marini_UNIPD02 B_2019",2,3,66.6666666666667,"Abundance",5,"Lepidoptera"
"5_Marini_UNIPD02 C_2019",1,1,100,"Abundance",5,"Lepidoptera"
"5_Marini_UNIPD02 D_2019",2,3,66.6666666666667,"Abundance",5,"Lepidoptera"
"5_Marini_UNIPD02 G_2019",2,6,33.3333333333333,"Abundance",5,"Lepidoptera"
"5_Marini_UNIPD02 H_2019",1,2,50,"Abundance",5,"Lepidoptera"
"5_Marini_UNIPD02 I_2019",2,8,25,"Abundance",5,"Lepidoptera"
"5_Marini_UNIPD02 K_2019",4,7,57.1428571428571,"Abundance",5,"Lepidoptera"
"5_Marini_UNIPD02 L_2019",3,3,100,"Abundance",5,"Lepidoptera"
"5_Marini_UNIPD02 M_2019",4,6,66.6666666666667,"Abundance",5,"Lepidoptera"
"5_Marini_UNIPD02 N_2019",1,2,50,"Abundance",5,"Lepidoptera"
"5_Marini_UNIPD02 O_2019",2,2,100,"Abundance",5,"Lepidoptera"
"5_Marini_UNIPD02 P_2019",1,4,25,"Abundance",5,"Lepidoptera"
"5_Marini_UNIPD02 S_2019",1,2,50,"Abundance",5,"Lepidoptera"
"5_Marini_UNIPD02 T_2019",3,3,100,"Abundance",5,"Lepidoptera"
"5_Marini_UNIPD02 V_2019",1,4,25,"Abundance",5,"Lepidoptera"
"5_Marini_UNIPD02 W_2019",6,7,85.7142857142857,"Abundance",5,"Lepidoptera"
"5_Marini_UNIPD02 X_2019",1,2,50,"Abundance",5,"Lepidoptera"
"5_Marini_UNIPD02 Y_2019",8,11,72.7272727272727,"Abundance",5,"Lepidoptera"
"5_Marini_UNIPD02 Z_2019",4,5,80,"Abundance",5,"Lepidoptera"
"11_Clough_KOM_2021_2021",1,3,33.3333333333333,"Abundance",3,"Lepidoptera"
"11_Clough_LOB_2021_2021",1,1,100,"Abundance",3,"Lepidoptera"
"20_Hoiss_H5_2010",2,6,33.3333333333333,"Abundance",3,"Lepidoptera"
"20_Hoiss_T4_2010",2,5,40,"Abundance",3,"Lepidoptera"
"28_Sutter_10_2013",1,1,100,"Abundance",3,"Lepidoptera"
"28_Sutter_11_2013",1,1,100,"Abundance",3,"Lepidoptera"
"28_Sutter_13_2013",1,1,100,"Abundance",3,"Lepidoptera"
"28_Sutter_14_2013",1,1,100,"Abundance",3,"Lepidoptera"
"28_Sutter_19_2013",1,1,100,"Abundance",3,"Lepidoptera"
"28_Sutter_21_2013",1,1,100,"Abundance",3,"Lepidoptera"
"28_Sutter_2_2013",1,1,100,"Abundance",3,"Lepidoptera"
"28_Sutter_3_2013",1,1,100,"Abundance",3,"Lepidoptera"
"28_Sutter_5_2013",1,1,100,"Abundance",3,"Lepidoptera"
"2_Petanidou_Armolia_2015",1,2,50,"Abundance",3,"Lepidoptera"
"2_Petanidou_Emborios_2015",3,4,75,"Abundance",3,"Lepidoptera"
"2_Petanidou_Kato Fana_2015",1,1,100,"Abundance",3,"Lepidoptera"
"2_Petanidou_Palios Katarraktis_2015",1,2,50,"Abundance",3,"Lepidoptera"
"2_Petanidou_Vessa 2_2015",1,1,100,"Abundance",3,"Lepidoptera"
"37_White_Bl",2,5,40,"Abundance",3,"Lepidoptera"
"37_White_CW",1,2,50,"Abundance",3,"Lepidoptera"
"37_White_ED",1,1,100,"Abundance",3,"Lepidoptera"
"40_Knight_Ghe_ari_2017",21,27,77.7777777777778,"Abundance",3,"Lepidoptera"
"41_Knight_1 wooded meadow_2018",2,2,100,"Abundance",3,"Lepidoptera"
"41_Knight_2 alvar pasture_2018",2,4,50,"Abundance",3,"Lepidoptera"
"41_Knight_3 alvar pasture_2018",1,2,50,"Abundance",3,"Lepidoptera"
"41_Knight_4 wooded meadow_2018",5,6,83.3333333333333,"Abundance",3,"Lepidoptera"
"41_Knight_5 wooded meadow_2018",4,11,36.3636363636364,"Abundance",3,"Lepidoptera"
"41_Knight_6 alvar pasture_2018",2,4,50,"Abundance",3,"Lepidoptera"
"42_Knight_M1Restored_2019",5,7,71.4285714285714,"Abundance",3,"Lepidoptera"
"42_Knight_M2Natural_2019",2,10,20,"Abundance",3,"Lepidoptera"
"42_Knight_M3Natural_2019",3,5,60,"Abundance",3,"Lepidoptera"
"42_Knight_M4Restored_2019",2,7,28.5714285714286,"Abundance",3,"Lepidoptera"
"42_Knight_M5Restored_2019",6,9,66.6666666666667,"Abundance",3,"Lepidoptera"
"42_Knight_M6Natural_2019",4,6,66.6666666666667,"Abundance",3,"Lepidoptera"
"42_Knight_M8Restored_2019",1,3,33.3333333333333,"Abundance",3,"Lepidoptera"
"44_Knight_M11_2018",1,3,33.3333333333333,"Abundance",3,"Lepidoptera"
"44_Knight_M12_2018",3,6,50,"Abundance",3,"Lepidoptera"
"44_Knight_M15_2018",5,7,71.4285714285714,"Abundance",3,"Lepidoptera"
"44_Knight_M16_2018",3,4,75,"Abundance",3,"Lepidoptera"
"44_Knight_M17_2018",5,12,41.6666666666667,"Abundance",3,"Lepidoptera"
"44_Knight_M18_2018",2,3,66.6666666666667,"Abundance",3,"Lepidoptera"
"44_Knight_M1_2018",3,6,50,"Abundance",3,"Lepidoptera"
"44_Knight_M3_2018",2,6,33.3333333333333,"Abundance",3,"Lepidoptera"
"44_Knight_M4_2018",6,6,100,"Abundance",3,"Lepidoptera"
"44_Knight_M8_2018",6,8,75,"Abundance",3,"Lepidoptera"
"45_Knight_Hermanovice_meadow_2018",3,8,37.5,"Abundance",3,"Lepidoptera"
"45_Knight_HorniGrunt_meadow_2018",6,10,60,"Abundance",3,"Lepidoptera"
"45_Knight_Mnichov_meadow_2018",15,16,93.75,"Abundance",3,"Lepidoptera"
"46_Knight_Gora_Gipsowa_2018",1,12,8.33333333333333,"Abundance",3,"Lepidoptera"
"47_Benadi_1",16,33,48.4848484848485,"Abundance",3,"Lepidoptera"
"47_Benadi_2",4,20,20,"Abundance",3,"Lepidoptera"
"47_Benadi_3",3,13,23.0769230769231,"Abundance",3,"Lepidoptera"
"47_Benadi_4",1,13,7.69230769230769,"Abundance",3,"Lepidoptera"
"47_Benadi_5",4,22,18.1818181818182,"Abundance",3,"Lepidoptera"
"47_Benadi_6",8,16,50,"Abundance",3,"Lepidoptera"
"4_Marini_UNIPD01 A_2018",7,10,70,"Abundance",3,"Lepidoptera"
"4_Marini_UNIPD01 B_2018",6,7,85.7142857142857,"Abundance",3,"Lepidoptera"
"4_Marini_UNIPD01 Bn_2018",1,8,12.5,"Abundance",3,"Lepidoptera"
"4_Marini_UNIPD01 C_2018",2,11,18.1818181818182,"Abundance",3,"Lepidoptera"
"4_Marini_UNIPD01 E_2018",5,15,33.3333333333333,"Abundance",3,"Lepidoptera"
"4_Marini_UNIPD01 F_2018",2,5,40,"Abundance",3,"Lepidoptera"
"4_Marini_UNIPD01 G_2018",5,9,55.5555555555556,"Abundance",3,"Lepidoptera"
"4_Marini_UNIPD01 Gn_2018",1,2,50,"Abundance",3,"Lepidoptera"
"4_Marini_UNIPD01 H_2018",5,14,35.7142857142857,"Abundance",3,"Lepidoptera"
"4_Marini_UNIPD01 Hn_2018",1,10,10,"Abundance",3,"Lepidoptera"
"4_Marini_UNIPD01 I_2018",12,18,66.6666666666667,"Abundance",3,"Lepidoptera"
"4_Marini_UNIPD01 In_2018",1,6,16.6666666666667,"Abundance",3,"Lepidoptera"
"50_Hervias-Parejo_Cala Tirant_2021",1,4,25,"Abundance",3,"Lepidoptera"
"50_Hervias-Parejo_Llucalari_2021",4,11,36.3636363636364,"Abundance",3,"Lepidoptera"
"50_Hervias-Parejo_Sa Bassa_2021",1,8,12.5,"Abundance",3,"Lepidoptera"
"50_Hervias-Parejo_Torre Fornells_2021",2,4,50,"Abundance",3,"Lepidoptera"
"50_Hervias-Parejo_coast Son Bou_2021",2,5,40,"Abundance",3,"Lepidoptera"
"51_Petanidou_Pyrgos_2013",1,6,16.6666666666667,"Abundance",3,"Lepidoptera"
"51_Petanidou_Sigri 3_2012",2,4,50,"Abundance",3,"Lepidoptera"
"54_Lazaro_SonMutNou_2018_2018",1,2,50,"Abundance",3,"Lepidoptera"
"54_Lazaro_UIB_2018_2018",1,1,100,"Abundance",3,"Lepidoptera"
"5_Marini_UNIPD02 AA_2019",1,2,50,"Abundance",3,"Lepidoptera"
"5_Marini_UNIPD02 AB_2019",2,4,50,"Abundance",3,"Lepidoptera"
"5_Marini_UNIPD02 AE_2019",5,5,100,"Abundance",3,"Lepidoptera"
"5_Marini_UNIPD02 AF_2019",5,9,55.5555555555556,"Abundance",3,"Lepidoptera"
"5_Marini_UNIPD02 AI_2019",1,2,50,"Abundance",3,"Lepidoptera"
"5_Marini_UNIPD02 AJ_2019",3,4,75,"Abundance",3,"Lepidoptera"
"5_Marini_UNIPD02 AL_2019",1,5,20,"Abundance",3,"Lepidoptera"
"5_Marini_UNIPD02 AM_2019",1,5,20,"Abundance",3,"Lepidoptera"
"5_Marini_UNIPD02 AO_2019",2,3,66.6666666666667,"Abundance",3,"Lepidoptera"
"5_Marini_UNIPD02 AP_2019",2,2,100,"Abundance",3,"Lepidoptera"
"5_Marini_UNIPD02 AT_2019",2,3,66.6666666666667,"Abundance",3,"Lepidoptera"
"5_Marini_UNIPD02 AV_2019",1,4,25,"Abundance",3,"Lepidoptera"
"5_Marini_UNIPD02 A_2019",1,4,25,"Abundance",3,"Lepidoptera"
"5_Marini_UNIPD02 B_2019",1,3,33.3333333333333,"Abundance",3,"Lepidoptera"
"5_Marini_UNIPD02 G_2019",2,6,33.3333333333333,"Abundance",3,"Lepidoptera"
"5_Marini_UNIPD02 H_2019",1,2,50,"Abundance",3,"Lepidoptera"
"5_Marini_UNIPD02 I_2019",2,8,25,"Abundance",3,"Lepidoptera"
"5_Marini_UNIPD02 K_2019",3,7,42.8571428571429,"Abundance",3,"Lepidoptera"
"5_Marini_UNIPD02 L_2019",2,3,66.6666666666667,"Abundance",3,"Lepidoptera"
"5_Marini_UNIPD02 M_2019",2,6,33.3333333333333,"Abundance",3,"Lepidoptera"
"5_Marini_UNIPD02 O_2019",2,2,100,"Abundance",3,"Lepidoptera"
"5_Marini_UNIPD02 P_2019",1,4,25,"Abundance",3,"Lepidoptera"
"5_Marini_UNIPD02 S_2019",1,2,50,"Abundance",3,"Lepidoptera"
"5_Marini_UNIPD02 T_2019",3,3,100,"Abundance",3,"Lepidoptera"
"5_Marini_UNIPD02 V_2019",1,4,25,"Abundance",3,"Lepidoptera"
"5_Marini_UNIPD02 W_2019",6,7,85.7142857142857,"Abundance",3,"Lepidoptera"
"5_Marini_UNIPD02 Y_2019",8,11,72.7272727272727,"Abundance",3,"Lepidoptera"
"5_Marini_UNIPD02 Z_2019",4,5,80,"Abundance",3,"Lepidoptera"
"11_Clough_KOM_2021_2021",1,3,33.3333333333333,"Flower shape",5,"Lepidoptera"
"11_Clough_LOB_2021_2021",1,1,100,"Flower shape",5,"Lepidoptera"
"20_Hoiss_H5_2010",5,6,83.3333333333333,"Flower shape",5,"Lepidoptera"
"20_Hoiss_T4_2010",2,5,40,"Flower shape",5,"Lepidoptera"
"28_Sutter_10_2013",1,1,100,"Flower shape",5,"Lepidoptera"
"28_Sutter_11_2013",1,1,100,"Flower shape",5,"Lepidoptera"
"28_Sutter_13_2013",1,1,100,"Flower shape",5,"Lepidoptera"
"28_Sutter_14_2013",1,1,100,"Flower shape",5,"Lepidoptera"
"28_Sutter_17_2013",1,1,100,"Flower shape",5,"Lepidoptera"
"28_Sutter_19_2013",1,1,100,"Flower shape",5,"Lepidoptera"
"28_Sutter_21_2013",1,1,100,"Flower shape",5,"Lepidoptera"
"28_Sutter_2_2013",1,1,100,"Flower shape",5,"Lepidoptera"
"28_Sutter_3_2013",1,1,100,"Flower shape",5,"Lepidoptera"
"28_Sutter_5_2013",1,1,100,"Flower shape",5,"Lepidoptera"
"28_Sutter_8_2013",1,1,100,"Flower shape",5,"Lepidoptera"
"2_Petanidou_Armolia_2015",2,2,100,"Flower shape",5,"Lepidoptera"
"2_Petanidou_Emborios_2015",2,4,50,"Flower shape",5,"Lepidoptera"
"2_Petanidou_Kato Fana_2015",1,1,100,"Flower shape",5,"Lepidoptera"
"2_Petanidou_Palios Katarraktis_2015",2,2,100,"Flower shape",5,"Lepidoptera"
"2_Petanidou_Vessa 2_2015",1,1,100,"Flower shape",5,"Lepidoptera"
"37_White_Bl",2,5,40,"Flower shape",5,"Lepidoptera"
"37_White_CW",2,2,100,"Flower shape",5,"Lepidoptera"
"37_White_Cn",1,3,33.3333333333333,"Flower shape",5,"Lepidoptera"
"37_White_ED",1,1,100,"Flower shape",5,"Lepidoptera"
"37_White_JK",1,1,100,"Flower shape",5,"Lepidoptera"
"37_White_Kr",1,2,50,"Flower shape",5,"Lepidoptera"
"37_White_ND",2,2,100,"Flower shape",5,"Lepidoptera"
"37_White_Pn",1,1,100,"Flower shape",5,"Lepidoptera"
"40_Knight_Ghe_ari_2017",16,27,59.2592592592593,"Flower shape",5,"Lepidoptera"
"41_Knight_1 wooded meadow_2018",2,2,100,"Flower shape",5,"Lepidoptera"
"41_Knight_2 alvar pasture_2018",2,4,50,"Flower shape",5,"Lepidoptera"
"41_Knight_3 alvar pasture_2018",1,2,50,"Flower shape",5,"Lepidoptera"
"41_Knight_4 wooded meadow_2018",5,6,83.3333333333333,"Flower shape",5,"Lepidoptera"
"41_Knight_5 wooded meadow_2018",5,11,45.4545454545455,"Flower shape",5,"Lepidoptera"
"41_Knight_6 alvar pasture_2018",2,4,50,"Flower shape",5,"Lepidoptera"
"42_Knight_M1Restored_2019",5,7,71.4285714285714,"Flower shape",5,"Lepidoptera"
"42_Knight_M2Natural_2019",8,10,80,"Flower shape",5,"Lepidoptera"
"42_Knight_M3Natural_2019",3,5,60,"Flower shape",5,"Lepidoptera"
"42_Knight_M4Restored_2019",1,7,14.2857142857143,"Flower shape",5,"Lepidoptera"
"42_Knight_M5Restored_2019",9,9,100,"Flower shape",5,"Lepidoptera"
"42_Knight_M6Natural_2019",4,6,66.6666666666667,"Flower shape",5,"Lepidoptera"
"42_Knight_M8Restored_2019",1,3,33.3333333333333,"Flower shape",5,"Lepidoptera"
"44_Knight_M11_2018",2,3,66.6666666666667,"Flower shape",5,"Lepidoptera"
"44_Knight_M12_2018",3,6,50,"Flower shape",5,"Lepidoptera"
"44_Knight_M15_2018",5,7,71.4285714285714,"Flower shape",5,"Lepidoptera"
"44_Knight_M16_2018",3,4,75,"Flower shape",5,"Lepidoptera"
"44_Knight_M17_2018",5,12,41.6666666666667,"Flower shape",5,"Lepidoptera"
"44_Knight_M18_2018",2,3,66.6666666666667,"Flower shape",5,"Lepidoptera"
"44_Knight_M1_2018",3,6,50,"Flower shape",5,"Lepidoptera"
"44_Knight_M3_2018",1,6,16.6666666666667,"Flower shape",5,"Lepidoptera"
"44_Knight_M4_2018",5,6,83.3333333333333,"Flower shape",5,"Lepidoptera"
"44_Knight_M8_2018",6,8,75,"Flower shape",5,"Lepidoptera"
"45_Knight_Hermanovice_meadow_2018",3,8,37.5,"Flower shape",5,"Lepidoptera"
"45_Knight_HorniGrunt_meadow_2018",7,10,70,"Flower shape",5,"Lepidoptera"
"45_Knight_Mnichov_meadow_2018",15,16,93.75,"Flower shape",5,"Lepidoptera"
"46_Knight_Gora_Gipsowa_2018",4,12,33.3333333333333,"Flower shape",5,"Lepidoptera"
"47_Benadi_1",17,33,51.5151515151515,"Flower shape",5,"Lepidoptera"
"47_Benadi_2",6,20,30,"Flower shape",5,"Lepidoptera"
"47_Benadi_3",6,13,46.1538461538462,"Flower shape",5,"Lepidoptera"
"47_Benadi_4",5,13,38.4615384615385,"Flower shape",5,"Lepidoptera"
"47_Benadi_5",7,22,31.8181818181818,"Flower shape",5,"Lepidoptera"
"47_Benadi_6",9,16,56.25,"Flower shape",5,"Lepidoptera"
"4_Marini_UNIPD01 A_2018",9,10,90,"Flower shape",5,"Lepidoptera"
"4_Marini_UNIPD01 An_2018",2,2,100,"Flower shape",5,"Lepidoptera"
"4_Marini_UNIPD01 B_2018",7,7,100,"Flower shape",5,"Lepidoptera"
"4_Marini_UNIPD01 Bn_2018",3,8,37.5,"Flower shape",5,"Lepidoptera"
"4_Marini_UNIPD01 C_2018",3,11,27.2727272727273,"Flower shape",5,"Lepidoptera"
"4_Marini_UNIPD01 Cn_2018",1,7,14.2857142857143,"Flower shape",5,"Lepidoptera"
"4_Marini_UNIPD01 E_2018",6,15,40,"Flower shape",5,"Lepidoptera"
"4_Marini_UNIPD01 F_2018",2,5,40,"Flower shape",5,"Lepidoptera"
"4_Marini_UNIPD01 G_2018",9,9,100,"Flower shape",5,"Lepidoptera"
"4_Marini_UNIPD01 Gn_2018",1,2,50,"Flower shape",5,"Lepidoptera"
"4_Marini_UNIPD01 H_2018",5,14,35.7142857142857,"Flower shape",5,"Lepidoptera"
"4_Marini_UNIPD01 Hn_2018",2,10,20,"Flower shape",5,"Lepidoptera"
"4_Marini_UNIPD01 I_2018",12,18,66.6666666666667,"Flower shape",5,"Lepidoptera"
"4_Marini_UNIPD01 In_2018",2,6,33.3333333333333,"Flower shape",5,"Lepidoptera"
"50_Hervias-Parejo_Cala Tirant_2021",2,4,50,"Flower shape",5,"Lepidoptera"
"50_Hervias-Parejo_Llucalari_2021",4,11,36.3636363636364,"Flower shape",5,"Lepidoptera"
"50_Hervias-Parejo_Sa Bassa_2021",3,8,37.5,"Flower shape",5,"Lepidoptera"
"50_Hervias-Parejo_Salinas_2021",8,13,61.5384615384615,"Flower shape",5,"Lepidoptera"
"50_Hervias-Parejo_Torre Fornells_2021",3,4,75,"Flower shape",5,"Lepidoptera"
"50_Hervias-Parejo_coast Son Bou_2021",2,5,40,"Flower shape",5,"Lepidoptera"
"51_Petanidou_Sigri 3_2012",2,4,50,"Flower shape",5,"Lepidoptera"
"54_Lazaro_SonMutNou_2018_2018",2,2,100,"Flower shape",5,"Lepidoptera"
"54_Lazaro_UIB_2018_2018",1,1,100,"Flower shape",5,"Lepidoptera"
"5_Marini_UNIPD02 AA_2019",1,2,50,"Flower shape",5,"Lepidoptera"
"5_Marini_UNIPD02 AB_2019",2,4,50,"Flower shape",5,"Lepidoptera"
"5_Marini_UNIPD02 AE_2019",5,5,100,"Flower shape",5,"Lepidoptera"
"5_Marini_UNIPD02 AF_2019",3,9,33.3333333333333,"Flower shape",5,"Lepidoptera"
"5_Marini_UNIPD02 AG_2019",1,6,16.6666666666667,"Flower shape",5,"Lepidoptera"
"5_Marini_UNIPD02 AI_2019",1,2,50,"Flower shape",5,"Lepidoptera"
"5_Marini_UNIPD02 AK_2019",5,7,71.4285714285714,"Flower shape",5,"Lepidoptera"
"5_Marini_UNIPD02 AL_2019",1,5,20,"Flower shape",5,"Lepidoptera"
"5_Marini_UNIPD02 AM_2019",1,5,20,"Flower shape",5,"Lepidoptera"
"5_Marini_UNIPD02 AO_2019",2,3,66.6666666666667,"Flower shape",5,"Lepidoptera"
"5_Marini_UNIPD02 AP_2019",2,2,100,"Flower shape",5,"Lepidoptera"
"5_Marini_UNIPD02 AV_2019",1,4,25,"Flower shape",5,"Lepidoptera"
"5_Marini_UNIPD02 A_2019",1,4,25,"Flower shape",5,"Lepidoptera"
"5_Marini_UNIPD02 B_2019",2,3,66.6666666666667,"Flower shape",5,"Lepidoptera"
"5_Marini_UNIPD02 C_2019",1,1,100,"Flower shape",5,"Lepidoptera"
"5_Marini_UNIPD02 D_2019",2,3,66.6666666666667,"Flower shape",5,"Lepidoptera"
"5_Marini_UNIPD02 G_2019",3,6,50,"Flower shape",5,"Lepidoptera"
"5_Marini_UNIPD02 H_2019",1,2,50,"Flower shape",5,"Lepidoptera"
"5_Marini_UNIPD02 I_2019",6,8,75,"Flower shape",5,"Lepidoptera"
"5_Marini_UNIPD02 K_2019",4,7,57.1428571428571,"Flower shape",5,"Lepidoptera"
"5_Marini_UNIPD02 L_2019",3,3,100,"Flower shape",5,"Lepidoptera"
"5_Marini_UNIPD02 M_2019",4,6,66.6666666666667,"Flower shape",5,"Lepidoptera"
"5_Marini_UNIPD02 N_2019",1,2,50,"Flower shape",5,"Lepidoptera"
"5_Marini_UNIPD02 O_2019",2,2,100,"Flower shape",5,"Lepidoptera"
"5_Marini_UNIPD02 P_2019",1,4,25,"Flower shape",5,"Lepidoptera"
"5_Marini_UNIPD02 T_2019",1,3,33.3333333333333,"Flower shape",5,"Lepidoptera"
"5_Marini_UNIPD02 V_2019",1,4,25,"Flower shape",5,"Lepidoptera"
"5_Marini_UNIPD02 W_2019",6,7,85.7142857142857,"Flower shape",5,"Lepidoptera"
"5_Marini_UNIPD02 Y_2019",2,11,18.1818181818182,"Flower shape",5,"Lepidoptera"
"5_Marini_UNIPD02 Z_2019",4,5,80,"Flower shape",5,"Lepidoptera"
"11_Clough_KOM_2021_2021",1,3,33.3333333333333,"Flower shape",3,"Lepidoptera"
"11_Clough_LOB_2021_2021",1,1,100,"Flower shape",3,"Lepidoptera"
"20_Hoiss_H5_2010",2,6,33.3333333333333,"Flower shape",3,"Lepidoptera"
"20_Hoiss_T4_2010",2,5,40,"Flower shape",3,"Lepidoptera"
"28_Sutter_10_2013",1,1,100,"Flower shape",3,"Lepidoptera"
"28_Sutter_11_2013",1,1,100,"Flower shape",3,"Lepidoptera"
"28_Sutter_13_2013",1,1,100,"Flower shape",3,"Lepidoptera"
"28_Sutter_14_2013",1,1,100,"Flower shape",3,"Lepidoptera"
"28_Sutter_19_2013",1,1,100,"Flower shape",3,"Lepidoptera"
"28_Sutter_21_2013",1,1,100,"Flower shape",3,"Lepidoptera"
"28_Sutter_2_2013",1,1,100,"Flower shape",3,"Lepidoptera"
"28_Sutter_3_2013",1,1,100,"Flower shape",3,"Lepidoptera"
"28_Sutter_5_2013",1,1,100,"Flower shape",3,"Lepidoptera"
"2_Petanidou_Armolia_2015",2,2,100,"Flower shape",3,"Lepidoptera"
"2_Petanidou_Emborios_2015",2,4,50,"Flower shape",3,"Lepidoptera"
"2_Petanidou_Kato Fana_2015",1,1,100,"Flower shape",3,"Lepidoptera"
"2_Petanidou_Palios Katarraktis_2015",2,2,100,"Flower shape",3,"Lepidoptera"
"2_Petanidou_Vessa 2_2015",1,1,100,"Flower shape",3,"Lepidoptera"
"37_White_Bl",2,5,40,"Flower shape",3,"Lepidoptera"
"37_White_CW",1,2,50,"Flower shape",3,"Lepidoptera"
"37_White_ED",1,1,100,"Flower shape",3,"Lepidoptera"
"37_White_ND",2,2,100,"Flower shape",3,"Lepidoptera"
"40_Knight_Ghe_ari_2017",13,27,48.1481481481481,"Flower shape",3,"Lepidoptera"
"41_Knight_1 wooded meadow_2018",2,2,100,"Flower shape",3,"Lepidoptera"
"41_Knight_2 alvar pasture_2018",2,4,50,"Flower shape",3,"Lepidoptera"
"41_Knight_3 alvar pasture_2018",1,2,50,"Flower shape",3,"Lepidoptera"
"41_Knight_4 wooded meadow_2018",5,6,83.3333333333333,"Flower shape",3,"Lepidoptera"
"41_Knight_5 wooded meadow_2018",4,11,36.3636363636364,"Flower shape",3,"Lepidoptera"
"41_Knight_6 alvar pasture_2018",2,4,50,"Flower shape",3,"Lepidoptera"
"42_Knight_M1Restored_2019",5,7,71.4285714285714,"Flower shape",3,"Lepidoptera"
"42_Knight_M2Natural_2019",8,10,80,"Flower shape",3,"Lepidoptera"
"42_Knight_M3Natural_2019",3,5,60,"Flower shape",3,"Lepidoptera"
"42_Knight_M4Restored_2019",1,7,14.2857142857143,"Flower shape",3,"Lepidoptera"
"42_Knight_M5Restored_2019",6,9,66.6666666666667,"Flower shape",3,"Lepidoptera"
"42_Knight_M6Natural_2019",4,6,66.6666666666667,"Flower shape",3,"Lepidoptera"
"42_Knight_M8Restored_2019",1,3,33.3333333333333,"Flower shape",3,"Lepidoptera"
"44_Knight_M11_2018",1,3,33.3333333333333,"Flower shape",3,"Lepidoptera"
"44_Knight_M12_2018",3,6,50,"Flower shape",3,"Lepidoptera"
"44_Knight_M15_2018",5,7,71.4285714285714,"Flower shape",3,"Lepidoptera"
"44_Knight_M16_2018",3,4,75,"Flower shape",3,"Lepidoptera"
"44_Knight_M17_2018",4,12,33.3333333333333,"Flower shape",3,"Lepidoptera"
"44_Knight_M18_2018",2,3,66.6666666666667,"Flower shape",3,"Lepidoptera"
"44_Knight_M1_2018",3,6,50,"Flower shape",3,"Lepidoptera"
"44_Knight_M3_2018",1,6,16.6666666666667,"Flower shape",3,"Lepidoptera"
"44_Knight_M4_2018",5,6,83.3333333333333,"Flower shape",3,"Lepidoptera"
"44_Knight_M8_2018",6,8,75,"Flower shape",3,"Lepidoptera"
"45_Knight_Hermanovice_meadow_2018",3,8,37.5,"Flower shape",3,"Lepidoptera"
"45_Knight_HorniGrunt_meadow_2018",6,10,60,"Flower shape",3,"Lepidoptera"
"45_Knight_Mnichov_meadow_2018",15,16,93.75,"Flower shape",3,"Lepidoptera"
"47_Benadi_1",17,33,51.5151515151515,"Flower shape",3,"Lepidoptera"
"47_Benadi_2",4,20,20,"Flower shape",3,"Lepidoptera"
"47_Benadi_3",3,13,23.0769230769231,"Flower shape",3,"Lepidoptera"
"47_Benadi_4",4,13,30.7692307692308,"Flower shape",3,"Lepidoptera"
"47_Benadi_5",4,22,18.1818181818182,"Flower shape",3,"Lepidoptera"
"47_Benadi_6",8,16,50,"Flower shape",3,"Lepidoptera"
"4_Marini_UNIPD01 A_2018",9,10,90,"Flower shape",3,"Lepidoptera"
"4_Marini_UNIPD01 B_2018",7,7,100,"Flower shape",3,"Lepidoptera"
"4_Marini_UNIPD01 Bn_2018",1,8,12.5,"Flower shape",3,"Lepidoptera"
"4_Marini_UNIPD01 C_2018",2,11,18.1818181818182,"Flower shape",3,"Lepidoptera"
"4_Marini_UNIPD01 E_2018",5,15,33.3333333333333,"Flower shape",3,"Lepidoptera"
"4_Marini_UNIPD01 F_2018",2,5,40,"Flower shape",3,"Lepidoptera"
"4_Marini_UNIPD01 G_2018",5,9,55.5555555555556,"Flower shape",3,"Lepidoptera"
"4_Marini_UNIPD01 Gn_2018",1,2,50,"Flower shape",3,"Lepidoptera"
"4_Marini_UNIPD01 H_2018",5,14,35.7142857142857,"Flower shape",3,"Lepidoptera"
"4_Marini_UNIPD01 Hn_2018",1,10,10,"Flower shape",3,"Lepidoptera"
"4_Marini_UNIPD01 I_2018",12,18,66.6666666666667,"Flower shape",3,"Lepidoptera"
"4_Marini_UNIPD01 In_2018",2,6,33.3333333333333,"Flower shape",3,"Lepidoptera"
"50_Hervias-Parejo_Cala Tirant_2021",1,4,25,"Flower shape",3,"Lepidoptera"
"50_Hervias-Parejo_Llucalari_2021",4,11,36.3636363636364,"Flower shape",3,"Lepidoptera"
"50_Hervias-Parejo_Sa Bassa_2021",1,8,12.5,"Flower shape",3,"Lepidoptera"
"50_Hervias-Parejo_Torre Fornells_2021",2,4,50,"Flower shape",3,"Lepidoptera"
"50_Hervias-Parejo_coast Son Bou_2021",2,5,40,"Flower shape",3,"Lepidoptera"
"51_Petanidou_Sigri 3_2012",2,4,50,"Flower shape",3,"Lepidoptera"
"54_Lazaro_SonMutNou_2018_2018",1,2,50,"Flower shape",3,"Lepidoptera"
"54_Lazaro_UIB_2018_2018",1,1,100,"Flower shape",3,"Lepidoptera"
"5_Marini_UNIPD02 AA_2019",1,2,50,"Flower shape",3,"Lepidoptera"
"5_Marini_UNIPD02 AB_2019",2,4,50,"Flower shape",3,"Lepidoptera"
"5_Marini_UNIPD02 AE_2019",5,5,100,"Flower shape",3,"Lepidoptera"
"5_Marini_UNIPD02 AF_2019",3,9,33.3333333333333,"Flower shape",3,"Lepidoptera"
"5_Marini_UNIPD02 AI_2019",1,2,50,"Flower shape",3,"Lepidoptera"
"5_Marini_UNIPD02 AK_2019",2,7,28.5714285714286,"Flower shape",3,"Lepidoptera"
"5_Marini_UNIPD02 AL_2019",1,5,20,"Flower shape",3,"Lepidoptera"
"5_Marini_UNIPD02 AM_2019",1,5,20,"Flower shape",3,"Lepidoptera"
"5_Marini_UNIPD02 AP_2019",2,2,100,"Flower shape",3,"Lepidoptera"
"5_Marini_UNIPD02 AV_2019",1,4,25,"Flower shape",3,"Lepidoptera"
"5_Marini_UNIPD02 A_2019",1,4,25,"Flower shape",3,"Lepidoptera"
"5_Marini_UNIPD02 B_2019",2,3,66.6666666666667,"Flower shape",3,"Lepidoptera"
"5_Marini_UNIPD02 G_2019",2,6,33.3333333333333,"Flower shape",3,"Lepidoptera"
"5_Marini_UNIPD02 H_2019",1,2,50,"Flower shape",3,"Lepidoptera"
"5_Marini_UNIPD02 I_2019",1,8,12.5,"Flower shape",3,"Lepidoptera"
"5_Marini_UNIPD02 K_2019",3,7,42.8571428571429,"Flower shape",3,"Lepidoptera"
"5_Marini_UNIPD02 L_2019",2,3,66.6666666666667,"Flower shape",3,"Lepidoptera"
"5_Marini_UNIPD02 M_2019",2,6,33.3333333333333,"Flower shape",3,"Lepidoptera"
"5_Marini_UNIPD02 N_2019",1,2,50,"Flower shape",3,"Lepidoptera"
"5_Marini_UNIPD02 O_2019",2,2,100,"Flower shape",3,"Lepidoptera"
"5_Marini_UNIPD02 P_2019",1,4,25,"Flower shape",3,"Lepidoptera"
"5_Marini_UNIPD02 T_2019",1,3,33.3333333333333,"Flower shape",3,"Lepidoptera"
"5_Marini_UNIPD02 V_2019",1,4,25,"Flower shape",3,"Lepidoptera"
"5_Marini_UNIPD02 W_2019",6,7,85.7142857142857,"Flower shape",3,"Lepidoptera"
"5_Marini_UNIPD02 Y_2019",1,11,9.09090909090909,"Flower shape",3,"Lepidoptera"
"5_Marini_UNIPD02 Z_2019",4,5,80,"Flower shape",3,"Lepidoptera"
"11_Clough_ASK_2021_2021",1,1,100,"Phylogenetic",10,"Lepidoptera"
"11_Clough_HAM_2021_2021",0,3,0,"Phylogenetic",10,"Lepidoptera"
"11_Clough_KOM_2021_2021",3,3,100,"Phylogenetic",10,"Lepidoptera"
"11_Clough_LOB_2021_2021",0,1,0,"Phylogenetic",10,"Lepidoptera"
"11_Clough_PET_2021_2021",0,4,0,"Phylogenetic",10,"Lepidoptera"
"11_Clough_TAG_2021_2021",0,3,0,"Phylogenetic",10,"Lepidoptera"
"20_Hoiss_H5_2010",3,6,50,"Phylogenetic",10,"Lepidoptera"
"20_Hoiss_H6_2010",0,4,0,"Phylogenetic",10,"Lepidoptera"
"20_Hoiss_H7_2010",0,1,0,"Phylogenetic",10,"Lepidoptera"
"20_Hoiss_HO1_2010",0,6,0,"Phylogenetic",10,"Lepidoptera"
"20_Hoiss_T4_2010",2,5,40,"Phylogenetic",10,"Lepidoptera"
"28_Sutter_10_2013",1,1,100,"Phylogenetic",10,"Lepidoptera"
"28_Sutter_11_2013",1,1,100,"Phylogenetic",10,"Lepidoptera"
"28_Sutter_13_2013",1,1,100,"Phylogenetic",10,"Lepidoptera"
"28_Sutter_13_2014",0,1,0,"Phylogenetic",10,"Lepidoptera"
"28_Sutter_14_2013",1,1,100,"Phylogenetic",10,"Lepidoptera"
"28_Sutter_17_2013",1,1,100,"Phylogenetic",10,"Lepidoptera"
"28_Sutter_19_2013",1,1,100,"Phylogenetic",10,"Lepidoptera"
"28_Sutter_1_2013",1,1,100,"Phylogenetic",10,"Lepidoptera"
"28_Sutter_20_2013",1,1,100,"Phylogenetic",10,"Lepidoptera"
"28_Sutter_21_2013",0,1,0,"Phylogenetic",10,"Lepidoptera"
"28_Sutter_2_2013",1,1,100,"Phylogenetic",10,"Lepidoptera"
"28_Sutter_3_2013",1,1,100,"Phylogenetic",10,"Lepidoptera"
"28_Sutter_5_2013",1,1,100,"Phylogenetic",10,"Lepidoptera"
"28_Sutter_8_2013",1,1,100,"Phylogenetic",10,"Lepidoptera"
"2_Petanidou_Armolia_2015",0,2,0,"Phylogenetic",10,"Lepidoptera"
"2_Petanidou_Emborios_2015",0,4,0,"Phylogenetic",10,"Lepidoptera"
"2_Petanidou_Kato Fana_2015",1,1,100,"Phylogenetic",10,"Lepidoptera"
"2_Petanidou_Palios Katarraktis_2015",0,2,0,"Phylogenetic",10,"Lepidoptera"
"2_Petanidou_Vessa 2_2015",0,1,0,"Phylogenetic",10,"Lepidoptera"
"37_White_An",2,2,100,"Phylogenetic",10,"Lepidoptera"
"37_White_Bl",3,5,60,"Phylogenetic",10,"Lepidoptera"
"37_White_Bn",0,1,0,"Phylogenetic",10,"Lepidoptera"
"37_White_CW",1,2,50,"Phylogenetic",10,"Lepidoptera"
"37_White_Ce",1,2,50,"Phylogenetic",10,"Lepidoptera"
"37_White_Cn",1,3,33.3333333333333,"Phylogenetic",10,"Lepidoptera"
"37_White_ED",1,1,100,"Phylogenetic",10,"Lepidoptera"
"37_White_Fs",0,2,0,"Phylogenetic",10,"Lepidoptera"
"37_White_JK",0,1,0,"Phylogenetic",10,"Lepidoptera"
"37_White_Kr",0,2,0,"Phylogenetic",10,"Lepidoptera"
"37_White_ND",0,2,0,"Phylogenetic",10,"Lepidoptera"
"37_White_NG",0,1,0,"Phylogenetic",10,"Lepidoptera"
"37_White_Pn",1,1,100,"Phylogenetic",10,"Lepidoptera"
"40_Knight_Ghe_ari_2017",13,27,48.1481481481481,"Phylogenetic",10,"Lepidoptera"
"41_Knight_1 wooded meadow_2018",0,2,0,"Phylogenetic",10,"Lepidoptera"
"41_Knight_2 alvar pasture_2018",2,4,50,"Phylogenetic",10,"Lepidoptera"
"41_Knight_3 alvar pasture_2018",0,2,0,"Phylogenetic",10,"Lepidoptera"
"41_Knight_4 wooded meadow_2018",6,6,100,"Phylogenetic",10,"Lepidoptera"
"41_Knight_5 wooded meadow_2018",4,11,36.3636363636364,"Phylogenetic",10,"Lepidoptera"
"41_Knight_6 alvar pasture_2018",0,4,0,"Phylogenetic",10,"Lepidoptera"
"42_Knight_M1Restored_2019",1,7,14.2857142857143,"Phylogenetic",10,"Lepidoptera"
"42_Knight_M2Natural_2019",2,10,20,"Phylogenetic",10,"Lepidoptera"
"42_Knight_M3Natural_2019",1,5,20,"Phylogenetic",10,"Lepidoptera"
"42_Knight_M4Restored_2019",3,7,42.8571428571429,"Phylogenetic",10,"Lepidoptera"
"42_Knight_M5Restored_2019",3,9,33.3333333333333,"Phylogenetic",10,"Lepidoptera"
"42_Knight_M6Natural_2019",0,6,0,"Phylogenetic",10,"Lepidoptera"
"42_Knight_M8Restored_2019",2,3,66.6666666666667,"Phylogenetic",10,"Lepidoptera"
"44_Knight_M11_2018",1,3,33.3333333333333,"Phylogenetic",10,"Lepidoptera"
"44_Knight_M12_2018",3,6,50,"Phylogenetic",10,"Lepidoptera"
"44_Knight_M13_2018",0,3,0,"Phylogenetic",10,"Lepidoptera"
"44_Knight_M15_2018",0,7,0,"Phylogenetic",10,"Lepidoptera"
"44_Knight_M16_2018",2,4,50,"Phylogenetic",10,"Lepidoptera"
"44_Knight_M17_2018",9,12,75,"Phylogenetic",10,"Lepidoptera"
"44_Knight_M18_2018",3,3,100,"Phylogenetic",10,"Lepidoptera"
"44_Knight_M1_2018",4,6,66.6666666666667,"Phylogenetic",10,"Lepidoptera"
"44_Knight_M3_2018",3,6,50,"Phylogenetic",10,"Lepidoptera"
"44_Knight_M4_2018",4,6,66.6666666666667,"Phylogenetic",10,"Lepidoptera"
"44_Knight_M6_2018",0,3,0,"Phylogenetic",10,"Lepidoptera"
"44_Knight_M8_2018",6,8,75,"Phylogenetic",10,"Lepidoptera"
"45_Knight_Hermanovice_meadow_2018",7,8,87.5,"Phylogenetic",10,"Lepidoptera"
"45_Knight_HorniGrunt_meadow_2018",5,10,50,"Phylogenetic",10,"Lepidoptera"
"45_Knight_Mnichov_meadow_2018",11,16,68.75,"Phylogenetic",10,"Lepidoptera"
"46_Knight_Gora_Gipsowa_2018",4,12,33.3333333333333,"Phylogenetic",10,"Lepidoptera"
"47_Benadi_1",7,33,21.2121212121212,"Phylogenetic",10,"Lepidoptera"
"47_Benadi_2",9,20,45,"Phylogenetic",10,"Lepidoptera"
"47_Benadi_3",4,13,30.7692307692308,"Phylogenetic",10,"Lepidoptera"
"47_Benadi_4",3,13,23.0769230769231,"Phylogenetic",10,"Lepidoptera"
"47_Benadi_5",1,22,4.54545454545455,"Phylogenetic",10,"Lepidoptera"
"47_Benadi_6",5,16,31.25,"Phylogenetic",10,"Lepidoptera"
"4_Marini_UNIPD01 A_2018",5,10,50,"Phylogenetic",10,"Lepidoptera"
"4_Marini_UNIPD01 An_2018",2,2,100,"Phylogenetic",10,"Lepidoptera"
"4_Marini_UNIPD01 B_2018",5,7,71.4285714285714,"Phylogenetic",10,"Lepidoptera"
"4_Marini_UNIPD01 Bn_2018",3,8,37.5,"Phylogenetic",10,"Lepidoptera"
"4_Marini_UNIPD01 C_2018",4,11,36.3636363636364,"Phylogenetic",10,"Lepidoptera"
"4_Marini_UNIPD01 Cn_2018",3,7,42.8571428571429,"Phylogenetic",10,"Lepidoptera"
"4_Marini_UNIPD01 E_2018",1,15,6.66666666666667,"Phylogenetic",10,"Lepidoptera"
"4_Marini_UNIPD01 En_2018",1,9,11.1111111111111,"Phylogenetic",10,"Lepidoptera"
"4_Marini_UNIPD01 F_2018",3,5,60,"Phylogenetic",10,"Lepidoptera"
"4_Marini_UNIPD01 Fn_2018",0,1,0,"Phylogenetic",10,"Lepidoptera"
"4_Marini_UNIPD01 G_2018",5,9,55.5555555555556,"Phylogenetic",10,"Lepidoptera"
"4_Marini_UNIPD01 Gn_2018",0,2,0,"Phylogenetic",10,"Lepidoptera"
"4_Marini_UNIPD01 H_2018",0,14,0,"Phylogenetic",10,"Lepidoptera"
"4_Marini_UNIPD01 Hn_2018",4,10,40,"Phylogenetic",10,"Lepidoptera"
"4_Marini_UNIPD01 I_2018",8,18,44.4444444444444,"Phylogenetic",10,"Lepidoptera"
"4_Marini_UNIPD01 In_2018",2,6,33.3333333333333,"Phylogenetic",10,"Lepidoptera"
"50_Hervias-Parejo_Cala Tirant_2021",3,4,75,"Phylogenetic",10,"Lepidoptera"
"50_Hervias-Parejo_Sa Bassa_2021",6,8,75,"Phylogenetic",10,"Lepidoptera"
"50_Hervias-Parejo_Salinas_2021",11,13,84.6153846153846,"Phylogenetic",10,"Lepidoptera"
"50_Hervias-Parejo_Torre Fornells_2021",3,4,75,"Phylogenetic",10,"Lepidoptera"
"51_Petanidou_Pyrgos_2013",0,6,0,"Phylogenetic",10,"Lepidoptera"
"51_Petanidou_Sigri 3_2012",1,4,25,"Phylogenetic",10,"Lepidoptera"
"54_Lazaro_UIB_2018_2018",1,1,100,"Phylogenetic",10,"Lepidoptera"
"5_Marini_UNIPD02 AA_2019",1,2,50,"Phylogenetic",10,"Lepidoptera"
"5_Marini_UNIPD02 AB_2019",3,4,75,"Phylogenetic",10,"Lepidoptera"
"5_Marini_UNIPD02 AC_2019",1,4,25,"Phylogenetic",10,"Lepidoptera"
"5_Marini_UNIPD02 AD_2019",0,1,0,"Phylogenetic",10,"Lepidoptera"
"5_Marini_UNIPD02 AE_2019",1,5,20,"Phylogenetic",10,"Lepidoptera"
"5_Marini_UNIPD02 AF_2019",6,9,66.6666666666667,"Phylogenetic",10,"Lepidoptera"
"5_Marini_UNIPD02 AG_2019",4,6,66.6666666666667,"Phylogenetic",10,"Lepidoptera"
"5_Marini_UNIPD02 AH_2019",0,5,0,"Phylogenetic",10,"Lepidoptera"
"5_Marini_UNIPD02 AI_2019",1,2,50,"Phylogenetic",10,"Lepidoptera"
"5_Marini_UNIPD02 AJ_2019",4,4,100,"Phylogenetic",10,"Lepidoptera"
"5_Marini_UNIPD02 AL_2019",1,5,20,"Phylogenetic",10,"Lepidoptera"
"5_Marini_UNIPD02 AM_2019",1,5,20,"Phylogenetic",10,"Lepidoptera"
"5_Marini_UNIPD02 AO_2019",0,3,0,"Phylogenetic",10,"Lepidoptera"
"5_Marini_UNIPD02 AP_2019",0,2,0,"Phylogenetic",10,"Lepidoptera"
"5_Marini_UNIPD02 AT_2019",0,3,0,"Phylogenetic",10,"Lepidoptera"
"5_Marini_UNIPD02 A_2019",1,4,25,"Phylogenetic",10,"Lepidoptera"
"5_Marini_UNIPD02 B_2019",3,3,100,"Phylogenetic",10,"Lepidoptera"
"5_Marini_UNIPD02 C_2019",0,1,0,"Phylogenetic",10,"Lepidoptera"
"5_Marini_UNIPD02 D_2019",3,3,100,"Phylogenetic",10,"Lepidoptera"
"5_Marini_UNIPD02 G_2019",5,6,83.3333333333333,"Phylogenetic",10,"Lepidoptera"
"5_Marini_UNIPD02 H_2019",2,2,100,"Phylogenetic",10,"Lepidoptera"
"5_Marini_UNIPD02 I_2019",3,8,37.5,"Phylogenetic",10,"Lepidoptera"
"5_Marini_UNIPD02 K_2019",4,7,57.1428571428571,"Phylogenetic",10,"Lepidoptera"
"5_Marini_UNIPD02 L_2019",2,3,66.6666666666667,"Phylogenetic",10,"Lepidoptera"
"5_Marini_UNIPD02 M_2019",3,6,50,"Phylogenetic",10,"Lepidoptera"
"5_Marini_UNIPD02 N_2019",0,2,0,"Phylogenetic",10,"Lepidoptera"
"5_Marini_UNIPD02 O_2019",1,2,50,"Phylogenetic",10,"Lepidoptera"
"5_Marini_UNIPD02 P_2019",1,4,25,"Phylogenetic",10,"Lepidoptera"
"5_Marini_UNIPD02 S_2019",2,2,100,"Phylogenetic",10,"Lepidoptera"
"5_Marini_UNIPD02 T_2019",2,3,66.6666666666667,"Phylogenetic",10,"Lepidoptera"
"5_Marini_UNIPD02 U_2019",1,2,50,"Phylogenetic",10,"Lepidoptera"
"5_Marini_UNIPD02 V_2019",0,4,0,"Phylogenetic",10,"Lepidoptera"
"5_Marini_UNIPD02 W_2019",3,7,42.8571428571429,"Phylogenetic",10,"Lepidoptera"
"5_Marini_UNIPD02 X_2019",1,2,50,"Phylogenetic",10,"Lepidoptera"
"5_Marini_UNIPD02 Y_2019",3,11,27.2727272727273,"Phylogenetic",10,"Lepidoptera"
"5_Marini_UNIPD02 Z_2019",3,5,60,"Phylogenetic",10,"Lepidoptera"
"11_Clough_ASK_2021_2021",0,1,0,"Phylogenetic",5,"Lepidoptera"
"11_Clough_HAM_2021_2021",0,3,0,"Phylogenetic",5,"Lepidoptera"
"11_Clough_KOM_2021_2021",0,3,0,"Phylogenetic",5,"Lepidoptera"
"11_Clough_LOB_2021_2021",0,1,0,"Phylogenetic",5,"Lepidoptera"
"11_Clough_PET_2021_2021",0,4,0,"Phylogenetic",5,"Lepidoptera"
"11_Clough_TAG_2021_2021",0,3,0,"Phylogenetic",5,"Lepidoptera"
"20_Hoiss_H5_2010",0,6,0,"Phylogenetic",5,"Lepidoptera"
"20_Hoiss_H6_2010",0,4,0,"Phylogenetic",5,"Lepidoptera"
"20_Hoiss_H7_2010",0,1,0,"Phylogenetic",5,"Lepidoptera"
"20_Hoiss_HO1_2010",0,6,0,"Phylogenetic",5,"Lepidoptera"
"20_Hoiss_T4_2010",2,5,40,"Phylogenetic",5,"Lepidoptera"
"28_Sutter_10_2013",1,1,100,"Phylogenetic",5,"Lepidoptera"
"28_Sutter_11_2013",0,1,0,"Phylogenetic",5,"Lepidoptera"
"28_Sutter_13_2013",0,1,0,"Phylogenetic",5,"Lepidoptera"
"28_Sutter_13_2014",0,1,0,"Phylogenetic",5,"Lepidoptera"
"28_Sutter_14_2013",0,1,0,"Phylogenetic",5,"Lepidoptera"
"28_Sutter_17_2013",0,1,0,"Phylogenetic",5,"Lepidoptera"
"28_Sutter_19_2013",0,1,0,"Phylogenetic",5,"Lepidoptera"
"28_Sutter_1_2013",0,1,0,"Phylogenetic",5,"Lepidoptera"
"28_Sutter_20_2013",0,1,0,"Phylogenetic",5,"Lepidoptera"
"28_Sutter_21_2013",0,1,0,"Phylogenetic",5,"Lepidoptera"
"28_Sutter_2_2013",1,1,100,"Phylogenetic",5,"Lepidoptera"
"28_Sutter_3_2013",1,1,100,"Phylogenetic",5,"Lepidoptera"
"28_Sutter_5_2013",0,1,0,"Phylogenetic",5,"Lepidoptera"
"28_Sutter_8_2013",1,1,100,"Phylogenetic",5,"Lepidoptera"
"2_Petanidou_Armolia_2015",0,2,0,"Phylogenetic",5,"Lepidoptera"
"2_Petanidou_Emborios_2015",0,4,0,"Phylogenetic",5,"Lepidoptera"
"2_Petanidou_Kato Fana_2015",1,1,100,"Phylogenetic",5,"Lepidoptera"
"2_Petanidou_Palios Katarraktis_2015",0,2,0,"Phylogenetic",5,"Lepidoptera"
"2_Petanidou_Vessa 2_2015",0,1,0,"Phylogenetic",5,"Lepidoptera"
"37_White_An",2,2,100,"Phylogenetic",5,"Lepidoptera"
"37_White_Bl",0,5,0,"Phylogenetic",5,"Lepidoptera"
"37_White_Bn",0,1,0,"Phylogenetic",5,"Lepidoptera"
"37_White_CW",1,2,50,"Phylogenetic",5,"Lepidoptera"
"37_White_Ce",0,2,0,"Phylogenetic",5,"Lepidoptera"
"37_White_Cn",0,3,0,"Phylogenetic",5,"Lepidoptera"
"37_White_ED",1,1,100,"Phylogenetic",5,"Lepidoptera"
"37_White_Fs",0,2,0,"Phylogenetic",5,"Lepidoptera"
"37_White_JK",0,1,0,"Phylogenetic",5,"Lepidoptera"
"37_White_Kr",0,2,0,"Phylogenetic",5,"Lepidoptera"
"37_White_ND",0,2,0,"Phylogenetic",5,"Lepidoptera"
"37_White_NG",0,1,0,"Phylogenetic",5,"Lepidoptera"
"37_White_Pn",1,1,100,"Phylogenetic",5,"Lepidoptera"
"40_Knight_Ghe_ari_2017",7,27,25.9259259259259,"Phylogenetic",5,"Lepidoptera"
"41_Knight_1 wooded meadow_2018",2,2,100,"Phylogenetic",5,"Lepidoptera"
"41_Knight_2 alvar pasture_2018",1,4,25,"Phylogenetic",5,"Lepidoptera"
"41_Knight_3 alvar pasture_2018",0,2,0,"Phylogenetic",5,"Lepidoptera"
"41_Knight_4 wooded meadow_2018",0,6,0,"Phylogenetic",5,"Lepidoptera"
"41_Knight_5 wooded meadow_2018",1,11,9.09090909090909,"Phylogenetic",5,"Lepidoptera"
"41_Knight_6 alvar pasture_2018",0,4,0,"Phylogenetic",5,"Lepidoptera"
"42_Knight_M1Restored_2019",1,7,14.2857142857143,"Phylogenetic",5,"Lepidoptera"
"42_Knight_M2Natural_2019",0,10,0,"Phylogenetic",5,"Lepidoptera"
"42_Knight_M3Natural_2019",1,5,20,"Phylogenetic",5,"Lepidoptera"
"42_Knight_M4Restored_2019",2,7,28.5714285714286,"Phylogenetic",5,"Lepidoptera"
"42_Knight_M5Restored_2019",2,9,22.2222222222222,"Phylogenetic",5,"Lepidoptera"
"42_Knight_M6Natural_2019",0,6,0,"Phylogenetic",5,"Lepidoptera"
"42_Knight_M8Restored_2019",0,3,0,"Phylogenetic",5,"Lepidoptera"
"44_Knight_M11_2018",1,3,33.3333333333333,"Phylogenetic",5,"Lepidoptera"
"44_Knight_M12_2018",3,6,50,"Phylogenetic",5,"Lepidoptera"
"44_Knight_M13_2018",0,3,0,"Phylogenetic",5,"Lepidoptera"
"44_Knight_M15_2018",0,7,0,"Phylogenetic",5,"Lepidoptera"
"44_Knight_M16_2018",0,4,0,"Phylogenetic",5,"Lepidoptera"
"44_Knight_M17_2018",4,12,33.3333333333333,"Phylogenetic",5,"Lepidoptera"
"44_Knight_M18_2018",3,3,100,"Phylogenetic",5,"Lepidoptera"
"44_Knight_M1_2018",0,6,0,"Phylogenetic",5,"Lepidoptera"
"44_Knight_M3_2018",1,6,16.6666666666667,"Phylogenetic",5,"Lepidoptera"
"44_Knight_M4_2018",4,6,66.6666666666667,"Phylogenetic",5,"Lepidoptera"
"44_Knight_M6_2018",0,3,0,"Phylogenetic",5,"Lepidoptera"
"44_Knight_M8_2018",2,8,25,"Phylogenetic",5,"Lepidoptera"
"45_Knight_Hermanovice_meadow_2018",3,8,37.5,"Phylogenetic",5,"Lepidoptera"
"45_Knight_HorniGrunt_meadow_2018",4,10,40,"Phylogenetic",5,"Lepidoptera"
"45_Knight_Mnichov_meadow_2018",7,16,43.75,"Phylogenetic",5,"Lepidoptera"
"46_Knight_Gora_Gipsowa_2018",2,12,16.6666666666667,"Phylogenetic",5,"Lepidoptera"
"47_Benadi_1",7,33,21.2121212121212,"Phylogenetic",5,"Lepidoptera"
"47_Benadi_2",5,20,25,"Phylogenetic",5,"Lepidoptera"
"47_Benadi_3",3,13,23.0769230769231,"Phylogenetic",5,"Lepidoptera"
"47_Benadi_4",1,13,7.69230769230769,"Phylogenetic",5,"Lepidoptera"
"47_Benadi_5",0,22,0,"Phylogenetic",5,"Lepidoptera"
"47_Benadi_6",3,16,18.75,"Phylogenetic",5,"Lepidoptera"
"4_Marini_UNIPD01 A_2018",3,10,30,"Phylogenetic",5,"Lepidoptera"
"4_Marini_UNIPD01 An_2018",0,2,0,"Phylogenetic",5,"Lepidoptera"
"4_Marini_UNIPD01 B_2018",5,7,71.4285714285714,"Phylogenetic",5,"Lepidoptera"
"4_Marini_UNIPD01 Bn_2018",1,8,12.5,"Phylogenetic",5,"Lepidoptera"
"4_Marini_UNIPD01 C_2018",1,11,9.09090909090909,"Phylogenetic",5,"Lepidoptera"
"4_Marini_UNIPD01 Cn_2018",0,7,0,"Phylogenetic",5,"Lepidoptera"
"4_Marini_UNIPD01 E_2018",5,15,33.3333333333333,"Phylogenetic",5,"Lepidoptera"
"4_Marini_UNIPD01 En_2018",1,9,11.1111111111111,"Phylogenetic",5,"Lepidoptera"
"4_Marini_UNIPD01 F_2018",2,5,40,"Phylogenetic",5,"Lepidoptera"
"4_Marini_UNIPD01 Fn_2018",0,1,0,"Phylogenetic",5,"Lepidoptera"
"4_Marini_UNIPD01 G_2018",4,9,44.4444444444444,"Phylogenetic",5,"Lepidoptera"
"4_Marini_UNIPD01 Gn_2018",0,2,0,"Phylogenetic",5,"Lepidoptera"
"4_Marini_UNIPD01 H_2018",0,14,0,"Phylogenetic",5,"Lepidoptera"
"4_Marini_UNIPD01 Hn_2018",2,10,20,"Phylogenetic",5,"Lepidoptera"
"4_Marini_UNIPD01 I_2018",0,18,0,"Phylogenetic",5,"Lepidoptera"
"4_Marini_UNIPD01 In_2018",1,6,16.6666666666667,"Phylogenetic",5,"Lepidoptera"
"50_Hervias-Parejo_Cala Tirant_2021",1,4,25,"Phylogenetic",5,"Lepidoptera"
"50_Hervias-Parejo_Llucalari_2021",8,11,72.7272727272727,"Phylogenetic",5,"Lepidoptera"
"50_Hervias-Parejo_Sa Bassa_2021",2,8,25,"Phylogenetic",5,"Lepidoptera"
"50_Hervias-Parejo_Salinas_2021",9,13,69.2307692307692,"Phylogenetic",5,"Lepidoptera"
"50_Hervias-Parejo_Torre Fornells_2021",3,4,75,"Phylogenetic",5,"Lepidoptera"
"50_Hervias-Parejo_coast Son Bou_2021",1,5,20,"Phylogenetic",5,"Lepidoptera"
"51_Petanidou_Pyrgos_2013",0,6,0,"Phylogenetic",5,"Lepidoptera"
"51_Petanidou_Sigri 3_2012",1,4,25,"Phylogenetic",5,"Lepidoptera"
"54_Lazaro_AloeVera_2018_2018",0,3,0,"Phylogenetic",5,"Lepidoptera"
"54_Lazaro_SonBaco_2018_2018",0,1,0,"Phylogenetic",5,"Lepidoptera"
"54_Lazaro_SonMutNou_2018_2018",1,2,50,"Phylogenetic",5,"Lepidoptera"
"54_Lazaro_UIB_2018_2018",1,1,100,"Phylogenetic",5,"Lepidoptera"
"5_Marini_UNIPD02 AA_2019",0,2,0,"Phylogenetic",5,"Lepidoptera"
"5_Marini_UNIPD02 AB_2019",0,4,0,"Phylogenetic",5,"Lepidoptera"
"5_Marini_UNIPD02 AC_2019",1,4,25,"Phylogenetic",5,"Lepidoptera"
"5_Marini_UNIPD02 AD_2019",0,1,0,"Phylogenetic",5,"Lepidoptera"
"5_Marini_UNIPD02 AE_2019",0,5,0,"Phylogenetic",5,"Lepidoptera"
"5_Marini_UNIPD02 AF_2019",2,9,22.2222222222222,"Phylogenetic",5,"Lepidoptera"
"5_Marini_UNIPD02 AG_2019",2,6,33.3333333333333,"Phylogenetic",5,"Lepidoptera"
"5_Marini_UNIPD02 AH_2019",0,5,0,"Phylogenetic",5,"Lepidoptera"
"5_Marini_UNIPD02 AI_2019",1,2,50,"Phylogenetic",5,"Lepidoptera"
"5_Marini_UNIPD02 AJ_2019",4,4,100,"Phylogenetic",5,"Lepidoptera"
"5_Marini_UNIPD02 AK_2019",5,7,71.4285714285714,"Phylogenetic",5,"Lepidoptera"
"5_Marini_UNIPD02 AL_2019",0,5,0,"Phylogenetic",5,"Lepidoptera"
"5_Marini_UNIPD02 AM_2019",1,5,20,"Phylogenetic",5,"Lepidoptera"
"5_Marini_UNIPD02 AN_2019",0,1,0,"Phylogenetic",5,"Lepidoptera"
"5_Marini_UNIPD02 AO_2019",0,3,0,"Phylogenetic",5,"Lepidoptera"
"5_Marini_UNIPD02 AP_2019",0,2,0,"Phylogenetic",5,"Lepidoptera"
"5_Marini_UNIPD02 AT_2019",0,3,0,"Phylogenetic",5,"Lepidoptera"
"5_Marini_UNIPD02 AV_2019",2,4,50,"Phylogenetic",5,"Lepidoptera"
"5_Marini_UNIPD02 A_2019",1,4,25,"Phylogenetic",5,"Lepidoptera"
"5_Marini_UNIPD02 B_2019",2,3,66.6666666666667,"Phylogenetic",5,"Lepidoptera"
"5_Marini_UNIPD02 C_2019",0,1,0,"Phylogenetic",5,"Lepidoptera"
"5_Marini_UNIPD02 D_2019",1,3,33.3333333333333,"Phylogenetic",5,"Lepidoptera"
"5_Marini_UNIPD02 E_2019",0,1,0,"Phylogenetic",5,"Lepidoptera"
"5_Marini_UNIPD02 G_2019",1,6,16.6666666666667,"Phylogenetic",5,"Lepidoptera"
"5_Marini_UNIPD02 H_2019",2,2,100,"Phylogenetic",5,"Lepidoptera"
"5_Marini_UNIPD02 I_2019",3,8,37.5,"Phylogenetic",5,"Lepidoptera"
"5_Marini_UNIPD02 K_2019",0,7,0,"Phylogenetic",5,"Lepidoptera"
"5_Marini_UNIPD02 L_2019",1,3,33.3333333333333,"Phylogenetic",5,"Lepidoptera"
"5_Marini_UNIPD02 M_2019",2,6,33.3333333333333,"Phylogenetic",5,"Lepidoptera"
"5_Marini_UNIPD02 N_2019",0,2,0,"Phylogenetic",5,"Lepidoptera"
"5_Marini_UNIPD02 O_2019",1,2,50,"Phylogenetic",5,"Lepidoptera"
"5_Marini_UNIPD02 P_2019",0,4,0,"Phylogenetic",5,"Lepidoptera"
"5_Marini_UNIPD02 S_2019",0,2,0,"Phylogenetic",5,"Lepidoptera"
"5_Marini_UNIPD02 T_2019",0,3,0,"Phylogenetic",5,"Lepidoptera"
"5_Marini_UNIPD02 U_2019",0,2,0,"Phylogenetic",5,"Lepidoptera"
"5_Marini_UNIPD02 V_2019",0,4,0,"Phylogenetic",5,"Lepidoptera"
"5_Marini_UNIPD02 W_2019",0,7,0,"Phylogenetic",5,"Lepidoptera"
"5_Marini_UNIPD02 X_2019",0,2,0,"Phylogenetic",5,"Lepidoptera"
"5_Marini_UNIPD02 Y_2019",2,11,18.1818181818182,"Phylogenetic",5,"Lepidoptera"
"5_Marini_UNIPD02 Z_2019",2,5,40,"Phylogenetic",5,"Lepidoptera"
"11_Clough_ASK_2021_2021",0,1,0,"Phylogenetic",3,"Lepidoptera"
"11_Clough_HAM_2021_2021",0,3,0,"Phylogenetic",3,"Lepidoptera"
"11_Clough_KOM_2021_2021",0,3,0,"Phylogenetic",3,"Lepidoptera"
"11_Clough_LOB_2021_2021",0,1,0,"Phylogenetic",3,"Lepidoptera"
"11_Clough_PET_2021_2021",0,4,0,"Phylogenetic",3,"Lepidoptera"
"11_Clough_TAG_2021_2021",0,3,0,"Phylogenetic",3,"Lepidoptera"
"20_Hoiss_H5_2010",0,6,0,"Phylogenetic",3,"Lepidoptera"
"20_Hoiss_H6_2010",0,4,0,"Phylogenetic",3,"Lepidoptera"
"20_Hoiss_H7_2010",0,1,0,"Phylogenetic",3,"Lepidoptera"
"20_Hoiss_HO1_2010",0,6,0,"Phylogenetic",3,"Lepidoptera"
"20_Hoiss_T4_2010",0,5,0,"Phylogenetic",3,"Lepidoptera"
"28_Sutter_10_2013",1,1,100,"Phylogenetic",3,"Lepidoptera"
"28_Sutter_11_2013",0,1,0,"Phylogenetic",3,"Lepidoptera"
"28_Sutter_13_2013",0,1,0,"Phylogenetic",3,"Lepidoptera"
"28_Sutter_13_2014",0,1,0,"Phylogenetic",3,"Lepidoptera"
"28_Sutter_14_2013",0,1,0,"Phylogenetic",3,"Lepidoptera"
"28_Sutter_17_2013",0,1,0,"Phylogenetic",3,"Lepidoptera"
"28_Sutter_19_2013",0,1,0,"Phylogenetic",3,"Lepidoptera"
"28_Sutter_1_2013",0,1,0,"Phylogenetic",3,"Lepidoptera"
"28_Sutter_20_2013",0,1,0,"Phylogenetic",3,"Lepidoptera"
"28_Sutter_21_2013",0,1,0,"Phylogenetic",3,"Lepidoptera"
"28_Sutter_2_2013",1,1,100,"Phylogenetic",3,"Lepidoptera"
"28_Sutter_3_2013",1,1,100,"Phylogenetic",3,"Lepidoptera"
"28_Sutter_5_2013",1,1,100,"Phylogenetic",3,"Lepidoptera"
"28_Sutter_8_2013",0,1,0,"Phylogenetic",3,"Lepidoptera"
"2_Petanidou_Armolia_2015",0,2,0,"Phylogenetic",3,"Lepidoptera"
"2_Petanidou_Emborios_2015",2,4,50,"Phylogenetic",3,"Lepidoptera"
"2_Petanidou_Kato Fana_2015",1,1,100,"Phylogenetic",3,"Lepidoptera"
"2_Petanidou_Palios Katarraktis_2015",0,2,0,"Phylogenetic",3,"Lepidoptera"
"2_Petanidou_Vessa 2_2015",0,1,0,"Phylogenetic",3,"Lepidoptera"
"37_White_An",0,2,0,"Phylogenetic",3,"Lepidoptera"
"37_White_Bl",0,5,0,"Phylogenetic",3,"Lepidoptera"
"37_White_Bn",0,1,0,"Phylogenetic",3,"Lepidoptera"
"37_White_CW",0,2,0,"Phylogenetic",3,"Lepidoptera"
"37_White_Ce",0,2,0,"Phylogenetic",3,"Lepidoptera"
"37_White_Cn",0,3,0,"Phylogenetic",3,"Lepidoptera"
"37_White_ED",1,1,100,"Phylogenetic",3,"Lepidoptera"
"37_White_Fs",0,2,0,"Phylogenetic",3,"Lepidoptera"
"37_White_JK",0,1,0,"Phylogenetic",3,"Lepidoptera"
"37_White_Kr",1,2,50,"Phylogenetic",3,"Lepidoptera"
"37_White_ND",0,2,0,"Phylogenetic",3,"Lepidoptera"
"37_White_NG",0,1,0,"Phylogenetic",3,"Lepidoptera"
"37_White_Pn",0,1,0,"Phylogenetic",3,"Lepidoptera"
"40_Knight_Ghe_ari_2017",0,27,0,"Phylogenetic",3,"Lepidoptera"
"41_Knight_1 wooded meadow_2018",0,2,0,"Phylogenetic",3,"Lepidoptera"
"41_Knight_2 alvar pasture_2018",0,4,0,"Phylogenetic",3,"Lepidoptera"
"41_Knight_3 alvar pasture_2018",0,2,0,"Phylogenetic",3,"Lepidoptera"
"41_Knight_4 wooded meadow_2018",0,6,0,"Phylogenetic",3,"Lepidoptera"
"41_Knight_5 wooded meadow_2018",0,11,0,"Phylogenetic",3,"Lepidoptera"
"41_Knight_6 alvar pasture_2018",0,4,0,"Phylogenetic",3,"Lepidoptera"
"42_Knight_M1Restored_2019",1,7,14.2857142857143,"Phylogenetic",3,"Lepidoptera"
"42_Knight_M2Natural_2019",0,10,0,"Phylogenetic",3,"Lepidoptera"
"42_Knight_M3Natural_2019",1,5,20,"Phylogenetic",3,"Lepidoptera"
"42_Knight_M4Restored_2019",0,7,0,"Phylogenetic",3,"Lepidoptera"
"42_Knight_M5Restored_2019",2,9,22.2222222222222,"Phylogenetic",3,"Lepidoptera"
"42_Knight_M6Natural_2019",0,6,0,"Phylogenetic",3,"Lepidoptera"
"42_Knight_M8Restored_2019",0,3,0,"Phylogenetic",3,"Lepidoptera"
"44_Knight_M11_2018",0,3,0,"Phylogenetic",3,"Lepidoptera"
"44_Knight_M12_2018",1,6,16.6666666666667,"Phylogenetic",3,"Lepidoptera"
"44_Knight_M13_2018",0,3,0,"Phylogenetic",3,"Lepidoptera"
"44_Knight_M15_2018",0,7,0,"Phylogenetic",3,"Lepidoptera"
"44_Knight_M16_2018",0,4,0,"Phylogenetic",3,"Lepidoptera"
"44_Knight_M17_2018",5,12,41.6666666666667,"Phylogenetic",3,"Lepidoptera"
"44_Knight_M18_2018",3,3,100,"Phylogenetic",3,"Lepidoptera"
"44_Knight_M1_2018",2,6,33.3333333333333,"Phylogenetic",3,"Lepidoptera"
"44_Knight_M3_2018",0,6,0,"Phylogenetic",3,"Lepidoptera"
"44_Knight_M4_2018",4,6,66.6666666666667,"Phylogenetic",3,"Lepidoptera"
"44_Knight_M6_2018",0,3,0,"Phylogenetic",3,"Lepidoptera"
"44_Knight_M8_2018",0,8,0,"Phylogenetic",3,"Lepidoptera"
"45_Knight_Hermanovice_meadow_2018",0,8,0,"Phylogenetic",3,"Lepidoptera"
"45_Knight_HorniGrunt_meadow_2018",2,10,20,"Phylogenetic",3,"Lepidoptera"
"45_Knight_Mnichov_meadow_2018",3,16,18.75,"Phylogenetic",3,"Lepidoptera"
"46_Knight_Gora_Gipsowa_2018",2,12,16.6666666666667,"Phylogenetic",3,"Lepidoptera"
"47_Benadi_1",4,33,12.1212121212121,"Phylogenetic",3,"Lepidoptera"
"47_Benadi_2",5,20,25,"Phylogenetic",3,"Lepidoptera"
"47_Benadi_3",3,13,23.0769230769231,"Phylogenetic",3,"Lepidoptera"
"47_Benadi_4",1,13,7.69230769230769,"Phylogenetic",3,"Lepidoptera"
"47_Benadi_5",0,22,0,"Phylogenetic",3,"Lepidoptera"
"47_Benadi_6",0,16,0,"Phylogenetic",3,"Lepidoptera"
"4_Marini_UNIPD01 A_2018",5,10,50,"Phylogenetic",3,"Lepidoptera"
"4_Marini_UNIPD01 An_2018",0,2,0,"Phylogenetic",3,"Lepidoptera"
"4_Marini_UNIPD01 B_2018",0,7,0,"Phylogenetic",3,"Lepidoptera"
"4_Marini_UNIPD01 Bn_2018",1,8,12.5,"Phylogenetic",3,"Lepidoptera"
"4_Marini_UNIPD01 C_2018",0,11,0,"Phylogenetic",3,"Lepidoptera"
"4_Marini_UNIPD01 Cn_2018",0,7,0,"Phylogenetic",3,"Lepidoptera"
"4_Marini_UNIPD01 E_2018",1,15,6.66666666666667,"Phylogenetic",3,"Lepidoptera"
"4_Marini_UNIPD01 En_2018",0,9,0,"Phylogenetic",3,"Lepidoptera"
"4_Marini_UNIPD01 F_2018",2,5,40,"Phylogenetic",3,"Lepidoptera"
"4_Marini_UNIPD01 Fn_2018",0,1,0,"Phylogenetic",3,"Lepidoptera"
"4_Marini_UNIPD01 G_2018",0,9,0,"Phylogenetic",3,"Lepidoptera"
"4_Marini_UNIPD01 Gn_2018",0,2,0,"Phylogenetic",3,"Lepidoptera"
"4_Marini_UNIPD01 H_2018",1,14,7.14285714285714,"Phylogenetic",3,"Lepidoptera"
"4_Marini_UNIPD01 Hn_2018",0,10,0,"Phylogenetic",3,"Lepidoptera"
"4_Marini_UNIPD01 I_2018",4,18,22.2222222222222,"Phylogenetic",3,"Lepidoptera"
"4_Marini_UNIPD01 In_2018",0,6,0,"Phylogenetic",3,"Lepidoptera"
"50_Hervias-Parejo_Cala Tirant_2021",0,4,0,"Phylogenetic",3,"Lepidoptera"
"50_Hervias-Parejo_Llucalari_2021",4,11,36.3636363636364,"Phylogenetic",3,"Lepidoptera"
"50_Hervias-Parejo_Sa Bassa_2021",2,8,25,"Phylogenetic",3,"Lepidoptera"
"50_Hervias-Parejo_Salinas_2021",0,13,0,"Phylogenetic",3,"Lepidoptera"
"50_Hervias-Parejo_Torre Fornells_2021",0,4,0,"Phylogenetic",3,"Lepidoptera"
"50_Hervias-Parejo_coast Son Bou_2021",0,5,0,"Phylogenetic",3,"Lepidoptera"
"51_Petanidou_Pyrgos_2013",0,6,0,"Phylogenetic",3,"Lepidoptera"
"51_Petanidou_Sigri 3_2012",0,4,0,"Phylogenetic",3,"Lepidoptera"
"54_Lazaro_AloeVera_2018_2018",0,3,0,"Phylogenetic",3,"Lepidoptera"
"54_Lazaro_SonBaco_2018_2018",0,1,0,"Phylogenetic",3,"Lepidoptera"
"54_Lazaro_SonMutNou_2018_2018",1,2,50,"Phylogenetic",3,"Lepidoptera"
"54_Lazaro_UIB_2018_2018",1,1,100,"Phylogenetic",3,"Lepidoptera"
"5_Marini_UNIPD02 AA_2019",0,2,0,"Phylogenetic",3,"Lepidoptera"
"5_Marini_UNIPD02 AB_2019",3,4,75,"Phylogenetic",3,"Lepidoptera"
"5_Marini_UNIPD02 AC_2019",0,4,0,"Phylogenetic",3,"Lepidoptera"
"5_Marini_UNIPD02 AD_2019",0,1,0,"Phylogenetic",3,"Lepidoptera"
"5_Marini_UNIPD02 AE_2019",0,5,0,"Phylogenetic",3,"Lepidoptera"
"5_Marini_UNIPD02 AF_2019",2,9,22.2222222222222,"Phylogenetic",3,"Lepidoptera"
"5_Marini_UNIPD02 AG_2019",0,6,0,"Phylogenetic",3,"Lepidoptera"
"5_Marini_UNIPD02 AH_2019",0,5,0,"Phylogenetic",3,"Lepidoptera"
"5_Marini_UNIPD02 AI_2019",1,2,50,"Phylogenetic",3,"Lepidoptera"
"5_Marini_UNIPD02 AJ_2019",1,4,25,"Phylogenetic",3,"Lepidoptera"
"5_Marini_UNIPD02 AK_2019",3,7,42.8571428571429,"Phylogenetic",3,"Lepidoptera"
"5_Marini_UNIPD02 AL_2019",0,5,0,"Phylogenetic",3,"Lepidoptera"
"5_Marini_UNIPD02 AM_2019",0,5,0,"Phylogenetic",3,"Lepidoptera"
"5_Marini_UNIPD02 AN_2019",0,1,0,"Phylogenetic",3,"Lepidoptera"
"5_Marini_UNIPD02 AO_2019",0,3,0,"Phylogenetic",3,"Lepidoptera"
"5_Marini_UNIPD02 AP_2019",0,2,0,"Phylogenetic",3,"Lepidoptera"
"5_Marini_UNIPD02 AT_2019",0,3,0,"Phylogenetic",3,"Lepidoptera"
"5_Marini_UNIPD02 AV_2019",2,4,50,"Phylogenetic",3,"Lepidoptera"
"5_Marini_UNIPD02 A_2019",0,4,0,"Phylogenetic",3,"Lepidoptera"
"5_Marini_UNIPD02 B_2019",2,3,66.6666666666667,"Phylogenetic",3,"Lepidoptera"
"5_Marini_UNIPD02 C_2019",0,1,0,"Phylogenetic",3,"Lepidoptera"
"5_Marini_UNIPD02 D_2019",0,3,0,"Phylogenetic",3,"Lepidoptera"
"5_Marini_UNIPD02 E_2019",0,1,0,"Phylogenetic",3,"Lepidoptera"
"5_Marini_UNIPD02 G_2019",2,6,33.3333333333333,"Phylogenetic",3,"Lepidoptera"
"5_Marini_UNIPD02 H_2019",0,2,0,"Phylogenetic",3,"Lepidoptera"
"5_Marini_UNIPD02 I_2019",1,8,12.5,"Phylogenetic",3,"Lepidoptera"
"5_Marini_UNIPD02 K_2019",1,7,14.2857142857143,"Phylogenetic",3,"Lepidoptera"
"5_Marini_UNIPD02 L_2019",1,3,33.3333333333333,"Phylogenetic",3,"Lepidoptera"
"5_Marini_UNIPD02 M_2019",4,6,66.6666666666667,"Phylogenetic",3,"Lepidoptera"
"5_Marini_UNIPD02 N_2019",1,2,50,"Phylogenetic",3,"Lepidoptera"
"5_Marini_UNIPD02 O_2019",1,2,50,"Phylogenetic",3,"Lepidoptera"
"5_Marini_UNIPD02 P_2019",0,4,0,"Phylogenetic",3,"Lepidoptera"
"5_Marini_UNIPD02 S_2019",0,2,0,"Phylogenetic",3,"Lepidoptera"
"5_Marini_UNIPD02 T_2019",1,3,33.3333333333333,"Phylogenetic",3,"Lepidoptera"
"5_Marini_UNIPD02 U_2019",0,2,0,"Phylogenetic",3,"Lepidoptera"
"5_Marini_UNIPD02 V_2019",0,4,0,"Phylogenetic",3,"Lepidoptera"
"5_Marini_UNIPD02 W_2019",0,7,0,"Phylogenetic",3,"Lepidoptera"
"5_Marini_UNIPD02 X_2019",0,2,0,"Phylogenetic",3,"Lepidoptera"
"5_Marini_UNIPD02 Y_2019",1,11,9.09090909090909,"Phylogenetic",3,"Lepidoptera"
"5_Marini_UNIPD02 Z_2019",0,5,0,"Phylogenetic",3,"Lepidoptera"
"11_Clough_ASK_2021_2021",0.61,1,61,"Random",10,"Lepidoptera"
"11_Clough_HAM_2021_2021",1.497,3,49.9,"Random",10,"Lepidoptera"
"11_Clough_KOM_2021_2021",1.598,3,53.2666666666667,"Random",10,"Lepidoptera"
"11_Clough_LOB_2021_2021",0.487,1,48.7,"Random",10,"Lepidoptera"
"11_Clough_PET_2021_2021",1.29,4,32.25,"Random",10,"Lepidoptera"
"11_Clough_TAG_2021_2021",1.805,3,60.1666666666667,"Random",10,"Lepidoptera"
"20_Hoiss_H5_2010",3.004,6,50.0666666666667,"Random",10,"Lepidoptera"
"20_Hoiss_H6_2010",1.285,4,32.125,"Random",10,"Lepidoptera"
"20_Hoiss_H7_2010",0.316,1,31.6,"Random",10,"Lepidoptera"
"20_Hoiss_HO1_2010",1.92,6,32,"Random",10,"Lepidoptera"
"20_Hoiss_T4_2010",1.552,5,31.04,"Random",10,"Lepidoptera"
"28_Sutter_10_2013",0.816,1,81.6,"Random",10,"Lepidoptera"
"28_Sutter_11_2013",0.852,1,85.2,"Random",10,"Lepidoptera"
"28_Sutter_13_2013",0.856,1,85.6,"Random",10,"Lepidoptera"
"28_Sutter_13_2014",0.568,1,56.8,"Random",10,"Lepidoptera"
"28_Sutter_14_2013",0.766,1,76.6,"Random",10,"Lepidoptera"
"28_Sutter_17_2013",0.897,1,89.7,"Random",10,"Lepidoptera"
"28_Sutter_19_2013",0.743,1,74.3,"Random",10,"Lepidoptera"
"28_Sutter_1_2013",0.521,1,52.1,"Random",10,"Lepidoptera"
"28_Sutter_20_2013",0.405,1,40.5,"Random",10,"Lepidoptera"
"28_Sutter_21_2013",0.392,1,39.2,"Random",10,"Lepidoptera"
"28_Sutter_2_2013",0.915,1,91.5,"Random",10,"Lepidoptera"
"28_Sutter_3_2013",0.5,1,50,"Random",10,"Lepidoptera"
"28_Sutter_5_2013",0.801,1,80.1,"Random",10,"Lepidoptera"
"28_Sutter_8_2013",0.848,1,84.8,"Random",10,"Lepidoptera"
"2_Petanidou_Armolia_2015",0.859,2,42.95,"Random",10,"Lepidoptera"
"2_Petanidou_Emborios_2015",1.893,4,47.325,"Random",10,"Lepidoptera"
"2_Petanidou_Kato Fana_2015",0.99,1,99,"Random",10,"Lepidoptera"
"2_Petanidou_Palios Katarraktis_2015",0.547,2,27.35,"Random",10,"Lepidoptera"
"2_Petanidou_Vessa 2_2015",0.379,1,37.9,"Random",10,"Lepidoptera"
"37_White_An",1.298,2,64.9,"Random",10,"Lepidoptera"
"37_White_Bl",3.002,5,60.04,"Random",10,"Lepidoptera"
"37_White_Bn",0.514,1,51.4,"Random",10,"Lepidoptera"
"37_White_CW",1.135,2,56.75,"Random",10,"Lepidoptera"
"37_White_Ce",1.135,2,56.75,"Random",10,"Lepidoptera"
"37_White_Cn",1.45,3,48.3333333333333,"Random",10,"Lepidoptera"
"37_White_ED",0.964,1,96.4,"Random",10,"Lepidoptera"
"37_White_Fs",0.918,2,45.9,"Random",10,"Lepidoptera"
"37_White_JK",0.403,1,40.3,"Random",10,"Lepidoptera"
"37_White_Kr",0.689,2,34.45,"Random",10,"Lepidoptera"
"37_White_ND",0.81,2,40.5,"Random",10,"Lepidoptera"
"37_White_NG",0.479,1,47.9,"Random",10,"Lepidoptera"
"37_White_Pn",0.841,1,84.1,"Random",10,"Lepidoptera"
"40_Knight_Ghe_ari_2017",15.996,27,59.2444444444444,"Random",10,"Lepidoptera"
"41_Knight_1 wooded meadow_2018",0.999,2,49.95,"Random",10,"Lepidoptera"
"41_Knight_2 alvar pasture_2018",1.632,4,40.8,"Random",10,"Lepidoptera"
"41_Knight_3 alvar pasture_2018",0.954,2,47.7,"Random",10,"Lepidoptera"
"41_Knight_4 wooded meadow_2018",2.921,6,48.6833333333333,"Random",10,"Lepidoptera"
"41_Knight_5 wooded meadow_2018",4.769,11,43.3545454545455,"Random",10,"Lepidoptera"
"41_Knight_6 alvar pasture_2018",1.098,4,27.45,"Random",10,"Lepidoptera"
"42_Knight_M1Restored_2019",2.589,7,36.9857142857143,"Random",10,"Lepidoptera"
"42_Knight_M2Natural_2019",4.587,10,45.87,"Random",10,"Lepidoptera"
"42_Knight_M3Natural_2019",2.909,5,58.18,"Random",10,"Lepidoptera"
"42_Knight_M4Restored_2019",2.76,7,39.4285714285714,"Random",10,"Lepidoptera"
"42_Knight_M5Restored_2019",4.441,9,49.3444444444444,"Random",10,"Lepidoptera"
"42_Knight_M6Natural_2019",2.04,6,34,"Random",10,"Lepidoptera"
"42_Knight_M8Restored_2019",1.1,3,36.6666666666667,"Random",10,"Lepidoptera"
"44_Knight_M11_2018",0.824,3,27.4666666666667,"Random",10,"Lepidoptera"
"44_Knight_M12_2018",2.014,6,33.5666666666667,"Random",10,"Lepidoptera"
"44_Knight_M13_2018",0.903,3,30.1,"Random",10,"Lepidoptera"
"44_Knight_M15_2018",1.488,7,21.2571428571429,"Random",10,"Lepidoptera"
"44_Knight_M16_2018",1.406,4,35.15,"Random",10,"Lepidoptera"
"44_Knight_M17_2018",4.245,12,35.375,"Random",10,"Lepidoptera"
"44_Knight_M18_2018",1.282,3,42.7333333333333,"Random",10,"Lepidoptera"
"44_Knight_M1_2018",2.912,6,48.5333333333333,"Random",10,"Lepidoptera"
"44_Knight_M3_2018",1.631,6,27.1833333333333,"Random",10,"Lepidoptera"
"44_Knight_M4_2018",2.455,6,40.9166666666667,"Random",10,"Lepidoptera"
"44_Knight_M6_2018",0.401,3,13.3666666666667,"Random",10,"Lepidoptera"
"44_Knight_M8_2018",1.7,8,21.25,"Random",10,"Lepidoptera"
"45_Knight_Hermanovice_meadow_2018",3.568,8,44.6,"Random",10,"Lepidoptera"
"45_Knight_HorniGrunt_meadow_2018",4.969,10,49.69,"Random",10,"Lepidoptera"
"45_Knight_Mnichov_meadow_2018",10.05,16,62.8125,"Random",10,"Lepidoptera"
"46_Knight_Gora_Gipsowa_2018",3.922,12,32.6833333333333,"Random",10,"Lepidoptera"
"47_Benadi_1",5.842,33,17.7030303030303,"Random",10,"Lepidoptera"
"47_Benadi_2",5.639,20,28.195,"Random",10,"Lepidoptera"
"47_Benadi_3",2.943,13,22.6384615384615,"Random",10,"Lepidoptera"
"47_Benadi_4",4.15,13,31.9230769230769,"Random",10,"Lepidoptera"
"47_Benadi_5",4.703,22,21.3772727272727,"Random",10,"Lepidoptera"
"47_Benadi_6",4.126,16,25.7875,"Random",10,"Lepidoptera"
"4_Marini_UNIPD01 A_2018",5.059,10,50.59,"Random",10,"Lepidoptera"
"4_Marini_UNIPD01 An_2018",1.56,2,78,"Random",10,"Lepidoptera"
"4_Marini_UNIPD01 B_2018",2.787,7,39.8142857142857,"Random",10,"Lepidoptera"
"4_Marini_UNIPD01 Bn_2018",2.89,8,36.125,"Random",10,"Lepidoptera"
"4_Marini_UNIPD01 C_2018",3.499,11,31.8090909090909,"Random",10,"Lepidoptera"
"4_Marini_UNIPD01 Cn_2018",2.817,7,40.2428571428571,"Random",10,"Lepidoptera"
"4_Marini_UNIPD01 E_2018",4.68,15,31.2,"Random",10,"Lepidoptera"
"4_Marini_UNIPD01 En_2018",2.826,9,31.4,"Random",10,"Lepidoptera"
"4_Marini_UNIPD01 F_2018",2.485,5,49.7,"Random",10,"Lepidoptera"
"4_Marini_UNIPD01 Fn_2018",0,1,0,"Random",10,"Lepidoptera"
"4_Marini_UNIPD01 G_2018",4.031,9,44.7888888888889,"Random",10,"Lepidoptera"
"4_Marini_UNIPD01 Gn_2018",0.727,2,36.35,"Random",10,"Lepidoptera"
"4_Marini_UNIPD01 H_2018",2.298,14,16.4142857142857,"Random",10,"Lepidoptera"
"4_Marini_UNIPD01 Hn_2018",2.938,10,29.38,"Random",10,"Lepidoptera"
"4_Marini_UNIPD01 I_2018",7.35,18,40.8333333333333,"Random",10,"Lepidoptera"
"4_Marini_UNIPD01 In_2018",1.315,6,21.9166666666667,"Random",10,"Lepidoptera"
"50_Hervias-Parejo_Cala Tirant_2021",2.729,4,68.225,"Random",10,"Lepidoptera"
"50_Hervias-Parejo_Llucalari_2021",10.35,11,94.0909090909091,"Random",10,"Lepidoptera"
"50_Hervias-Parejo_Sa Bassa_2021",5.457,8,68.2125,"Random",10,"Lepidoptera"
"50_Hervias-Parejo_Salinas_2021",4.173,13,32.1,"Random",10,"Lepidoptera"
"50_Hervias-Parejo_Torre Fornells_2021",2.835,4,70.875,"Random",10,"Lepidoptera"
"50_Hervias-Parejo_coast Son Bou_2021",2,5,40,"Random",10,"Lepidoptera"
"51_Petanidou_Pyrgos_2013",2.321,6,38.6833333333333,"Random",10,"Lepidoptera"
"51_Petanidou_Sigri 3_2012",1.921,4,48.025,"Random",10,"Lepidoptera"
"54_Lazaro_AloeVera_2018_2018",1.794,3,59.8,"Random",10,"Lepidoptera"
"54_Lazaro_SonBaco_2018_2018",0.722,1,72.2,"Random",10,"Lepidoptera"
"54_Lazaro_SonMutNou_2018_2018",1.676,2,83.8,"Random",10,"Lepidoptera"
"54_Lazaro_UIB_2018_2018",0.748,1,74.8,"Random",10,"Lepidoptera"
"5_Marini_UNIPD02 AA_2019",1.089,2,54.45,"Random",10,"Lepidoptera"
"5_Marini_UNIPD02 AB_2019",1.87,4,46.75,"Random",10,"Lepidoptera"
"5_Marini_UNIPD02 AC_2019",1.531,4,38.275,"Random",10,"Lepidoptera"
"5_Marini_UNIPD02 AD_2019",0.478,1,47.8,"Random",10,"Lepidoptera"
"5_Marini_UNIPD02 AE_2019",2.917,5,58.34,"Random",10,"Lepidoptera"
"5_Marini_UNIPD02 AF_2019",7.074,9,78.6,"Random",10,"Lepidoptera"
"5_Marini_UNIPD02 AG_2019",1.999,6,33.3166666666667,"Random",10,"Lepidoptera"
"5_Marini_UNIPD02 AH_2019",1.789,5,35.78,"Random",10,"Lepidoptera"
"5_Marini_UNIPD02 AI_2019",0.934,2,46.7,"Random",10,"Lepidoptera"
"5_Marini_UNIPD02 AJ_2019",4,4,100,"Random",10,"Lepidoptera"
"5_Marini_UNIPD02 AK_2019",6,7,85.7142857142857,"Random",10,"Lepidoptera"
"5_Marini_UNIPD02 AL_2019",2.353,5,47.06,"Random",10,"Lepidoptera"
"5_Marini_UNIPD02 AM_2019",2.015,5,40.3,"Random",10,"Lepidoptera"
"5_Marini_UNIPD02 AN_2019",0.831,1,83.1,"Random",10,"Lepidoptera"
"5_Marini_UNIPD02 AO_2019",1.603,3,53.4333333333333,"Random",10,"Lepidoptera"
"5_Marini_UNIPD02 AP_2019",1.262,2,63.1,"Random",10,"Lepidoptera"
"5_Marini_UNIPD02 AT_2019",2.158,3,71.9333333333333,"Random",10,"Lepidoptera"
"5_Marini_UNIPD02 AV_2019",4,4,100,"Random",10,"Lepidoptera"
"5_Marini_UNIPD02 A_2019",2.066,4,51.65,"Random",10,"Lepidoptera"
"5_Marini_UNIPD02 B_2019",2.343,3,78.1,"Random",10,"Lepidoptera"
"5_Marini_UNIPD02 C_2019",0.543,1,54.3,"Random",10,"Lepidoptera"
"5_Marini_UNIPD02 D_2019",1.754,3,58.4666666666667,"Random",10,"Lepidoptera"
"5_Marini_UNIPD02 E_2019",0.855,1,85.5,"Random",10,"Lepidoptera"
"5_Marini_UNIPD02 G_2019",3.537,6,58.95,"Random",10,"Lepidoptera"
"5_Marini_UNIPD02 H_2019",1.641,2,82.05,"Random",10,"Lepidoptera"
"5_Marini_UNIPD02 I_2019",5.242,8,65.525,"Random",10,"Lepidoptera"
"5_Marini_UNIPD02 K_2019",3.972,7,56.7428571428571,"Random",10,"Lepidoptera"
"5_Marini_UNIPD02 L_2019",2.297,3,76.5666666666667,"Random",10,"Lepidoptera"
"5_Marini_UNIPD02 M_2019",3.044,6,50.7333333333333,"Random",10,"Lepidoptera"
"5_Marini_UNIPD02 N_2019",1.164,2,58.2,"Random",10,"Lepidoptera"
"5_Marini_UNIPD02 O_2019",1.352,2,67.6,"Random",10,"Lepidoptera"
"5_Marini_UNIPD02 P_2019",0.695,4,17.375,"Random",10,"Lepidoptera"
"5_Marini_UNIPD02 S_2019",1.252,2,62.6,"Random",10,"Lepidoptera"
"5_Marini_UNIPD02 T_2019",1.444,3,48.1333333333333,"Random",10,"Lepidoptera"
"5_Marini_UNIPD02 U_2019",0.706,2,35.3,"Random",10,"Lepidoptera"
"5_Marini_UNIPD02 V_2019",1.887,4,47.175,"Random",10,"Lepidoptera"
"5_Marini_UNIPD02 W_2019",3.845,7,54.9285714285714,"Random",10,"Lepidoptera"
"5_Marini_UNIPD02 X_2019",0.736,2,36.8,"Random",10,"Lepidoptera"
"5_Marini_UNIPD02 Y_2019",6.025,11,54.7727272727273,"Random",10,"Lepidoptera"
"5_Marini_UNIPD02 Z_2019",3.644,5,72.88,"Random",10,"Lepidoptera"
"11_Clough_ASK_2021_2021",0.301,1,30.1,"Random",5,"Lepidoptera"
"11_Clough_HAM_2021_2021",0.82,3,27.3333333333333,"Random",5,"Lepidoptera"
"11_Clough_KOM_2021_2021",0.835,3,27.8333333333333,"Random",5,"Lepidoptera"
"11_Clough_LOB_2021_2021",0.227,1,22.7,"Random",5,"Lepidoptera"
"11_Clough_PET_2021_2021",0.692,4,17.3,"Random",5,"Lepidoptera"
"11_Clough_TAG_2021_2021",1.017,3,33.9,"Random",5,"Lepidoptera"
"20_Hoiss_H5_2010",1.694,6,28.2333333333333,"Random",5,"Lepidoptera"
"20_Hoiss_H6_2010",0.682,4,17.05,"Random",5,"Lepidoptera"
"20_Hoiss_H7_2010",0.17,1,17,"Random",5,"Lepidoptera"
"20_Hoiss_HO1_2010",0.996,6,16.6,"Random",5,"Lepidoptera"
"20_Hoiss_T4_2010",0.884,5,17.68,"Random",5,"Lepidoptera"
"28_Sutter_10_2013",0.533,1,53.3,"Random",5,"Lepidoptera"
"28_Sutter_11_2013",0.599,1,59.9,"Random",5,"Lepidoptera"
"28_Sutter_13_2013",0.601,1,60.1,"Random",5,"Lepidoptera"
"28_Sutter_13_2014",0.327,1,32.7,"Random",5,"Lepidoptera"
"28_Sutter_14_2013",0.478,1,47.8,"Random",5,"Lepidoptera"
"28_Sutter_17_2013",0.663,1,66.3,"Random",5,"Lepidoptera"
"28_Sutter_19_2013",0.468,1,46.8,"Random",5,"Lepidoptera"
"28_Sutter_1_2013",0.326,1,32.6,"Random",5,"Lepidoptera"
"28_Sutter_20_2013",0.208,1,20.8,"Random",5,"Lepidoptera"
"28_Sutter_21_2013",0.205,1,20.5,"Random",5,"Lepidoptera"
"28_Sutter_2_2013",0.645,1,64.5,"Random",5,"Lepidoptera"
"28_Sutter_3_2013",0.284,1,28.4,"Random",5,"Lepidoptera"
"28_Sutter_5_2013",0.549,1,54.9,"Random",5,"Lepidoptera"
"28_Sutter_8_2013",0.554,1,55.4,"Random",5,"Lepidoptera"
"2_Petanidou_Armolia_2015",0.488,2,24.4,"Random",5,"Lepidoptera"
"2_Petanidou_Emborios_2015",1.015,4,25.375,"Random",5,"Lepidoptera"
"2_Petanidou_Kato Fana_2015",0.774,1,77.4,"Random",5,"Lepidoptera"
"2_Petanidou_Palios Katarraktis_2015",0.258,2,12.9,"Random",5,"Lepidoptera"
"2_Petanidou_Vessa 2_2015",0.186,1,18.6,"Random",5,"Lepidoptera"
"37_White_An",0.606,2,30.3,"Random",5,"Lepidoptera"
"37_White_Bl",1.711,5,34.22,"Random",5,"Lepidoptera"
"37_White_Bn",0.263,1,26.3,"Random",5,"Lepidoptera"
"37_White_CW",0.683,2,34.15,"Random",5,"Lepidoptera"
"37_White_Ce",0.572,2,28.6,"Random",5,"Lepidoptera"
"37_White_Cn",0.826,3,27.5333333333333,"Random",5,"Lepidoptera"
"37_White_ED",0.66,1,66,"Random",5,"Lepidoptera"
"37_White_Fs",0.46,2,23,"Random",5,"Lepidoptera"
"37_White_JK",0.195,1,19.5,"Random",5,"Lepidoptera"
"37_White_Kr",0.373,2,18.65,"Random",5,"Lepidoptera"
"37_White_ND",0.4,2,20,"Random",5,"Lepidoptera"
"37_White_NG",0.247,1,24.7,"Random",5,"Lepidoptera"
"37_White_Pn",0.425,1,42.5,"Random",5,"Lepidoptera"
"40_Knight_Ghe_ari_2017",9.87,27,36.5555555555556,"Random",5,"Lepidoptera"
"41_Knight_1 wooded meadow_2018",0.552,2,27.6,"Random",5,"Lepidoptera"
"41_Knight_2 alvar pasture_2018",0.891,4,22.275,"Random",5,"Lepidoptera"
"41_Knight_3 alvar pasture_2018",0.496,2,24.8,"Random",5,"Lepidoptera"
"41_Knight_4 wooded meadow_2018",1.718,6,28.6333333333333,"Random",5,"Lepidoptera"
"41_Knight_5 wooded meadow_2018",2.819,11,25.6272727272727,"Random",5,"Lepidoptera"
"41_Knight_6 alvar pasture_2018",0.552,4,13.8,"Random",5,"Lepidoptera"
"42_Knight_M1Restored_2019",1.478,7,21.1142857142857,"Random",5,"Lepidoptera"
"42_Knight_M2Natural_2019",2.552,10,25.52,"Random",5,"Lepidoptera"
"42_Knight_M3Natural_2019",1.932,5,38.64,"Random",5,"Lepidoptera"
"42_Knight_M4Restored_2019",1.648,7,23.5428571428571,"Random",5,"Lepidoptera"
"42_Knight_M5Restored_2019",2.732,9,30.3555555555556,"Random",5,"Lepidoptera"
"42_Knight_M6Natural_2019",1.165,6,19.4166666666667,"Random",5,"Lepidoptera"
"42_Knight_M8Restored_2019",0.558,3,18.6,"Random",5,"Lepidoptera"
"44_Knight_M11_2018",0.443,3,14.7666666666667,"Random",5,"Lepidoptera"
"44_Knight_M12_2018",1.012,6,16.8666666666667,"Random",5,"Lepidoptera"
"44_Knight_M13_2018",0.453,3,15.1,"Random",5,"Lepidoptera"
"44_Knight_M15_2018",0.7,7,10,"Random",5,"Lepidoptera"
"44_Knight_M16_2018",0.766,4,19.15,"Random",5,"Lepidoptera"
"44_Knight_M17_2018",2.114,12,17.6166666666667,"Random",5,"Lepidoptera"
"44_Knight_M18_2018",0.743,3,24.7666666666667,"Random",5,"Lepidoptera"
"44_Knight_M1_2018",1.944,6,32.4,"Random",5,"Lepidoptera"
"44_Knight_M3_2018",0.909,6,15.15,"Random",5,"Lepidoptera"
"44_Knight_M4_2018",1.366,6,22.7666666666667,"Random",5,"Lepidoptera"
"44_Knight_M6_2018",0.22,3,7.33333333333333,"Random",5,"Lepidoptera"
"44_Knight_M8_2018",0.833,8,10.4125,"Random",5,"Lepidoptera"
"45_Knight_Hermanovice_meadow_2018",2.13,8,26.625,"Random",5,"Lepidoptera"
"45_Knight_HorniGrunt_meadow_2018",3.126,10,31.26,"Random",5,"Lepidoptera"
"45_Knight_Mnichov_meadow_2018",6.14,16,38.375,"Random",5,"Lepidoptera"
"46_Knight_Gora_Gipsowa_2018",2.198,12,18.3166666666667,"Random",5,"Lepidoptera"
"47_Benadi_1",3.155,33,9.56060606060606,"Random",5,"Lepidoptera"
"47_Benadi_2",2.859,20,14.295,"Random",5,"Lepidoptera"
"47_Benadi_3",1.593,13,12.2538461538462,"Random",5,"Lepidoptera"
"47_Benadi_4",2.455,13,18.8846153846154,"Random",5,"Lepidoptera"
"47_Benadi_5",2.501,22,11.3681818181818,"Random",5,"Lepidoptera"
"47_Benadi_6",1.987,16,12.41875,"Random",5,"Lepidoptera"
"4_Marini_UNIPD01 A_2018",2.714,10,27.14,"Random",5,"Lepidoptera"
"4_Marini_UNIPD01 An_2018",0.912,2,45.6,"Random",5,"Lepidoptera"
"4_Marini_UNIPD01 B_2018",1.577,7,22.5285714285714,"Random",5,"Lepidoptera"
"4_Marini_UNIPD01 Bn_2018",1.519,8,18.9875,"Random",5,"Lepidoptera"
"4_Marini_UNIPD01 C_2018",1.915,11,17.4090909090909,"Random",5,"Lepidoptera"
"4_Marini_UNIPD01 Cn_2018",1.489,7,21.2714285714286,"Random",5,"Lepidoptera"
"4_Marini_UNIPD01 E_2018",2.507,15,16.7133333333333,"Random",5,"Lepidoptera"
"4_Marini_UNIPD01 En_2018",1.626,9,18.0666666666667,"Random",5,"Lepidoptera"
"4_Marini_UNIPD01 F_2018",1.449,5,28.98,"Random",5,"Lepidoptera"
"4_Marini_UNIPD01 Fn_2018",0,1,0,"Random",5,"Lepidoptera"
"4_Marini_UNIPD01 G_2018",2.091,9,23.2333333333333,"Random",5,"Lepidoptera"
"4_Marini_UNIPD01 Gn_2018",0.38,2,19,"Random",5,"Lepidoptera"
"4_Marini_UNIPD01 H_2018",1.139,14,8.13571428571429,"Random",5,"Lepidoptera"
"4_Marini_UNIPD01 Hn_2018",1.57,10,15.7,"Random",5,"Lepidoptera"
"4_Marini_UNIPD01 I_2018",4.046,18,22.4777777777778,"Random",5,"Lepidoptera"
"4_Marini_UNIPD01 In_2018",0.674,6,11.2333333333333,"Random",5,"Lepidoptera"
"50_Hervias-Parejo_Cala Tirant_2021",1.579,4,39.475,"Random",5,"Lepidoptera"
"50_Hervias-Parejo_Llucalari_2021",6.376,11,57.9636363636364,"Random",5,"Lepidoptera"
"50_Hervias-Parejo_Sa Bassa_2021",3.23,8,40.375,"Random",5,"Lepidoptera"
"50_Hervias-Parejo_Salinas_2021",2.249,13,17.3,"Random",5,"Lepidoptera"
"50_Hervias-Parejo_Torre Fornells_2021",1.913,4,47.825,"Random",5,"Lepidoptera"
"50_Hervias-Parejo_coast Son Bou_2021",1.42,5,28.4,"Random",5,"Lepidoptera"
"51_Petanidou_Pyrgos_2013",1.187,6,19.7833333333333,"Random",5,"Lepidoptera"
"51_Petanidou_Sigri 3_2012",0.989,4,24.725,"Random",5,"Lepidoptera"
"54_Lazaro_AloeVera_2018_2018",0.934,3,31.1333333333333,"Random",5,"Lepidoptera"
"54_Lazaro_SonBaco_2018_2018",0.363,1,36.3,"Random",5,"Lepidoptera"
"54_Lazaro_SonMutNou_2018_2018",0.858,2,42.9,"Random",5,"Lepidoptera"
"54_Lazaro_UIB_2018_2018",0.464,1,46.4,"Random",5,"Lepidoptera"
"5_Marini_UNIPD02 AA_2019",0.61,2,30.5,"Random",5,"Lepidoptera"
"5_Marini_UNIPD02 AB_2019",1.05,4,26.25,"Random",5,"Lepidoptera"
"5_Marini_UNIPD02 AC_2019",0.805,4,20.125,"Random",5,"Lepidoptera"
"5_Marini_UNIPD02 AD_2019",0.253,1,25.3,"Random",5,"Lepidoptera"
"5_Marini_UNIPD02 AE_2019",1.612,5,32.24,"Random",5,"Lepidoptera"
"5_Marini_UNIPD02 AF_2019",4.324,9,48.0444444444444,"Random",5,"Lepidoptera"
"5_Marini_UNIPD02 AG_2019",0.918,6,15.3,"Random",5,"Lepidoptera"
"5_Marini_UNIPD02 AH_2019",0.888,5,17.76,"Random",5,"Lepidoptera"
"5_Marini_UNIPD02 AI_2019",0.515,2,25.75,"Random",5,"Lepidoptera"
"5_Marini_UNIPD02 AJ_2019",1.937,4,48.425,"Random",5,"Lepidoptera"
"5_Marini_UNIPD02 AK_2019",3.361,7,48.0142857142857,"Random",5,"Lepidoptera"
"5_Marini_UNIPD02 AL_2019",1.266,5,25.32,"Random",5,"Lepidoptera"
"5_Marini_UNIPD02 AM_2019",1.032,5,20.64,"Random",5,"Lepidoptera"
"5_Marini_UNIPD02 AN_2019",0.405,1,40.5,"Random",5,"Lepidoptera"
"5_Marini_UNIPD02 AO_2019",0.848,3,28.2666666666667,"Random",5,"Lepidoptera"
"5_Marini_UNIPD02 AP_2019",0.568,2,28.4,"Random",5,"Lepidoptera"
"5_Marini_UNIPD02 AT_2019",1.16,3,38.6666666666667,"Random",5,"Lepidoptera"
"5_Marini_UNIPD02 AV_2019",2.296,4,57.4,"Random",5,"Lepidoptera"
"5_Marini_UNIPD02 A_2019",1.122,4,28.05,"Random",5,"Lepidoptera"
"5_Marini_UNIPD02 B_2019",1.573,3,52.4333333333333,"Random",5,"Lepidoptera"
"5_Marini_UNIPD02 C_2019",0.274,1,27.4,"Random",5,"Lepidoptera"
"5_Marini_UNIPD02 D_2019",0.874,3,29.1333333333333,"Random",5,"Lepidoptera"
"5_Marini_UNIPD02 E_2019",0.423,1,42.3,"Random",5,"Lepidoptera"
"5_Marini_UNIPD02 G_2019",2.006,6,33.4333333333333,"Random",5,"Lepidoptera"
"5_Marini_UNIPD02 H_2019",1.047,2,52.35,"Random",5,"Lepidoptera"
"5_Marini_UNIPD02 I_2019",2.711,8,33.8875,"Random",5,"Lepidoptera"
"5_Marini_UNIPD02 K_2019",2.056,7,29.3714285714286,"Random",5,"Lepidoptera"
"5_Marini_UNIPD02 L_2019",1.213,3,40.4333333333333,"Random",5,"Lepidoptera"
"5_Marini_UNIPD02 M_2019",1.558,6,25.9666666666667,"Random",5,"Lepidoptera"
"5_Marini_UNIPD02 N_2019",0.576,2,28.8,"Random",5,"Lepidoptera"
"5_Marini_UNIPD02 O_2019",0.722,2,36.1,"Random",5,"Lepidoptera"
"5_Marini_UNIPD02 P_2019",0.325,4,8.125,"Random",5,"Lepidoptera"
"5_Marini_UNIPD02 S_2019",0.784,2,39.2,"Random",5,"Lepidoptera"
"5_Marini_UNIPD02 T_2019",0.691,3,23.0333333333333,"Random",5,"Lepidoptera"
"5_Marini_UNIPD02 U_2019",0.347,2,17.35,"Random",5,"Lepidoptera"
"5_Marini_UNIPD02 V_2019",1.011,4,25.275,"Random",5,"Lepidoptera"
"5_Marini_UNIPD02 W_2019",2.21,7,31.5714285714286,"Random",5,"Lepidoptera"
"5_Marini_UNIPD02 X_2019",0.391,2,19.55,"Random",5,"Lepidoptera"
"5_Marini_UNIPD02 Y_2019",3.121,11,28.3727272727273,"Random",5,"Lepidoptera"
"5_Marini_UNIPD02 Z_2019",1.96,5,39.2,"Random",5,"Lepidoptera"
"11_Clough_ASK_2021_2021",0.198,1,19.8,"Random",3,"Lepidoptera"
"11_Clough_HAM_2021_2021",0.443,3,14.7666666666667,"Random",3,"Lepidoptera"
"11_Clough_KOM_2021_2021",0.55,3,18.3333333333333,"Random",3,"Lepidoptera"
"11_Clough_LOB_2021_2021",0.136,1,13.6,"Random",3,"Lepidoptera"
"11_Clough_PET_2021_2021",0.432,4,10.8,"Random",3,"Lepidoptera"
"11_Clough_TAG_2021_2021",0.572,3,19.0666666666667,"Random",3,"Lepidoptera"
"20_Hoiss_H5_2010",1.054,6,17.5666666666667,"Random",3,"Lepidoptera"
"20_Hoiss_H6_2010",0.432,4,10.8,"Random",3,"Lepidoptera"
"20_Hoiss_H7_2010",0.099,1,9.9,"Random",3,"Lepidoptera"
"20_Hoiss_HO1_2010",0.648,6,10.8,"Random",3,"Lepidoptera"
"20_Hoiss_T4_2010",0.487,5,9.74,"Random",3,"Lepidoptera"
"28_Sutter_10_2013",0.381,1,38.1,"Random",3,"Lepidoptera"
"28_Sutter_11_2013",0.417,1,41.7,"Random",3,"Lepidoptera"
"28_Sutter_13_2013",0.408,1,40.8,"Random",3,"Lepidoptera"
"28_Sutter_13_2014",0.191,1,19.1,"Random",3,"Lepidoptera"
"28_Sutter_14_2013",0.277,1,27.7,"Random",3,"Lepidoptera"
"28_Sutter_17_2013",0.475,1,47.5,"Random",3,"Lepidoptera"
"28_Sutter_19_2013",0.326,1,32.6,"Random",3,"Lepidoptera"
"28_Sutter_1_2013",0.185,1,18.5,"Random",3,"Lepidoptera"
"28_Sutter_20_2013",0.124,1,12.4,"Random",3,"Lepidoptera"
"28_Sutter_21_2013",0.137,1,13.7,"Random",3,"Lepidoptera"
"28_Sutter_2_2013",0.458,1,45.8,"Random",3,"Lepidoptera"
"28_Sutter_3_2013",0.168,1,16.8,"Random",3,"Lepidoptera"
"28_Sutter_5_2013",0.388,1,38.8,"Random",3,"Lepidoptera"
"28_Sutter_8_2013",0.377,1,37.7,"Random",3,"Lepidoptera"
"2_Petanidou_Armolia_2015",0.331,2,16.55,"Random",3,"Lepidoptera"
"2_Petanidou_Emborios_2015",0.536,4,13.4,"Random",3,"Lepidoptera"
"2_Petanidou_Kato Fana_2015",0.544,1,54.4,"Random",3,"Lepidoptera"
"2_Petanidou_Palios Katarraktis_2015",0.146,2,7.3,"Random",3,"Lepidoptera"
"2_Petanidou_Vessa 2_2015",0.097,1,9.7,"Random",3,"Lepidoptera"
"37_White_An",0.388,2,19.4,"Random",3,"Lepidoptera"
"37_White_Bl",1.065,5,21.3,"Random",3,"Lepidoptera"
"37_White_Bn",0.151,1,15.1,"Random",3,"Lepidoptera"
"37_White_CW",0.442,2,22.1,"Random",3,"Lepidoptera"
"37_White_Ce",0.331,2,16.55,"Random",3,"Lepidoptera"
"37_White_Cn",0.46,3,15.3333333333333,"Random",3,"Lepidoptera"
"37_White_ED",0.426,1,42.6,"Random",3,"Lepidoptera"
"37_White_Fs",0.316,2,15.8,"Random",3,"Lepidoptera"
"37_White_JK",0.112,1,11.2,"Random",3,"Lepidoptera"
"37_White_Kr",0.202,2,10.1,"Random",3,"Lepidoptera"
"37_White_ND",0.212,2,10.6,"Random",3,"Lepidoptera"
"37_White_NG",0.159,1,15.9,"Random",3,"Lepidoptera"
"37_White_Pn",0.247,1,24.7,"Random",3,"Lepidoptera"
"40_Knight_Ghe_ari_2017",6.982,27,25.8592592592593,"Random",3,"Lepidoptera"
"41_Knight_1 wooded meadow_2018",0.366,2,18.3,"Random",3,"Lepidoptera"
"41_Knight_2 alvar pasture_2018",0.561,4,14.025,"Random",3,"Lepidoptera"
"41_Knight_3 alvar pasture_2018",0.29,2,14.5,"Random",3,"Lepidoptera"
"41_Knight_4 wooded meadow_2018",1.059,6,17.65,"Random",3,"Lepidoptera"
"41_Knight_5 wooded meadow_2018",1.746,11,15.8727272727273,"Random",3,"Lepidoptera"
"41_Knight_6 alvar pasture_2018",0.324,4,8.1,"Random",3,"Lepidoptera"
"42_Knight_M1Restored_2019",0.948,7,13.5428571428571,"Random",3,"Lepidoptera"
"42_Knight_M2Natural_2019",1.582,10,15.82,"Random",3,"Lepidoptera"
"42_Knight_M3Natural_2019",1.215,5,24.3,"Random",3,"Lepidoptera"
"42_Knight_M4Restored_2019",1.06,7,15.1428571428571,"Random",3,"Lepidoptera"
"42_Knight_M5Restored_2019",1.732,9,19.2444444444444,"Random",3,"Lepidoptera"
"42_Knight_M6Natural_2019",0.679,6,11.3166666666667,"Random",3,"Lepidoptera"
"42_Knight_M8Restored_2019",0.364,3,12.1333333333333,"Random",3,"Lepidoptera"
"44_Knight_M11_2018",0.267,3,8.9,"Random",3,"Lepidoptera"
"44_Knight_M12_2018",0.698,6,11.6333333333333,"Random",3,"Lepidoptera"
"44_Knight_M13_2018",0.315,3,10.5,"Random",3,"Lepidoptera"
"44_Knight_M15_2018",0.493,7,7.04285714285714,"Random",3,"Lepidoptera"
"44_Knight_M16_2018",0.44,4,11,"Random",3,"Lepidoptera"
"44_Knight_M17_2018",1.45,12,12.0833333333333,"Random",3,"Lepidoptera"
"44_Knight_M18_2018",0.446,3,14.8666666666667,"Random",3,"Lepidoptera"
"44_Knight_M1_2018",1.354,6,22.5666666666667,"Random",3,"Lepidoptera"
"44_Knight_M3_2018",0.6,6,10,"Random",3,"Lepidoptera"
"44_Knight_M4_2018",0.737,6,12.2833333333333,"Random",3,"Lepidoptera"
"44_Knight_M6_2018",0.115,3,3.83333333333333,"Random",3,"Lepidoptera"
"44_Knight_M8_2018",0.494,8,6.175,"Random",3,"Lepidoptera"
"45_Knight_Hermanovice_meadow_2018",1.121,8,14.0125,"Random",3,"Lepidoptera"
"45_Knight_HorniGrunt_meadow_2018",2.045,10,20.45,"Random",3,"Lepidoptera"
"45_Knight_Mnichov_meadow_2018",4.288,16,26.8,"Random",3,"Lepidoptera"
"46_Knight_Gora_Gipsowa_2018",1.391,12,11.5916666666667,"Random",3,"Lepidoptera"
"47_Benadi_1",1.758,33,5.32727272727273,"Random",3,"Lepidoptera"
"47_Benadi_2",1.684,20,8.42,"Random",3,"Lepidoptera"
"47_Benadi_3",0.844,13,6.49230769230769,"Random",3,"Lepidoptera"
"47_Benadi_4",1.388,13,10.6769230769231,"Random",3,"Lepidoptera"
"47_Benadi_5",1.523,22,6.92272727272727,"Random",3,"Lepidoptera"
"47_Benadi_6",1.209,16,7.55625,"Random",3,"Lepidoptera"
"4_Marini_UNIPD01 A_2018",1.626,10,16.26,"Random",3,"Lepidoptera"
"4_Marini_UNIPD01 An_2018",0.58,2,29,"Random",3,"Lepidoptera"
"4_Marini_UNIPD01 B_2018",0.875,7,12.5,"Random",3,"Lepidoptera"
"4_Marini_UNIPD01 Bn_2018",0.928,8,11.6,"Random",3,"Lepidoptera"
"4_Marini_UNIPD01 C_2018",1.165,11,10.5909090909091,"Random",3,"Lepidoptera"
"4_Marini_UNIPD01 Cn_2018",0.855,7,12.2142857142857,"Random",3,"Lepidoptera"
"4_Marini_UNIPD01 E_2018",1.623,15,10.82,"Random",3,"Lepidoptera"
"4_Marini_UNIPD01 En_2018",0.99,9,11,"Random",3,"Lepidoptera"
"4_Marini_UNIPD01 F_2018",0.945,5,18.9,"Random",3,"Lepidoptera"
"4_Marini_UNIPD01 Fn_2018",0,1,0,"Random",3,"Lepidoptera"
"4_Marini_UNIPD01 G_2018",1.366,9,15.1777777777778,"Random",3,"Lepidoptera"
"4_Marini_UNIPD01 Gn_2018",0.212,2,10.6,"Random",3,"Lepidoptera"
"4_Marini_UNIPD01 H_2018",0.733,14,5.23571428571429,"Random",3,"Lepidoptera"
"4_Marini_UNIPD01 Hn_2018",0.9,10,9,"Random",3,"Lepidoptera"
"4_Marini_UNIPD01 I_2018",2.544,18,14.1333333333333,"Random",3,"Lepidoptera"
"4_Marini_UNIPD01 In_2018",0.394,6,6.56666666666667,"Random",3,"Lepidoptera"
"50_Hervias-Parejo_Cala Tirant_2021",0.966,4,24.15,"Random",3,"Lepidoptera"
"50_Hervias-Parejo_Llucalari_2021",4.118,11,37.4363636363636,"Random",3,"Lepidoptera"
"50_Hervias-Parejo_Sa Bassa_2021",2.062,8,25.775,"Random",3,"Lepidoptera"
"50_Hervias-Parejo_Salinas_2021",1.283,13,9.86923076923077,"Random",3,"Lepidoptera"
"50_Hervias-Parejo_Torre Fornells_2021",1.256,4,31.4,"Random",3,"Lepidoptera"
"50_Hervias-Parejo_coast Son Bou_2021",1.055,5,21.1,"Random",3,"Lepidoptera"
"51_Petanidou_Pyrgos_2013",0.703,6,11.7166666666667,"Random",3,"Lepidoptera"
"51_Petanidou_Sigri 3_2012",0.646,4,16.15,"Random",3,"Lepidoptera"
"54_Lazaro_AloeVera_2018_2018",0.54,3,18,"Random",3,"Lepidoptera"
"54_Lazaro_SonBaco_2018_2018",0.246,1,24.6,"Random",3,"Lepidoptera"
"54_Lazaro_SonMutNou_2018_2018",0.495,2,24.75,"Random",3,"Lepidoptera"
"54_Lazaro_UIB_2018_2018",0.272,1,27.2,"Random",3,"Lepidoptera"
"5_Marini_UNIPD02 AA_2019",0.346,2,17.3,"Random",3,"Lepidoptera"
"5_Marini_UNIPD02 AB_2019",0.64,4,16,"Random",3,"Lepidoptera"
"5_Marini_UNIPD02 AC_2019",0.439,4,10.975,"Random",3,"Lepidoptera"
"5_Marini_UNIPD02 AD_2019",0.146,1,14.6,"Random",3,"Lepidoptera"
"5_Marini_UNIPD02 AE_2019",0.863,5,17.26,"Random",3,"Lepidoptera"
"5_Marini_UNIPD02 AF_2019",2.77,9,30.7777777777778,"Random",3,"Lepidoptera"
"5_Marini_UNIPD02 AG_2019",0.629,6,10.4833333333333,"Random",3,"Lepidoptera"
"5_Marini_UNIPD02 AH_2019",0.517,5,10.34,"Random",3,"Lepidoptera"
"5_Marini_UNIPD02 AI_2019",0.331,2,16.55,"Random",3,"Lepidoptera"
"5_Marini_UNIPD02 AJ_2019",1.219,4,30.475,"Random",3,"Lepidoptera"
"5_Marini_UNIPD02 AK_2019",2.033,7,29.0428571428571,"Random",3,"Lepidoptera"
"5_Marini_UNIPD02 AL_2019",0.755,5,15.1,"Random",3,"Lepidoptera"
"5_Marini_UNIPD02 AM_2019",0.669,5,13.38,"Random",3,"Lepidoptera"
"5_Marini_UNIPD02 AN_2019",0.233,1,23.3,"Random",3,"Lepidoptera"
"5_Marini_UNIPD02 AO_2019",0.535,3,17.8333333333333,"Random",3,"Lepidoptera"
"5_Marini_UNIPD02 AP_2019",0.392,2,19.6,"Random",3,"Lepidoptera"
"5_Marini_UNIPD02 AT_2019",0.759,3,25.3,"Random",3,"Lepidoptera"
"5_Marini_UNIPD02 AV_2019",1.414,4,35.35,"Random",3,"Lepidoptera"
"5_Marini_UNIPD02 A_2019",0.674,4,16.85,"Random",3,"Lepidoptera"
"5_Marini_UNIPD02 B_2019",1.184,3,39.4666666666667,"Random",3,"Lepidoptera"
"5_Marini_UNIPD02 C_2019",0.157,1,15.7,"Random",3,"Lepidoptera"
"5_Marini_UNIPD02 D_2019",0.519,3,17.3,"Random",3,"Lepidoptera"
"5_Marini_UNIPD02 E_2019",0.23,1,23,"Random",3,"Lepidoptera"
"5_Marini_UNIPD02 G_2019",1.247,6,20.7833333333333,"Random",3,"Lepidoptera"
"5_Marini_UNIPD02 H_2019",0.703,2,35.15,"Random",3,"Lepidoptera"
"5_Marini_UNIPD02 I_2019",1.6,8,20,"Random",3,"Lepidoptera"
"5_Marini_UNIPD02 K_2019",1.256,7,17.9428571428571,"Random",3,"Lepidoptera"
"5_Marini_UNIPD02 L_2019",0.711,3,23.7,"Random",3,"Lepidoptera"
"5_Marini_UNIPD02 M_2019",1.027,6,17.1166666666667,"Random",3,"Lepidoptera"
"5_Marini_UNIPD02 N_2019",0.356,2,17.8,"Random",3,"Lepidoptera"
"5_Marini_UNIPD02 O_2019",0.449,2,22.45,"Random",3,"Lepidoptera"
"5_Marini_UNIPD02 P_2019",0.188,4,4.7,"Random",3,"Lepidoptera"
"5_Marini_UNIPD02 S_2019",0.573,2,28.65,"Random",3,"Lepidoptera"
"5_Marini_UNIPD02 T_2019",0.414,3,13.8,"Random",3,"Lepidoptera"
"5_Marini_UNIPD02 U_2019",0.201,2,10.05,"Random",3,"Lepidoptera"
"5_Marini_UNIPD02 V_2019",0.578,4,14.45,"Random",3,"Lepidoptera"
"5_Marini_UNIPD02 W_2019",1.176,7,16.8,"Random",3,"Lepidoptera"
"5_Marini_UNIPD02 X_2019",0.216,2,10.8,"Random",3,"Lepidoptera"
"5_Marini_UNIPD02 Y_2019",2.029,11,18.4454545454545,"Random",3,"Lepidoptera"
"5_Marini_UNIPD02 Z_2019",1.217,5,24.34,"Random",3,"Lepidoptera"
