"","Study_Network_id","pollinator_count_Abun5","shannon_index_abun5_Abun5","total_pollinator_count_Abun5","percentage_Abun5","pollinator_count_Abun3","shannon_index_abun3_Abun3","total_pollinator_count_Abun3","percentage_Abun3","pollinator_count_Abun10","total_pollinator_count_Abun10","percentage_Abun10","pollinator_count_FlwShape5","shannon_index_flw5_FlwShape5","total_pollinator_count_FlwShape5","percentage_FlwShape5","pollinator_count_FlwShape3","shannon_index_flw3_FlwShape3","total_pollinator_count_FlwShape3","percentage_FlwShape3","pollinator_count_Pylo10","total_pollinator_count_Pylo10","percentage_Pylo10","pollinator_count_Pylo5","total_pollinator_count_Pylo5","percentage_Pylo5","pollinator_count_Pylo3","total_pollinator_count_Pylo3","percentage_Pylo3","random_mean_Random10","random_sd_Random10","total_pollinator_count_Random10","random_mean_percentage_Random10","random_sd_percentage_Random10","random_mean_Random5","random_sd_Random5","total_pollinator_count_Random5","random_mean_percentage_Random5","random_sd_percentage_Random5","random_mean_Random3","random_sd_Random3","total_pollinator_count_Random3","random_mean_percentage_Random3","random_sd_percentage_Random3"
"1","11_Clough_ASK_2021_2021",6,1.73286795139986,19,31.5789473684211,5,1.5498260458782,19,26.3157894736842,15,19,78.9473684210526,6,1.73286795139986,19,31.5789473684211,5,1.5498260458782,19,26.3157894736842,17,19,89.4736842105263,8,19,42.1052631578947,6,19,31.5789473684211,12.88,2.64283646572855,19,67.7894736842105,13.9096656090976,7.23,2.94070531467329,19,38.0526315789474,15.4773963930173,4.62,2.75412149063639,19,24.3157894736842,14.4953762665073
"2","11_Clough_HAM_2021_2021",7,1.88915916375402,38,18.4210526315789,7,1.90615474653985,38,18.4210526315789,32,38,84.2105263157895,20,2.6630162748489,38,52.6315789473684,7,1.90615474653985,38,18.4210526315789,14,38,36.8421052631579,18,38,47.3684210526316,1,38,2.63157894736842,21.193,7.41368421998899,38,55.771052631579,19.5096953157605,12.241,7.55963405642542,38,32.2131578947368,19.8937738326985,8.414,7.0777608534549,38,22.1421052631579,18.6256864564603
"3","11_Clough_KOM_2021_2021",10,2.09635257946414,23,43.4782608695652,9,1.98673164880819,23,39.1304347826087,16,23,69.5652173913043,13,2.37235028770368,23,56.5217391304348,9,1.98673164880819,23,39.1304347826087,15,23,65.2173913043478,6,23,26.0869565217391,4,23,17.3913043478261,13.001,4.78517469868101,23,56.5260869565217,20.8051073855696,6.973,4.72489106706129,23,30.3173913043478,20.5430046393969,4.308,4.1579351154659,23,18.7304347826087,18.0779787628952
"4","11_Clough_LOB_2021_2021",12,2.35946568748707,19,63.1578947368421,12,2.34573740386181,19,63.1578947368421,13,19,68.4210526315789,7,1.88915916375402,19,36.8421052631579,7,1.90615474653985,19,36.8421052631579,14,19,73.6842105263158,13,19,68.4210526315789,5,19,26.3157894736842,9.894,3.03907880779686,19,52.0736842105263,15.9951516199835,5.371,2.9866836590572,19,28.2684210526316,15.7193876792484,3.375,2.63919312297155,19,17.7631578947368,13.8904901209029
"5","11_Clough_PET_2021_2021",5,1.23426786607908,36,13.8888888888889,5,1.23426786607908,36,13.8888888888889,17,36,47.2222222222222,4,1.03356205420682,36,11.1111111111111,4,1.03356205420682,36,11.1111111111111,20,36,55.5555555555556,4,36,11.1111111111111,1,36,2.77777777777778,15.169,5.52240309430016,36,42.1361111111111,15.3400085952782,8.215,4.97669996509158,36,22.8194444444444,13.8241665696988,5.217,4.28348681091226,36,14.4916666666667,11.8985744747563
"6","11_Clough_TAG_2021_2021",6,1.64173471218752,35,17.1428571428571,1,0,35,2.85714285714286,21,35,60,6,1.54030582522652,35,17.1428571428571,1,0,35,2.85714285714286,6,35,17.1428571428571,5,35,14.2857142857143,4,35,11.4285714285714,15.271,5.83039900457529,35,43.6314285714286,16.6582828702151,8.616,5.5370753293777,35,24.6171428571429,15.8202152267934,4.967,4.50779671582817,35,14.1914285714286,12.8794191880805
"7","12_Ockinger_Norrang_Ryckelsby_Og",10,1.90803004371026,21,47.6190476190476,4,1.33217904021012,21,19.047619047619,15,21,71.4285714285714,12,1.9259906308084,21,57.1428571428571,10,1.90803004371026,21,47.6190476190476,16,21,76.1904761904762,7,21,33.3333333333333,1,21,4.76190476190476,11.008,3.4304086788171,21,52.4190476190476,16.3352794229386,6.356,3.41070328479287,21,30.2666666666667,16.2414442132994,4.059,2.97697520671258,21,19.3285714285714,14.176072412917
"8","12_Ockinger_Sattra_Og",5,1.42706104338072,11,45.4545454545455,3,0.867563228481461,11,27.2727272727273,6,11,54.5454545454545,5,1.27544886975232,11,45.4545454545455,3,0.867563228481461,11,27.2727272727273,4,11,36.3636363636364,5,11,45.4545454545455,4,11,36.3636363636364,5.763,1.57521817927305,11,52.3909090909091,14.3201652661187,3.293,1.51507308287305,11,29.9363636363636,13.7733916624823,2.108,1.3653571694616,11,19.1636363636364,12.4123379041964
"9","12_Ockinger_St_Tadinge",13,2.16790790013692,18,72.2222222222222,10,1.91224167912329,18,55.5555555555556,13,18,72.2222222222222,12,2.05314278293654,18,66.6666666666667,12,2.04105047117741,18,66.6666666666667,6,18,33.3333333333333,7,18,38.8888888888889,1,18,5.55555555555556,8.801,2.78768186315623,18,48.8944444444444,15.487121461979,4.812,2.64152108332181,18,26.7333333333333,14.6751171295656,3.055,2.43472850702145,18,16.9722222222222,13.5262694834525
"10","12_Ockinger_Tjalinge_Skogstibble",5,1.38629436111989,18,27.7777777777778,5,1.47507631105469,18,27.7777777777778,9,18,50,5,1.47507631105469,18,27.7777777777778,5,1.47507631105469,18,27.7777777777778,8,18,44.4444444444444,4,18,22.2222222222222,3,18,16.6666666666667,6.876,2.13194023583429,18,38.2,11.8441124213016,3.735,1.85640007035693,18,20.75,10.3133337242052,2.239,1.59261276379898,18,12.4388888888889,8.84784868777209
"11","2_Petanidou_Armolia_2015",41,1.9858031064923,73,56.1643835616438,38,1.96617618748004,73,52.0547945205479,63,73,86.3013698630137,47,2.24976612575226,73,64.3835616438356,46,2.24358276015592,73,63.013698630137,49,73,67.1232876712329,3,73,4.10958904109589,6,73,8.21917808219178,26.768,10.8726441305871,73,36.6684931506849,14.8940330555988,14.081,9.13815872837329,73,19.2890410958904,12.5180256553059,9.226,8.31047459462984,73,12.6383561643836,11.3842117734655
"12","2_Petanidou_Emborios_2015",68,2.64769636380096,80,85,44,2.29290556622891,80,55,76,80,95,49,2.49520848973503,80,61.25,49,2.50095596382318,80,61.25,44,80,55,24,80,30,32,80,40,47.359,12.2057814211176,80,59.19875,15.257226776397,27.007,12.9759518466402,80,33.75875,16.2199398083003,16.962,11.269674421276,80,21.2025,14.0870930265949
"13","2_Petanidou_Gridia_2015",42,2.70204798556248,73,57.5342465753425,29,2.65992140222654,73,39.7260273972603,56,73,76.7123287671233,30,2.43007228757981,73,41.0958904109589,16,2.24763085514534,73,21.9178082191781,35,73,47.945205479452,18,73,24.6575342465753,4,73,5.47945205479452,27.425,9.23448161244857,73,37.5684931506849,12.6499748115734,15.442,7.99403155738958,73,21.1534246575342,10.9507281608076,9.536,6.72948660671748,73,13.0630136986301,9.21847480372258
"14","2_Petanidou_Kato Fana_2015",44,2.22424547743026,60,73.3333333333333,39,1.94778541451112,60,65,51,60,85,42,2.01269373231002,60,70,39,1.94778541451112,60,65,NA,NA,NA,41,60,68.3333333333333,41,60,68.3333333333333,42.05,10.2181167496711,60,70.0833333333333,17.0301945827852,24.294,12.4442928454945,60,40.49,20.7404880758241,15.929,11.6555484989258,60,26.5483333333333,19.4259141648763
"15","2_Petanidou_Palios Katarraktis_2015",28,2.56702311107142,73,38.3561643835616,22,2.439782095338,73,30.1369863013699,52,73,71.2328767123288,41,2.44119614088401,73,56.1643835616438,28,2.47093471667351,73,38.3561643835616,9,73,12.3287671232877,7,73,9.58904109589041,2,73,2.73972602739726,22.794,10.5099011423525,73,31.2246575342466,14.3971248525376,12.345,9.00761411873933,73,16.9109589041096,12.3391974229306,7.077,7.0521488784486,73,9.6945205479452,9.66047791568301
"16","2_Petanidou_Vessa 2_2015",55,1.97481710067308,98,56.1224489795918,46,1.86390294029713,98,46.9387755102041,69,98,70.4081632653061,38,1.16984426179372,98,38.7755102040816,25,0.717153672686413,98,25.5102040816327,46,98,46.9387755102041,33,98,33.6734693877551,24,98,24.4897959183673,42.154,14.1141593264882,98,43.0142857142857,14.4022033943757,22.48,12.409980161451,98,22.9387755102041,12.6632450627051,14.572,10.7659054761186,98,14.869387755102,10.9856178327741
"17","20_Hoiss_H5_2010",50,3.47656051500146,81,61.7283950617284,29,3.01020368527089,81,35.8024691358025,64,81,79.0123456790123,57,3.57412870122975,81,70.3703703703704,50,3.47656051500146,81,61.7283950617284,47,81,58.0246913580247,2,81,2.46913580246914,12,81,14.8148148148148,38.756,12.7568491878364,81,47.8469135802469,15.749196528193,22.817,12.7068869506255,81,28.1691358024691,15.6875147538586,14.421,11.8029262502173,81,17.8037037037037,14.5715138891571
"18","20_Hoiss_H6_2010",21,2.65271569756665,36,58.3333333333333,8,1.90728399932138,36,22.2222222222222,25,36,69.4444444444444,23,2.71594184913152,36,63.8888888888889,16,2.36517770557267,36,44.4444444444444,2,36,5.55555555555556,2,36,5.55555555555556,12,36,33.3333333333333,13.248,5.36276563493644,36,36.8,14.8965712081568,7.373,4.85133037489784,36,20.4805555555556,13.4759177080496,4.666,4.28214674909452,36,12.9611111111111,11.8948520808181
"19","20_Hoiss_H7_2010",17,2.63598004540906,38,44.7368421052632,15,2.51022103112419,38,39.4736842105263,26,38,68.4210526315789,17,2.63987398177149,38,44.7368421052632,15,2.51022103112419,38,39.4736842105263,24,38,63.1578947368421,15,38,39.4736842105263,5,38,13.1578947368421,13.92,5.55864178540932,38,36.6315789473684,14.6280046984456,7.508,5.00569605479528,38,19.7578947368421,13.1728843547244,4.691,4.18939972669953,38,12.3447368421053,11.0247361228935
"20","20_Hoiss_HO1_2010",15,2.3543849084592,52,28.8461538461538,6,1.45170037909046,52,11.5384615384615,40,52,76.9230769230769,19,2.48091353559543,52,36.5384615384615,15,2.34705525058688,52,28.8461538461538,10,52,19.2307692307692,2,52,3.84615384615385,1,52,1.92307692307692,19.638,10.981053662538,52,37.7653846153846,21.1174108894962,11.231,9.60176196501626,52,21.5980769230769,18.4649268558005,6.798,7.89236881332122,52,13.0730769230769,15.17763233331
"21","20_Hoiss_HO5_2010",36,2.96193961557792,57,63.1578947368421,30,2.7776650654642,57,52.6315789473684,44,57,77.1929824561403,33,2.84757246703629,57,57.8947368421053,24,2.49677009160541,57,42.1052631578947,24,57,42.1052631578947,2,57,3.50877192982456,0,57,0,17.099,9.50523795328389,57,29.9982456140351,16.6758560583928,9.167,8.26180176283408,57,16.0824561403509,14.4943890576037,5.776,6.80074070039978,57,10.1333333333333,11.9311240357891
"22","20_Hoiss_T4_2010",25,2.55745092989021,61,40.9836065573771,22,2.55156913204324,61,36.0655737704918,30,61,49.1803278688525,23,2.58999411767468,61,37.7049180327869,22,2.55156913204324,61,36.0655737704918,27,61,44.2622950819672,10,61,16.3934426229508,0,61,0,20.52,8.52327673176498,61,33.6393442622951,13.9725848061721,10.871,7.77127735650657,61,17.8213114754098,12.7397989450927,6.891,6.86981173783629,61,11.2967213114754,11.2619864554693
"23","22_Kallnik_h1_2012",6,1.45935941234753,11,54.5454545454545,3,0.955699891112534,11,27.2727272727273,6,11,54.5454545454545,4,0.558647856979826,11,36.3636363636364,4,0.940447988655326,11,36.3636363636364,2,11,18.1818181818182,0,11,0,0,11,0,3.823,2.77369146884875,11,34.7545454545455,25.2153769895341,2.275,2.55732573500423,11,20.6818181818182,23.2484157727657,1.485,2.18415785728631,11,13.5,19.8559805207847
"24","22_Kallnik_h2_2011",10,1.74695562979398,11,90.9090909090909,10,1.74186342070437,11,90.9090909090909,10,11,90.9090909090909,8,1.5596072520582,11,72.7272727272727,8,1.49499737942199,11,72.7272727272727,2,11,18.1818181818182,2,11,18.1818181818182,2,11,18.1818181818182,6.666,2.18247730966606,11,60.6,19.840702815146,4.714,2.69693853794955,11,42.8545454545455,24.5176230722687,3.24,2.75063010344284,11,29.4545454545455,25.0057282131167
"25","22_Kallnik_h3_2011",8,1.6810872196441,10,80,8,1.6810872196441,10,80,8,10,80,8,1.69232271784235,10,80,8,1.64123407941859,10,80,5,10,50,1,10,10,0,10,0,5.226,2.33031207231013,10,52.26,23.3031207231013,3.478,2.60927659023039,10,34.78,26.0927659023039,2.17,2.3483216591035,10,21.7,23.483216591035
"26","22_Kallnik_h4_2010",5,1.23605293425955,10,50,2,0.693147180559945,10,20,6,10,60,NA,NA,NA,NA,NA,NA,NA,NA,1,10,10,0,10,0,0,10,0,2.243,2.30895696847782,10,22.43,23.0895696847782,1.136,1.85335882627702,10,11.36,18.5335882627702,0.795,1.64550377777831,10,7.95,16.4550377777831
"27","22_Kallnik_h4_2011",8,1.24908958576761,10,80,7,1.2424737327734,10,70,9,10,90,8,1.55659712344474,10,80,7,1.2424737327734,10,70,5,10,50,1,10,10,0,10,0,5.297,2.24852103544682,10,52.97,22.4852103544682,3.441,2.46507517037424,10,34.41,24.6507517037424,2.302,2.28604943560327,10,23.02,22.8604943560327
"28","22_Kallnik_h5_2011",10,1.78358738078491,11,90.9090909090909,9,1.73586587551365,11,81.8181818181818,11,11,100,10,1.83673011980666,11,90.9090909090909,9,1.73586587551365,11,81.8181818181818,5,11,45.4545454545455,3,11,27.2727272727273,0,11,0,7.789,2.66112017025924,11,70.8090909090909,24.1920015478113,5.088,3.52571789663987,11,46.2545454545455,32.0519808785443,3.7,3.57614160636695,11,33.6363636363636,32.5103782396995
"29","22_Kallnik_h5_2012",7,1.68485761629278,11,63.6363636363636,5,1.32097110409046,11,45.4545454545455,11,11,100,7,1.68485761629278,11,63.6363636363636,5,1.32097110409046,11,45.4545454545455,4,11,36.3636363636364,0,11,0,0,11,0,4.633,2.62320265938265,11,42.1181818181818,23.8472969034786,2.579,2.51755776440127,11,23.4454545454545,22.8868887672842,1.64,2.15291315083424,11,14.9090909090909,19.5719377348568
"30","22_Kallnik_h6_2011",6,0.89866207679872,10,60,3,0.639031859650177,10,30,8,10,80,7,1.41094141139416,10,70,3,0.639031859650177,10,30,4,10,40,0,10,0,0,10,0,3.556,1.86288333889547,10,35.56,18.6288333889547,1.985,1.55344397652062,10,19.85,15.5344397652062,1.268,1.41073249277323,10,12.68,14.1073249277323
"31","22_Kallnik_h7_2011",6,1.353599065664,10,60,6,1.02820909820845,10,60,7,10,70,5,1.07070920226867,10,50,5,1.43963005988676,10,50,6,10,60,0,10,0,0,10,0,4.253,1.95622540056554,10,42.53,19.5622540056554,2.684,1.91410757477416,10,26.84,19.1410757477416,1.797,1.79025026071664,10,17.97,17.9025026071664
"32","22_Kallnik_ho2_2011",4,0.691542401760695,10,40,4,0.631878081872648,10,40,8,10,80,6,1.07459671713744,10,60,4,0.631878081872648,10,40,4,10,40,2,10,20,5,10,50,6.153,1.66504155004113,10,61.53,16.6504155004113,4.225,2.04806483529442,10,42.25,20.4806483529442,2.919,2.02695524063743,10,29.19,20.2695524063743
"33","22_Kallnik_ho3_2011",8,0.911974126453336,12,66.6666666666667,5,1.15588513946727,12,41.6666666666667,12,12,100,11,1.60381674997229,12,91.6666666666667,5,1.15588513946727,12,41.6666666666667,10,12,83.3333333333333,1,12,8.33333333333333,3,12,25,7.086,2.31213104082575,12,59.05,19.2677586735479,4.614,2.81690236588685,12,38.45,23.4741863823904,3.028,2.69006551081055,12,25.2333333333333,22.417212590088
"34","22_Kallnik_ho3_2012",7,1.54458723480813,10,70,2,0.693147180559945,10,20,8,10,80,7,1.54458723480813,10,70,2,0.693147180559945,10,20,8,10,80,1,10,10,3,10,30,5.562,2.07471936908596,10,55.62,20.7471936908596,3.601,2.34804435910234,10,36.01,23.4804435910234,2.321,2.21107391279619,10,23.21,22.1107391279619
"35","22_Kallnik_ho4_2010",7,1.52687814727459,10,70,0,NA,10,0,9,10,90,3,1.03972077083992,10,30,3,1.03972077083992,10,30,2,10,20,0,10,0,0,10,0,3.677,2.48210230083932,10,36.77,24.8210230083932,2.119,2.22616144850161,10,21.19,22.2616144850161,1.327,1.87819024558179,10,13.27,18.7819024558179
"36","22_Kallnik_ho4_2011",12,1.9423256031128,13,92.3076923076923,12,1.86429408965273,13,92.3076923076923,12,13,92.3076923076923,12,1.98730758125413,13,92.3076923076923,12,1.97978857855147,13,92.3076923076923,6,13,46.1538461538462,1,13,7.69230769230769,0,13,0,6.025,3.64742082555313,13,46.3461538461538,28.0570832734856,3.569,3.50421439391464,13,27.4538461538462,26.9554953378049,2.383,3.10901543530697,13,18.3307692307692,23.9155033485151
"37","22_Kallnik_ho4_2012",9,1.55716503204829,12,75,9,1.55716503204829,12,75,10,12,83.3333333333333,9,1.55716503204829,12,75,9,1.55716503204829,12,75,4,12,33.3333333333333,1,12,8.33333333333333,0,12,0,5.751,2.50664761829067,12,47.925,20.8887301524222,3.23,2.63629475780878,12,26.9166666666667,21.9691229817398,2.227,2.37172850387562,12,18.5583333333333,19.7644041989635
"38","22_Kallnik_ho5_2011",5,1.06427804073861,12,41.6666666666667,3,1.05492016798614,12,25,6,12,50,6,1.13691782352383,12,50,5,1.04032898986781,12,41.6666666666667,3,12,25,0,12,0,0,12,0,6.019,2.44143392284116,12,50.1583333333333,20.345282690343,3.595,2.48579044856041,12,29.9583333333333,20.7149204046701,2.424,2.36173703062001,12,20.2,19.6811419218334
"39","22_Kallnik_wma3_2011",4,0.754996758130825,10,40,1,0,10,10,5,10,50,2,0.562335144618808,10,20,1,0,10,10,4,10,40,3,10,30,1,10,10,5.643,2.32054647355659,10,56.43,23.2054647355659,3.528,2.5608150604395,10,35.28,25.608150604395,2.316,2.36341484503456,10,23.16,23.6341484503456
"40","22_Kallnik_wma3_2012",2,0.693147180559945,10,20,2,0.693147180559945,10,20,5,10,50,5,1.3896811919839,10,50,2,0.693147180559945,10,20,7,10,70,2,10,20,3,10,30,4.136,1.84849152579094,10,41.36,18.4849152579094,2.467,1.92525780549453,10,24.67,19.2525780549453,1.555,1.72567463704864,10,15.55,17.2567463704864
"41","22_Kallnik_wma4_2011",5,0.568501250598027,11,45.4545454545455,4,0.433452981522884,11,36.3636363636364,8,11,72.7272727272727,4,0.489847371746712,11,36.3636363636364,4,0.489847371746712,11,36.3636363636364,6,11,54.5454545454545,1,11,9.09090909090909,5,11,45.4545454545455,4.028,2.15077703210766,11,36.6181818181818,19.552518473706,2.197,1.92922598803585,11,19.9727272727273,17.5384180730532,1.423,1.69733672320844,11,12.9363636363636,15.4303338473494
"42","22_Kallnik_wma5_2011",8,1.75577055813971,10,80,5,1.43770144364294,10,50,10,10,100,6,1.43645539334057,10,60,5,1.43770144364294,10,50,10,10,100,6,10,60,2,10,20,5.239,2.60512296555569,10,52.39,26.0512296555569,3.058,2.52923566182217,10,30.58,25.2923566182217,2.017,2.36522838332904,10,20.17,23.6522838332904
"43","22_Kallnik_wmb1_2012",8,1.56512330834098,11,72.7272727272727,7,1.05597810652,11,63.6363636363636,10,11,90.9090909090909,8,1.33334415020155,11,72.7272727272727,8,1.54388183367957,11,72.7272727272727,8,11,72.7272727272727,8,11,72.7272727272727,7,11,63.6363636363636,4.663,2.41355676466419,11,42.3909090909091,21.9414251333108,2.85,2.47419110450701,11,25.9090909090909,22.4926464046092,1.958,2.3430163733371,11,17.8,21.3001488485191
"44","22_Kallnik_wmb2_2011",4,0.595857735602294,12,33.3333333333333,1,0,12,8.33333333333333,9,12,75,5,0.529309487158559,12,41.6666666666667,1,0,12,8.33333333333333,5,12,41.6666666666667,2,12,16.6666666666667,2,12,16.6666666666667,5.663,2.20142619164879,12,47.1916666666667,18.3452182637399,3.435,2.50000500499999,12,28.625,20.8333750416666,2.257,2.30266220997637,12,18.8083333333333,19.1888517498031
"45","22_Kallnik_wmb2_2012",4,0.937155853065701,11,36.3636363636364,4,0.937155853065701,11,36.3636363636364,6,11,54.5454545454545,4,1.15805104969053,11,36.3636363636364,NA,NA,NA,NA,3,11,27.2727272727273,0,11,0,0,11,0,4.882,2.36297686397046,11,44.3818181818182,21.4816078542769,2.994,2.488002040625,11,27.2181818181818,22.6182003693182,2.044,2.33784719978221,11,18.5818181818182,21.2531563616565
"46","22_Kallnik_wmb3_2011",8,1.85533515159059,10,80,8,1.68166909549643,10,80,9,10,90,8,1.85533515159059,10,80,8,1.68166909549643,10,80,3,10,30,1,10,10,5,10,50,5.165,2.0059408761972,10,51.65,20.059408761972,3.049,2.11212216977618,10,30.49,21.1212216977619,2.035,1.95949345868125,10,20.35,19.5949345868125
"47","22_Kallnik_wmb3_2012",6,1.4821186134672,10,60,1,0,10,10,9,10,90,6,1.57425841604489,10,60,1,0,10,10,7,10,70,7,10,70,0,10,0,4.466,2.15069046342552,10,44.66,21.5069046342552,2.647,2.21433834232583,10,26.47,22.1433834232583,1.934,2.14621766143377,10,19.34,21.4621766143377
"48","22_Kallnik_wmb4_2010",9,1.39607248651493,12,75,9,1.39607248651493,12,75,9,12,75,9,1.43767199743919,12,75,9,1.39607248651493,12,75,0,12,0,0,12,0,0,12,0,4.151,3.05442769247015,12,34.5916666666667,25.4535641039179,2.394,2.84338686232613,12,19.95,23.6948905193844,1.694,2.5979055242855,12,14.1166666666667,21.6492127023792
"49","22_Kallnik_wmb4_2011",8,1.83790523642335,13,61.5384615384615,8,1.80920158266335,13,61.5384615384615,8,13,61.5384615384615,8,1.8380877328326,13,61.5384615384615,8,1.80920158266335,13,61.5384615384615,3,13,23.0769230769231,1,13,7.69230769230769,0,13,0,6.146,2.58638229451359,13,47.2769230769231,19.8952484193353,3.912,2.86119598113139,13,30.0923076923077,22.0091998548569,2.69,2.76288500186554,13,20.6923076923077,21.2529615528118
"50","22_Kallnik_wmb4_2012",7,1.54955854929622,11,63.6363636363636,7,1.54955854929622,11,63.6363636363636,10,11,90.9090909090909,8,1.62178399286919,11,72.7272727272727,7,1.54955854929622,11,63.6363636363636,0,11,0,0,11,0,0,11,0,4.947,2.41951339013551,11,44.9727272727273,21.9955762739592,3.012,2.49440936457472,11,27.3818181818182,22.6764487688611,1.938,2.19931648313584,11,17.6181818181818,19.9937862103258
"51","22_Kallnik_wmb5_2010",9,1.69199747812867,11,81.8181818181818,7,1.37437408757869,11,63.6363636363636,9,11,81.8181818181818,9,1.69199747812867,11,81.8181818181818,7,1.37437408757869,11,63.6363636363636,1,11,9.09090909090909,3,11,27.2727272727273,0,11,0,4.784,2.91922350392461,11,43.4909090909091,26.5383954902237,2.792,2.91225294526715,11,25.3818181818182,26.475026775156,1.702,2.49146611524287,11,15.4727272727273,22.6496919567534
"52","22_Kallnik_wmb5_2011",6,1.45935941234753,11,54.5454545454545,4,1.00271826451752,11,36.3636363636364,9,11,81.8181818181818,9,1.84637490327457,11,81.8181818181818,4,1.00271826451752,11,36.3636363636364,5,11,45.4545454545455,4,11,36.3636363636364,1,11,9.09090909090909,5.144,2.68784085996334,11,46.7636363636364,24.4349169087577,3.307,2.67355547892669,11,30.0636363636364,24.3050498084244,2.227,2.54714721972621,11,20.2454545454545,23.1558838156928
"53","22_Kallnik_wmb5_2012",6,1.44051814074865,11,54.5454545454545,5,1.34381960192104,11,45.4545454545455,8,11,72.7272727272727,8,1.69736204465912,11,72.7272727272727,5,1.34381960192104,11,45.4545454545455,8,11,72.7272727272727,0,11,0,0,11,0,4.286,2.14588182545284,11,38.9636363636364,19.5080165950258,2.556,2.1423009717249,11,23.2363636363636,19.4754633793173,1.741,1.97124448123636,11,15.8272727272727,17.920404374876
"54","28_Sutter_1_2013",8,1.41911278608409,14,57.1428571428571,5,1.3667110520552,14,35.7142857142857,8,14,57.1428571428571,8,1.54165517708181,14,57.1428571428571,6,1.3995705288353,14,42.8571428571429,10,14,71.4285714285714,2,14,14.2857142857143,2,14,14.2857142857143,7.552,2.19866553393874,14,53.9428571428571,15.7047538138482,5.174,2.41444684214699,14,36.9571428571429,17.2460488724785,3.861,2.40696333010548,14,27.5785714285714,17.1925952150392
"55","28_Sutter_10_2013",5,1.3358203180924,16,31.25,5,1.36862373152349,16,31.25,8,16,50,7,0.815335906512662,16,43.75,5,1.36746050260349,16,31.25,7,16,43.75,5,16,31.25,3,16,18.75,7.352,2.28852208495643,16,45.95,14.3032630309777,4.852,2.37186039254458,16,30.325,14.8241274534036,3.516,2.36460045997952,16,21.975,14.778752874872
"56","28_Sutter_11_2013",8,1.21899132493064,14,57.1428571428571,5,0.587609650416123,14,35.7142857142857,10,14,71.4285714285714,8,1.21899132493064,14,57.1428571428571,5,0.587609650416123,14,35.7142857142857,5,14,35.7142857142857,7,14,50,7,14,50,6.86,2.00709452403927,14,49,14.3363894574234,4.422,2.23985109615191,14,31.5857142857143,15.9989364010851,3.265,2.19626924547028,14,23.3214285714286,15.6876374676449
"57","28_Sutter_12_2013",8,1.71794911815129,12,66.6666666666667,3,0.759547391474863,12,25,9,12,75,6,0.953343907249608,12,50,3,0.936888307539016,12,25,7,12,58.3333333333333,2,12,16.6666666666667,2,12,16.6666666666667,6.072,2.21081516724119,12,50.6,18.4234597270099,3.806,2.28157173228666,12,31.7166666666667,19.0130977690555,2.507,2.16809862590512,12,20.8916666666667,18.0674885492093
"58","28_Sutter_13_2013",4,0.21341199520782,13,30.7692307692308,3,0.0839690327791292,13,23.0769230769231,6,13,46.1538461538462,7,0.596086792245558,13,53.8461538461538,6,0.421061744474908,13,46.1538461538462,6,13,46.1538461538462,1,13,7.69230769230769,1,13,7.69230769230769,6.834,1.88307992129649,13,52.5692307692308,14.4852301638191,4.698,2.15486413479816,13,36.1384615384615,16.5758779599859,3.346,2.13935991849452,13,25.7384615384615,16.4566147576501
"59","28_Sutter_13_2014",2,0.693147180559945,11,18.1818181818182,1,0,11,9.09090909090909,9,11,81.8181818181818,5,1.47507631105469,11,45.4545454545455,1,0,11,9.09090909090909,9,11,81.8181818181818,8,11,72.7272727272727,4,11,36.3636363636364,5.583,2.03746466527944,11,50.7545454545455,18.5224060479949,3.369,2.01963311468146,11,30.6272727272727,18.3603010425587,2.147,1.7873403664623,11,19.5181818181818,16.2485487860209
"60","28_Sutter_14_2013",5,1.0227556305059,12,41.6666666666667,3,0.594024165582471,12,25,6,12,50,5,1.02579737630753,12,41.6666666666667,5,1.02579737630753,12,41.6666666666667,6,12,50,2,12,16.6666666666667,2,12,16.6666666666667,5.286,1.29841822610817,12,44.05,10.8201518842348,3.583,1.62903798751434,12,29.8583333333333,13.5753165626195,2.655,1.68665936686096,12,22.125,14.0554947238413
"61","28_Sutter_17_2013",7,1.42341642172081,17,41.1764705882353,3,1.09861228866811,17,17.6470588235294,7,17,41.1764705882353,7,1.70098830631395,17,41.1764705882353,3,1.09861228866811,17,17.6470588235294,10,17,58.8235294117647,9,17,52.9411764705882,9,17,52.9411764705882,8.613,2.8101829349934,17,50.6647058823529,16.5304878529024,5.664,3.15135447625859,17,33.3176470588235,18.5373792721093,3.871,2.96869873381793,17,22.7705882352941,17.4629337283408
"62","28_Sutter_19_2013",16,1.24097487073106,20,80,13,1.2828707351523,20,65,17,20,85,14,1.27977286670074,20,70,13,1.2828707351523,20,65,12,20,60,7,20,35,1,20,5,9.502,2.76000246623325,20,47.51,13.8000123311662,6.029,2.75422307461555,20,30.145,13.7711153730778,4.006,2.50763878025769,20,20.03,12.5381939012884
"63","28_Sutter_2_2013",5,0.75877545025374,15,33.3333333333333,3,0.796311640173813,15,20,10,15,66.6666666666667,6,1.73286795139986,15,40,6,1.73286795139986,15,40,11,15,73.3333333333333,5,15,33.3333333333333,10,15,66.6666666666667,8.649,2.46330405489596,15,57.66,16.4220270326397,5.279,2.72039694889543,15,35.1933333333333,18.1359796593029,3.677,2.61103207343159,15,24.5133333333333,17.406880489544
"64","28_Sutter_20_2013",9,0.67719607936185,15,60,8,0.580035961990616,15,53.3333333333333,13,15,86.6666666666667,10,0.679518406363132,15,66.6666666666667,8,0.580035961990616,15,53.3333333333333,10,15,66.6666666666667,3,15,20,3,15,20,8.757,2.22461230327891,15,58.38,14.8307486885261,5.742,2.76931491620312,15,38.28,18.4620994413541,3.817,2.93122894075217,15,25.4466666666667,19.5415262716811
"65","28_Sutter_21_2013",11,1.19784551726289,16,68.75,11,1.28337658201744,16,68.75,11,16,68.75,11,1.23898662956975,16,68.75,11,1.28337658201744,16,68.75,5,16,31.25,3,16,18.75,3,16,18.75,6.577,2.57734625413694,16,41.10625,16.1084140883559,4.215,2.67131258202984,16,26.34375,16.6957036376865,2.921,2.49739784495703,16,18.25625,15.6087365309814
"66","28_Sutter_3_2013",9,1.32972734792321,21,42.8571428571429,9,1.32972734792321,21,42.8571428571429,12,21,57.1428571428571,11,1.56005730380265,21,52.3809523809524,9,1.43913086066369,21,42.8571428571429,11,21,52.3809523809524,10,21,47.6190476190476,9,21,42.8571428571429,8.405,3.83845134249592,21,40.0238095238095,18.278339726171,4.73,3.50105089328295,21,22.5238095238095,16.671670920395,3.09,3.07169909583203,21,14.7142857142857,14.6271385515811
"67","28_Sutter_5_2013",16,0.995615289241532,23,69.5652173913043,16,1.02307102339808,23,69.5652173913043,17,23,73.9130434782609,16,1.02201383597993,23,69.5652173913043,16,1.02307102339808,23,69.5652173913043,14,23,60.8695652173913,16,23,69.5652173913043,2,23,8.69565217391304,9.333,4.36774406166252,23,40.5782608695652,18.9901915724457,5.803,3.92167955990422,23,25.2304347826087,17.0507806952357,3.789,3.46041232419685,23,16.4739130434783,15.0452709747689
"68","28_Sutter_8_2013",4,1.24478711219065,17,23.5294117647059,3,0.917402180362741,17,17.6470588235294,12,17,70.5882352941177,8,1.72799515001025,17,47.0588235294118,4,1.00621456594408,17,23.5294117647059,3,17,17.6470588235294,4,17,23.5294117647059,2,17,11.7647058823529,8.762,2.71306408267787,17,51.5411764705882,15.9592004863404,5.864,2.81805703374603,17,34.4941176470588,16.576806080859,3.979,2.69217510701046,17,23.4058823529412,15.8363241588851
"69","28_Sutter_8_2014",15,2.07420325827479,18,83.3333333333333,15,2.07886789868392,18,83.3333333333333,17,18,94.4444444444444,15,2.07886789868392,18,83.3333333333333,15,2.07886789868392,18,83.3333333333333,7,18,38.8888888888889,6,18,33.3333333333333,4,18,22.2222222222222,10.132,5.68303377368751,18,56.2888888888889,31.5724098538195,5.82,5.69877847227597,18,32.3333333333333,31.6598804015332,3.513,4.8213147663346,18,19.5166666666667,26.7850820351922
"70","29_Magrach_Gibraleon_2011",13,1.22704570512381,27,48.1481481481481,10,0.851761902776529,27,37.037037037037,19,27,70.3703703703704,11,0.886789517269029,27,40.7407407407407,10,0.851761902776529,27,37.037037037037,NA,NA,NA,9,27,33.3333333333333,11,27,40.7407407407407,14.99,2.09673467474936,27,55.5185185185185,7.76568398055318,9.076,2.84117868081124,27,33.6148148148148,10.5228840030046,6.001,2.76018434486134,27,22.2259259259259,10.2229049809679
"71","29_Magrach_Gravera_2011",15,0.784140788843134,25,60,13,0.655450376467379,25,52,16,25,64,14,0.675221604269899,25,56,13,0.655450376467379,25,52,3,25,12,3,25,12,3,25,12,10.985,3.98354661622575,25,43.94,15.934186464903,6.331,4.08192370103865,25,25.324,16.3276948041546,4.155,3.8332321438531,25,16.62,15.3329285754124
"72","29_Magrach_Niebla_2011",23,2.80557080237179,31,74.1935483870968,19,2.55004987176118,31,61.2903225806452,29,31,93.5483870967742,24,2.80168678193769,31,77.4193548387097,22,2.74190475769215,31,70.9677419354839,14,31,45.1612903225806,13,31,41.9354838709677,1,31,3.2258064516129,20.914,4.60323731669287,31,67.4645161290323,14.8491526344931,11.95,5.5422212348675,31,38.5483870967742,17.8781330157016,7.693,5.10674356413457,31,24.8161290322581,16.473366335918
"73","29_Magrach_Niebla_2012",23,2.57034068179134,26,88.4615384615385,16,2.46239429720159,26,61.5384615384615,25,26,96.1538461538462,16,2.46239429720159,26,61.5384615384615,16,2.46239429720159,26,61.5384615384615,14,26,53.8461538461538,13,26,50,7,26,26.9230769230769,16.031,4.99449536830138,26,61.6576923076923,19.2095975703899,9.038,5.13682226117888,26,34.7615384615385,19.7570086968419,5.61,4.79279363950409,26,21.5769230769231,18.4338216904004
"74","29_Magrach_Villablanca_2011",14,1.19745120571396,22,63.6363636363636,9,0.757110666862581,22,40.9090909090909,20,22,90.9090909090909,13,0.931250612643195,22,59.0909090909091,9,0.822737018299686,22,40.9090909090909,7,22,31.8181818181818,3,22,13.6363636363636,2,22,9.09090909090909,13.232,3.64492269622573,22,60.1454545454545,16.5678304373897,7.453,3.85209418753353,22,33.8772727272727,17.5095190342433,4.679,3.43478627526616,22,21.2681818181818,15.6126648875734
"75","30_Smith_lsk48_2012",8,1.90728399932138,22,36.3636363636364,7,1.76776147228933,22,31.8181818181818,12,22,54.5454545454545,6,1.73286795139986,22,27.2727272727273,4,1.33217904021012,22,18.1818181818182,8,22,36.3636363636364,5,22,22.7272727272727,1,22,4.54545454545455,5.94,2.62092908512788,22,27,11.9133140233085,3.194,2.32115310820974,22,14.5181818181818,10.5506959464079,2.036,1.98661789246212,22,9.25454545454545,9.03008132937329
"76","30_Smith_lsk57_2011",8,1.46987653368106,20,40,8,1.43409392543911,20,40,13,20,65,9,1.62360784974611,20,45,4,0.975939064349937,20,20,3,20,15,0,20,0,1,20,5,6.188,3.14173941098343,20,30.94,15.7086970549172,3.744,3.07407122785304,20,18.72,15.3703561392652,2.301,2.63919767436325,20,11.505,13.1959883718162
"77","30_Smith_lsk73_2012",10,2.06364957047885,19,52.6315789473684,7,1.69240886298655,19,36.8421052631579,13,19,68.4210526315789,7,1.69240886298655,19,36.8421052631579,7,1.69240886298655,19,36.8421052631579,11,19,57.8947368421053,6,19,31.5789473684211,6,19,31.5789473684211,6.745,2.77555015783874,19,35.5,14.6081587254671,3.646,2.44267284969778,19,19.1894736842105,12.8561728931462,2.329,2.04228546729636,19,12.2578947368421,10.7488708805072
"78","30_Smith_lsk74_2012",12,2.4410152780267,26,46.1538461538462,9,2.16395565688206,26,34.6153846153846,12,26,46.1538461538462,15,2.67011988980682,26,57.6923076923077,9,2.14584175259475,26,34.6153846153846,10,26,38.4615384615385,9,26,34.6153846153846,10,26,38.4615384615385,6.82,3.95641924639607,26,26.2307692307692,15.2169971015233,3.688,3.4415840103796,26,14.1846153846154,13.2368615783831,2.156,2.64474169979956,26,8.29230769230769,10.1720834607675
"79","30_Smith_lsk77_2011",10,2.01403552370927,19,52.6315789473684,5,1.6094379124341,19,26.3157894736842,15,19,78.9473684210526,13,1.97676792191441,19,68.4210526315789,10,2.01403552370927,19,52.6315789473684,8,19,42.1052631578947,7,19,36.8421052631579,2,19,10.5263157894737,9.654,2.9446485282551,19,50.8105263157895,15.4981501487111,5.349,3.06408021885648,19,28.1526315789474,16.1267379939815,3.507,2.84957384025596,19,18.4578947368421,14.9977570539787
"80","30_Smith_lsk77_2012",12,2.38438226576157,25,48,5,1.56071040904141,25,20,15,25,60,12,2.31611392322149,25,48,5,1.56071040904141,25,20,9,25,36,7,25,28,6,25,24,6.382,3.01847431448194,25,25.528,12.0738972579277,3.486,2.66136936310744,25,13.944,10.6454774524298,2.207,2.31938149741058,25,8.828,9.27752598964231
"81","31_Roberts_Hunt_2013",9,1.01767421067956,12,75,9,1.02229594308449,12,75,10,12,83.3333333333333,9,1.01767421067956,12,75,9,1.02229594308449,12,75,2,12,16.6666666666667,1,12,8.33333333333333,0,12,0,4.541,3.19883596821587,12,37.8416666666667,26.6569664017989,2.668,2.90727161239335,12,22.2333333333333,24.2272634366112,1.634,2.41617091321824,12,13.6166666666667,20.134757610152
"82","31_Roberts_Jefferies_2013",8,0.59337865518142,13,61.5384615384615,6,0.378410124731969,13,46.1538461538462,11,13,84.6153846153846,6,0.378410124731969,13,46.1538461538462,6,0.378410124731969,13,46.1538461538462,3,13,23.0769230769231,1,13,7.69230769230769,2,13,15.3846153846154,5.479,2.12322091810227,13,42.1461538461538,16.3324686007867,3.293,2.05897799657752,13,25.3307692307692,15.8382922813656,2.271,1.98632940483307,13,17.4692307692308,15.2794569602544
"83","31_Roberts_Livingstone_far_2012",5,1.41848366194566,12,41.6666666666667,5,1.41848366194566,12,41.6666666666667,6,12,50,7,1.67920433160271,12,58.3333333333333,4,1.32966134885476,12,33.3333333333333,4,12,33.3333333333333,1,12,8.33333333333333,5,12,41.6666666666667,5.606,2.50979343035698,12,46.7166666666667,20.9149452529748,3.119,2.3601714788145,12,25.9916666666667,19.6680956567875,1.907,1.95810755199636,12,15.8916666666667,16.317562933303
"84","31_Roberts_Livingstone_house_2012",5,1.42706104338072,14,35.7142857142857,3,0.955699891112534,14,21.4285714285714,11,14,78.5714285714286,7,1.76776147228933,14,50,3,0.955699891112534,14,21.4285714285714,3,14,21.4285714285714,2,14,14.2857142857143,0,14,0,5.364,2.76172611443118,14,38.3142857142857,19.7266151030798,2.982,2.39696087190038,14,21.3,17.1211490850027,1.82,2.01336873266018,14,13,14.381205233287
"85","31_Roberts_Mearns_2013",16,1.78771430856775,19,84.2105263157895,16,1.78771430856775,19,84.2105263157895,17,19,89.4736842105263,16,1.78771430856775,19,84.2105263157895,16,1.78771430856775,19,84.2105263157895,5,19,26.3157894736842,0,19,0,0,19,0,8.037,5.47901913216687,19,42.3,28.8369428008783,4.359,4.57460884076945,19,22.9421052631579,24.0768886356287,2.969,4.17246311528915,19,15.6263157894737,21.9603321857324
"86","31_Roberts_White_left_2012",5,1.52295506753132,19,26.3157894736842,3,1.07899220787758,19,15.7894736842105,7,19,36.8421052631579,5,1.52295506753132,19,26.3157894736842,3,1.07899220787758,19,15.7894736842105,7,19,36.8421052631579,6,19,31.5789473684211,7,19,36.8421052631579,6.978,2.44979948516558,19,36.7263157894737,12.8936815008714,3.705,2.30418842204458,19,19.5,12.1273074844451,2.461,2.0071142238317,19,12.9526315789474,10.5637590727984
"87","36_Larkin_Barracks.Lyan.Co.Clare_13.2017_GS1",6,1.58325845942048,11,54.5454545454545,3,0.950270539233235,11,27.2727272727273,10,11,90.9090909090909,NA,NA,NA,NA,3,0.900256051268537,11,27.2727272727273,8,11,72.7272727272727,4,11,36.3636363636364,3,11,27.2727272727273,9.534,1.60168954838614,11,86.6727272727273,14.5608140762377,6.279,2.34150414085511,11,57.0818181818182,21.286401280501,4.501,2.34595449710827,11,40.9181818181818,21.3268590646206
"88","36_Larkin_Glencolumbkille.South.Carron.Co.Clare_20.2017_GS1",11,2.02718484606921,13,84.6153846153846,10,1.80375073871818,13,76.9230769230769,11,13,84.6153846153846,NA,NA,NA,NA,8,1.65760821344225,13,61.5384615384615,12,13,92.3076923076923,7,13,53.8461538461538,5,13,38.4615384615385,11.274,0.673333036006238,13,86.7230769230769,5.17948489235568,8.182,1.4822527021642,13,62.9384615384615,11.4019438628015,6.021,1.63744930921242,13,46.3153846153846,12.5957639170186
"89","37_White_An",8,1.88915916375402,23,34.7826086956522,6,1.56071040904141,23,26.0869565217391,22,23,95.6521739130435,8,1.75410533099929,23,34.7826086956522,6,1.56071040904141,23,26.0869565217391,17,23,73.9130434782609,9,23,39.1304347826087,4,23,17.3913043478261,17.828,2.9636462675561,23,77.5130434782609,12.8854185545917,10.448,3.88540762242424,23,45.4260869565217,16.8930766192358,7.414,3.83631611332035,23,32.2347826086957,16.6796352753059
"90","37_White_Bl",16,2.09611103989218,27,59.2592592592593,16,2.65096454793752,27,59.2592592592593,21,27,77.7777777777778,17,2.69136176881212,27,62.962962962963,16,2.65096454793752,27,59.2592592592593,16,27,59.2592592592593,7,27,25.9259259259259,10,27,37.037037037037,17.507,2.55665552773296,27,64.8407407407407,9.4690945471591,11.449,3.45736205109508,27,42.4037037037037,12.8050446336855,7.96,3.42930899164251,27,29.4814814814815,12.7011444134908
"91","37_White_Bn",17,2.25785778611814,26,65.3846153846154,10,1.97006781295621,26,38.4615384615385,21,26,80.7692307692308,11,2.0535232284073,26,42.3076923076923,11,2.07517875630171,26,42.3076923076923,10,26,38.4615384615385,6,26,23.0769230769231,4,26,15.3846153846154,14.355,3.33738117587924,26,55.2115384615385,12.8360814456894,8.65,3.34465045807281,26,33.2692307692308,12.864040223357,5.969,3.11347598878372,26,22.9576923076923,11.9749076491681
"92","37_White_Ce",7,1.71184513523391,20,35,6,1.59416669911802,20,30,17,20,85,6,1.2378266633505,20,30,3,0.950270539233235,20,15,12,20,60,6,20,30,4,20,20,14.106,2.6634297170862,20,70.53,13.317148585431,9.129,3.3366888516151,20,45.645,16.6834442580755,6.333,3.26967915884752,20,31.665,16.3483957942376
"93","37_White_Cn",19,2.34170552354522,34,55.8823529411765,7,1.6987829895138,34,20.5882352941176,21,34,61.7647058823529,11,2.25026027861759,34,32.3529411764706,10,2.20559835902639,34,29.4117647058824,11,34,32.3529411764706,8,34,23.5294117647059,6,34,17.6470588235294,18.459,5.52674079941007,34,54.2911764705882,16.2551199982649,11.175,5.26802877052955,34,32.8676470588235,15.4942022662634,7.908,4.79609617694835,34,23.2588235294118,14.1061652263187
"94","37_White_CW",22,2.64401295651121,33,66.6666666666667,18,2.63413077864297,33,54.5454545454545,27,33,81.8181818181818,21,2.79590427926812,33,63.6363636363636,18,2.63413077864297,33,54.5454545454545,23,33,69.6969696969697,18,33,54.5454545454545,8,33,24.2424242424242,19.35,4.24753358333298,33,58.6363636363636,12.8713138888878,11.662,4.59204125012427,33,35.3393939393939,13.9152765155281,7.771,4.12329486704026,33,23.5484848484849,12.494832930425
"95","37_White_ED",9,1.9257856191088,19,47.3684210526316,5,1.35006570777582,19,26.3157894736842,18,19,94.7368421052632,13,2.27452312237079,19,68.4210526315789,5,1.35006570777582,19,26.3157894736842,13,19,68.4210526315789,6,19,31.5789473684211,6,19,31.5789473684211,15.356,2.18220668728377,19,80.821052631579,11.4852983541251,9.85,3.2631500345752,19,51.8421052631579,17.1744738661853,6.861,3.3509562676806,19,36.1105263157895,17.6366119351611
"96","37_White_Fs",13,2.15909193084261,21,61.9047619047619,9,1.85100643050871,21,42.8571428571429,17,21,80.9523809523809,9,1.54878651954327,21,42.8571428571429,9,1.85100643050871,21,42.8571428571429,11,21,52.3809523809524,11,21,52.3809523809524,10,21,47.6190476190476,13.673,2.74218719101935,21,65.1095238095238,13.0580342429493,9.721,3.18076661770025,21,46.2904761904762,15.1465077033345,7.338,3.23670082525899,21,34.9428571428571,15.4128610726619
"97","37_White_JK",14,1.78869315056216,24,58.3333333333333,4,1.17105986999037,24,16.6666666666667,15,24,62.5,6,1.43982989234395,24,25,4,1.17105986999037,24,16.6666666666667,10,24,41.6666666666667,5,24,20.8333333333333,4,24,16.6666666666667,12.309,3.54514979755258,24,51.2875,14.7714574898024,7.782,3.58654978208017,24,32.425,14.9439574253341,5.505,3.26812723982033,24,22.9375,13.6171968325847
"98","37_White_Kr",11,1.77701457533106,17,64.7058823529412,5,1.49417513828931,17,29.4117647058824,13,17,76.4705882352941,11,1.77701457533106,17,64.7058823529412,5,1.49417513828931,17,29.4117647058824,9,17,52.9411764705882,7,17,41.1764705882353,7,17,41.1764705882353,10.222,1.86874508914625,17,60.1294117647059,10.9926181714485,7.354,1.96176770605812,17,43.2588235294118,11.539810035636,5.455,1.90199700120494,17,32.0882352941176,11.1882176541467
"99","37_White_ND",15,2.26964750233643,22,68.1818181818182,11,2.08897763759955,22,50,17,22,77.2727272727273,15,2.2199732868603,22,68.1818181818182,13,2.14630148950337,22,59.0909090909091,16,22,72.7272727272727,9,22,40.9090909090909,6,22,27.2727272727273,14.544,2.72791229798641,22,66.1090909090909,12.3996013544837,9.867,3.17354413588064,22,44.85,14.4252006176393,6.808,3.29241187824002,22,30.9454545454545,14.9655085374546
"100","37_White_NG",6,1.47860002662047,25,24,5,1.23153178579399,25,20,22,25,88,NA,NA,NA,NA,4,1.13889224185323,25,16,13,25,52,9,25,36,7,25,28,16.381,4.20565411399066,25,65.524,16.8226164559626,10.446,4.51103463004148,25,41.784,18.0441385201659,7.034,4.16511610788849,25,28.136,16.660464431554
"101","37_White_Pn",9,1.98915078474318,17,52.9411764705882,3,1.03972077083992,17,17.6470588235294,10,17,58.8235294117647,9,1.98915078474318,17,52.9411764705882,3,1.03972077083992,17,17.6470588235294,12,17,70.5882352941177,6,17,35.2941176470588,5,17,29.4117647058824,10.987,1.05827735067465,17,64.6294117647059,6.22516088632146,7.472,1.72922127161512,17,43.9529411764706,10.1718898330301,5.131,1.63416936377767,17,30.1823529411765,9.61276096339805
"102","37_White_WD",13,2.12001784914249,23,56.5217391304348,12,2.05898183578616,23,52.1739130434783,20,23,86.9565217391304,12,2.08127651013651,23,52.1739130434783,10,2.00498919151154,23,43.4782608695652,15,23,65.2173913043478,11,23,47.8260869565217,5,23,21.7391304347826,15.459,2.47354754096974,23,67.2130434782609,10.7545545259554,9.168,3.28946752478218,23,39.8608695652174,14.3020327164443,5.825,3.00589594138094,23,25.3260869565217,13.0691127886128
"103","38_Maurer_A1",20,0.802774528477352,27,74.0740740740741,17,2.09789747864413,27,62.962962962963,20,27,74.0740740740741,12,0.355312263311772,27,44.4444444444444,12,0.337474554738857,27,44.4444444444444,7,27,25.9259259259259,8,27,29.6296296296296,8,27,29.6296296296296,9.031,4.61577126213424,27,33.4481481481481,17.0954491190157,5.056,4.04960038315675,27,18.7259259259259,14.9985199376176,3.191,3.47629164536056,27,11.8185185185185,12.8751542420761
"104","38_Maurer_A2",7,0.345539679944563,40,17.5,5,0.256860519098639,40,12.5,13,40,32.5,12,0.927352715018571,40,30,6,0.296817203321301,40,15,3,40,7.5,3,40,7.5,11,40,27.5,11.612,5.3265211750098,40,29.03,13.3163029375245,6.416,4.97832579565939,40,16.04,12.4458144891485,4.285,4.33272980320116,40,10.7125,10.8318245080029
"105","38_Maurer_A3",4,0.0803642182573845,31,12.9032258064516,2,0.027478531192235,31,6.45161290322581,9,31,29.0322580645161,9,0.286635351482879,31,29.0322580645161,2,0.027478531192235,31,6.45161290322581,10,31,32.258064516129,7,31,22.5806451612903,6,31,19.3548387096774,8.699,4.15760564323803,31,28.0612903225806,13.4116311072194,5.235,3.70668511132447,31,16.8870967741935,11.957048746208,3.339,3.17461133954334,31,10.7709677419355,10.2406817404624
"106","38_Maurer_A4",16,0.869747228453037,31,51.6129032258064,8,0.570097744581894,31,25.8064516129032,17,31,54.8387096774194,16,0.869747228453037,31,51.6129032258064,8,0.570097744581894,31,25.8064516129032,4,31,12.9032258064516,4,31,12.9032258064516,1,31,3.2258064516129,10.06,4.63550298111088,31,32.4516129032258,14.9532354229383,5.357,4.19608843545488,31,17.2806451612903,13.5357691466286,3.557,3.66799743800418,31,11.4741935483871,11.8322498000135
"107","38_Maurer_R1",10,2.11520907078974,42,23.8095238095238,9,2.13833305950803,42,21.4285714285714,21,42,50,24,2.72607005798748,42,57.1428571428571,19,2.56564937684187,42,45.2380952380952,8,42,19.047619047619,13,42,30.952380952381,3,42,7.14285714285714,12.342,5.10873126472074,42,29.3857142857143,12.1636458683827,7.01,4.54781074612638,42,16.6904761904762,10.8281208241104,4.408,3.88183005869714,42,10.4952380952381,9.24245252070746
"108","38_Maurer_R2",12,2.38888971472958,51,23.5294117647059,2,0.693147180559945,51,3.92156862745098,27,51,52.9411764705882,2,0.693147180559945,51,3.92156862745098,2,0.693147180559945,51,3.92156862745098,7,51,13.7254901960784,5,51,9.80392156862745,5,51,9.80392156862745,14.574,7.29408854674302,51,28.5764705882353,14.3021344053785,7.773,6.10300890690139,51,15.2411764705882,11.9666841311792,4.763,5.06443278951152,51,9.33921568627451,9.93026037159122
"109","38_Maurer_R3",17,1.16499828870432,48,35.4166666666667,16,1.12835041298369,48,33.3333333333333,21,48,43.75,16,1.12215174781486,48,33.3333333333333,16,1.12835041298369,48,33.3333333333333,10,48,20.8333333333333,8,48,16.6666666666667,4,48,8.33333333333333,9.561,5.0059303169679,48,19.91875,10.4290214936831,5.434,4.58482984031738,48,11.3208333333333,9.55172883399453,3.276,3.51684406708517,48,6.825,7.32675847309411
"110","38_Maurer_R4",10,0.343884973840658,37,27.027027027027,7,0.28230891066119,37,18.9189189189189,11,37,29.7297297297297,8,0.334285396810812,37,21.6216216216216,8,0.334285396810812,37,21.6216216216216,1,37,2.7027027027027,7,37,18.9189189189189,0,37,0,8.416,4.99518727335581,37,22.7459459459459,13.5005061442049,4.393,4.06584334204874,37,11.872972972973,10.9887657893209,2.367,3.0442697939865,37,6.3972972972973,8.2277561999635
"111","38_Maurer_U2",3,1.03972077083992,64,4.6875,3,1.03972077083992,64,4.6875,15,64,23.4375,5,1.5498260458782,64,7.8125,3,1.03972077083992,64,4.6875,5,64,7.8125,1,64,1.5625,3,64,4.6875,11.938,5.91566996638176,64,18.653125,9.2432343224715,6.509,4.87890589402201,64,10.1703125,7.62329045940939,4.197,4.09181303750965,64,6.5578125,6.39345787110882
"112","38_Maurer_U3",14,1.53164759643556,49,28.5714285714286,0,NA,49,0,20,49,40.8163265306122,6,1.54197643276282,49,12.2448979591837,NA,NA,NA,NA,6,49,12.2448979591837,5,49,10.2040816326531,3,49,6.12244897959184,9.739,5.55659560835182,49,19.8755102040816,11.3399910374527,5.297,4.47781663780931,49,10.8102040816327,9.13840130165165,3.185,3.63950834880496,49,6.5,7.42756805878564
"113","39_Schweiger_I1_ruderal_1_2021",1,0,20,5,1,0,20,5,12,20,60,3,0.900256051268537,20,15,1,0,20,5,6,20,30,5,20,25,6,20,30,10.884,2.65284405527004,20,54.42,13.2642202763502,6.916,2.64952145942696,20,34.58,13.2476072971348,4.56,2.71141139478165,20,22.8,13.5570569739082
"114","39_Schweiger_I2_semi.natural.grass_5_2021",17,2.69172441185364,27,62.962962962963,11,2.30275924665936,27,40.7407407407407,23,27,85.1851851851852,16,2.67880474849737,27,59.2592592592593,11,2.30275924665936,27,40.7407407407407,8,27,29.6296296296296,7,27,25.9259259259259,15,27,55.5555555555556,15.327,4.57810332234104,27,56.7666666666667,16.9559382308927,8.342,4.69223326924963,27,30.8962962962963,17.3786417379616,4.933,3.93344416294206,27,18.2703703703704,14.5683117146002
"115","39_Schweiger_I2_woodland.scrub_1_2021",4,1.38629436111989,22,18.1818181818182,2,0.693147180559945,22,9.09090909090909,14,22,63.6363636363636,7,1.88915916375402,22,31.8181818181818,2,0.693147180559945,22,9.09090909090909,8,22,36.3636363636364,3,22,13.6363636363636,0,22,0,10.897,2.72797229326708,22,49.5318181818182,12.3998740603049,6.564,2.76831493287299,22,29.8363636363636,12.5832496948772,4.114,2.44396746643178,22,18.7,11.1089430292354
"116","39_Schweiger_I4_woodland.scrub_3_2021",9,1.91721551856506,21,42.8571428571429,4,1.00271826451752,21,19.047619047619,14,21,66.6666666666667,9,1.91922323092612,21,42.8571428571429,9,1.91922323092612,21,42.8571428571429,9,21,42.8571428571429,8,21,38.0952380952381,7,21,33.3333333333333,10.831,3.83812065602036,21,51.5761904761905,18.2767650286684,6.098,3.56273618011341,21,29.0380952380952,16.9654103814924,4.014,3.1486056783468,21,19.1142857142857,14.99336037308
"117","39_Schweiger_R1_semi.natural.grass_4_2021",18,1.83689004673215,23,78.2608695652174,15,1.73351005905961,23,65.2173913043478,18,23,78.2608695652174,16,1.80668344461656,23,69.5652173913043,12,1.50085575788473,23,52.1739130434783,16,23,69.5652173913043,9,23,39.1304347826087,2,23,8.69565217391304,17.693,3.69003622846272,23,76.9260869565217,16.0436357759249,10.127,4.82370595487942,23,44.0304347826087,20.9726345864322,6.506,4.59337164434395,23,28.2869565217391,19.971181062365
"118","39_Schweiger_R4_semi.natural.grass_2_2021",14,2.23521260921768,25,56,6,1.79175946922805,25,24,23,25,92,14,2.23521260921768,25,56,6,1.79175946922805,25,24,23,25,92,6,25,24,11,25,44,21.649,2.39322513076529,25,86.596,9.57290052306115,13.315,5.29242711662473,25,53.26,21.1697084664989,8.421,5.36437652812846,25,33.684,21.4575061125138
"119","4_Marini_UNIPD01 A_2018",37,2.83747196328482,69,53.6231884057971,36,2.86896087804956,69,52.1739130434783,53,69,76.8115942028985,45,3.1347527843172,69,65.2173913043478,42,3.05980913598262,69,60.8695652173913,45,69,65.2173913043478,11,69,15.9420289855072,6,69,8.69565217391304,37.414,8.58791920993417,69,54.2231884057971,12.4462597245423,20.885,9.28601125376256,69,30.268115942029,13.4579873242936,13.866,8.21093560219927,69,20.095652173913,11.899906669854
"120","4_Marini_UNIPD01 An_2018",30,2.08276565900505,54,55.5555555555556,19,2.57137095493204,54,35.1851851851852,47,54,87.037037037037,33,3.09684747407258,54,61.1111111111111,19,2.57137095493204,54,35.1851851851852,23,54,42.5925925925926,4,54,7.40740740740741,3,54,5.55555555555556,27.561,8.01414409063785,54,51.0388888888889,14.8410075752553,15.283,8.00856092241597,54,28.3018518518519,14.8306683748444,9.394,6.96644064751113,54,17.3962962962963,12.9008160139095
"121","4_Marini_UNIPD01 B_2018",44,1.4373348934239,58,75.8620689655172,40,1.34551972205414,58,68.9655172413793,51,58,87.9310344827586,35,1.15664363033075,58,60.3448275862069,35,1.15664363033075,58,60.3448275862069,14,58,24.1379310344828,9,58,15.5172413793103,3,58,5.17241379310345,25.622,9.10483465055868,58,44.1758620689655,15.6979907768253,15.049,9.1146956436667,58,25.9465517241379,15.7149924890805,9.991,8.22280569717743,58,17.2258620689655,14.17725120203
"122","4_Marini_UNIPD01 Bn_2018",41,3.03096370829926,90,45.5555555555556,14,2.14345413931196,90,15.5555555555556,61,90,67.7777777777778,41,3.03096370829926,90,45.5555555555556,14,2.14345413931196,90,15.5555555555556,40,90,44.4444444444444,22,90,24.4444444444444,20,90,22.2222222222222,34.326,12.2222382200277,90,38.14,13.5802646889197,19.813,10.8937001842213,90,22.0144444444444,12.1041113158015,13.027,9.76471303319358,90,14.4744444444444,10.8496811479929
"123","4_Marini_UNIPD01 C_2018",24,2.16782603799245,67,35.8208955223881,17,1.85450931254011,67,25.3731343283582,40,67,59.7014925373134,23,2.14631586232805,67,34.3283582089552,17,1.85450931254011,67,25.3731343283582,22,67,32.8358208955224,25,67,37.3134328358209,4,67,5.97014925373134,29.747,6.95221722361466,67,44.3985074626866,10.3764436173353,17.625,6.72380729829347,67,26.3059701492537,10.035533281035,11.996,6.23834119785868,67,17.9044776119403,9.31095701172938
"124","4_Marini_UNIPD01 Cn_2018",23,2.1722110344473,65,35.3846153846154,15,1.97196199365196,65,23.0769230769231,38,65,58.4615384615385,22,2.11157228610611,65,33.8461538461538,17,1.98511580929308,65,26.1538461538462,30,65,46.1538461538462,11,65,16.9230769230769,9,65,13.8461538461538,30.303,5.0786793543188,65,46.62,7.81335285279815,17.605,4.87716739119766,65,27.0846153846154,7.5033344479964,11.896,4.42048919518244,65,18.3015384615385,6.80075260797299
"125","4_Marini_UNIPD01 E_2018",31,0.93853340371081,73,42.4657534246575,15,0.398596547624322,73,20.5479452054795,40,73,54.7945205479452,31,0.93853340371081,73,42.4657534246575,15,0.398596547624322,73,20.5479452054795,27,73,36.986301369863,12,73,16.4383561643836,11,73,15.0684931506849,28.355,6.80038382888938,73,38.8424657534247,9.31559428614984,17.443,6.38995951337585,73,23.8945205479452,8.75336919640528,11.859,5.67056207745531,73,16.2452054794521,7.76789325678809
"126","4_Marini_UNIPD01 En_2018",15,2.36813719334373,67,22.3880597014925,13,2.23512361332277,67,19.4029850746269,35,67,52.2388059701493,18,2.3908107876403,67,26.865671641791,8,1.80763165619193,67,11.9402985074627,29,67,43.2835820895522,11,67,16.4179104477612,3,67,4.47761194029851,24.053,6.56744412403504,67,35.9,9.80215540900751,13.655,5.90600168098993,67,20.3805970149254,8.81492788207452,8.545,5.08820841405547,67,12.7537313432836,7.5943409165007
"127","4_Marini_UNIPD01 F_2018",19,1.17219286829788,32,59.375,17,1.08531219034642,32,53.125,28,32,87.5,19,1.22165904534355,32,59.375,17,1.08531219034642,32,53.125,21,32,65.625,9,32,28.125,9,32,28.125,17.629,4.02959012761802,32,55.090625,12.5924691488063,10.423,4.13269284488336,32,32.571875,12.9146651402605,6.845,3.69359142537688,32,21.390625,11.5424732043028
"128","4_Marini_UNIPD01 Fn_2018",15,1.09085779826901,31,48.3870967741936,13,0.957824413608458,31,41.9354838709677,19,31,61.2903225806452,13,1.04002521751221,31,41.9354838709677,13,0.957824413608458,31,41.9354838709677,14,31,45.1612903225806,12,31,38.7096774193548,7,31,22.5806451612903,14.69,4.01322887535785,31,47.3870967741936,12.9458995979285,8.904,3.61356359316421,31,28.7225806451613,11.6566567521426,5.982,3.41281750513023,31,19.2967741935484,11.0090887262265
"129","4_Marini_UNIPD01 G_2018",37,1.72955759687944,56,66.0714285714286,30,1.85342809851298,56,53.5714285714286,44,56,78.5714285714286,38,1.74093627131521,56,67.8571428571429,30,1.85342809851298,56,53.5714285714286,39,56,69.6428571428571,23,56,41.0714285714286,9,56,16.0714285714286,30.397,7.7579363606939,56,54.2803571428571,13.8534577869534,17.455,8.15723700253434,56,31.1696428571429,14.5664946473828,11.846,7.57942819292668,56,21.1535714285714,13.5346932016548
"130","4_Marini_UNIPD01 Gn_2018",30,1.91960299757827,45,66.6666666666667,30,1.91526934004776,45,66.6666666666667,35,45,77.7777777777778,30,1.92132067096052,45,66.6666666666667,30,1.91526934004776,45,66.6666666666667,29,45,64.4444444444444,2,45,4.44444444444444,26,45,57.7777777777778,21.885,8.19627683487777,45,48.6333333333333,18.2139485219506,12.228,7.25124793374193,45,27.1733333333333,16.1138842972043,8.102,6.72672616098239,45,18.0044444444444,14.9482803577386
"131","4_Marini_UNIPD01 H_2018",26,1.7647880026053,98,26.530612244898,21,1.66931042324261,98,21.4285714285714,39,98,39.7959183673469,25,2.56492266642733,98,25.5102040816327,19,2.37074497435847,98,19.3877551020408,16,98,16.3265306122449,19,98,19.3877551020408,17,98,17.3469387755102,27.921,8.80467383162382,98,28.4908163265306,8.98436105267737,16.263,7.88974518467352,98,16.5948979591837,8.050760392524,10.152,6.57967994572595,98,10.3591836734694,6.71395912829178
"132","4_Marini_UNIPD01 Hn_2018",27,2.4910537902343,82,32.9268292682927,19,2.30593690755183,82,23.1707317073171,37,82,45.1219512195122,26,2.44039643203202,82,31.7073170731707,19,2.30593690755183,82,23.1707317073171,37,82,45.1219512195122,29,82,35.3658536585366,17,82,20.7317073170732,29.359,8.67683158799377,82,35.8036585365854,10.5815019365778,17.071,7.77897624829074,82,20.8182926829268,9.48655640035456,11.023,6.75100341038627,82,13.4426829268293,8.23293098827594
"133","4_Marini_UNIPD01 I_2018",39,2.12810503417545,74,52.7027027027027,33,2.00238435860582,74,44.5945945945946,50,74,67.5675675675676,34,2.03665360902639,74,45.945945945946,33,2.00238435860582,74,44.5945945945946,35,74,47.2972972972973,19,74,25.6756756756757,15,74,20.2702702702703,33.166,7.64125858958018,74,44.8189189189189,10.3260251210543,19.826,6.99561738967067,74,26.7918918918919,9.45353701306847,13.881,6.53969468756811,74,18.7581081081081,8.83742525347042
"134","4_Marini_UNIPD01 In_2018",61,2.82641685034356,93,65.5913978494624,29,1.76491266565794,93,31.1827956989247,68,93,73.1182795698925,59,2.80716612622195,93,63.4408602150538,43,2.37918120458012,93,46.2365591397849,34,93,36.5591397849462,25,93,26.8817204301075,15,93,16.1290322580645,33.528,11.1900148539862,93,36.0516129032258,12.0322740365443,19.7,9.65075837108862,93,21.1827956989247,10.377159538805,12.619,7.88746163547253,93,13.5688172043011,8.48114154351885
"135","40_Knight_Ghe_ari_2017",75,2.88855619921397,129,58.1395348837209,58,2.56932657133458,129,44.9612403100775,95,129,73.6434108527132,71,2.88680618830581,129,55.0387596899225,59,2.79371229651058,129,45.7364341085271,64,129,49.6124031007752,46,129,35.6589147286822,20,129,15.5038759689922,71.199,10.7823772266907,129,55.193023255814,8.35843195867498,45.223,12.0014710059353,129,35.0565891472868,9.3034658960739,30.575,12.2494254323794,129,23.7015503875969,9.49567862975148
"136","41_Knight_1 wooded meadow_2018",33,2.74977205787669,37,89.1891891891892,28,2.61240063845635,37,75.6756756756757,33,37,89.1891891891892,32,2.72748620303859,37,86.4864864864865,32,2.72058730863319,37,86.4864864864865,7,37,18.9189189189189,1,37,2.7027027027027,1,37,2.7027027027027,14.057,7.1587008596531,37,37.9918918918919,19.3478401612246,8.135,6.79197363848726,37,21.9864864864865,18.356685509425,5.29,5.98161179613653,37,14.2972972972973,16.1665183679366
"137","41_Knight_2 alvar pasture_2018",13,2.190673873054,17,76.4705882352941,9,1.79903705958471,17,52.9411764705882,16,17,94.1176470588235,8,1.75192641005698,17,47.0588235294118,8,1.84386143796137,17,47.0588235294118,5,17,29.4117647058824,7,17,41.1764705882353,2,17,11.7647058823529,7.631,2.52729622842797,17,44.8882352941176,14.8664484025175,4.154,2.34516178200647,17,24.4352941176471,13.7950693059204,2.703,2.01217291499509,17,15.9,11.836311264677
"138","41_Knight_3 alvar pasture_2018",25,2.91367068072268,34,73.5294117647059,24,2.87347140570401,34,70.5882352941177,29,34,85.2941176470588,26,2.95506245285554,34,76.4705882352941,24,2.87347140570401,34,70.5882352941177,13,34,38.2352941176471,4,34,11.7647058823529,3,34,8.82352941176471,17.622,9.54873260146572,34,51.8294117647059,28.0845076513698,9.041,8.44064947522189,34,26.5911764705882,24.8254396330056,5.413,6.65467622921775,34,15.9205882352941,19.5725771447581
"139","41_Knight_4 wooded meadow_2018",20,2.01335266737641,23,86.9565217391304,20,2.01681431090933,23,86.9565217391304,21,23,91.304347826087,20,2.0323024621083,23,86.9565217391304,20,2.01681431090933,23,86.9565217391304,6,23,26.0869565217391,3,23,13.0434782608696,1,23,4.34782608695652,11.582,6.6133964808571,23,50.3565217391304,28.7538977428569,6.628,6.24232189033717,23,28.8173913043478,27.1405299579877,4.238,5.50742114675169,23,18.4260869565217,23.945309333703
"140","41_Knight_5 wooded meadow_2018",32,2.87739710139709,47,68.0851063829787,13,1.99230663870886,47,27.6595744680851,36,47,76.5957446808511,14,1.96816721681669,47,29.7872340425532,13,1.99230663870886,47,27.6595744680851,23,47,48.936170212766,17,47,36.1702127659575,2,47,4.25531914893617,19.259,8.53092584047568,47,40.9765957446808,18.1509060435653,10.231,7.58783330168858,47,21.768085106383,16.1443261738055,6.569,6.81525397081332,47,13.9765957446808,14.5005403634326
"141","41_Knight_6 alvar pasture_2018",10,1.13296568232635,23,43.4782608695652,8,1.38391477804274,23,34.7826086956522,14,23,60.8695652173913,12,1.73039421409134,23,52.1739130434783,8,1.38391477804274,23,34.7826086956522,2,23,8.69565217391304,1,23,4.34782608695652,1,23,4.34782608695652,7.668,3.65035629782917,23,33.3391304347826,15.8711143383877,4.44,3.43397614904242,23,19.304347826087,14.9303310827931,2.921,3.09553571152738,23,12.7,13.4588509196843
"142","42_Knight_M1Restored_2019",21,1.90561649735209,25,84,17,1.56858741333395,25,68,25,25,100,19,2.33693355533418,25,76,19,2.36967308318391,25,76,8,25,32,4,25,16,5,25,20,8.074,4.52094713118423,25,32.296,18.0837885247369,5.184,4.27790187410189,25,20.736,17.1116074964076,3.422,3.79371958746404,25,13.688,15.1748783498561
"143","42_Knight_M2Natural_2019",15,1.83263746533335,19,78.9473684210526,5,1.09981568607209,19,26.3157894736842,16,19,84.2105263157895,11,1.5780114848751,19,57.8947368421053,11,1.5780114848751,19,57.8947368421053,7,19,36.8421052631579,2,19,10.5263157894737,3,19,15.7894736842105,8.61,4.06477827469377,19,45.3157894736842,21.3935698668093,4.861,3.94223543439762,19,25.5842105263158,20.7486075494612,3.059,3.32634688263019,19,16.1,17.5070888559484
"144","42_Knight_M3Natural_2019",11,1.79356100507722,17,64.7058823529412,11,1.76906388996831,17,64.7058823529412,12,17,70.5882352941177,11,1.76906388996831,17,64.7058823529412,11,1.76906388996831,17,64.7058823529412,7,17,41.1764705882353,4,17,23.5294117647059,8,17,47.0588235294118,6.807,3.06645628603347,17,40.0411764705882,18.037978153138,3.999,2.72220671687684,17,23.5235294117647,16.0129806875109,2.351,2.31541792343416,17,13.8294117647059,13.6201054319656
"145","42_Knight_M4Restored_2019",8,1.79649416724998,19,42.1052631578947,7,1.62861983033282,19,36.8421052631579,15,19,78.9473684210526,8,1.59844944662979,19,42.1052631578947,4,0.929577688715925,19,21.0526315789474,3,19,15.7894736842105,2,19,10.5263157894737,0,19,0,6.716,3.1807957277168,19,35.3473684210526,16.7410301458779,3.624,3.03477080416855,19,19.0736842105263,15.9724779166766,2.302,2.58214319189767,19,12.1157894736842,13.5902273257772
"146","42_Knight_M5Restored_2019",13,1.73901786671454,21,61.9047619047619,10,1.7381630479082,21,47.6190476190476,14,21,66.6666666666667,13,1.74113313414489,21,61.9047619047619,10,1.7381630479082,21,47.6190476190476,7,21,33.3333333333333,4,21,19.047619047619,0,21,0,7.525,2.74388481972256,21,35.8333333333333,13.066118189155,4.411,2.85731399101381,21,21.0047619047619,13.6062571000657,2.854,2.57591135703838,21,13.5904761904762,12.2662445573256
"147","42_Knight_M6Natural_2019",24,1.96288464066131,35,68.5714285714286,21,1.92826087301777,35,60,24,35,68.5714285714286,21,1.92826087301777,35,60,21,1.92826087301777,35,60,12,35,34.2857142857143,12,35,34.2857142857143,1,35,2.85714285714286,9.021,5.32041970767964,35,25.7742857142857,15.201199164799,5.139,4.5166446704472,35,14.6828571428571,12.9046990584206,3.224,3.79238792928759,35,9.21142857142857,10.8353940836788
"148","42_Knight_M8Restored_2019",8,1.34819591857555,15,53.3333333333333,8,1.46763116803484,15,53.3333333333333,11,15,73.3333333333333,8,1.34819591857555,15,53.3333333333333,8,1.34819591857555,15,53.3333333333333,11,15,73.3333333333333,9,15,60,1,15,6.66666666666667,5.808,3.30485371205112,15,38.72,22.0323580803408,3.234,2.91920635888691,15,21.56,19.4613757259127,2.026,2.47172681205538,15,13.5066666666667,16.4781787470358
"149","44_Knight_M1_2018",24,2.12817936214014,37,64.8648648648649,22,2.14270492147346,37,59.4594594594595,31,37,83.7837837837838,22,2.14270492147346,37,59.4594594594595,22,2.14270492147346,37,59.4594594594595,26,37,70.2702702702703,7,37,18.9189189189189,15,37,40.5405405405405,17.705,6.02480483279527,37,47.8513513513513,16.2832563048521,10.477,5.83021976107783,37,28.3162162162162,15.7573507056158,6.651,5.4859178169468,37,17.9756756756757,14.826804910667
"150","44_Knight_M11_2018",21,2.72548578504587,33,63.6363636363636,13,2.29311860148681,33,39.3939393939394,25,33,75.7575757575758,21,2.72548578504587,33,63.6363636363636,13,2.29311860148681,33,39.3939393939394,20,33,60.6060606060606,12,33,36.3636363636364,1,33,3.03030303030303,8.924,4.05026278513242,33,27.0424242424242,12.2735235913104,5.022,3.41279404054261,33,15.2181818181818,10.3418001228564,2.988,2.90280593259044,33,9.05454545454545,8.79638161391044
"151","44_Knight_M12_2018",18,0.901266676281959,55,32.7272727272727,16,0.788537961481075,55,29.0909090909091,41,55,74.5454545454545,32,1.3355697646738,55,58.1818181818182,16,0.788537961481075,55,29.0909090909091,20,55,36.3636363636364,12,55,21.8181818181818,4,55,7.27272727272727,16.509,6.94911571419049,55,30.0163636363636,12.6347558439827,9.461,6.18390812672049,55,17.2018181818182,11.24346932131,5.857,5.06400979414487,55,10.6490909090909,9.20729053480886
"152","44_Knight_M13_2018",18,2.10282456378403,23,78.2608695652174,15,1.94377654382684,23,65.2173913043478,18,23,78.2608695652174,9,1.81409757323353,23,39.1304347826087,9,1.81409757323353,23,39.1304347826087,15,23,65.2173913043478,4,23,17.3913043478261,13,23,56.5217391304348,9.825,5.40347782197471,23,42.7173913043478,23.4933818346727,5.547,4.85359128361138,23,24.1173913043478,21.1025707983103,3.26,3.94232697045057,23,14.1739130434783,17.1405520454372
"153","44_Knight_M15_2018",40,2.23357617127421,58,68.9655172413793,34,2.11835875511047,58,58.6206896551724,44,58,75.8620689655172,34,2.11746769357794,58,58.6206896551724,34,2.11835875511047,58,58.6206896551724,39,58,67.2413793103448,3,58,5.17241379310345,2,58,3.44827586206897,17.089,11.5783045449727,58,29.4637931034483,19.9625940430564,9.646,9.69580799586567,58,16.6310344827586,16.7169103376994,5.968,8.05231741896802,58,10.2896551724138,13.8833058947725
"154","44_Knight_M16_2018",30,2.20226407812927,50,60,25,1.95801215306514,50,50,40,50,80,27,2.12461964004332,50,54,25,1.95801215306514,50,50,11,50,22,9,50,18,11,50,22,15.688,7.91664886990255,50,31.376,15.8332977398051,9.105,7.65928453836516,50,18.21,15.3185690767303,5.694,6.33912837451243,50,11.388,12.6782567490249
"155","44_Knight_M17_2018",20,1.97433407100423,48,41.6666666666667,17,1.7866882260622,48,35.4166666666667,22,48,45.8333333333333,15,1.82805608262889,48,31.25,14,1.62382552095551,48,29.1666666666667,18,48,37.5,10,48,20.8333333333333,10,48,20.8333333333333,14.835,6.15025207618359,48,30.90625,12.8130251587158,8.166,5.66290671939001,48,17.0125,11.7977223320625,5.294,4.83289984594352,48,11.0291666666667,10.0685413457157
"156","44_Knight_M18_2018",33,3.01159114378953,44,75,24,2.66815738716134,44,54.5454545454545,37,44,84.0909090909091,31,2.94161747716088,44,70.4545454545455,24,2.66815738716134,44,54.5454545454545,34,44,77.2727272727273,22,44,50,9,44,20.4545454545455,15.407,5.80094837091333,44,35.0159090909091,13.1839735702576,8.359,4.90654595343743,44,18.9977272727273,11.1512408032669,5.25,3.98439146864052,44,11.9318181818182,9.05543515600119
"157","44_Knight_M3_2018",25,2.98981292717999,63,39.6825396825397,18,2.78103708008618,63,28.5714285714286,38,63,60.3174603174603,21,2.82003739001904,63,33.3333333333333,18,2.72344985948581,63,28.5714285714286,23,63,36.5079365079365,10,63,15.8730158730159,4,63,6.34920634920635,15.517,5.76584390665893,63,24.6301587301587,9.15213318517291,8.706,5.03218510061851,63,13.8190476190476,7.98759539780715,5.411,4.26359675124856,63,8.58888888888889,6.76761389087073
"158","44_Knight_M4_2018",43,1.38718468788411,56,76.7857142857143,36,1.27422067264044,56,64.2857142857143,48,56,85.7142857142857,33,1.03335846595106,56,58.9285714285714,30,0.92521337121947,56,53.5714285714286,35,56,62.5,14,56,25,13,56,23.2142857142857,19.328,8.57997855661843,56,34.5142857142857,15.3213902796758,10.464,7.96556050470738,56,18.6857142857143,14.2242151869775,6.827,6.93218047414564,56,12.1910714285714,12.3788937038315
"159","44_Knight_M6_2018",6,1.35103941583702,33,18.1818181818182,6,1.35103941583702,33,18.1818181818182,10,33,30.3030303030303,13,1.95915686328247,33,39.3939393939394,9,1.53113861217232,33,27.2727272727273,7,33,21.2121212121212,0,33,0,0,33,0,6.006,3.65695738795755,33,18.2,11.0816890544168,3.205,3.06306339427661,33,9.71212121212121,9.2820102856867,1.908,2.41357853846966,33,5.78181818181818,7.31387435899898
"160","44_Knight_M8_2018",22,2.45203362373926,41,53.6585365853659,21,2.38709212907781,41,51.219512195122,26,41,63.4146341463415,23,2.49326577657092,41,56.0975609756098,21,2.38709212907781,41,51.219512195122,25,41,60.9756097560976,7,41,17.0731707317073,0,41,0,9.419,5.9476729746863,41,22.9731707317073,14.5065194504544,4.832,4.87930154669534,41,11.7853658536585,11.9007354797447,3.192,4.13136832105347,41,7.78536585365854,10.0765081001304
"161","45_Knight_Hermanovice_meadow_2018",28,2.71020816054807,47,59.5744680851064,25,2.58736652493539,47,53.1914893617021,32,47,68.0851063829787,25,2.60290981629699,47,53.1914893617021,25,2.58736652493539,47,53.1914893617021,35,47,74.468085106383,27,47,57.4468085106383,24,47,51.063829787234,19.477,8.55948221189435,47,41.4404255319149,18.2116642806263,11.034,8.53836915035581,47,23.4765957446809,18.1667428730975,6.906,7.5543518737369,47,14.6936170212766,16.0730890930572
"162","45_Knight_HorniGrunt_meadow_2018",28,3.02763337168722,38,73.6842105263158,27,2.99757768760418,38,71.0526315789474,30,38,78.9473684210526,29,3.07861910403641,38,76.3157894736842,27,2.99757768760418,38,71.0526315789474,22,38,57.8947368421053,18,38,47.3684210526316,4,38,10.5263157894737,18.677,7.65736941163911,38,49.15,20.1509721358924,10.351,7.15086945300597,38,27.2394736842105,18.8180775079105,6.59,6.10910969137249,38,17.3421052631579,16.0766044509802
"163","45_Knight_Mnichov_meadow_2018",37,2.67288391006279,53,69.811320754717,31,2.4590509859609,53,58.4905660377358,38,53,71.6981132075472,37,2.67288391006279,53,69.811320754717,31,2.4590509859609,53,58.4905660377358,32,53,60.377358490566,29,53,54.7169811320755,13,53,24.5283018867925,22.733,8.15366133667527,53,42.8924528301887,15.3842666729722,13.55,8.66790820398051,53,25.5660377358491,16.3545437810953,9.198,8.34472470668928,53,17.3547169811321,15.7447635975269
"164","46_Knight_Gora_Gipsowa_2018",8,1.98133251472398,41,19.5121951219512,6,1.69574253416963,41,14.6341463414634,14,41,34.1463414634146,9,1.88642911786746,41,21.9512195121951,4,1.33217904021012,41,9.75609756097561,10,41,24.390243902439,10,41,24.390243902439,3,41,7.31707317073171,9.186,2.9913796737212,41,22.4048780487805,7.29604798468585,5.289,3.10823746521081,41,12.9,7.58106698831906,3.484,2.82590334755627,41,8.49756097560976,6.89244718916163
"165","47_Benadi_1",90,3.37562361252168,190,47.3684210526316,81,3.33374483369428,190,42.6315789473684,113,190,59.4736842105263,84,3.48443688902573,190,44.2105263157895,82,3.4985077871483,190,43.1578947368421,56,190,29.4736842105263,52,190,27.3684210526316,40,190,21.0526315789474,44.475,22.4288749033345,190,23.4078947368421,11.804671001755,24.13,17.5106745650681,190,12.7,9.21614450793059,15.057,14.5325478133033,190,7.92473684210526,7.64870937542278
"166","47_Benadi_2",112,3.68431519785164,162,69.1358024691358,68,3.24456603238953,162,41.9753086419753,126,162,77.7777777777778,92,3.49628919434473,162,56.7901234567901,68,3.24456603238953,162,41.9753086419753,82,162,50.6172839506173,67,162,41.358024691358,63,162,38.8888888888889,55.594,22.0404842720605,162,34.3172839506173,13.6052372049756,32.4,21.1315058748907,162,20,13.0441394289449,21.876,18.7229049875058,162,13.5037037037037,11.5573487577197
"167","47_Benadi_3",98,3.65659138987031,150,65.3333333333333,80,3.47037786183347,150,53.3333333333333,130,150,86.6666666666667,97,3.67374515463587,150,64.6666666666667,80,3.47037786183347,150,53.3333333333333,92,150,61.3333333333333,68,150,45.3333333333333,67,150,44.6666666666667,41.321,22.5411637468668,150,27.5473333333333,15.0274424979112,23.491,19.5953539620211,150,15.6606666666667,13.0635693080141,14.632,15.974597452323,150,9.75466666666667,10.649731634882
"168","47_Benadi_4",79,1.46810078416787,144,54.8611111111111,68,1.3555819774883,144,47.2222222222222,108,144,75,84,3.43085839597396,144,58.3333333333333,65,3.13135357039113,144,45.1388888888889,59,144,40.9722222222222,39,144,27.0833333333333,38,144,26.3888888888889,50.442,17.2597953793357,144,35.0291666666667,11.9859690134275,29.294,16.01843170083,144,20.3430555555556,11.1239109033541,18.889,14.103389116967,144,13.1173611111111,9.79402022011601
"169","47_Benadi_5",73,3.0613634819616,131,55.7251908396947,61,2.92318862065189,131,46.5648854961832,101,131,77.0992366412214,73,3.03166232076128,131,55.7251908396947,61,2.92318862065189,131,46.5648854961832,52,131,39.6946564885496,48,131,36.6412213740458,44,131,33.587786259542,39.985,15.5496806259025,131,30.5229007633588,11.8699852106126,22.968,13.333895483645,131,17.5328244274809,10.1785461707214,14.909,12.312282944739,131,11.3809160305344,9.39868927079314
"170","47_Benadi_6",66,2.9489981095506,96,68.75,62,2.96883561814702,96,64.5833333333333,76,96,79.1666666666667,67,3.08661953425295,96,69.7916666666667,62,2.96883561814702,96,64.5833333333333,38,96,39.5833333333333,4,96,4.16666666666667,4,96,4.16666666666667,27.884,14.2810536198312,96,29.0458333333333,14.8760975206575,16.995,12.4806547000445,96,17.703125,13.000681979213,9.453,9.58549282367227,96,9.846875,9.98488835799195
"171","5_Marini_UNIPD02 A_2019",24,2.6342935171773,35,68.5714285714286,18,2.66377165695867,35,51.4285714285714,32,35,91.4285714285714,22,2.82731553566541,35,62.8571428571429,18,2.66377165695867,35,51.4285714285714,16,35,45.7142857142857,8,35,22.8571428571429,7,35,20,22.955,3.69359142537688,35,65.5857142857143,10.5531183582197,14.086,4.31082210108318,35,40.2457142857143,12.3166345745234,9.614,4.25289208552146,35,27.4685714285714,12.151120244347
"172","5_Marini_UNIPD02 AA_2019",10,0.180702223864085,24,41.6666666666667,9,0.234178429268876,24,37.5,16,24,66.6666666666667,10,0.180702223864085,24,41.6666666666667,9,0.234178429268876,24,37.5,13,24,54.1666666666667,5,24,20.8333333333333,6,24,25,13.23,2.70636738533859,24,55.125,11.2765307722441,8.092,2.72744843672158,24,33.7166666666667,11.3643684863399,5.385,2.4221151173389,24,22.4375,10.0921463222454
"173","5_Marini_UNIPD02 AB_2019",9,0.769319391206562,16,56.25,8,0.706082962369094,16,50,11,16,68.75,9,0.769319391206562,16,56.25,9,1.86886276960757,16,56.25,6,16,37.5,1,16,6.25,7,16,43.75,6.779,2.26169721100643,16,42.36875,14.1356075687902,3.983,2.02949004181588,16,24.89375,12.6843127613493,2.736,1.84599883849143,16,17.1,11.5374927405714
"174","5_Marini_UNIPD02 AC_2019",5,0.999480826743221,23,21.7391304347826,4,1.14905969697062,23,17.3913043478261,12,23,52.1739130434783,8,1.76903616130401,23,34.7826086956522,4,1.14905969697062,23,17.3913043478261,5,23,21.7391304347826,5,23,21.7391304347826,6,23,26.0869565217391,9.536,3.02619593910604,23,41.4608695652174,13.1573736482871,5.484,2.76358126013718,23,23.8434782608696,12.0155706962486,3.519,2.34971491040087,23,15.3,10.2161517843516
"175","5_Marini_UNIPD02 AD_2019",8,0.99818999907883,14,57.1428571428571,7,0.90636949047697,14,50,10,14,71.4285714285714,8,0.99818999907883,14,57.1428571428571,7,1.39029711049123,14,50,11,14,78.5714285714286,3,14,21.4285714285714,2,14,14.2857142857143,7.959,2.33897195147565,14,56.85,16.7069425105403,4.708,2.12396969075532,14,33.6285714285714,15.1712120768237,3.15,1.802983846503,14,22.5,12.87845604645
"176","5_Marini_UNIPD02 AE_2019",14,1.43092018702196,35,40,11,1.24222889989993,35,31.4285714285714,23,35,65.7142857142857,14,1.47758448594578,35,40,9,1.0117099586685,35,25.7142857142857,22,35,62.8571428571429,12,35,34.2857142857143,4,35,11.4285714285714,19.362,3.60887516824564,35,55.32,10.3110719092733,10.479,3.50911283273606,35,29.94,10.0260366649602,6.755,3.26521616997047,35,19.3,9.32918905705849
"177","5_Marini_UNIPD02 AF_2019",15,1.53103106524551,24,62.5,9,1.36742097892008,24,37.5,22,24,91.6666666666667,10,1.39162411405211,24,41.6666666666667,7,1.2206454936305,24,29.1666666666667,12,24,50,8,24,33.3333333333333,5,24,20.8333333333333,17.667,2.20385298238516,24,73.6125,9.18272075993817,10.289,3.22084660498647,24,42.8708333333333,13.4201941874436,6.804,3.1262369323769,24,28.35,13.0259872182371
"178","5_Marini_UNIPD02 AG_2019",18,2.2288132123217,52,34.6153846153846,14,1.8636349766114,52,26.9230769230769,36,52,69.2307692307692,18,2.2288132123217,52,34.6153846153846,11,1.67363950007934,52,21.1538461538462,25,52,48.0769230769231,21,52,40.3846153846154,9,52,17.3076923076923,26.599,5.93273936697007,52,51.1519230769231,11.4091141672501,15.102,5.69737273276517,52,29.0423076923077,10.9564860245484,9.574,4.90903479541779,52,18.4115384615385,9.4404515296496
"179","5_Marini_UNIPD02 AH_2019",16,2.11662297664947,35,45.7142857142857,14,2.3125077153709,35,40,22,35,62.8571428571429,16,2.11662297664947,35,45.7142857142857,13,1.79174526123471,35,37.1428571428571,13,35,37.1428571428571,10,35,28.5714285714286,2,35,5.71428571428571,15.096,3.52323675009177,35,43.1314285714286,10.0663907145479,8.142,3.05502359551758,35,23.2628571428571,8.72863884433595,5.185,2.67804909345347,35,14.8142857142857,7.65156883843848
"180","5_Marini_UNIPD02 AI_2019",12,1.95724433673156,16,75,11,1.81042438376075,16,68.75,13,16,81.25,12,2.05947649819037,16,75,11,1.91123961915762,16,68.75,4,16,25,4,16,25,2,16,12.5,8.867,3.97279424260735,16,55.41875,24.8299640162959,4.845,3.76445828056922,16,30.28125,23.5278642535576,3.192,3.41185825859996,16,19.95,21.3241141162498
"181","5_Marini_UNIPD02 AJ_2019",19,2.38669882009839,31,61.2903225806452,15,2.25743961122104,31,48.3870967741936,31,31,100,15,2.18447310773336,31,48.3870967741936,13,2.05802311803643,31,41.9354838709677,31,31,100,16,31,51.6129032258064,8,31,25.8064516129032,31,0,31,100,0,18.338,4.71762779498468,31,59.1548387096774,15.2181541773699,12.315,4.52705967149421,31,39.7258064516129,14.6034182951426
"182","5_Marini_UNIPD02 AK_2019",16,1.79980476555763,21,76.1904761904762,10,1.40257698801414,21,47.6190476190476,18,21,85.7142857142857,16,1.79980476555763,21,76.1904761904762,9,1.3278627259737,21,42.8571428571429,NA,NA,NA,12,21,57.1428571428571,6,21,28.5714285714286,18,0,21,85.7142857142857,0,10.268,2.59246926633603,21,48.8952380952381,12.3450917444573,6.706,2.46325630652428,21,31.9333333333333,11.7297919358299
"183","5_Marini_UNIPD02 AL_2019",12,1.61152198831604,39,30.7692307692308,8,1.84285700552767,39,20.5128205128205,23,39,58.974358974359,11,1.54027376141564,39,28.2051282051282,8,1.84285700552767,39,20.5128205128205,17,39,43.5897435897436,6,39,15.3846153846154,7,39,17.9487179487179,18.648,3.66599720888267,39,47.8153846153846,9.3999928432889,10.386,3.36427144004795,39,26.6307692307692,8.62633702576398,6.601,2.90107139092012,39,16.925641025641,7.43864459210288
"184","5_Marini_UNIPD02 AM_2019",15,2.19577783774141,34,44.1176470588235,11,2.19675579791443,34,32.3529411764706,22,34,64.7058823529412,15,2.42467632653911,34,44.1176470588235,11,2.19675579791443,34,32.3529411764706,8,34,23.5294117647059,2,34,5.88235294117647,2,34,5.88235294117647,15.247,3.19753267617631,34,44.8441176470588,9.40450787110679,8.802,3.04665030452759,34,25.8882352941176,8.96073618978704,5.64,2.67161702673447,34,16.5882352941176,7.85769713745433
"185","5_Marini_UNIPD02 AN_2019",13,2.36525548931857,20,65,7,1.89199649347357,20,35,20,20,100,10,2.08561263387137,20,50,6,1.721402322014,20,30,NA,NA,NA,7,20,35,4,20,20,17.599,1.78924576299635,20,87.995,8.94622881498176,10.368,2.57433548769449,20,51.84,12.8716774384724,6.678,2.38788986722965,20,33.39,11.9394493361482
"186","5_Marini_UNIPD02 AO_2019",17,2.41432645231483,29,58.6206896551724,13,2.13525486428148,29,44.8275862068966,22,29,75.8620689655172,17,2.41432645231483,29,58.6206896551724,8,2.02532622077007,29,27.5862068965517,17,29,58.6206896551724,5,29,17.2413793103448,7,29,24.1379310344828,18.056,3.1003994059599,29,62.2620689655172,10.6910324343445,10.126,3.23118624727275,29,34.9172413793103,11.1420215423198,6.296,2.88872441204223,29,21.7103448275862,9.96111866221459
"187","5_Marini_UNIPD02 AP_2019",13,2.47635401983067,18,72.2222222222222,12,2.42601513195981,18,66.6666666666667,14,18,77.7777777777778,10,2.12854900487515,18,55.5555555555556,9,2.13833305950803,18,50,6,18,33.3333333333333,4,18,22.2222222222222,4,18,22.2222222222222,10.747,2.57946596113317,18,59.7055555555556,14.3303664507398,6.262,3.16312525224047,18,34.7888888888889,17.5729180680026,3.915,2.98373552408347,18,21.75,16.5763084671304
"188","5_Marini_UNIPD02 AQ_2019",19,1.43974934732826,24,79.1666666666667,16,1.25656611690234,24,66.6666666666667,19,24,79.1666666666667,16,1.42094391728088,24,66.6666666666667,16,1.25656611690234,24,66.6666666666667,16,24,66.6666666666667,6,24,25,5,24,20.8333333333333,18.193,3.06482367260241,24,75.8041666666667,12.7700986358434,10.668,3.50314830517465,24,44.45,14.5964512715611,7.073,3.21558875029302,24,29.4708333333333,13.3982864595542
"189","5_Marini_UNIPD02 AS_2019",16,2.28899486551173,22,72.7272727272727,13,2.45404333272347,22,59.0909090909091,21,22,95.4545454545455,16,2.28899486551173,22,72.7272727272727,13,2.45404333272347,22,59.0909090909091,NA,NA,NA,17,22,77.2727272727273,9,22,40.9090909090909,16.374,2.78385952840187,22,74.4272727272727,12.6539069472812,9.354,3.23529769127219,22,42.5181818181818,14.7058985966918,5.838,2.83474721832332,22,26.5363636363636,12.8852146287424
"190","5_Marini_UNIPD02 AT_2019",19,2.63532147974203,26,73.0769230769231,15,2.38209740115929,26,57.6923076923077,24,26,92.3076923076923,12,2.33993636078058,26,46.1538461538462,6,1.74786809746676,26,23.0769230769231,14,26,53.8461538461538,10,26,38.4615384615385,7,26,26.9230769230769,18.629,3.56904708530121,26,71.65,13.7271041742354,10.896,4.32294712804493,26,41.9076923076923,16.6267197232497,7.044,4.16790540144992,26,27.0923076923077,16.030405390192
"191","5_Marini_UNIPD02 AV_2019",11,0.855106467779134,13,84.6153846153846,9,0.968441457191269,13,69.2307692307692,13,13,100,10,1.08768137217957,13,76.9230769230769,9,0.968441457191269,13,69.2307692307692,NA,NA,NA,10,13,76.9230769230769,4,13,30.7692307692308,13,0,13,100,0,7.754,2.21910081078089,13,59.6461538461538,17.0700062367761,5.199,2.09327035539626,13,39.9923076923077,16.1020796568943
"192","5_Marini_UNIPD02 B_2019",12,1.68216064528667,32,37.5,6,0.884120086724163,32,18.75,19,32,59.375,12,1.68216064528667,32,37.5,8,1.32434196719985,32,25,26,32,81.25,13,32,40.625,9,32,28.125,18.206,4.1783995767546,32,56.89375,13.0574986773581,11.034,4.40570700957908,32,34.48125,13.7678344049346,7.668,4.21539387786545,32,23.9625,13.1731058683295
"193","5_Marini_UNIPD02 C_2019",28,2.2665013315246,35,80,15,1.6779154972917,35,42.8571428571429,34,35,97.1428571428571,28,2.2665013315246,35,80,15,1.6779154972917,35,42.8571428571429,27,35,77.1428571428572,9,35,25.7142857142857,13,35,37.1428571428571,23.295,5.48708329470978,35,66.5571428571429,15.6773808420279,13.74,5.57453814010412,35,39.2571428571429,15.9272518288689,9.119,5.27471910737071,35,26.0542857142857,15.0706260210592
"194","5_Marini_UNIPD02 D_2019",14,1.81803732257713,32,43.75,7,1.88915916375402,32,21.875,28,32,87.5,15,1.8785989535077,32,46.875,7,1.88915916375402,32,21.875,25,32,78.125,11,32,34.375,8,32,25,22.182,3.80990700560937,32,69.31875,11.9059593925293,12.956,4.03216099905774,32,40.4875,12.6005031220554,8.524,3.7222680289414,32,26.6375,11.6320875904419
"195","5_Marini_UNIPD02 E_2019",16,1.24988419301204,32,50,14,1.12530435634299,32,43.75,30,32,93.75,19,1.39947912757288,32,59.375,15,1.23770003326293,32,46.875,NA,NA,NA,11,32,34.375,11,32,34.375,26.257,2.55097206148136,32,82.053125,7.97178769212925,15.596,4.08625519045023,32,48.7375,12.769547470157,10.485,4.25439477186531,32,32.765625,13.2949836620791
"196","5_Marini_UNIPD02 G_2019",14,1.22592397455383,27,51.8518518518518,12,1.06410072821336,27,44.4444444444444,20,27,74.0740740740741,16,1.49562484815783,27,59.2592592592593,12,1.06410072821336,27,44.4444444444444,17,27,62.962962962963,9,27,33.3333333333333,1,27,3.7037037037037,15.605,2.9129813697414,27,57.7962962962963,10.7888198879311,9.198,2.98725956684713,27,34.0666666666667,11.063924321656,6.286,2.59903038823307,27,23.2814814814815,9.62603847493731
"197","5_Marini_UNIPD02 H_2019",13,1.51207858863944,21,61.9047619047619,8,1.25307511815944,21,38.0952380952381,18,21,85.7142857142857,15,1.75489398109491,21,71.4285714285714,8,1.25307511815944,21,38.0952380952381,16,21,76.1904761904762,8,21,38.0952380952381,5,21,23.8095238095238,16.236,2.28856757416982,21,77.3142857142857,10.8979408293801,9.778,2.68699384739451,21,46.5619047619048,12.7952087971167,6.271,2.44080243291351,21,29.8619047619048,11.6228687281596
"198","5_Marini_UNIPD02 I_2019",20,0.543195029340144,35,57.1428571428571,19,0.429947468748624,35,54.2857142857143,30,35,85.7142857142857,14,0.301549269623379,35,40,9,0.18318960702946,35,25.7142857142857,25,35,71.4285714285714,19,35,54.2857142857143,17,35,48.5714285714286,25.26,4.13563822202855,35,72.1714285714286,11.8161092057959,14.721,4.66035169036392,35,42.06,13.3152905438969,9.405,4.36715548693278,35,26.8714285714286,12.4775871055222
"199","5_Marini_UNIPD02 K_2019",21,1.3826100412901,31,67.741935483871,12,1.16414795333538,31,38.7096774193548,27,31,87.0967741935484,22,1.40885788579436,31,70.9677419354839,12,1.16414795333538,31,38.7096774193548,21,31,67.741935483871,15,31,48.3870967741936,5,31,16.1290322580645,21.396,3.63571209014168,31,69.0193548387097,11.7281035165861,11.932,4.43181870308534,31,38.4903225806452,14.2961893647914,7.268,3.79955426499117,31,23.4451612903226,12.2566266612618
"200","5_Marini_UNIPD02 L_2019",17,1.86491622237749,20,85,15,1.76478023919448,20,75,18,20,90,17,1.86491622237749,20,85,15,1.76478023919448,20,75,19,20,95,3,20,15,3,20,15,16.728,3.04783616772708,20,83.64,15.2391808386354,9.584,4.49390021463974,20,47.92,22.4695010731987,6.201,4.16532699183977,20,31.005,20.8266349591989
"201","5_Marini_UNIPD02 M_2019",21,1.31879316524385,35,60,13,1.04184896203925,35,37.1428571428571,32,35,91.4285714285714,20,1.32338689993992,35,57.1428571428571,14,1.02481744707074,35,40,13,35,37.1428571428571,6,35,17.1428571428571,5,35,14.2857142857143,16.406,4.57516077270472,35,46.8742857142857,13.0718879220135,9.232,4.29635131648177,35,26.3771428571429,12.2752894756622,5.647,3.43950886337297,35,16.1342857142857,9.82716818106563
"202","5_Marini_UNIPD02 N_2019",11,1.88711271973169,20,55,7,1.48612412879462,20,35,16,20,80,10,1.65836754421575,20,50,9,1.63245566960938,20,45,13,20,65,8,20,40,9,20,45,13.07,1.84567237247202,20,65.35,9.22836186236012,7.781,2.07058598621896,20,38.905,10.3529299310948,5.113,2.01004260434232,20,25.565,10.0502130217116
"203","5_Marini_UNIPD02 O_2019",20,2.4865959418904,31,64.5161290322581,20,2.54817203584897,31,64.5161290322581,24,31,77.4193548387097,20,2.4865959418904,31,64.5161290322581,20,2.54817203584897,31,64.5161290322581,22,31,70.9677419354839,15,31,48.3870967741936,13,31,41.9354838709677,18.057,3.85598490915351,31,58.2483870967742,12.4386609972694,10.27,4.22598615224411,31,33.1290322580645,13.6322133943358,6.59,3.77838274611985,31,21.258064516129,12.1883314390963
"204","5_Marini_UNIPD02 P_2019",12,1.96805628507978,24,50,10,1.84953701460788,24,41.6666666666667,16,24,66.6666666666667,14,2.25653061216505,24,58.3333333333333,10,1.84953701460788,24,41.6666666666667,12,24,50,11,24,45.8333333333333,8,24,33.3333333333333,13.04,2.16958685170866,24,54.3333333333333,9.03994521545276,7.989,2.76052522167422,24,33.2875,11.5021884236426,5.117,2.39437759011482,24,21.3208333333333,9.97657329214508
"205","5_Marini_UNIPD02 Q_2019",17,2.23171482694289,22,77.2727272727273,16,2.2177339572431,22,72.7272727272727,22,22,100,16,1.80966403624855,22,72.7272727272727,16,2.2177339572431,22,72.7272727272727,19,22,86.3636363636364,16,22,72.7272727272727,9,22,40.9090909090909,14.488,3.69939745655175,22,65.8545454545455,16.8154429843261,8.442,4.15136963782676,22,38.3727272727273,18.8698619901216,5.57,3.82435951836719,22,25.3181818181818,17.3834523562145
"206","5_Marini_UNIPD02 S_2019",14,0.469624785818171,31,45.1612903225806,9,0.310222359528168,31,29.0322580645161,19,31,61.2903225806452,10,0.416260558708242,31,32.258064516129,6,0.248426843350435,31,19.3548387096774,16,31,51.6129032258064,10,31,32.258064516129,7,31,22.5806451612903,17.695,3.86793690950821,31,57.0806451612903,12.4772158371233,10.23,3.93122812293494,31,33,12.6813810417256,6.544,3.76087864842888,31,21.1096774193548,12.1318666078351
"207","5_Marini_UNIPD02 T_2019",12,1.09124570522695,18,66.6666666666667,11,0.93448340951868,18,61.1111111111111,16,18,88.8888888888889,11,1.63124667132166,18,61.1111111111111,10,1.71508977653275,18,55.5555555555556,14,18,77.7777777777778,10,18,55.5555555555556,10,18,55.5555555555556,10.672,2.6357851512146,18,59.2888888888889,14.6432508400811,6.127,2.77715386386559,18,34.0388888888889,15.4286325770311,4.036,2.54070052528021,18,22.4222222222222,14.1150029182234
"208","5_Marini_UNIPD02 U_2019",9,0.693821391857226,23,39.1304347826087,5,0.516287383062954,23,21.7391304347826,19,23,82.6086956521739,8,1.70753917413507,23,34.7826086956522,4,1.03356205420682,23,17.3913043478261,14,23,60.8695652173913,1,23,4.34782608695652,8,23,34.7826086956522,10.4,3.79821358357142,23,45.2173913043478,16.5139721024844,5.975,3.22533374672727,23,25.9782608695652,14.0231902031621,3.685,2.75923692139482,23,16.0217391304348,11.996682266934
"209","5_Marini_UNIPD02 V_2019",17,1.8020716211661,39,43.5897435897436,12,1.50395562493669,39,30.7692307692308,26,39,66.6666666666667,16,1.78664475494504,39,41.025641025641,15,1.89295557389383,39,38.4615384615385,15,39,38.4615384615385,8,39,20.5128205128205,6,39,15.3846153846154,17.58,4.29581820542421,39,45.0769230769231,11.0149184754467,10.252,3.9668920116676,39,26.2871794871795,10.1715179786349,6.69,3.46870753046894,39,17.1538461538462,8.89412187299728
"210","5_Marini_UNIPD02 W_2019",21,1.20359092852072,36,58.3333333333333,19,1.04934704302457,36,52.7777777777778,28,36,77.7777777777778,20,1.19536954569297,36,55.5555555555556,19,1.09865140246629,36,52.7777777777778,14,36,38.8888888888889,6,36,16.6666666666667,6,36,16.6666666666667,19.782,6.01520229573858,36,54.95,16.7088952659405,11.916,6.2241211173694,36,33.1,17.2892253260261,7.881,5.62801150616392,36,21.8916666666667,15.6333652948998
"211","5_Marini_UNIPD02 X_2019",31,1.27567668466233,41,75.609756097561,25,1.19311960444252,41,60.9756097560976,31,41,75.609756097561,14,0.359669490993984,41,34.1463414634146,12,0.296958377171381,41,29.2682926829268,22,41,53.6585365853659,6,41,14.6341463414634,6,41,14.6341463414634,16.685,6.94377354116557,41,40.6951219512195,16.9360330272331,9.504,5.85151469486527,41,23.180487804878,14.271987060647,6.207,5.06120210688792,41,15.1390243902439,12.3443953826535
"212","5_Marini_UNIPD02 Y_2019",29,1.92548238248583,45,64.4444444444444,27,1.75409253366819,45,60,37,45,82.2222222222222,15,1.69342682763141,45,33.3333333333333,12,1.54043739571026,45,26.6666666666667,21,45,46.6666666666667,11,45,24.4444444444444,5,45,11.1111111111111,25.639,6.36531194806635,45,56.9755555555556,14.1451376623697,14.063,6.11542553134526,45,31.2511111111111,13.5898345141006,8.93,5.10069770885485,45,19.8444444444444,11.3348837974552
"213","5_Marini_UNIPD02 Z_2019",19,2.29059582137147,27,70.3703703703704,18,2.18886776549399,27,66.6666666666667,25,27,92.5925925925926,19,2.28433447042045,27,70.3703703703704,18,2.18886776549399,27,66.6666666666667,20,27,74.0740740740741,16,27,59.2592592592593,14,27,51.8518518518518,19.489,3.95974223385293,27,72.1814814814815,14.6657119772331,10.963,4.91627916221209,27,40.6037037037037,18.2084413415263,6.93,4.45880936809155,27,25.6666666666667,16.5141087707094
"214","50_Hervias-Parejo_Cala Tirant_2021",26,2.44433462371846,77,33.7662337662338,12,1.5537897184542,77,15.5844155844156,67,77,87.012987012987,30,2.58749302388965,77,38.961038961039,11,1.52908731801022,77,14.2857142857143,32,77,41.5584415584416,22,77,28.5714285714286,16,77,20.7792207792208,51.994,11.4607728061119,77,67.5246753246753,14.884120527418,31.261,12.7861003970469,77,40.5987012987013,16.60532519097,20.582,11.5716541245917,77,26.7298701298701,15.0281222397294
"215","50_Hervias-Parejo_coast Son Bou_2021",26,2.7885252113571,46,56.5217391304348,23,2.69060832511127,46,50,32,46,69.5652173913043,26,2.7885252113571,46,56.5217391304348,23,2.69060832511127,46,50,NA,NA,NA,9,46,19.5652173913043,21,46,45.6521739130435,32,0,46,69.5652173913043,0,20.503,6.43050094023338,46,44.5717391304348,13.9793498700726,14.18,6.53776279336765,46,30.8260869565217,14.2125278116688
"216","50_Hervias-Parejo_Llucalari_2021",29,2.24739422448354,62,46.7741935483871,19,1.7746506603137,62,30.6451612903226,53,62,85.4838709677419,29,2.24739422448354,62,46.7741935483871,19,1.7746506603137,62,30.6451612903226,NA,NA,NA,27,62,43.5483870967742,21,62,33.8709677419355,54.671,2.47606338567693,62,88.1790322580645,3.99365062205956,33.463,5.48422352824059,62,53.9725806451613,8.84552181974289,21.976,6.1534778206547,62,35.4451612903226,9.92496422686241
"217","50_Hervias-Parejo_Sa Bassa_2021",41,2.74173323225371,81,50.6172839506173,17,2.54592832963238,81,20.9876543209877,62,81,76.5432098765432,24,2.81115994459211,81,29.6296296296296,18,2.51780001390426,81,22.2222222222222,45,81,55.5555555555556,16,81,19.7530864197531,31,81,38.2716049382716,51.629,10.4483743964086,81,63.7395061728395,12.8992276498872,30.184,13.1654651825704,81,37.2641975308642,16.2536607192227,19.365,11.6606923785317,81,23.9074074074074,14.3959165167058
"218","50_Hervias-Parejo_Salinas_2021",6,1.2852930241201,95,6.31578947368421,3,1.03972077083992,95,3.15789473684211,36,95,37.8947368421053,22,2.76323761197498,95,23.1578947368421,3,0.600166073159646,95,3.15789473684211,59,95,62.1052631578947,28,95,29.4736842105263,37,95,38.9473684210526,40.723,12.174994928192,95,42.8663157894737,12.815784134939,23.496,11.4778798445412,95,24.7326315789474,12.0819787837276,15.211,9.551214828738,95,16.0115789473684,10.05391034604
"219","50_Hervias-Parejo_Torre Fornells_2021",34,2.75991594154556,83,40.9638554216867,22,2.26863043051085,83,26.5060240963855,53,83,63.855421686747,41,3.16164672595555,83,49.3975903614458,30,2.68890986753416,83,36.144578313253,44,83,53.0120481927711,18,83,21.6867469879518,8,83,9.63855421686747,46.12,8.05446922363445,83,55.566265060241,9.70417978751138,27.709,8.63208154687106,83,33.3843373493976,10.4000982492422,18.549,8.10205173041016,83,22.3481927710843,9.7615081089279
"220","51_Petanidou_Pyrgos_2013",43,2.40704802337607,66,65.1515151515152,26,1.6417180137108,66,39.3939393939394,47,66,71.2121212121212,11,1.75966819433563,66,16.6666666666667,9,1.28213043305187,66,13.6363636363636,12,66,18.1818181818182,10,66,15.1515151515152,5,66,7.57575757575758,26.582,10.9355778476888,66,40.2757575757576,16.5690573449831,14.667,10.0664514325776,66,22.2227272727273,15.2521991402692,9.249,8.61308215357221,66,14.0136363636364,13.0501244751094
"221","51_Petanidou_Sigri 3_2012",24,2.36737837548376,51,47.0588235294118,21,2.28403020354398,51,41.1764705882353,43,51,84.3137254901961,31,2.58596701985246,51,60.7843137254902,21,2.24573537238486,51,41.1764705882353,32,51,62.7450980392157,20,51,39.2156862745098,10,51,19.6078431372549,20.398,7.05729419830302,51,39.9960784313726,13.8378317613785,10.744,6.35207153712966,51,21.0666666666667,12.455042229666,6.801,5.25899762845127,51,13.3352941176471,10.3117600557868
"222","54_Lazaro_AloeVera_2018_2018",31,2.4126267244235,60,51.6666666666667,5,1.42412991734677,60,8.33333333333333,56,60,93.3333333333333,10,2.0740965945787,60,16.6666666666667,7,1.74977898918417,60,11.6666666666667,NA,NA,NA,40,60,66.6666666666667,5,60,8.33333333333333,52.497,6.81971403355738,60,87.495,11.366190055929,30.571,16.1853305163634,60,50.9516666666667,26.9755508606057,21.348,15.8319786365302,60,35.58,26.3866310608836
"223","54_Lazaro_SonBaco_2018_2018",63,3.28622902218921,73,86.3013698630137,48,3.16130594158219,73,65.7534246575342,66,73,90.4109589041096,49,3.21762358647538,73,67.1232876712329,48,3.16130594158219,73,65.7534246575342,NA,NA,NA,20,73,27.3972602739726,10,73,13.6986301369863,53.908,12.9642434259623,73,73.8465753424658,17.7592375698114,31.905,17.0844330562314,73,43.7054794520548,23.4033329537417,19.926,16.2242951080086,73,27.2958904109589,22.2250617917926
"224","54_Lazaro_SonMutNou_2018_2018",58,2.9098754565647,69,84.0579710144928,49,2.89762803320393,69,71.0144927536232,68,69,98.5507246376812,54,2.95265579009258,69,78.2608695652174,49,2.89762803320393,69,71.0144927536232,NA,NA,NA,18,69,26.0869565217391,16,69,23.1884057971014,60.661,10.1990244189873,69,87.9144927536232,14.7811948101265,35.553,15.852207527139,69,51.5260869565217,22.9742138074479,23.696,16.2489264756664,69,34.3420289855072,23.5491688053136
"225","54_Lazaro_UIB_2018_2018",11,1.84306515335024,72,15.2777777777778,6,1.5193826646423,72,8.33333333333333,37,72,51.3888888888889,16,1.24678560283647,72,22.2222222222222,6,1.5193826646423,72,8.33333333333333,58,72,80.5555555555556,9,72,12.5,5,72,6.94444444444444,43.967,9.86383324099745,72,61.0652777777778,13.6997683902742,27.199,10.5827876476094,72,37.7763888888889,14.6983161772353,17.928,9.89356855228177,72,24.9,13.7410674337247
"226","6_Marini_UNIPD03 CD13_2020",23,1.83490454900165,25,92,20,2.44408048170575,25,80,25,25,100,22,1.96070484342497,25,88,20,2.44408048170575,25,80,21,25,84,18,25,72,4,25,16,21.442,3.90357193783769,25,85.768,15.6142877513507,13.435,5.10586377069001,25,53.74,20.4234550827601,9.34,4.79493392982546,25,37.36,19.1797357193018
"227","6_Marini_UNIPD03 CD14_2020",20,1.79830124393729,30,66.6666666666667,14,1.57716724216987,30,46.6666666666667,27,30,90,24,2.43309922690516,30,80,14,2.22605316048269,30,46.6666666666667,26,30,86.6666666666667,5,30,16.6666666666667,2,30,6.66666666666667,21.517,3.76774560007797,30,71.7233333333333,12.5591520002599,13.422,4.55419110892996,30,44.74,15.1806370297665,9.213,4.66641258424568,30,30.71,15.5547086141523
"228","6_Marini_UNIPD03 CD15_2020",35,0.505536472110515,43,81.3953488372093,29,0.486622572012458,43,67.4418604651163,40,43,93.0232558139535,33,0.501284369744582,43,76.7441860465116,29,0.486622572012458,43,67.4418604651163,34,43,79.0697674418605,14,43,32.5581395348837,10,43,23.2558139534884,26.284,6.7709075602307,43,61.1255813953488,15.7462966516993,17.118,6.57489964222309,43,39.8093023255814,15.2904642842397,11.784,5.97704517877095,43,27.4046511627907,13.9001050669092
"229","6_Marini_UNIPD03 CD16_2020",32,1.85631034128987,52,61.5384615384615,21,1.47105194404834,52,40.3846153846154,40,52,76.9230769230769,31,1.63998671347429,52,59.6153846153846,20,1.43025823876817,52,38.4615384615385,34,52,65.3846153846154,13,52,25,8,52,15.3846153846154,30.086,6.68769985341218,52,57.8576923076923,12.8609612565619,18.093,6.80107385679685,52,34.7942307692308,13.0789881861478,12.11,6.33656468854,52,23.2884615384615,12.1857013241154
"230","6_Marini_UNIPD03 CD17_2020",25,1.50414615755097,51,49.0196078431373,21,2.65970774947133,51,41.1764705882353,36,51,70.5882352941177,23,1.49266778146243,51,45.0980392156863,21,2.65970774947133,51,41.1764705882353,34,51,66.6666666666667,14,51,27.4509803921569,8,51,15.6862745098039,28.383,6.33422713781511,51,55.6529411764706,12.4200532114022,17.606,6.3001949538452,51,34.521568627451,12.3533234389121,11.949,5.86129283978831,51,23.4294117647059,11.4927310584085
"231","6_Marini_UNIPD03 CD2_2020",14,1.56477835846098,22,63.6363636363636,13,1.92366640367041,22,59.0909090909091,21,22,95.4545454545455,NA,NA,NA,NA,8,1.90368668833762,22,36.3636363636364,21,22,95.4545454545455,13,22,59.0909090909091,14,22,63.6363636363636,21,0,22,95.4545454545455,0,14.505,2.54488731606165,22,65.9318181818182,11.567669618462,9.991,2.92120736211116,22,45.4136363636364,13.2782152823235
"232","6_Marini_UNIPD03 CD20_2020",34,0.345413964077525,44,77.2727272727273,27,0.311866890056243,44,61.3636363636364,40,44,90.9090909090909,33,2.39573437251879,44,75,31,2.67906904886241,44,70.4545454545455,35,44,79.5454545454545,10,44,22.7272727272727,6,44,13.6363636363636,30.588,5.36815359998883,44,69.5181818181818,12.2003490908837,18.943,5.97791656737416,44,43.0522727272727,13.5861740167595,12.961,6.06120592103727,44,29.4568181818182,13.7754680023574
"233","6_Marini_UNIPD03 CD22_2020",13,0.250973242475081,24,54.1666666666667,11,0.249584176988573,24,45.8333333333333,20,24,83.3333333333333,16,0.251723577435758,24,66.6666666666667,11,0.243054175012553,24,45.8333333333333,20,24,83.3333333333333,15,24,62.5,8,24,33.3333333333333,17.001,2.3850969975428,24,70.8375,9.93790415642834,11.091,2.94676134126984,24,46.2125,12.278172255291,7.649,3.02670777577882,24,31.8708333333333,12.6112823990784
"234","6_Marini_UNIPD03 CD23_2020",24,2.12966731825634,39,61.5384615384615,19,1.73452388238327,39,48.7179487179487,31,39,79.4871794871795,24,1.9239619471287,39,61.5384615384615,19,1.73452388238327,39,48.7179487179487,20,39,51.2820512820513,7,39,17.9487179487179,9,39,23.0769230769231,25.355,3.55071578454015,39,65.0128205128205,9.10439944753885,16.079,4.89476431687142,39,41.2282051282051,12.5506777355677,11.257,4.88536772595654,39,28.8641025641026,12.5265839127091
"235","6_Marini_UNIPD03 CD26_2020",16,2.47412162197206,26,61.5384615384615,15,2.41265260227421,26,57.6923076923077,22,26,84.6153846153846,19,2.5517587251492,26,73.0769230769231,16,2.46796255721971,26,61.5384615384615,20,26,76.9230769230769,9,26,34.6153846153846,5,26,19.2307692307692,20.627,1.50403894003218,26,79.3346153846154,5.78476515396994,12.84,3.33459435606784,26,49.3846153846154,12.8253629079532,8.883,3.56370748112286,26,34.1653846153846,13.7065672350879
"236","6_Marini_UNIPD03 CD27_2020",24,1.98052738578104,34,70.5882352941177,24,1.7165173454168,34,70.5882352941177,31,34,91.1764705882353,27,1.93589158619435,34,79.4117647058823,24,1.7165173454168,34,70.5882352941177,24,34,70.5882352941177,12,34,35.2941176470588,5,34,14.7058823529412,22.409,4.31536109049305,34,65.9088235294118,12.6922385014501,14.692,4.98055638879252,34,43.2117647058824,14.6486952611545,10.468,4.9263825719533,34,30.7882352941176,14.489360505745
"237","6_Marini_UNIPD03 CD28_2020",24,1.73662601110412,42,57.1428571428571,18,0.8962869397221,42,42.8571428571429,35,42,83.3333333333333,28,1.58593570124081,42,66.6666666666667,20,1.2480785808346,42,47.6190476190476,34,42,80.9523809523809,11,42,26.1904761904762,10,42,23.8095238095238,24.501,4.6324354780675,42,58.3357142857143,11.0296082811131,15.877,4.63566180392405,42,37.802380952381,11.037290009343,10.817,4.5201706763067,42,25.7547619047619,10.7623111340636
"238","6_Marini_UNIPD03 CD29_2020",17,1.78168775721846,35,48.5714285714286,13,1.68429698588239,35,37.1428571428571,31,35,88.5714285714286,27,2.15179115036341,35,77.1428571428572,13,1.68429698588239,35,37.1428571428571,22,35,62.8571428571429,3,35,8.57142857142857,4,35,11.4285714285714,23.963,5.036764834693,35,68.4657142857143,14.3907566705514,15.637,5.3870447604648,35,44.6771428571429,15.3915564584709,10.607,5.03824720859695,35,30.3057142857143,14.3949920245627
"239","6_Marini_UNIPD03 CD34_2020",39,1.2485384596677,45,86.6666666666667,37,1.15192584497219,45,82.2222222222222,44,45,97.7777777777778,34,1.49806059527446,45,75.5555555555556,33,1.4606522046525,45,73.3333333333333,41,45,91.1111111111111,28,45,62.2222222222222,9,45,20,36.832,5.75924864413275,45,81.8488888888889,12.798330320295,22.617,7.76818226200027,45,50.26,17.2626272488895,15.684,8.11554101745571,45,34.8533333333333,18.034535594346
"240","6_Marini_UNIPD03 D11_2020",27,1.70275707256526,28,96.4285714285714,25,1.53677810226662,28,89.2857142857143,28,28,100,26,1.65186719867011,28,92.8571428571429,25,1.53677810226662,28,89.2857142857143,23,28,82.1428571428571,21,28,75,8,28,28.5714285714286,24.842,2.52495770487575,28,88.7214285714286,9.01770608884196,16.188,5.11711254916685,28,57.8142857142857,18.2754019613102,11.108,5.39253330220736,28,39.6714285714286,19.2590475078834
"241","6_Marini_UNIPD03 D17_2020",25,2.40009849746001,26,96.1538461538462,18,1.91037423146177,26,69.2307692307692,26,26,100,19,2.03217515124384,26,73.0769230769231,18,1.91037423146177,26,69.2307692307692,NA,NA,NA,19,26,73.0769230769231,17,26,65.3846153846154,26,0,26,100,0,16.34,5.13212809064025,26,62.8461538461538,19.7389541947702,10.652,5.14269806068209,26,40.9692307692308,19.7796079257004
"242","6_Marini_UNIPD03 D21_2020",21,2.21428370950039,23,91.304347826087,16,2.17246253101499,23,69.5652173913043,22,23,95.6521739130435,20,2.11497240587302,23,86.9565217391304,16,2.17246253101499,23,69.5652173913043,NA,NA,NA,9,23,39.1304347826087,9,23,39.1304347826087,21.084,1.26195742263221,23,91.6695652173913,5.48677140274875,14.355,3.5645028658539,23,62.4130434782609,15.4978385471909,10.24,4.26996869223097,23,44.5217391304348,18.5650812705694
"243","6_Marini_UNIPD03 D24_2020",30,1.91420944938411,33,90.9090909090909,24,1.74481917616787,33,72.7272727272727,33,33,100,26,1.76885979801225,33,78.7878787878788,24,1.64114413431424,33,72.7272727272727,20,33,60.6060606060606,13,33,39.3939393939394,3,33,9.09090909090909,25.886,3.09007322770069,33,78.4424242424242,9.36385826575966,17.363,4.27147240146492,33,52.6151515151515,12.9438557620149,12.164,4.81999339588099,33,36.8606060606061,14.6060405935788
"244","6_Marini_UNIPD03 D28_2020",20,1.44516693270913,32,62.5,19,1.38883630228613,32,59.375,27,32,84.375,20,1.44516693270913,32,62.5,19,1.38883630228613,32,59.375,11,32,34.375,6,32,18.75,4,32,12.5,20.293,4.23569263427979,32,63.415625,13.2365394821244,12.058,4.82036013922942,32,37.68125,15.0636254350919,7.753,4.46272415760899,32,24.228125,13.9460129925281
"245","6_Marini_UNIPD03 D29_2020",23,2.43511469166125,28,82.1428571428571,17,2.09198087870325,28,60.7142857142857,26,28,92.8571428571429,24,2.47042799762805,28,85.7142857142857,17,2.09198087870325,28,60.7142857142857,26,28,92.8571428571429,16,28,57.1428571428571,14,28,50,22.452,3.06318120245588,28,80.1857142857143,10.9399328659139,14.381,4.8651319106997,28,51.3607142857143,17.3754711096418,9.478,4.85871620113,28,33.85,17.3525578611786
"246","6_Marini_UNIPD03 D34_2020",26,0.649454848904819,37,70.2702702702703,17,0.598163530575954,37,45.945945945946,34,37,91.8918918918919,22,0.57459814294854,37,59.4594594594595,19,0.563854431883272,37,51.3513513513513,30,37,81.0810810810811,21,37,56.7567567567568,14,37,37.8378378378378,31.347,1.77700555675798,37,84.7216216216216,4.80271772096752,20.333,3.47767238324791,37,54.954054054054,9.39911454931868,14.128,4.12876042689118,37,38.1837837837838,11.1588119645708
"247","6_Marini_UNIPD03 D35_2020",17,2.49614107259475,24,70.8333333333333,16,2.38208795500647,24,66.6666666666667,24,24,100,16,2.41022316075883,24,66.6666666666667,16,2.38208795500647,24,66.6666666666667,22,24,91.6666666666667,6,24,25,9,24,37.5,20.206,2.64093516363779,24,84.1916666666667,11.0038965151574,11.857,3.64662156644323,24,49.4041666666667,15.1942565268468,7.467,3.51386656807828,24,31.1125,14.6411107003262
"248","6_Marini_UNIPD03 D5_2020",19,2.41343946753693,30,63.3333333333333,17,2.40909645452685,30,56.6666666666667,28,30,93.3333333333333,20,2.25293036605331,30,66.6666666666667,13,1.83469354988269,30,43.3333333333333,26,30,86.6666666666667,13,30,43.3333333333333,10,30,33.3333333333333,21.357,3.17263559467781,30,71.19,10.5754519822594,13.361,3.91279810225227,30,44.5366666666667,13.0426603408409,8.606,3.76655690929408,30,28.6866666666667,12.5551896976469
"249","6_Marini_UNIPD03 D8_2020",17,1.44455686468881,18,94.4444444444444,7,0.625038049956777,18,38.8888888888889,18,18,100,15,1.29847283991905,18,83.3333333333333,11,0.987195814044558,18,61.1111111111111,NA,NA,NA,5,18,27.7777777777778,2,18,11.1111111111111,16.929,1.49739814384859,18,94.05,8.31887857693661,10.312,3.63040436257944,18,57.2888888888889,20.1689131254413,6.909,3.67317454134856,18,38.3833333333333,20.4065252297142
"250","6_Marini_UNIPD03 E14_2020",18,1.91033539414124,34,52.9411764705882,13,1.71115446940497,34,38.2352941176471,19,34,55.8823529411765,18,1.91033539414124,34,52.9411764705882,13,1.71115446940497,34,38.2352941176471,26,34,76.4705882352941,14,34,41.1764705882353,6,34,17.6470588235294,23.519,3.33027472286142,34,69.1735294117647,9.79492565547477,15.133,3.98361395973307,34,44.5088235294118,11.7165116462737,10.143,3.93929804268084,34,29.8323529411765,11.5861707137672
"251","6_Marini_UNIPD03 E19_2020",20,2.26212932151074,28,71.4285714285714,13,1.65719610246794,28,46.4285714285714,24,28,85.7142857142857,17,2.0605102329481,28,60.7142857142857,13,1.65719610246794,28,46.4285714285714,17,28,60.7142857142857,13,28,46.4285714285714,6,28,21.4285714285714,19.843,2.7121406133729,28,70.8678571428571,9.68621647633177,12.827,3.5746117060247,28,45.8107142857143,12.7664703786597,8.904,3.93932764596984,28,31.8,14.0690273070352
"252","6_Marini_UNIPD03 E25_2020",18,2.20630922759531,24,75,18,2.19286757079236,24,75,22,24,91.6666666666667,20,2.22173090155552,24,83.3333333333333,18,2.19286757079236,24,75,20,24,83.3333333333333,13,24,54.1666666666667,3,24,12.5,17.347,3.96033777287686,24,72.2791666666667,16.5014073869869,10.748,4.63702469240762,24,44.7833333333333,19.3209362183651,7.339,4.64064808131522,24,30.5791666666667,19.3360336721467
"253","6_Marini_UNIPD03 E26_2020",28,0.307491840972683,45,62.2222222222222,23,0.287132751427213,45,51.1111111111111,38,45,84.4444444444444,27,0.299648995905061,45,60,22,0.285803807112036,45,48.8888888888889,34,45,75.5555555555556,16,45,35.5555555555556,18,45,40,31.993,4.5364667452248,45,71.0955555555556,10.0810372116107,21.765,5.78491488617078,45,48.3666666666667,12.8553664137128,15.291,5.87680660357782,45,33.98,13.0595702301729
"254","6_Marini_UNIPD03 E31_2020",18,1.7443351223451,22,81.8181818181818,14,2.02832409477706,22,63.6363636363636,22,22,100,NA,NA,NA,NA,15,1.22714877790407,22,68.1818181818182,21,22,95.4545454545455,17,22,77.2727272727273,6,22,27.2727272727273,19.34,1.61462286835255,22,87.9090909090909,7.33919485614794,13.521,2.51074946238426,22,61.4590909090909,11.4124975562921,9.916,3.05946144023818,22,45.0727272727273,13.9066429101736
"255","6_Marini_UNIPD03 E32_2020",12,1.45784792365854,20,60,8,1.09280235437016,20,40,20,20,100,NA,NA,NA,NA,8,1.09280235437016,20,40,NA,NA,NA,12,20,60,9,20,45,20,0,20,100,0,11.068,2.06437342494948,20,55.34,10.3218671247474,7.071,2.04159915926881,20,35.355,10.2079957963441
"256","6_Marini_UNIPD03 E33_2020",29,2.59805523324806,40,72.5,27,2.57158992084767,40,67.5,40,40,100,26,2.40333597554044,40,65,23,2.34707717053832,40,57.5,30,40,75,28,40,70,21,40,52.5,33.008,5.66056339757607,40,82.52,14.1514084939402,19.93,7.50062393133794,40,49.825,18.7515598283448,12.832,7.05219891307027,40,32.08,17.6304972826757
"257","6_Marini_UNIPD03 E35_2020",28,2.05867099078745,36,77.7777777777778,26,2.1606578218015,36,72.2222222222222,33,36,91.6666666666667,28,2.05867099078745,36,77.7777777777778,26,2.1606578218015,36,72.2222222222222,34,36,94.4444444444444,15,36,41.6666666666667,11,36,30.5555555555556,29.371,5.29182032597124,36,81.5861111111111,14.6995009054757,18.046,6.84929170037288,36,50.1277777777778,19.0258102788136,11.974,6.59839850743064,36,33.2611111111111,18.3288847428629
"258","6_Marini_UNIPD03 E36_2020",38,3.11449995977368,42,90.4761904761905,34,2.99139336909009,42,80.9523809523809,42,42,100,34,2.99017298598509,42,80.9523809523809,33,2.96186091842671,42,78.5714285714286,42,42,100,26,42,61.9047619047619,16,42,38.0952380952381,40.034,2.87177490258047,42,95.3190476190476,6.83755929185827,26.334,7.88064391712686,42,62.7,18.7634378979211,18.127,8.54387902939109,42,43.1595238095238,20.3425691175978
"259","7_Scheper_Chize_1_Field_boundary_2015",19,2.45677134414142,22,86.3636363636364,15,2.38375081670479,22,68.1818181818182,19,22,86.3636363636364,18,2.5517999621634,22,81.8181818181818,15,2.38375081670479,22,68.1818181818182,9,22,40.9090909090909,7,22,31.8181818181818,0,22,0,11.242,4.15315358308415,22,51.1,18.8779708322007,6.426,4.4576220560288,22,29.2090909090909,20.2619184364945,4.411,4.11108014759868,22,20.05,18.6867279436304
"260","7_Scheper_Chize_1_Grassland_2015",17,2.33857271677129,22,77.2727272727273,11,2.00041705107592,22,50,18,22,81.8181818181818,12,2.09844867416116,22,54.5454545454545,11,2.00041705107592,22,50,8,22,36.3636363636364,12,22,54.5454545454545,5,22,22.7272727272727,14.944,3.12067342133114,22,67.9272727272727,14.1848791878688,9.47,4.7249788809502,22,43.0454545454545,21.4771767315918,6.154,4.64368903436135,22,27.9727272727273,21.1076774289152
"261","7_Scheper_Chize_10_Field_boundary_2015",8,1.75174126162259,22,36.3636363636364,6,1.69574253416963,22,27.2727272727273,9,22,40.9090909090909,8,1.75174126162259,22,36.3636363636364,6,1.69574253416963,22,27.2727272727273,8,22,36.3636363636364,3,22,13.6363636363636,3,22,13.6363636363636,4.684,2.44092238756215,22,21.2909090909091,11.0951017616461,2.599,2.0650577385302,22,11.8136363636364,9.38662608422818,1.73,1.90439668313267,22,7.86363636363636,8.65634855969397
"262","7_Scheper_Chize_12_Field_boundary_2015",22,2.42979021422611,34,64.7058823529412,17,2.41554820144792,34,50,24,34,70.5882352941177,15,2.17965210081669,34,44.1176470588235,15,2.17965210081669,34,44.1176470588235,13,34,38.2352941176471,1,34,2.94117647058824,0,34,0,11.872,5.7400840206886,34,34.9176470588235,16.8826000608488,7.12,5.48285159945641,34,20.9411764705882,16.1260341160483,4.484,5.0601728576551,34,13.1882352941176,14.8828613460444
"263","7_Scheper_Chize_14_Field_boundary_2015",10,1.91428751479263,38,26.3157894736842,9,2.06797591229398,38,23.6842105263158,14,38,36.8421052631579,11,2.26404926016656,38,28.9473684210526,9,2.06797591229398,38,23.6842105263158,0,38,0,0,38,0,0,38,0,6.321,2.70948340100107,38,16.6342105263158,7.13021947631859,3.569,2.30272480803537,38,9.39210526315789,6.05980212640887,2.169,2.11018764376344,38,5.70789473684211,5.55312537832484
"264","7_Scheper_Chize_19_Field_boundary_2015",18,2.58040410542703,22,81.8181818181818,18,2.58540745634166,22,81.8181818181818,18,22,81.8181818181818,18,2.56560193824283,22,81.8181818181818,18,2.58540745634166,22,81.8181818181818,14,22,63.6363636363636,14,22,63.6363636363636,14,22,63.6363636363636,10.4,5.03342183165045,22,47.2727272727273,22.8791901438657,6.463,5.25225829688689,22,29.3772727272727,23.8739013494859,4.062,4.7138494223274,22,18.4636363636364,21.4265882833064
"265","7_Scheper_Chize_25_Field_boundary_2015",17,1.62081459997312,27,62.962962962963,13,1.51293915306933,27,48.1481481481481,18,27,66.6666666666667,17,1.62081459997312,27,62.962962962963,13,1.51293915306933,27,48.1481481481481,3,27,11.1111111111111,1,27,3.7037037037037,0,27,0,8.307,4.37834682510659,27,30.7666666666667,16.2160993522466,4.487,3.87283227494166,27,16.6185185185185,14.3438232405247,2.905,3.24075260973088,27,10.7592592592593,12.0027874434477
"266","7_Scheper_Chize_4_Field_boundary_2015",11,1.71722671405487,21,52.3809523809524,10,1.59798435762599,21,47.6190476190476,16,21,76.1904761904762,10,1.71444600659761,21,47.6190476190476,10,1.64580683749372,21,47.6190476190476,16,21,76.1904761904762,0,21,0,3,21,14.2857142857143,9.011,3.63043510602504,21,42.9095238095238,17.2877862191669,5.393,3.85764597033378,21,25.6809523809524,18.3697427158751,3.352,3.32733634716528,21,15.9619047619048,15.8444587960251
"267","7_Scheper_Chize_5_Field_boundary_2015",13,2.30061064643226,21,61.9047619047619,10,2.05822390413117,21,47.6190476190476,17,21,80.9523809523809,13,2.30061064643226,21,61.9047619047619,10,2.05822390413117,21,47.6190476190476,10,21,47.6190476190476,3,21,14.2857142857143,3,21,14.2857142857143,8.018,4.04004925687769,21,38.1809523809524,19.2383297946557,4.411,3.48313238496776,21,21.0047619047619,16.5863446903227,2.64,2.93990527790319,21,12.5714285714286,13.9995489423962
"268","7_Scheper_Chize_6_Field_boundary_2015",20,2.37397677055881,35,57.1428571428571,11,1.86053463385636,35,31.4285714285714,26,35,74.2857142857143,15,2.0281398175086,35,42.8571428571429,11,1.86053463385636,35,31.4285714285714,14,35,40,11,35,31.4285714285714,1,35,2.85714285714286,13.941,4.53719132339657,35,39.8314285714286,12.9634037811331,7.575,4.15904708709491,35,21.6428571428571,11.882991677414,5.221,3.76727372928373,35,14.9171428571429,10.7636392265249
