Study_Network_id,n_plants_total,total_pollinator_richness,sampling_proportion,sampling_percent,n_plants_sampled,pollinator_richness_captured_percent,random_sd
11_Clough_ASK_2021_2021,16,19,0.05,5,1,8.31578947368421,NA
11_Clough_ASK_2021_2021,16,19,0.1,10,2,16.842105263157894,NA
11_Clough_ASK_2021_2021,16,19,0.15000000000000002,15.000000000000002,3,28,NA
11_Clough_ASK_2021_2021,16,19,0.2,20,4,28.315789473684212,NA
11_Clough_ASK_2021_2021,16,19,0.25,25,4,31.157894736842106,NA
11_Clough_ASK_2021_2021,16,19,0.3,30,5,44.31578947368421,NA
11_Clough_ASK_2021_2021,16,19,0.35000000000000003,35,6,46.631578947368425,NA
11_Clough_ASK_2021_2021,16,19,0.4,40,7,49.578947368421055,NA
11_Clough_ASK_2021_2021,16,19,0.45,45,8,57.1578947368421,NA
11_Clough_ASK_2021_2021,16,19,0.5,50,8,57.1578947368421,NA
11_Clough_ASK_2021_2021,16,19,0.55,55.00000000000001,9,63.68421052631579,NA
11_Clough_ASK_2021_2021,16,19,0.6000000000000001,60.00000000000001,10,69.05263157894737,NA
11_Clough_ASK_2021_2021,16,19,0.6500000000000001,65.00000000000001,11,75.89473684210526,NA
11_Clough_ASK_2021_2021,16,19,0.7000000000000001,70,12,78.52631578947368,NA
11_Clough_ASK_2021_2021,16,19,0.7500000000000001,75.00000000000001,13,85.36842105263158,NA
11_Clough_ASK_2021_2021,16,19,0.8,80,13,85.05263157894737,NA
11_Clough_ASK_2021_2021,16,19,0.8500000000000001,85.00000000000001,14,90.63157894736842,NA
11_Clough_ASK_2021_2021,16,19,0.9000000000000001,90.00000000000001,15,95.36842105263158,NA
11_Clough_ASK_2021_2021,16,19,0.9500000000000001,95,16,100,NA
11_Clough_ASK_2021_2021,16,19,1,100,16,100,NA
11_Clough_HAM_2021_2021,24,38,0.05,5,2,15.157894736842104,NA
11_Clough_HAM_2021_2021,24,38,0.1,10,3,20.05263157894737,NA
11_Clough_HAM_2021_2021,24,38,0.15000000000000002,15.000000000000002,4,34.1578947368421,NA
11_Clough_HAM_2021_2021,24,38,0.2,20,5,29.263157894736842,NA
11_Clough_HAM_2021_2021,24,38,0.25,25,6,40.1578947368421,NA
11_Clough_HAM_2021_2021,24,38,0.3,30,8,51,NA
11_Clough_HAM_2021_2021,24,38,0.35000000000000003,35,9,52.368421052631575,NA
11_Clough_HAM_2021_2021,24,38,0.4,40,10,57.526315789473685,NA
11_Clough_HAM_2021_2021,24,38,0.45,45,11,58.26315789473684,NA
11_Clough_HAM_2021_2021,24,38,0.5,50,12,65.42105263157895,NA
11_Clough_HAM_2021_2021,24,38,0.55,55.00000000000001,14,70.26315789473685,NA
11_Clough_HAM_2021_2021,24,38,0.6000000000000001,60.00000000000001,15,75.47368421052632,NA
11_Clough_HAM_2021_2021,24,38,0.6500000000000001,65.00000000000001,16,77.10526315789474,NA
11_Clough_HAM_2021_2021,24,38,0.7000000000000001,70,17,79.73684210526315,NA
11_Clough_HAM_2021_2021,24,38,0.7500000000000001,75.00000000000001,19,83.36842105263158,NA
11_Clough_HAM_2021_2021,24,38,0.8,80,20,87.26315789473684,NA
11_Clough_HAM_2021_2021,24,38,0.8500000000000001,85.00000000000001,21,92.42105263157895,NA
11_Clough_HAM_2021_2021,24,38,0.9000000000000001,90.00000000000001,22,92.6842105263158,NA
11_Clough_HAM_2021_2021,24,38,0.9500000000000001,95,23,97.05263157894737,NA
11_Clough_HAM_2021_2021,24,38,1,100,24,100,NA
11_Clough_KOM_2021_2021,22,23,0.05,5,2,12.869565217391305,NA
11_Clough_KOM_2021_2021,22,23,0.1,10,3,19.043478260869566,NA
11_Clough_KOM_2021_2021,22,23,0.15000000000000002,15.000000000000002,4,31.652173913043477,NA
11_Clough_KOM_2021_2021,22,23,0.2,20,5,28.08695652173913,NA
11_Clough_KOM_2021_2021,22,23,0.25,25,6,33.82608695652174,NA
11_Clough_KOM_2021_2021,22,23,0.3,30,7,46.869565217391305,NA
11_Clough_KOM_2021_2021,22,23,0.35000000000000003,35,8,49.73913043478261,NA
11_Clough_KOM_2021_2021,22,23,0.4,40,9,50.608695652173914,NA
11_Clough_KOM_2021_2021,22,23,0.45,45,10,56.52173913043478,NA
11_Clough_KOM_2021_2021,22,23,0.5,50,11,60.17391304347826,NA
11_Clough_KOM_2021_2021,22,23,0.55,55.00000000000001,13,66.69565217391305,NA
11_Clough_KOM_2021_2021,22,23,0.6000000000000001,60.00000000000001,14,76.6086956521739,NA
11_Clough_KOM_2021_2021,22,23,0.6500000000000001,65.00000000000001,15,79.65217391304348,NA
11_Clough_KOM_2021_2021,22,23,0.7000000000000001,70,16,76.52173913043478,NA
11_Clough_KOM_2021_2021,22,23,0.7500000000000001,75.00000000000001,17,82.95652173913044,NA
11_Clough_KOM_2021_2021,22,23,0.8,80,18,87.91304347826087,NA
11_Clough_KOM_2021_2021,22,23,0.8500000000000001,85.00000000000001,19,90.52173913043478,NA
11_Clough_KOM_2021_2021,22,23,0.9000000000000001,90.00000000000001,20,95.1304347826087,NA
11_Clough_KOM_2021_2021,22,23,0.9500000000000001,95,21,96.43478260869566,NA
11_Clough_KOM_2021_2021,22,23,1,100,22,100,NA
11_Clough_LOB_2021_2021,21,19,0.05,5,2,9.578947368421053,NA
11_Clough_LOB_2021_2021,21,19,0.1,10,3,17.68421052631579,NA
11_Clough_LOB_2021_2021,21,19,0.15000000000000002,15.000000000000002,4,22.31578947368421,NA
11_Clough_LOB_2021_2021,21,19,0.2,20,5,29.36842105263158,NA
11_Clough_LOB_2021_2021,21,19,0.25,25,6,29.473684210526315,NA
11_Clough_LOB_2021_2021,21,19,0.3,30,7,36.21052631578947,NA
11_Clough_LOB_2021_2021,21,19,0.35000000000000003,35,8,43.89473684210526,NA
11_Clough_LOB_2021_2021,21,19,0.4,40,9,47.473684210526315,NA
11_Clough_LOB_2021_2021,21,19,0.45,45,10,52.8421052631579,NA
11_Clough_LOB_2021_2021,21,19,0.5,50,11,52.10526315789474,NA
11_Clough_LOB_2021_2021,21,19,0.55,55.00000000000001,12,60.526315789473685,NA
11_Clough_LOB_2021_2021,21,19,0.6000000000000001,60.00000000000001,13,67.78947368421052,NA
11_Clough_LOB_2021_2021,21,19,0.6500000000000001,65.00000000000001,14,70.42105263157895,NA
11_Clough_LOB_2021_2021,21,19,0.7000000000000001,70,15,74.94736842105263,NA
11_Clough_LOB_2021_2021,21,19,0.7500000000000001,75.00000000000001,16,73.6842105263158,NA
11_Clough_LOB_2021_2021,21,19,0.8,80,17,80.10526315789474,NA
11_Clough_LOB_2021_2021,21,19,0.8500000000000001,85.00000000000001,18,84.94736842105263,NA
11_Clough_LOB_2021_2021,21,19,0.9000000000000001,90.00000000000001,19,88.31578947368422,NA
11_Clough_LOB_2021_2021,21,19,0.9500000000000001,95,20,90.10526315789474,NA
11_Clough_LOB_2021_2021,21,19,1,100,21,94.73684210526316,NA
11_Clough_PET_2021_2021,30,36,0.05,5,2,9.11111111111111,NA
11_Clough_PET_2021_2021,30,36,0.1,10,3,10.666666666666666,NA
11_Clough_PET_2021_2021,30,36,0.15000000000000002,15.000000000000002,5,22.22222222222222,NA
11_Clough_PET_2021_2021,30,36,0.2,20,6,29.11111111111111,NA
11_Clough_PET_2021_2021,30,36,0.25,25,8,33.888888888888886,NA
11_Clough_PET_2021_2021,30,36,0.3,30,9,36.888888888888886,NA
11_Clough_PET_2021_2021,30,36,0.35000000000000003,35,11,46.44444444444444,NA
11_Clough_PET_2021_2021,30,36,0.4,40,12,53.27777777777778,NA
11_Clough_PET_2021_2021,30,36,0.45,45,14,55.888888888888886,NA
11_Clough_PET_2021_2021,30,36,0.5,50,15,61.388888888888886,NA
11_Clough_PET_2021_2021,30,36,0.55,55.00000000000001,17,64.22222222222223,NA
11_Clough_PET_2021_2021,30,36,0.6000000000000001,60.00000000000001,19,74.38888888888889,NA
11_Clough_PET_2021_2021,30,36,0.6500000000000001,65.00000000000001,20,72.55555555555556,NA
11_Clough_PET_2021_2021,30,36,0.7000000000000001,70,22,80.88888888888889,NA
11_Clough_PET_2021_2021,30,36,0.7500000000000001,75.00000000000001,23,84.16666666666667,NA
11_Clough_PET_2021_2021,30,36,0.8,80,24,85.44444444444444,NA
11_Clough_PET_2021_2021,30,36,0.8500000000000001,85.00000000000001,26,89.27777777777779,NA
11_Clough_PET_2021_2021,30,36,0.9000000000000001,90.00000000000001,28,94.55555555555556,NA
11_Clough_PET_2021_2021,30,36,0.9500000000000001,95,29,97.22222222222223,NA
11_Clough_PET_2021_2021,30,36,1,100,30,100,NA
11_Clough_TAG_2021_2021,28,35,0.05,5,2,10.17142857142857,NA
11_Clough_TAG_2021_2021,28,35,0.1,10,3,15.714285714285715,NA
11_Clough_TAG_2021_2021,28,35,0.15000000000000002,15.000000000000002,5,19.885714285714286,NA
11_Clough_TAG_2021_2021,28,35,0.2,20,6,27.714285714285715,NA
11_Clough_TAG_2021_2021,28,35,0.25,25,7,33.48571428571429,NA
11_Clough_TAG_2021_2021,28,35,0.3,30,9,43.77142857142857,NA
11_Clough_TAG_2021_2021,28,35,0.35000000000000003,35,10,39.08571428571429,NA
11_Clough_TAG_2021_2021,28,35,0.4,40,12,50.17142857142857,NA
11_Clough_TAG_2021_2021,28,35,0.45,45,13,52.57142857142857,NA
11_Clough_TAG_2021_2021,28,35,0.5,50,14,57.65714285714286,NA
11_Clough_TAG_2021_2021,28,35,0.55,55.00000000000001,16,63.65714285714286,NA
11_Clough_TAG_2021_2021,28,35,0.6000000000000001,60.00000000000001,17,68,NA
11_Clough_TAG_2021_2021,28,35,0.6500000000000001,65.00000000000001,19,69.88571428571429,NA
11_Clough_TAG_2021_2021,28,35,0.7000000000000001,70,20,74.4,NA
11_Clough_TAG_2021_2021,28,35,0.7500000000000001,75.00000000000001,22,78.97142857142858,NA
11_Clough_TAG_2021_2021,28,35,0.8,80,23,81.2,NA
11_Clough_TAG_2021_2021,28,35,0.8500000000000001,85.00000000000001,24,84.45714285714286,NA
11_Clough_TAG_2021_2021,28,35,0.9000000000000001,90.00000000000001,26,88.91428571428571,NA
11_Clough_TAG_2021_2021,28,35,0.9500000000000001,95,27,90.22857142857143,NA
11_Clough_TAG_2021_2021,28,35,1,100,28,91.42857142857143,NA
12_Ockinger_Norrang_Ryckelsby_Og,25,21,0.05,5,2,11.904761904761905,NA
12_Ockinger_Norrang_Ryckelsby_Og,25,21,0.1,10,3,18.857142857142858,NA
12_Ockinger_Norrang_Ryckelsby_Og,25,21,0.15000000000000002,15.000000000000002,4,25.42857142857143,NA
12_Ockinger_Norrang_Ryckelsby_Og,25,21,0.2,20,5,30,NA
12_Ockinger_Norrang_Ryckelsby_Og,25,21,0.25,25,7,37.904761904761905,NA
12_Ockinger_Norrang_Ryckelsby_Og,25,21,0.3,30,8,43.23809523809524,NA
12_Ockinger_Norrang_Ryckelsby_Og,25,21,0.35000000000000003,35,9,47.42857142857143,NA
12_Ockinger_Norrang_Ryckelsby_Og,25,21,0.4,40,10,54,NA
12_Ockinger_Norrang_Ryckelsby_Og,25,21,0.45,45,12,59.04761904761905,NA
12_Ockinger_Norrang_Ryckelsby_Og,25,21,0.5,50,13,65.04761904761905,NA
12_Ockinger_Norrang_Ryckelsby_Og,25,21,0.55,55.00000000000001,14,68.57142857142857,NA
12_Ockinger_Norrang_Ryckelsby_Og,25,21,0.6000000000000001,60.00000000000001,16,74.28571428571429,NA
12_Ockinger_Norrang_Ryckelsby_Og,25,21,0.6500000000000001,65.00000000000001,17,76.85714285714286,NA
12_Ockinger_Norrang_Ryckelsby_Og,25,21,0.7000000000000001,70,18,79.80952380952381,NA
12_Ockinger_Norrang_Ryckelsby_Og,25,21,0.7500000000000001,75.00000000000001,19,82.57142857142857,NA
12_Ockinger_Norrang_Ryckelsby_Og,25,21,0.8,80,20,86.19047619047619,NA
12_Ockinger_Norrang_Ryckelsby_Og,25,21,0.8500000000000001,85.00000000000001,22,93.42857142857143,NA
12_Ockinger_Norrang_Ryckelsby_Og,25,21,0.9000000000000001,90.00000000000001,23,95.9047619047619,NA
12_Ockinger_Norrang_Ryckelsby_Og,25,21,0.9500000000000001,95,24,97.33333333333333,NA
12_Ockinger_Norrang_Ryckelsby_Og,25,21,1,100,25,100,NA
12_Ockinger_Sattra_Og,26,11,0.05,5,2,10.90909090909091,NA
12_Ockinger_Sattra_Og,26,11,0.1,10,3,20.545454545454547,NA
12_Ockinger_Sattra_Og,26,11,0.15000000000000002,15.000000000000002,4,24.363636363636363,NA
12_Ockinger_Sattra_Og,26,11,0.2,20,6,34.909090909090914,NA
12_Ockinger_Sattra_Og,26,11,0.25,25,7,45.27272727272727,NA
12_Ockinger_Sattra_Og,26,11,0.3,30,8,47.81818181818182,NA
12_Ockinger_Sattra_Og,26,11,0.35000000000000003,35,10,50.72727272727273,NA
12_Ockinger_Sattra_Og,26,11,0.4,40,11,58.909090909090914,NA
12_Ockinger_Sattra_Og,26,11,0.45,45,12,58.18181818181818,NA
12_Ockinger_Sattra_Og,26,11,0.5,50,13,64.54545454545455,NA
12_Ockinger_Sattra_Og,26,11,0.55,55.00000000000001,15,70.54545454545455,NA
12_Ockinger_Sattra_Og,26,11,0.6000000000000001,60.00000000000001,16,73.0909090909091,NA
12_Ockinger_Sattra_Og,26,11,0.6500000000000001,65.00000000000001,17,76.18181818181819,NA
12_Ockinger_Sattra_Og,26,11,0.7000000000000001,70,19,80.72727272727273,NA
12_Ockinger_Sattra_Og,26,11,0.7500000000000001,75.00000000000001,20,84,NA
12_Ockinger_Sattra_Og,26,11,0.8,80,21,88.72727272727272,NA
12_Ockinger_Sattra_Og,26,11,0.8500000000000001,85.00000000000001,23,90.54545454545455,NA
12_Ockinger_Sattra_Og,26,11,0.9000000000000001,90.00000000000001,24,94,NA
12_Ockinger_Sattra_Og,26,11,0.9500000000000001,95,25,97.0909090909091,NA
12_Ockinger_Sattra_Og,26,11,1,100,26,100,NA
12_Ockinger_St_Tadinge,28,18,0.05,5,2,12.444444444444445,NA
12_Ockinger_St_Tadinge,28,18,0.1,10,3,15.444444444444445,NA
12_Ockinger_St_Tadinge,28,18,0.15000000000000002,15.000000000000002,5,26.22222222222222,NA
12_Ockinger_St_Tadinge,28,18,0.2,20,6,30.555555555555557,NA
12_Ockinger_St_Tadinge,28,18,0.25,25,7,32.77777777777778,NA
12_Ockinger_St_Tadinge,28,18,0.3,30,9,45.88888888888889,NA
12_Ockinger_St_Tadinge,28,18,0.35000000000000003,35,10,50.88888888888889,NA
12_Ockinger_St_Tadinge,28,18,0.4,40,12,57.77777777777778,NA
12_Ockinger_St_Tadinge,28,18,0.45,45,13,59.333333333333336,NA
12_Ockinger_St_Tadinge,28,18,0.5,50,14,66.11111111111111,NA
12_Ockinger_St_Tadinge,28,18,0.55,55.00000000000001,16,69.77777777777777,NA
12_Ockinger_St_Tadinge,28,18,0.6000000000000001,60.00000000000001,17,70.88888888888889,NA
12_Ockinger_St_Tadinge,28,18,0.6500000000000001,65.00000000000001,19,79.22222222222223,NA
12_Ockinger_St_Tadinge,28,18,0.7000000000000001,70,20,80.77777777777777,NA
12_Ockinger_St_Tadinge,28,18,0.7500000000000001,75.00000000000001,22,86,NA
12_Ockinger_St_Tadinge,28,18,0.8,80,23,90.11111111111111,NA
12_Ockinger_St_Tadinge,28,18,0.8500000000000001,85.00000000000001,24,90.22222222222221,NA
12_Ockinger_St_Tadinge,28,18,0.9000000000000001,90.00000000000001,26,94.77777777777777,NA
12_Ockinger_St_Tadinge,28,18,0.9500000000000001,95,27,97.33333333333333,NA
12_Ockinger_St_Tadinge,28,18,1,100,28,100,NA
12_Ockinger_Tjalinge_Skogstibble,35,18,0.05,5,2,8.666666666666666,NA
12_Ockinger_Tjalinge_Skogstibble,35,18,0.1,10,4,16.555555555555557,NA
12_Ockinger_Tjalinge_Skogstibble,35,18,0.15000000000000002,15.000000000000002,6,24,NA
12_Ockinger_Tjalinge_Skogstibble,35,18,0.2,20,7,25.666666666666668,NA
12_Ockinger_Tjalinge_Skogstibble,35,18,0.25,25,9,34,NA
12_Ockinger_Tjalinge_Skogstibble,35,18,0.3,30,11,38.888888888888886,NA
12_Ockinger_Tjalinge_Skogstibble,35,18,0.35000000000000003,35,13,44.333333333333336,NA
12_Ockinger_Tjalinge_Skogstibble,35,18,0.4,40,14,51,NA
12_Ockinger_Tjalinge_Skogstibble,35,18,0.45,45,16,55.88888888888889,NA
12_Ockinger_Tjalinge_Skogstibble,35,18,0.5,50,18,57.88888888888889,NA
12_Ockinger_Tjalinge_Skogstibble,35,18,0.55,55.00000000000001,20,66.77777777777779,NA
12_Ockinger_Tjalinge_Skogstibble,35,18,0.6000000000000001,60.00000000000001,22,70.44444444444444,NA
12_Ockinger_Tjalinge_Skogstibble,35,18,0.6500000000000001,65.00000000000001,23,71.88888888888889,NA
12_Ockinger_Tjalinge_Skogstibble,35,18,0.7000000000000001,70,25,76.77777777777777,NA
12_Ockinger_Tjalinge_Skogstibble,35,18,0.7500000000000001,75.00000000000001,27,79.44444444444444,NA
12_Ockinger_Tjalinge_Skogstibble,35,18,0.8,80,28,79.88888888888889,NA
12_Ockinger_Tjalinge_Skogstibble,35,18,0.8500000000000001,85.00000000000001,30,83.88888888888889,NA
12_Ockinger_Tjalinge_Skogstibble,35,18,0.9000000000000001,90.00000000000001,32,90,NA
12_Ockinger_Tjalinge_Skogstibble,35,18,0.9500000000000001,95,34,93,NA
12_Ockinger_Tjalinge_Skogstibble,35,18,1,100,35,94.44444444444444,NA
20_Hoiss_H5_2010,25,81,0.05,5,2,14.54320987654321,NA
20_Hoiss_H5_2010,25,81,0.1,10,3,17.333333333333332,NA
20_Hoiss_H5_2010,25,81,0.15000000000000002,15.000000000000002,4,22.271604938271604,NA
20_Hoiss_H5_2010,25,81,0.2,20,5,28.074074074074073,NA
20_Hoiss_H5_2010,25,81,0.25,25,7,34.074074074074076,NA
20_Hoiss_H5_2010,25,81,0.3,30,8,40.76543209876543,NA
20_Hoiss_H5_2010,25,81,0.35000000000000003,35,9,43.407407407407405,NA
20_Hoiss_H5_2010,25,81,0.4,40,10,51.45679012345679,NA
20_Hoiss_H5_2010,25,81,0.45,45,12,53.58024691358025,NA
20_Hoiss_H5_2010,25,81,0.5,50,13,56.54320987654321,NA
20_Hoiss_H5_2010,25,81,0.55,55.00000000000001,14,61.629629629629626,NA
20_Hoiss_H5_2010,25,81,0.6000000000000001,60.00000000000001,16,69.1358024691358,NA
20_Hoiss_H5_2010,25,81,0.6500000000000001,65.00000000000001,17,71.65432098765432,NA
20_Hoiss_H5_2010,25,81,0.7000000000000001,70,18,72.39506172839506,NA
20_Hoiss_H5_2010,25,81,0.7500000000000001,75.00000000000001,19,76.66666666666667,NA
20_Hoiss_H5_2010,25,81,0.8,80,20,80.12345679012346,NA
20_Hoiss_H5_2010,25,81,0.8500000000000001,85.00000000000001,22,84.12345679012346,NA
20_Hoiss_H5_2010,25,81,0.9000000000000001,90.00000000000001,23,85.08641975308642,NA
20_Hoiss_H5_2010,25,81,0.9500000000000001,95,24,87.50617283950618,NA
20_Hoiss_H5_2010,25,81,1,100,25,90.12345679012346,NA
20_Hoiss_H6_2010,36,36,0.05,5,2,10.38888888888889,NA
20_Hoiss_H6_2010,36,36,0.1,10,4,17.77777777777778,NA
20_Hoiss_H6_2010,36,36,0.15000000000000002,15.000000000000002,6,29.944444444444443,NA
20_Hoiss_H6_2010,36,36,0.2,20,8,27.72222222222222,NA
20_Hoiss_H6_2010,36,36,0.25,25,9,39.5,NA
20_Hoiss_H6_2010,36,36,0.3,30,11,39.388888888888886,NA
20_Hoiss_H6_2010,36,36,0.35000000000000003,35,13,42.611111111111114,NA
20_Hoiss_H6_2010,36,36,0.4,40,15,50.88888888888889,NA
20_Hoiss_H6_2010,36,36,0.45,45,17,59,NA
20_Hoiss_H6_2010,36,36,0.5,50,18,54,NA
20_Hoiss_H6_2010,36,36,0.55,55.00000000000001,20,61.77777777777778,NA
20_Hoiss_H6_2010,36,36,0.6000000000000001,60.00000000000001,22,69.44444444444444,NA
20_Hoiss_H6_2010,36,36,0.6500000000000001,65.00000000000001,24,72.33333333333333,NA
20_Hoiss_H6_2010,36,36,0.7000000000000001,70,26,77.16666666666667,NA
20_Hoiss_H6_2010,36,36,0.7500000000000001,75.00000000000001,28,78.05555555555556,NA
20_Hoiss_H6_2010,36,36,0.8,80,29,83.38888888888889,NA
20_Hoiss_H6_2010,36,36,0.8500000000000001,85.00000000000001,31,85.27777777777777,NA
20_Hoiss_H6_2010,36,36,0.9000000000000001,90.00000000000001,33,88.61111111111111,NA
20_Hoiss_H6_2010,36,36,0.9500000000000001,95,35,92.66666666666667,NA
20_Hoiss_H6_2010,36,36,1,100,36,94.44444444444444,NA
20_Hoiss_H7_2010,31,38,0.05,5,2,9.157894736842106,NA
20_Hoiss_H7_2010,31,38,0.1,10,4,15.789473684210526,NA
20_Hoiss_H7_2010,31,38,0.15000000000000002,15.000000000000002,5,19.894736842105264,NA
20_Hoiss_H7_2010,31,38,0.2,20,7,28.31578947368421,NA
20_Hoiss_H7_2010,31,38,0.25,25,8,30.578947368421055,NA
20_Hoiss_H7_2010,31,38,0.3,30,10,36.36842105263158,NA
20_Hoiss_H7_2010,31,38,0.35000000000000003,35,11,39.1578947368421,NA
20_Hoiss_H7_2010,31,38,0.4,40,13,45.10526315789474,NA
20_Hoiss_H7_2010,31,38,0.45,45,14,50.1578947368421,NA
20_Hoiss_H7_2010,31,38,0.5,50,16,52,NA
20_Hoiss_H7_2010,31,38,0.55,55.00000000000001,18,60.78947368421053,NA
20_Hoiss_H7_2010,31,38,0.6000000000000001,60.00000000000001,19,59.368421052631575,NA
20_Hoiss_H7_2010,31,38,0.6500000000000001,65.00000000000001,21,66.89473684210526,NA
20_Hoiss_H7_2010,31,38,0.7000000000000001,70,22,68.26315789473684,NA
20_Hoiss_H7_2010,31,38,0.7500000000000001,75.00000000000001,24,69.57894736842105,NA
20_Hoiss_H7_2010,31,38,0.8,80,25,74.57894736842105,NA
20_Hoiss_H7_2010,31,38,0.8500000000000001,85.00000000000001,27,75.57894736842105,NA
20_Hoiss_H7_2010,31,38,0.9000000000000001,90.00000000000001,28,78.73684210526316,NA
20_Hoiss_H7_2010,31,38,0.9500000000000001,95,30,82.6842105263158,NA
20_Hoiss_H7_2010,31,38,1,100,31,84.21052631578948,NA
20_Hoiss_HO1_2010,30,52,0.05,5,2,9.115384615384615,NA
20_Hoiss_HO1_2010,30,52,0.1,10,3,11.923076923076923,NA
20_Hoiss_HO1_2010,30,52,0.15000000000000002,15.000000000000002,5,16.26923076923077,NA
20_Hoiss_HO1_2010,30,52,0.2,20,6,22.692307692307693,NA
20_Hoiss_HO1_2010,30,52,0.25,25,8,37.11538461538461,NA
20_Hoiss_HO1_2010,30,52,0.3,30,9,37.61538461538461,NA
20_Hoiss_HO1_2010,30,52,0.35000000000000003,35,11,40.61538461538461,NA
20_Hoiss_HO1_2010,30,52,0.4,40,12,43.88461538461539,NA
20_Hoiss_HO1_2010,30,52,0.45,45,14,51.42307692307693,NA
20_Hoiss_HO1_2010,30,52,0.5,50,15,49.38461538461539,NA
20_Hoiss_HO1_2010,30,52,0.55,55.00000000000001,17,57.38461538461539,NA
20_Hoiss_HO1_2010,30,52,0.6000000000000001,60.00000000000001,19,59.53846153846154,NA
20_Hoiss_HO1_2010,30,52,0.6500000000000001,65.00000000000001,20,63,NA
20_Hoiss_HO1_2010,30,52,0.7000000000000001,70,22,64.6923076923077,NA
20_Hoiss_HO1_2010,30,52,0.7500000000000001,75.00000000000001,23,67.26923076923077,NA
20_Hoiss_HO1_2010,30,52,0.8,80,24,71.38461538461539,NA
20_Hoiss_HO1_2010,30,52,0.8500000000000001,85.00000000000001,26,71.03846153846153,NA
20_Hoiss_HO1_2010,30,52,0.9000000000000001,90.00000000000001,28,77.11538461538461,NA
20_Hoiss_HO1_2010,30,52,0.9500000000000001,95,29,81.65384615384616,NA
20_Hoiss_HO1_2010,30,52,1,100,30,82.6923076923077,NA
20_Hoiss_HO5_2010,50,57,0.05,5,3,10.456140350877194,NA
20_Hoiss_HO5_2010,50,57,0.1,10,5,16.771929824561404,NA
20_Hoiss_HO5_2010,50,57,0.15000000000000002,15.000000000000002,8,25.789473684210527,NA
20_Hoiss_HO5_2010,50,57,0.2,20,10,34.70175438596491,NA
20_Hoiss_HO5_2010,50,57,0.25,25,13,36.421052631578945,NA
20_Hoiss_HO5_2010,50,57,0.3,30,15,42.385964912280706,NA
20_Hoiss_HO5_2010,50,57,0.35000000000000003,35,18,46.07017543859649,NA
20_Hoiss_HO5_2010,50,57,0.4,40,20,49.473684210526315,NA
20_Hoiss_HO5_2010,50,57,0.45,45,23,56.35087719298246,NA
20_Hoiss_HO5_2010,50,57,0.5,50,25,59.333333333333336,NA
20_Hoiss_HO5_2010,50,57,0.55,55.00000000000001,28,63.26315789473684,NA
20_Hoiss_HO5_2010,50,57,0.6000000000000001,60.00000000000001,31,69.89473684210526,NA
20_Hoiss_HO5_2010,50,57,0.6500000000000001,65.00000000000001,33,75.82456140350877,NA
20_Hoiss_HO5_2010,50,57,0.7000000000000001,70,35,71.50877192982456,NA
20_Hoiss_HO5_2010,50,57,0.7500000000000001,75.00000000000001,38,78.56140350877193,NA
20_Hoiss_HO5_2010,50,57,0.8,80,40,82.17543859649123,NA
20_Hoiss_HO5_2010,50,57,0.8500000000000001,85.00000000000001,43,85.96491228070175,NA
20_Hoiss_HO5_2010,50,57,0.9000000000000001,90.00000000000001,46,88.77192982456141,NA
20_Hoiss_HO5_2010,50,57,0.9500000000000001,95,48,92.21052631578948,NA
20_Hoiss_HO5_2010,50,57,1,100,50,94.73684210526316,NA
20_Hoiss_T4_2010,32,61,0.05,5,2,8.62295081967213,NA
20_Hoiss_T4_2010,32,61,0.1,10,4,17.37704918032787,NA
20_Hoiss_T4_2010,32,61,0.15000000000000002,15.000000000000002,5,18.78688524590164,NA
20_Hoiss_T4_2010,32,61,0.2,20,7,26.327868852459016,NA
20_Hoiss_T4_2010,32,61,0.25,25,8,24.0327868852459,NA
20_Hoiss_T4_2010,32,61,0.3,30,10,36.36065573770492,NA
20_Hoiss_T4_2010,32,61,0.35000000000000003,35,12,36.721311475409834,NA
20_Hoiss_T4_2010,32,61,0.4,40,13,42.19672131147541,NA
20_Hoiss_T4_2010,32,61,0.45,45,15,44.22950819672131,NA
20_Hoiss_T4_2010,32,61,0.5,50,16,47.147540983606554,NA
20_Hoiss_T4_2010,32,61,0.55,55.00000000000001,18,57.18032786885246,NA
20_Hoiss_T4_2010,32,61,0.6000000000000001,60.00000000000001,20,58.721311475409834,NA
20_Hoiss_T4_2010,32,61,0.6500000000000001,65.00000000000001,21,58.42622950819672,NA
20_Hoiss_T4_2010,32,61,0.7000000000000001,70,23,61.704918032786885,NA
20_Hoiss_T4_2010,32,61,0.7500000000000001,75.00000000000001,25,66.95081967213115,NA
20_Hoiss_T4_2010,32,61,0.8,80,26,70.19672131147541,NA
20_Hoiss_T4_2010,32,61,0.8500000000000001,85.00000000000001,28,72.22950819672131,NA
20_Hoiss_T4_2010,32,61,0.9000000000000001,90.00000000000001,29,74.62295081967213,NA
20_Hoiss_T4_2010,32,61,0.9500000000000001,95,31,78.22950819672131,NA
20_Hoiss_T4_2010,32,61,1,100,32,80.32786885245902,NA
22_Kallnik_h1_2012,87,11,0.05,5,5,25.272727272727273,NA
22_Kallnik_h1_2012,87,11,0.1,10,9,34.72727272727273,NA
22_Kallnik_h1_2012,87,11,0.15000000000000002,15.000000000000002,14,43.09090909090909,NA
22_Kallnik_h1_2012,87,11,0.2,20,18,46.18181818181818,NA
22_Kallnik_h1_2012,87,11,0.25,25,22,60,NA
22_Kallnik_h1_2012,87,11,0.3,30,27,63.63636363636363,NA
22_Kallnik_h1_2012,87,11,0.35000000000000003,35,31,68.9090909090909,NA
22_Kallnik_h1_2012,87,11,0.4,40,35,72,NA
22_Kallnik_h1_2012,87,11,0.45,45,40,78.72727272727273,NA
22_Kallnik_h1_2012,87,11,0.5,50,44,74.72727272727272,NA
22_Kallnik_h1_2012,87,11,0.55,55.00000000000001,48,81.0909090909091,NA
22_Kallnik_h1_2012,87,11,0.6000000000000001,60.00000000000001,53,85.27272727272727,NA
22_Kallnik_h1_2012,87,11,0.6500000000000001,65.00000000000001,57,88.18181818181819,NA
22_Kallnik_h1_2012,87,11,0.7000000000000001,70,61,91.81818181818181,NA
22_Kallnik_h1_2012,87,11,0.7500000000000001,75.00000000000001,66,88.72727272727272,NA
22_Kallnik_h1_2012,87,11,0.8,80,70,89.63636363636364,NA
22_Kallnik_h1_2012,87,11,0.8500000000000001,85.00000000000001,74,94.9090909090909,NA
22_Kallnik_h1_2012,87,11,0.9000000000000001,90.00000000000001,79,97.0909090909091,NA
22_Kallnik_h1_2012,87,11,0.9500000000000001,95,83,98.54545454545455,NA
22_Kallnik_h1_2012,87,11,1,100,87,100,NA
22_Kallnik_h2_2011,54,11,0.05,5,3,32.72727272727273,NA
22_Kallnik_h2_2011,54,11,0.1,10,6,47.09090909090909,NA
22_Kallnik_h2_2011,54,11,0.15000000000000002,15.000000000000002,9,57.63636363636363,NA
22_Kallnik_h2_2011,54,11,0.2,20,11,66.36363636363636,NA
22_Kallnik_h2_2011,54,11,0.25,25,14,73.0909090909091,NA
22_Kallnik_h2_2011,54,11,0.3,30,17,72.72727272727272,NA
22_Kallnik_h2_2011,54,11,0.35000000000000003,35,19,74.9090909090909,NA
22_Kallnik_h2_2011,54,11,0.4,40,22,77.45454545454545,NA
22_Kallnik_h2_2011,54,11,0.45,45,25,80.9090909090909,NA
22_Kallnik_h2_2011,54,11,0.5,50,27,81.63636363636364,NA
22_Kallnik_h2_2011,54,11,0.55,55.00000000000001,30,85.0909090909091,NA
22_Kallnik_h2_2011,54,11,0.6000000000000001,60.00000000000001,33,88.72727272727272,NA
22_Kallnik_h2_2011,54,11,0.6500000000000001,65.00000000000001,36,90.36363636363636,NA
22_Kallnik_h2_2011,54,11,0.7000000000000001,70,38,89.27272727272727,NA
22_Kallnik_h2_2011,54,11,0.7500000000000001,75.00000000000001,41,92.18181818181819,NA
22_Kallnik_h2_2011,54,11,0.8,80,44,96.36363636363636,NA
22_Kallnik_h2_2011,54,11,0.8500000000000001,85.00000000000001,46,97.27272727272727,NA
22_Kallnik_h2_2011,54,11,0.9000000000000001,90.00000000000001,49,97.81818181818181,NA
22_Kallnik_h2_2011,54,11,0.9500000000000001,95,52,99.27272727272727,NA
22_Kallnik_h2_2011,54,11,1,100,54,100,NA
22_Kallnik_h3_2011,71,10,0.05,5,4,25,NA
22_Kallnik_h3_2011,71,10,0.1,10,8,43.6,NA
22_Kallnik_h3_2011,71,10,0.15000000000000002,15.000000000000002,11,54.2,NA
22_Kallnik_h3_2011,71,10,0.2,20,15,63.4,NA
22_Kallnik_h3_2011,71,10,0.25,25,18,68.6,NA
22_Kallnik_h3_2011,71,10,0.3,30,22,72.4,NA
22_Kallnik_h3_2011,71,10,0.35000000000000003,35,25,79.8,NA
22_Kallnik_h3_2011,71,10,0.4,40,29,84.2,NA
22_Kallnik_h3_2011,71,10,0.45,45,32,86.8,NA
22_Kallnik_h3_2011,71,10,0.5,50,36,86.6,NA
22_Kallnik_h3_2011,71,10,0.55,55.00000000000001,40,87.8,NA
22_Kallnik_h3_2011,71,10,0.6000000000000001,60.00000000000001,43,88.4,NA
22_Kallnik_h3_2011,71,10,0.6500000000000001,65.00000000000001,47,92.8,NA
22_Kallnik_h3_2011,71,10,0.7000000000000001,70,50,92.8,NA
22_Kallnik_h3_2011,71,10,0.7500000000000001,75.00000000000001,54,95.4,NA
22_Kallnik_h3_2011,71,10,0.8,80,57,94.8,NA
22_Kallnik_h3_2011,71,10,0.8500000000000001,85.00000000000001,61,97.4,NA
22_Kallnik_h3_2011,71,10,0.9000000000000001,90.00000000000001,64,98.6,NA
22_Kallnik_h3_2011,71,10,0.9500000000000001,95,68,98.4,NA
22_Kallnik_h3_2011,71,10,1,100,71,100,NA
22_Kallnik_h4_2010,96,10,0.05,5,5,9.8,NA
22_Kallnik_h4_2010,96,10,0.1,10,10,20.2,NA
22_Kallnik_h4_2010,96,10,0.15000000000000002,15.000000000000002,15,36,NA
22_Kallnik_h4_2010,96,10,0.2,20,20,36.6,NA
22_Kallnik_h4_2010,96,10,0.25,25,24,44.2,NA
22_Kallnik_h4_2010,96,10,0.3,30,29,49,NA
22_Kallnik_h4_2010,96,10,0.35000000000000003,35,34,49.2,NA
22_Kallnik_h4_2010,96,10,0.4,40,39,57.8,NA
22_Kallnik_h4_2010,96,10,0.45,45,44,64.8,NA
22_Kallnik_h4_2010,96,10,0.5,50,48,65.6,NA
22_Kallnik_h4_2010,96,10,0.55,55.00000000000001,53,65.2,NA
22_Kallnik_h4_2010,96,10,0.6000000000000001,60.00000000000001,58,67.2,NA
22_Kallnik_h4_2010,96,10,0.6500000000000001,65.00000000000001,63,74.2,NA
22_Kallnik_h4_2010,96,10,0.7000000000000001,70,68,74.2,NA
22_Kallnik_h4_2010,96,10,0.7500000000000001,75.00000000000001,73,77.6,NA
22_Kallnik_h4_2010,96,10,0.8,80,77,81.2,NA
22_Kallnik_h4_2010,96,10,0.8500000000000001,85.00000000000001,82,83.8,NA
22_Kallnik_h4_2010,96,10,0.9000000000000001,90.00000000000001,87,85,NA
22_Kallnik_h4_2010,96,10,0.9500000000000001,95,92,88.8,NA
22_Kallnik_h4_2010,96,10,1,100,96,90,NA
22_Kallnik_h4_2011,85,10,0.05,5,5,35.4,NA
22_Kallnik_h4_2011,85,10,0.1,10,9,46.4,NA
22_Kallnik_h4_2011,85,10,0.15000000000000002,15.000000000000002,13,58,NA
22_Kallnik_h4_2011,85,10,0.2,20,17,69.2,NA
22_Kallnik_h4_2011,85,10,0.25,25,22,77.2,NA
22_Kallnik_h4_2011,85,10,0.3,30,26,76.8,NA
22_Kallnik_h4_2011,85,10,0.35000000000000003,35,30,83,NA
22_Kallnik_h4_2011,85,10,0.4,40,34,86.4,NA
22_Kallnik_h4_2011,85,10,0.45,45,39,86.4,NA
22_Kallnik_h4_2011,85,10,0.5,50,43,89.8,NA
22_Kallnik_h4_2011,85,10,0.55,55.00000000000001,47,90.2,NA
22_Kallnik_h4_2011,85,10,0.6000000000000001,60.00000000000001,52,94.8,NA
22_Kallnik_h4_2011,85,10,0.6500000000000001,65.00000000000001,56,95.8,NA
22_Kallnik_h4_2011,85,10,0.7000000000000001,70,60,95,NA
22_Kallnik_h4_2011,85,10,0.7500000000000001,75.00000000000001,64,96.8,NA
22_Kallnik_h4_2011,85,10,0.8,80,68,97.4,NA
22_Kallnik_h4_2011,85,10,0.8500000000000001,85.00000000000001,73,98,NA
22_Kallnik_h4_2011,85,10,0.9000000000000001,90.00000000000001,77,99.6,NA
22_Kallnik_h4_2011,85,10,0.9500000000000001,95,81,99.4,NA
22_Kallnik_h4_2011,85,10,1,100,85,100,NA
22_Kallnik_h5_2011,54,11,0.05,5,3,37.27272727272727,NA
22_Kallnik_h5_2011,54,11,0.1,10,6,49.27272727272727,NA
22_Kallnik_h5_2011,54,11,0.15000000000000002,15.000000000000002,9,63.45454545454545,NA
22_Kallnik_h5_2011,54,11,0.2,20,11,75.81818181818181,NA
22_Kallnik_h5_2011,54,11,0.25,25,14,84,NA
22_Kallnik_h5_2011,54,11,0.3,30,17,82.18181818181819,NA
22_Kallnik_h5_2011,54,11,0.35000000000000003,35,19,86.36363636363636,NA
22_Kallnik_h5_2011,54,11,0.4,40,22,90.54545454545455,NA
22_Kallnik_h5_2011,54,11,0.45,45,25,92.54545454545455,NA
22_Kallnik_h5_2011,54,11,0.5,50,27,91.63636363636364,NA
22_Kallnik_h5_2011,54,11,0.55,55.00000000000001,30,95.27272727272727,NA
22_Kallnik_h5_2011,54,11,0.6000000000000001,60.00000000000001,33,95.0909090909091,NA
22_Kallnik_h5_2011,54,11,0.6500000000000001,65.00000000000001,36,97.0909090909091,NA
22_Kallnik_h5_2011,54,11,0.7000000000000001,70,38,97.0909090909091,NA
22_Kallnik_h5_2011,54,11,0.7500000000000001,75.00000000000001,41,97.27272727272727,NA
22_Kallnik_h5_2011,54,11,0.8,80,44,98.54545454545455,NA
22_Kallnik_h5_2011,54,11,0.8500000000000001,85.00000000000001,46,98.54545454545455,NA
22_Kallnik_h5_2011,54,11,0.9000000000000001,90.00000000000001,49,99.27272727272727,NA
22_Kallnik_h5_2011,54,11,0.9500000000000001,95,52,99.81818181818181,NA
22_Kallnik_h5_2011,54,11,1,100,54,100,NA
22_Kallnik_h5_2012,78,11,0.05,5,4,17.272727272727273,NA
22_Kallnik_h5_2012,78,11,0.1,10,8,33.45454545454545,NA
22_Kallnik_h5_2012,78,11,0.15000000000000002,15.000000000000002,12,46.18181818181818,NA
22_Kallnik_h5_2012,78,11,0.2,20,16,56.18181818181818,NA
22_Kallnik_h5_2012,78,11,0.25,25,20,61.27272727272727,NA
22_Kallnik_h5_2012,78,11,0.3,30,24,65.63636363636364,NA
22_Kallnik_h5_2012,78,11,0.35000000000000003,35,28,67.45454545454545,NA
22_Kallnik_h5_2012,78,11,0.4,40,32,76.18181818181819,NA
22_Kallnik_h5_2012,78,11,0.45,45,36,79.27272727272727,NA
22_Kallnik_h5_2012,78,11,0.5,50,39,83.45454545454545,NA
22_Kallnik_h5_2012,78,11,0.55,55.00000000000001,43,83.81818181818181,NA
22_Kallnik_h5_2012,78,11,0.6000000000000001,60.00000000000001,47,87.27272727272727,NA
22_Kallnik_h5_2012,78,11,0.6500000000000001,65.00000000000001,51,87.63636363636364,NA
22_Kallnik_h5_2012,78,11,0.7000000000000001,70,55,91.45454545454545,NA
22_Kallnik_h5_2012,78,11,0.7500000000000001,75.00000000000001,59,92.72727272727272,NA
22_Kallnik_h5_2012,78,11,0.8,80,63,96.54545454545455,NA
22_Kallnik_h5_2012,78,11,0.8500000000000001,85.00000000000001,67,97.45454545454545,NA
22_Kallnik_h5_2012,78,11,0.9000000000000001,90.00000000000001,71,98.18181818181819,NA
22_Kallnik_h5_2012,78,11,0.9500000000000001,95,75,99.81818181818181,NA
22_Kallnik_h5_2012,78,11,1,100,78,100,NA
22_Kallnik_h6_2011,69,10,0.05,5,4,15.6,NA
22_Kallnik_h6_2011,69,10,0.1,10,7,22.8,NA
22_Kallnik_h6_2011,69,10,0.15000000000000002,15.000000000000002,11,35.2,NA
22_Kallnik_h6_2011,69,10,0.2,20,14,45.4,NA
22_Kallnik_h6_2011,69,10,0.25,25,18,51.6,NA
22_Kallnik_h6_2011,69,10,0.3,30,21,60.2,NA
22_Kallnik_h6_2011,69,10,0.35000000000000003,35,25,63,NA
22_Kallnik_h6_2011,69,10,0.4,40,28,72.2,NA
22_Kallnik_h6_2011,69,10,0.45,45,32,74.8,NA
22_Kallnik_h6_2011,69,10,0.5,50,35,77,NA
22_Kallnik_h6_2011,69,10,0.55,55.00000000000001,38,83.8,NA
22_Kallnik_h6_2011,69,10,0.6000000000000001,60.00000000000001,42,85.4,NA
22_Kallnik_h6_2011,69,10,0.6500000000000001,65.00000000000001,45,88.8,NA
22_Kallnik_h6_2011,69,10,0.7000000000000001,70,49,88.4,NA
22_Kallnik_h6_2011,69,10,0.7500000000000001,75.00000000000001,52,91.8,NA
22_Kallnik_h6_2011,69,10,0.8,80,56,95,NA
22_Kallnik_h6_2011,69,10,0.8500000000000001,85.00000000000001,59,95.8,NA
22_Kallnik_h6_2011,69,10,0.9000000000000001,90.00000000000001,63,99.4,NA
22_Kallnik_h6_2011,69,10,0.9500000000000001,95,66,98.8,NA
22_Kallnik_h6_2011,69,10,1,100,69,100,NA
22_Kallnik_h7_2011,63,10,0.05,5,4,31.2,NA
22_Kallnik_h7_2011,63,10,0.1,10,7,35,NA
22_Kallnik_h7_2011,63,10,0.15000000000000002,15.000000000000002,10,48.6,NA
22_Kallnik_h7_2011,63,10,0.2,20,13,54.8,NA
22_Kallnik_h7_2011,63,10,0.25,25,16,56.2,NA
22_Kallnik_h7_2011,63,10,0.3,30,19,62,NA
22_Kallnik_h7_2011,63,10,0.35000000000000003,35,23,69.2,NA
22_Kallnik_h7_2011,63,10,0.4,40,26,69.2,NA
22_Kallnik_h7_2011,63,10,0.45,45,29,76,NA
22_Kallnik_h7_2011,63,10,0.5,50,32,77,NA
22_Kallnik_h7_2011,63,10,0.55,55.00000000000001,35,74,NA
22_Kallnik_h7_2011,63,10,0.6000000000000001,60.00000000000001,38,78.8,NA
22_Kallnik_h7_2011,63,10,0.6500000000000001,65.00000000000001,41,82.6,NA
22_Kallnik_h7_2011,63,10,0.7000000000000001,70,45,86.6,NA
22_Kallnik_h7_2011,63,10,0.7500000000000001,75.00000000000001,48,92.4,NA
22_Kallnik_h7_2011,63,10,0.8,80,51,93.8,NA
22_Kallnik_h7_2011,63,10,0.8500000000000001,85.00000000000001,54,93.6,NA
22_Kallnik_h7_2011,63,10,0.9000000000000001,90.00000000000001,57,95.8,NA
22_Kallnik_h7_2011,63,10,0.9500000000000001,95,60,97.2,NA
22_Kallnik_h7_2011,63,10,1,100,63,100,NA
22_Kallnik_ho2_2011,68,10,0.05,5,4,35.8,NA
22_Kallnik_ho2_2011,68,10,0.1,10,7,53.2,NA
22_Kallnik_ho2_2011,68,10,0.15000000000000002,15.000000000000002,11,62.4,NA
22_Kallnik_ho2_2011,68,10,0.2,20,14,75.8,NA
22_Kallnik_ho2_2011,68,10,0.25,25,17,75.6,NA
22_Kallnik_ho2_2011,68,10,0.3,30,21,79,NA
22_Kallnik_ho2_2011,68,10,0.35000000000000003,35,24,83,NA
22_Kallnik_ho2_2011,68,10,0.4,40,28,89.2,NA
22_Kallnik_ho2_2011,68,10,0.45,45,31,88.6,NA
22_Kallnik_ho2_2011,68,10,0.5,50,34,89.6,NA
22_Kallnik_ho2_2011,68,10,0.55,55.00000000000001,38,91.4,NA
22_Kallnik_ho2_2011,68,10,0.6000000000000001,60.00000000000001,41,93.8,NA
22_Kallnik_ho2_2011,68,10,0.6500000000000001,65.00000000000001,45,94.4,NA
22_Kallnik_ho2_2011,68,10,0.7000000000000001,70,48,96.8,NA
22_Kallnik_ho2_2011,68,10,0.7500000000000001,75.00000000000001,52,96.6,NA
22_Kallnik_ho2_2011,68,10,0.8,80,55,98,NA
22_Kallnik_ho2_2011,68,10,0.8500000000000001,85.00000000000001,58,98.4,NA
22_Kallnik_ho2_2011,68,10,0.9000000000000001,90.00000000000001,62,99.8,NA
22_Kallnik_ho2_2011,68,10,0.9500000000000001,95,65,99,NA
22_Kallnik_ho2_2011,68,10,1,100,68,100,NA
22_Kallnik_ho3_2011,49,12,0.05,5,3,22,NA
22_Kallnik_ho3_2011,49,12,0.1,10,5,38.833333333333336,NA
22_Kallnik_ho3_2011,49,12,0.15000000000000002,15.000000000000002,8,53.5,NA
22_Kallnik_ho3_2011,49,12,0.2,20,10,62,NA
22_Kallnik_ho3_2011,49,12,0.25,25,13,67.33333333333333,NA
22_Kallnik_ho3_2011,49,12,0.3,30,15,72,NA
22_Kallnik_ho3_2011,49,12,0.35000000000000003,35,18,79,NA
22_Kallnik_ho3_2011,49,12,0.4,40,20,80.83333333333333,NA
22_Kallnik_ho3_2011,49,12,0.45,45,23,87,NA
22_Kallnik_ho3_2011,49,12,0.5,50,25,86.66666666666667,NA
22_Kallnik_ho3_2011,49,12,0.55,55.00000000000001,27,89,NA
22_Kallnik_ho3_2011,49,12,0.6000000000000001,60.00000000000001,30,90.66666666666667,NA
22_Kallnik_ho3_2011,49,12,0.6500000000000001,65.00000000000001,32,93.66666666666667,NA
22_Kallnik_ho3_2011,49,12,0.7000000000000001,70,35,94.83333333333333,NA
22_Kallnik_ho3_2011,49,12,0.7500000000000001,75.00000000000001,37,95,NA
22_Kallnik_ho3_2011,49,12,0.8,80,40,95.83333333333333,NA
22_Kallnik_ho3_2011,49,12,0.8500000000000001,85.00000000000001,42,96.83333333333333,NA
22_Kallnik_ho3_2011,49,12,0.9000000000000001,90.00000000000001,45,99,NA
22_Kallnik_ho3_2011,49,12,0.9500000000000001,95,47,99.5,NA
22_Kallnik_ho3_2011,49,12,1,100,49,100,NA
22_Kallnik_ho3_2012,61,10,0.05,5,4,30.8,NA
22_Kallnik_ho3_2012,61,10,0.1,10,7,51.4,NA
22_Kallnik_ho3_2012,61,10,0.15000000000000002,15.000000000000002,10,61.8,NA
22_Kallnik_ho3_2012,61,10,0.2,20,13,62.4,NA
22_Kallnik_ho3_2012,61,10,0.25,25,16,71.8,NA
22_Kallnik_ho3_2012,61,10,0.3,30,19,76.6,NA
22_Kallnik_ho3_2012,61,10,0.35000000000000003,35,22,80.4,NA
22_Kallnik_ho3_2012,61,10,0.4,40,25,84.4,NA
22_Kallnik_ho3_2012,61,10,0.45,45,28,87.8,NA
22_Kallnik_ho3_2012,61,10,0.5,50,31,87.8,NA
22_Kallnik_ho3_2012,61,10,0.55,55.00000000000001,34,91.6,NA
22_Kallnik_ho3_2012,61,10,0.6000000000000001,60.00000000000001,37,92.8,NA
22_Kallnik_ho3_2012,61,10,0.6500000000000001,65.00000000000001,40,93,NA
22_Kallnik_ho3_2012,61,10,0.7000000000000001,70,43,96.8,NA
22_Kallnik_ho3_2012,61,10,0.7500000000000001,75.00000000000001,46,96.2,NA
22_Kallnik_ho3_2012,61,10,0.8,80,49,97.6,NA
22_Kallnik_ho3_2012,61,10,0.8500000000000001,85.00000000000001,52,98.6,NA
22_Kallnik_ho3_2012,61,10,0.9000000000000001,90.00000000000001,55,97.4,NA
22_Kallnik_ho3_2012,61,10,0.9500000000000001,95,58,99.4,NA
22_Kallnik_ho3_2012,61,10,1,100,61,100,NA
22_Kallnik_ho4_2010,76,10,0.05,5,4,12.8,NA
22_Kallnik_ho4_2010,76,10,0.1,10,8,32.4,NA
22_Kallnik_ho4_2010,76,10,0.15000000000000002,15.000000000000002,12,36.4,NA
22_Kallnik_ho4_2010,76,10,0.2,20,16,51,NA
22_Kallnik_ho4_2010,76,10,0.25,25,19,57.2,NA
22_Kallnik_ho4_2010,76,10,0.3,30,23,60,NA
22_Kallnik_ho4_2010,76,10,0.35000000000000003,35,27,67.4,NA
22_Kallnik_ho4_2010,76,10,0.4,40,31,75.8,NA
22_Kallnik_ho4_2010,76,10,0.45,45,35,77.4,NA
22_Kallnik_ho4_2010,76,10,0.5,50,38,80.4,NA
22_Kallnik_ho4_2010,76,10,0.55,55.00000000000001,42,84.8,NA
22_Kallnik_ho4_2010,76,10,0.6000000000000001,60.00000000000001,46,89.6,NA
22_Kallnik_ho4_2010,76,10,0.6500000000000001,65.00000000000001,50,90.4,NA
22_Kallnik_ho4_2010,76,10,0.7000000000000001,70,54,92,NA
22_Kallnik_ho4_2010,76,10,0.7500000000000001,75.00000000000001,58,95,NA
22_Kallnik_ho4_2010,76,10,0.8,80,61,95.8,NA
22_Kallnik_ho4_2010,76,10,0.8500000000000001,85.00000000000001,65,97.4,NA
22_Kallnik_ho4_2010,76,10,0.9000000000000001,90.00000000000001,69,98.6,NA
22_Kallnik_ho4_2010,76,10,0.9500000000000001,95,73,99.6,NA
22_Kallnik_ho4_2010,76,10,1,100,76,100,NA
22_Kallnik_ho4_2011,71,13,0.05,5,4,28.615384615384617,NA
22_Kallnik_ho4_2011,71,13,0.1,10,8,35.38461538461539,NA
22_Kallnik_ho4_2011,71,13,0.15000000000000002,15.000000000000002,11,51.84615384615385,NA
22_Kallnik_ho4_2011,71,13,0.2,20,15,60.76923076923077,NA
22_Kallnik_ho4_2011,71,13,0.25,25,18,68,NA
22_Kallnik_ho4_2011,71,13,0.3,30,22,67.53846153846153,NA
22_Kallnik_ho4_2011,71,13,0.35000000000000003,35,25,76,NA
22_Kallnik_ho4_2011,71,13,0.4,40,29,83.07692307692308,NA
22_Kallnik_ho4_2011,71,13,0.45,45,32,81.38461538461539,NA
22_Kallnik_ho4_2011,71,13,0.5,50,36,85.84615384615384,NA
22_Kallnik_ho4_2011,71,13,0.55,55.00000000000001,40,87.53846153846153,NA
22_Kallnik_ho4_2011,71,13,0.6000000000000001,60.00000000000001,43,90,NA
22_Kallnik_ho4_2011,71,13,0.6500000000000001,65.00000000000001,47,92,NA
22_Kallnik_ho4_2011,71,13,0.7000000000000001,70,50,96.46153846153847,NA
22_Kallnik_ho4_2011,71,13,0.7500000000000001,75.00000000000001,54,95.23076923076923,NA
22_Kallnik_ho4_2011,71,13,0.8,80,57,96.46153846153847,NA
22_Kallnik_ho4_2011,71,13,0.8500000000000001,85.00000000000001,61,98.46153846153847,NA
22_Kallnik_ho4_2011,71,13,0.9000000000000001,90.00000000000001,64,98.61538461538461,NA
22_Kallnik_ho4_2011,71,13,0.9500000000000001,95,68,99.84615384615384,NA
22_Kallnik_ho4_2011,71,13,1,100,71,100,NA
22_Kallnik_ho4_2012,79,12,0.05,5,4,24.5,NA
22_Kallnik_ho4_2012,79,12,0.1,10,8,41,NA
22_Kallnik_ho4_2012,79,12,0.15000000000000002,15.000000000000002,12,53.666666666666664,NA
22_Kallnik_ho4_2012,79,12,0.2,20,16,63.833333333333336,NA
22_Kallnik_ho4_2012,79,12,0.25,25,20,71.83333333333333,NA
22_Kallnik_ho4_2012,79,12,0.3,30,24,78.33333333333333,NA
22_Kallnik_ho4_2012,79,12,0.35000000000000003,35,28,78.16666666666667,NA
22_Kallnik_ho4_2012,79,12,0.4,40,32,86,NA
22_Kallnik_ho4_2012,79,12,0.45,45,36,86.33333333333333,NA
22_Kallnik_ho4_2012,79,12,0.5,50,40,91.5,NA
22_Kallnik_ho4_2012,79,12,0.55,55.00000000000001,44,91.33333333333333,NA
22_Kallnik_ho4_2012,79,12,0.6000000000000001,60.00000000000001,48,94.16666666666667,NA
22_Kallnik_ho4_2012,79,12,0.6500000000000001,65.00000000000001,52,96.66666666666667,NA
22_Kallnik_ho4_2012,79,12,0.7000000000000001,70,56,97.33333333333333,NA
22_Kallnik_ho4_2012,79,12,0.7500000000000001,75.00000000000001,60,98.33333333333333,NA
22_Kallnik_ho4_2012,79,12,0.8,80,64,98.66666666666667,NA
22_Kallnik_ho4_2012,79,12,0.8500000000000001,85.00000000000001,68,99.5,NA
22_Kallnik_ho4_2012,79,12,0.9000000000000001,90.00000000000001,72,100,NA
22_Kallnik_ho4_2012,79,12,0.9500000000000001,95,76,100,NA
22_Kallnik_ho4_2012,79,12,1,100,79,100,NA
22_Kallnik_ho5_2011,59,12,0.05,5,3,21.833333333333336,NA
22_Kallnik_ho5_2011,59,12,0.1,10,6,34.833333333333336,NA
22_Kallnik_ho5_2011,59,12,0.15000000000000002,15.000000000000002,9,44.833333333333336,NA
22_Kallnik_ho5_2011,59,12,0.2,20,12,56,NA
22_Kallnik_ho5_2011,59,12,0.25,25,15,65.16666666666667,NA
22_Kallnik_ho5_2011,59,12,0.3,30,18,67.66666666666667,NA
22_Kallnik_ho5_2011,59,12,0.35000000000000003,35,21,75.5,NA
22_Kallnik_ho5_2011,59,12,0.4,40,24,75.16666666666667,NA
22_Kallnik_ho5_2011,59,12,0.45,45,27,78.83333333333333,NA
22_Kallnik_ho5_2011,59,12,0.5,50,30,84.33333333333333,NA
22_Kallnik_ho5_2011,59,12,0.55,55.00000000000001,33,87,NA
22_Kallnik_ho5_2011,59,12,0.6000000000000001,60.00000000000001,36,89.33333333333333,NA
22_Kallnik_ho5_2011,59,12,0.6500000000000001,65.00000000000001,39,93.5,NA
22_Kallnik_ho5_2011,59,12,0.7000000000000001,70,42,92.83333333333333,NA
22_Kallnik_ho5_2011,59,12,0.7500000000000001,75.00000000000001,45,94.66666666666667,NA
22_Kallnik_ho5_2011,59,12,0.8,80,48,96,NA
22_Kallnik_ho5_2011,59,12,0.8500000000000001,85.00000000000001,51,97.66666666666667,NA
22_Kallnik_ho5_2011,59,12,0.9000000000000001,90.00000000000001,54,98.16666666666667,NA
22_Kallnik_ho5_2011,59,12,0.9500000000000001,95,57,99.16666666666667,NA
22_Kallnik_ho5_2011,59,12,1,100,59,100,NA
22_Kallnik_wma3_2011,53,10,0.05,5,3,24.6,NA
22_Kallnik_wma3_2011,53,10,0.1,10,6,39,NA
22_Kallnik_wma3_2011,53,10,0.15000000000000002,15.000000000000002,8,53.4,NA
22_Kallnik_wma3_2011,53,10,0.2,20,11,59.2,NA
22_Kallnik_wma3_2011,53,10,0.25,25,14,67.6,NA
22_Kallnik_wma3_2011,53,10,0.3,30,16,67,NA
22_Kallnik_wma3_2011,53,10,0.35000000000000003,35,19,73.8,NA
22_Kallnik_wma3_2011,53,10,0.4,40,22,80.2,NA
22_Kallnik_wma3_2011,53,10,0.45,45,24,83.4,NA
22_Kallnik_wma3_2011,53,10,0.5,50,27,87.6,NA
22_Kallnik_wma3_2011,53,10,0.55,55.00000000000001,30,87.4,NA
22_Kallnik_wma3_2011,53,10,0.6000000000000001,60.00000000000001,32,93.2,NA
22_Kallnik_wma3_2011,53,10,0.6500000000000001,65.00000000000001,35,95,NA
22_Kallnik_wma3_2011,53,10,0.7000000000000001,70,38,95.6,NA
22_Kallnik_wma3_2011,53,10,0.7500000000000001,75.00000000000001,40,96.6,NA
22_Kallnik_wma3_2011,53,10,0.8,80,43,96.6,NA
22_Kallnik_wma3_2011,53,10,0.8500000000000001,85.00000000000001,46,98.8,NA
22_Kallnik_wma3_2011,53,10,0.9000000000000001,90.00000000000001,48,99.8,NA
22_Kallnik_wma3_2011,53,10,0.9500000000000001,95,51,99.6,NA
22_Kallnik_wma3_2011,53,10,1,100,53,100,NA
22_Kallnik_wma3_2012,71,10,0.05,5,4,23.6,NA
22_Kallnik_wma3_2012,71,10,0.1,10,8,34.6,NA
22_Kallnik_wma3_2012,71,10,0.15000000000000002,15.000000000000002,11,45,NA
22_Kallnik_wma3_2012,71,10,0.2,20,15,50.4,NA
22_Kallnik_wma3_2012,71,10,0.25,25,18,55.2,NA
22_Kallnik_wma3_2012,71,10,0.3,30,22,60.4,NA
22_Kallnik_wma3_2012,71,10,0.35000000000000003,35,25,65,NA
22_Kallnik_wma3_2012,71,10,0.4,40,29,66.8,NA
22_Kallnik_wma3_2012,71,10,0.45,45,32,72,NA
22_Kallnik_wma3_2012,71,10,0.5,50,36,72.6,NA
22_Kallnik_wma3_2012,71,10,0.55,55.00000000000001,40,75.4,NA
22_Kallnik_wma3_2012,71,10,0.6000000000000001,60.00000000000001,43,75.4,NA
22_Kallnik_wma3_2012,71,10,0.6500000000000001,65.00000000000001,47,78.8,NA
22_Kallnik_wma3_2012,71,10,0.7000000000000001,70,50,80.4,NA
22_Kallnik_wma3_2012,71,10,0.7500000000000001,75.00000000000001,54,81.8,NA
22_Kallnik_wma3_2012,71,10,0.8,80,57,83.6,NA
22_Kallnik_wma3_2012,71,10,0.8500000000000001,85.00000000000001,61,87.4,NA
22_Kallnik_wma3_2012,71,10,0.9000000000000001,90.00000000000001,64,86.2,NA
22_Kallnik_wma3_2012,71,10,0.9500000000000001,95,68,88.6,NA
22_Kallnik_wma3_2012,71,10,1,100,71,90,NA
22_Kallnik_wma4_2011,50,11,0.05,5,3,13.636363636363637,NA
22_Kallnik_wma4_2011,50,11,0.1,10,5,23.454545454545457,NA
22_Kallnik_wma4_2011,50,11,0.15000000000000002,15.000000000000002,8,31.090909090909093,NA
22_Kallnik_wma4_2011,50,11,0.2,20,10,37.27272727272727,NA
22_Kallnik_wma4_2011,50,11,0.25,25,13,46.72727272727273,NA
22_Kallnik_wma4_2011,50,11,0.3,30,15,48.54545454545455,NA
22_Kallnik_wma4_2011,50,11,0.35000000000000003,35,18,52.72727272727273,NA
22_Kallnik_wma4_2011,50,11,0.4,40,20,61.27272727272727,NA
22_Kallnik_wma4_2011,50,11,0.45,45,23,64.54545454545455,NA
22_Kallnik_wma4_2011,50,11,0.5,50,25,68,NA
22_Kallnik_wma4_2011,50,11,0.55,55.00000000000001,28,75.27272727272727,NA
22_Kallnik_wma4_2011,50,11,0.6000000000000001,60.00000000000001,31,80,NA
22_Kallnik_wma4_2011,50,11,0.6500000000000001,65.00000000000001,33,77.63636363636364,NA
22_Kallnik_wma4_2011,50,11,0.7000000000000001,70,35,84.36363636363636,NA
22_Kallnik_wma4_2011,50,11,0.7500000000000001,75.00000000000001,38,88.72727272727272,NA
22_Kallnik_wma4_2011,50,11,0.8,80,40,89.0909090909091,NA
22_Kallnik_wma4_2011,50,11,0.8500000000000001,85.00000000000001,43,95.27272727272727,NA
22_Kallnik_wma4_2011,50,11,0.9000000000000001,90.00000000000001,46,97.0909090909091,NA
22_Kallnik_wma4_2011,50,11,0.9500000000000001,95,48,98.36363636363636,NA
22_Kallnik_wma4_2011,50,11,1,100,50,100,NA
22_Kallnik_wma5_2011,55,10,0.05,5,3,18.8,NA
22_Kallnik_wma5_2011,55,10,0.1,10,6,35.6,NA
22_Kallnik_wma5_2011,55,10,0.15000000000000002,15.000000000000002,9,52.2,NA
22_Kallnik_wma5_2011,55,10,0.2,20,11,58.2,NA
22_Kallnik_wma5_2011,55,10,0.25,25,14,63.6,NA
22_Kallnik_wma5_2011,55,10,0.3,30,17,74.2,NA
22_Kallnik_wma5_2011,55,10,0.35000000000000003,35,20,75.8,NA
22_Kallnik_wma5_2011,55,10,0.4,40,22,78.4,NA
22_Kallnik_wma5_2011,55,10,0.45,45,25,84.6,NA
22_Kallnik_wma5_2011,55,10,0.5,50,28,85.4,NA
22_Kallnik_wma5_2011,55,10,0.55,55.00000000000001,31,91,NA
22_Kallnik_wma5_2011,55,10,0.6000000000000001,60.00000000000001,34,92.4,NA
22_Kallnik_wma5_2011,55,10,0.6500000000000001,65.00000000000001,36,91.4,NA
22_Kallnik_wma5_2011,55,10,0.7000000000000001,70,39,91.4,NA
22_Kallnik_wma5_2011,55,10,0.7500000000000001,75.00000000000001,42,95.6,NA
22_Kallnik_wma5_2011,55,10,0.8,80,44,95.6,NA
22_Kallnik_wma5_2011,55,10,0.8500000000000001,85.00000000000001,47,96,NA
22_Kallnik_wma5_2011,55,10,0.9000000000000001,90.00000000000001,50,97.8,NA
22_Kallnik_wma5_2011,55,10,0.9500000000000001,95,53,99.4,NA
22_Kallnik_wma5_2011,55,10,1,100,55,100,NA
22_Kallnik_wmb1_2012,92,11,0.05,5,5,24.363636363636363,NA
22_Kallnik_wmb1_2012,92,11,0.1,10,10,37.63636363636364,NA
22_Kallnik_wmb1_2012,92,11,0.15000000000000002,15.000000000000002,14,56.36363636363637,NA
22_Kallnik_wmb1_2012,92,11,0.2,20,19,60,NA
22_Kallnik_wmb1_2012,92,11,0.25,25,23,65.0909090909091,NA
22_Kallnik_wmb1_2012,92,11,0.3,30,28,67.81818181818181,NA
22_Kallnik_wmb1_2012,92,11,0.35000000000000003,35,33,76,NA
22_Kallnik_wmb1_2012,92,11,0.4,40,37,75.81818181818181,NA
22_Kallnik_wmb1_2012,92,11,0.45,45,42,80.54545454545455,NA
22_Kallnik_wmb1_2012,92,11,0.5,50,46,86,NA
22_Kallnik_wmb1_2012,92,11,0.55,55.00000000000001,51,87.27272727272727,NA
22_Kallnik_wmb1_2012,92,11,0.6000000000000001,60.00000000000001,56,88.36363636363636,NA
22_Kallnik_wmb1_2012,92,11,0.6500000000000001,65.00000000000001,60,91.45454545454545,NA
22_Kallnik_wmb1_2012,92,11,0.7000000000000001,70,65,91.0909090909091,NA
22_Kallnik_wmb1_2012,92,11,0.7500000000000001,75.00000000000001,70,92.18181818181819,NA
22_Kallnik_wmb1_2012,92,11,0.8,80,74,95.45454545454545,NA
22_Kallnik_wmb1_2012,92,11,0.8500000000000001,85.00000000000001,79,97.0909090909091,NA
22_Kallnik_wmb1_2012,92,11,0.9000000000000001,90.00000000000001,83,98,NA
22_Kallnik_wmb1_2012,92,11,0.9500000000000001,95,88,98.18181818181819,NA
22_Kallnik_wmb1_2012,92,11,1,100,92,100,NA
22_Kallnik_wmb2_2011,89,12,0.05,5,5,25.166666666666668,NA
22_Kallnik_wmb2_2011,89,12,0.1,10,9,45,NA
22_Kallnik_wmb2_2011,89,12,0.15000000000000002,15.000000000000002,14,60,NA
22_Kallnik_wmb2_2011,89,12,0.2,20,18,60.833333333333336,NA
22_Kallnik_wmb2_2011,89,12,0.25,25,23,69.33333333333333,NA
22_Kallnik_wmb2_2011,89,12,0.3,30,27,74,NA
22_Kallnik_wmb2_2011,89,12,0.35000000000000003,35,32,77.33333333333333,NA
22_Kallnik_wmb2_2011,89,12,0.4,40,36,81.66666666666667,NA
22_Kallnik_wmb2_2011,89,12,0.45,45,41,85.16666666666667,NA
22_Kallnik_wmb2_2011,89,12,0.5,50,45,84.83333333333333,NA
22_Kallnik_wmb2_2011,89,12,0.55,55.00000000000001,49,87.83333333333333,NA
22_Kallnik_wmb2_2011,89,12,0.6000000000000001,60.00000000000001,54,90.66666666666667,NA
22_Kallnik_wmb2_2011,89,12,0.6500000000000001,65.00000000000001,58,93,NA
22_Kallnik_wmb2_2011,89,12,0.7000000000000001,70,63,91.66666666666667,NA
22_Kallnik_wmb2_2011,89,12,0.7500000000000001,75.00000000000001,67,94,NA
22_Kallnik_wmb2_2011,89,12,0.8,80,72,95.83333333333333,NA
22_Kallnik_wmb2_2011,89,12,0.8500000000000001,85.00000000000001,76,97.33333333333333,NA
22_Kallnik_wmb2_2011,89,12,0.9000000000000001,90.00000000000001,81,98.16666666666667,NA
22_Kallnik_wmb2_2011,89,12,0.9500000000000001,95,85,98.66666666666667,NA
22_Kallnik_wmb2_2011,89,12,1,100,89,100,NA
22_Kallnik_wmb2_2012,108,11,0.05,5,6,29.272727272727273,NA
22_Kallnik_wmb2_2012,108,11,0.1,10,11,50.18181818181818,NA
22_Kallnik_wmb2_2012,108,11,0.15000000000000002,15.000000000000002,17,58.54545454545455,NA
22_Kallnik_wmb2_2012,108,11,0.2,20,22,66.72727272727273,NA
22_Kallnik_wmb2_2012,108,11,0.25,25,27,72.54545454545455,NA
22_Kallnik_wmb2_2012,108,11,0.3,30,33,76.18181818181819,NA
22_Kallnik_wmb2_2012,108,11,0.35000000000000003,35,38,79.0909090909091,NA
22_Kallnik_wmb2_2012,108,11,0.4,40,44,77.81818181818181,NA
22_Kallnik_wmb2_2012,108,11,0.45,45,49,82.9090909090909,NA
22_Kallnik_wmb2_2012,108,11,0.5,50,54,86,NA
22_Kallnik_wmb2_2012,108,11,0.55,55.00000000000001,60,86.54545454545455,NA
22_Kallnik_wmb2_2012,108,11,0.6000000000000001,60.00000000000001,65,86.9090909090909,NA
22_Kallnik_wmb2_2012,108,11,0.6500000000000001,65.00000000000001,71,90.9090909090909,NA
22_Kallnik_wmb2_2012,108,11,0.7000000000000001,70,76,90.18181818181817,NA
22_Kallnik_wmb2_2012,108,11,0.7500000000000001,75.00000000000001,82,92.54545454545455,NA
22_Kallnik_wmb2_2012,108,11,0.8,80,87,94.18181818181819,NA
22_Kallnik_wmb2_2012,108,11,0.8500000000000001,85.00000000000001,92,96.18181818181819,NA
22_Kallnik_wmb2_2012,108,11,0.9000000000000001,90.00000000000001,98,98,NA
22_Kallnik_wmb2_2012,108,11,0.9500000000000001,95,103,97.45454545454545,NA
22_Kallnik_wmb2_2012,108,11,1,100,108,100,NA
22_Kallnik_wmb3_2011,90,10,0.05,5,5,32.6,NA
22_Kallnik_wmb3_2011,90,10,0.1,10,9,45.4,NA
22_Kallnik_wmb3_2011,90,10,0.15000000000000002,15.000000000000002,14,59.4,NA
22_Kallnik_wmb3_2011,90,10,0.2,20,18,67.4,NA
22_Kallnik_wmb3_2011,90,10,0.25,25,23,69.4,NA
22_Kallnik_wmb3_2011,90,10,0.3,30,27,78.6,NA
22_Kallnik_wmb3_2011,90,10,0.35000000000000003,35,32,80.6,NA
22_Kallnik_wmb3_2011,90,10,0.4,40,36,85.8,NA
22_Kallnik_wmb3_2011,90,10,0.45,45,41,87.8,NA
22_Kallnik_wmb3_2011,90,10,0.5,50,45,85.6,NA
22_Kallnik_wmb3_2011,90,10,0.55,55.00000000000001,50,91.6,NA
22_Kallnik_wmb3_2011,90,10,0.6000000000000001,60.00000000000001,55,91,NA
22_Kallnik_wmb3_2011,90,10,0.6500000000000001,65.00000000000001,59,92.8,NA
22_Kallnik_wmb3_2011,90,10,0.7000000000000001,70,64,96.2,NA
22_Kallnik_wmb3_2011,90,10,0.7500000000000001,75.00000000000001,68,96.4,NA
22_Kallnik_wmb3_2011,90,10,0.8,80,72,95.6,NA
22_Kallnik_wmb3_2011,90,10,0.8500000000000001,85.00000000000001,77,96.8,NA
22_Kallnik_wmb3_2011,90,10,0.9000000000000001,90.00000000000001,82,98,NA
22_Kallnik_wmb3_2011,90,10,0.9500000000000001,95,86,99.4,NA
22_Kallnik_wmb3_2011,90,10,1,100,90,100,NA
22_Kallnik_wmb3_2012,106,10,0.05,5,6,30,NA
22_Kallnik_wmb3_2012,106,10,0.1,10,11,45.8,NA
22_Kallnik_wmb3_2012,106,10,0.15000000000000002,15.000000000000002,16,59.2,NA
22_Kallnik_wmb3_2012,106,10,0.2,20,22,65.8,NA
22_Kallnik_wmb3_2012,106,10,0.25,25,27,70,NA
22_Kallnik_wmb3_2012,106,10,0.3,30,32,76.2,NA
22_Kallnik_wmb3_2012,106,10,0.35000000000000003,35,38,75.8,NA
22_Kallnik_wmb3_2012,106,10,0.4,40,43,80.6,NA
22_Kallnik_wmb3_2012,106,10,0.45,45,48,82.8,NA
22_Kallnik_wmb3_2012,106,10,0.5,50,53,86.2,NA
22_Kallnik_wmb3_2012,106,10,0.55,55.00000000000001,59,85.6,NA
22_Kallnik_wmb3_2012,106,10,0.6000000000000001,60.00000000000001,64,86.6,NA
22_Kallnik_wmb3_2012,106,10,0.6500000000000001,65.00000000000001,69,91,NA
22_Kallnik_wmb3_2012,106,10,0.7000000000000001,70,75,91.6,NA
22_Kallnik_wmb3_2012,106,10,0.7500000000000001,75.00000000000001,80,91,NA
22_Kallnik_wmb3_2012,106,10,0.8,80,85,94.6,NA
22_Kallnik_wmb3_2012,106,10,0.8500000000000001,85.00000000000001,91,95.8,NA
22_Kallnik_wmb3_2012,106,10,0.9000000000000001,90.00000000000001,96,96.4,NA
22_Kallnik_wmb3_2012,106,10,0.9500000000000001,95,101,99.2,NA
22_Kallnik_wmb3_2012,106,10,1,100,106,100,NA
22_Kallnik_wmb4_2010,84,12,0.05,5,5,24.166666666666668,NA
22_Kallnik_wmb4_2010,84,12,0.1,10,9,26.5,NA
22_Kallnik_wmb4_2010,84,12,0.15000000000000002,15.000000000000002,13,46,NA
22_Kallnik_wmb4_2010,84,12,0.2,20,17,52.166666666666664,NA
22_Kallnik_wmb4_2010,84,12,0.25,25,21,62.333333333333336,NA
22_Kallnik_wmb4_2010,84,12,0.3,30,26,57.833333333333336,NA
22_Kallnik_wmb4_2010,84,12,0.35000000000000003,35,30,67.66666666666667,NA
22_Kallnik_wmb4_2010,84,12,0.4,40,34,71.16666666666667,NA
22_Kallnik_wmb4_2010,84,12,0.45,45,38,74.5,NA
22_Kallnik_wmb4_2010,84,12,0.5,50,42,76.66666666666667,NA
22_Kallnik_wmb4_2010,84,12,0.55,55.00000000000001,47,82.5,NA
22_Kallnik_wmb4_2010,84,12,0.6000000000000001,60.00000000000001,51,85.16666666666667,NA
22_Kallnik_wmb4_2010,84,12,0.6500000000000001,65.00000000000001,55,88.5,NA
22_Kallnik_wmb4_2010,84,12,0.7000000000000001,70,59,90.16666666666667,NA
22_Kallnik_wmb4_2010,84,12,0.7500000000000001,75.00000000000001,64,93.83333333333333,NA
22_Kallnik_wmb4_2010,84,12,0.8,80,68,95,NA
22_Kallnik_wmb4_2010,84,12,0.8500000000000001,85.00000000000001,72,97,NA
22_Kallnik_wmb4_2010,84,12,0.9000000000000001,90.00000000000001,76,98,NA
22_Kallnik_wmb4_2010,84,12,0.9500000000000001,95,80,99,NA
22_Kallnik_wmb4_2010,84,12,1,100,84,100,NA
22_Kallnik_wmb4_2011,78,13,0.05,5,4,27.53846153846154,NA
22_Kallnik_wmb4_2011,78,13,0.1,10,8,36.76923076923077,NA
22_Kallnik_wmb4_2011,78,13,0.15000000000000002,15.000000000000002,12,49.38461538461539,NA
22_Kallnik_wmb4_2011,78,13,0.2,20,16,63.53846153846154,NA
22_Kallnik_wmb4_2011,78,13,0.25,25,20,67.38461538461539,NA
22_Kallnik_wmb4_2011,78,13,0.3,30,24,66.76923076923077,NA
22_Kallnik_wmb4_2011,78,13,0.35000000000000003,35,28,74.46153846153845,NA
22_Kallnik_wmb4_2011,78,13,0.4,40,32,79.38461538461539,NA
22_Kallnik_wmb4_2011,78,13,0.45,45,36,79.07692307692308,NA
22_Kallnik_wmb4_2011,78,13,0.5,50,39,80.92307692307692,NA
22_Kallnik_wmb4_2011,78,13,0.55,55.00000000000001,43,83.38461538461539,NA
22_Kallnik_wmb4_2011,78,13,0.6000000000000001,60.00000000000001,47,86.92307692307692,NA
22_Kallnik_wmb4_2011,78,13,0.6500000000000001,65.00000000000001,51,88.92307692307692,NA
22_Kallnik_wmb4_2011,78,13,0.7000000000000001,70,55,91.53846153846153,NA
22_Kallnik_wmb4_2011,78,13,0.7500000000000001,75.00000000000001,59,93.23076923076923,NA
22_Kallnik_wmb4_2011,78,13,0.8,80,63,93.23076923076923,NA
22_Kallnik_wmb4_2011,78,13,0.8500000000000001,85.00000000000001,67,96.92307692307692,NA
22_Kallnik_wmb4_2011,78,13,0.9000000000000001,90.00000000000001,71,98.15384615384616,NA
22_Kallnik_wmb4_2011,78,13,0.9500000000000001,95,75,99.38461538461539,NA
22_Kallnik_wmb4_2011,78,13,1,100,78,100,NA
22_Kallnik_wmb4_2012,87,11,0.05,5,5,24.181818181818183,NA
22_Kallnik_wmb4_2012,87,11,0.1,10,9,44,NA
22_Kallnik_wmb4_2012,87,11,0.15000000000000002,15.000000000000002,14,54.72727272727273,NA
22_Kallnik_wmb4_2012,87,11,0.2,20,18,63.45454545454545,NA
22_Kallnik_wmb4_2012,87,11,0.25,25,22,72,NA
22_Kallnik_wmb4_2012,87,11,0.3,30,27,74.9090909090909,NA
22_Kallnik_wmb4_2012,87,11,0.35000000000000003,35,31,79.81818181818181,NA
22_Kallnik_wmb4_2012,87,11,0.4,40,35,83.81818181818181,NA
22_Kallnik_wmb4_2012,87,11,0.45,45,40,86,NA
22_Kallnik_wmb4_2012,87,11,0.5,50,44,87.63636363636364,NA
22_Kallnik_wmb4_2012,87,11,0.55,55.00000000000001,48,89.63636363636364,NA
22_Kallnik_wmb4_2012,87,11,0.6000000000000001,60.00000000000001,53,93.45454545454545,NA
22_Kallnik_wmb4_2012,87,11,0.6500000000000001,65.00000000000001,57,93.0909090909091,NA
22_Kallnik_wmb4_2012,87,11,0.7000000000000001,70,61,94.18181818181819,NA
22_Kallnik_wmb4_2012,87,11,0.7500000000000001,75.00000000000001,66,95.63636363636364,NA
22_Kallnik_wmb4_2012,87,11,0.8,80,70,98.18181818181819,NA
22_Kallnik_wmb4_2012,87,11,0.8500000000000001,85.00000000000001,74,96.18181818181819,NA
22_Kallnik_wmb4_2012,87,11,0.9000000000000001,90.00000000000001,79,98.54545454545455,NA
22_Kallnik_wmb4_2012,87,11,0.9500000000000001,95,83,99.27272727272727,NA
22_Kallnik_wmb4_2012,87,11,1,100,87,100,NA
22_Kallnik_wmb5_2010,91,11,0.05,5,5,25.81818181818182,NA
22_Kallnik_wmb5_2010,91,11,0.1,10,10,45.45454545454545,NA
22_Kallnik_wmb5_2010,91,11,0.15000000000000002,15.000000000000002,14,55.45454545454545,NA
22_Kallnik_wmb5_2010,91,11,0.2,20,19,61.27272727272727,NA
22_Kallnik_wmb5_2010,91,11,0.25,25,23,74.9090909090909,NA
22_Kallnik_wmb5_2010,91,11,0.3,30,28,76.36363636363636,NA
22_Kallnik_wmb5_2010,91,11,0.35000000000000003,35,32,79.27272727272727,NA
22_Kallnik_wmb5_2010,91,11,0.4,40,37,86.36363636363636,NA
22_Kallnik_wmb5_2010,91,11,0.45,45,41,84.54545454545455,NA
22_Kallnik_wmb5_2010,91,11,0.5,50,46,88.9090909090909,NA
22_Kallnik_wmb5_2010,91,11,0.55,55.00000000000001,51,91.27272727272727,NA
22_Kallnik_wmb5_2010,91,11,0.6000000000000001,60.00000000000001,55,90.36363636363636,NA
22_Kallnik_wmb5_2010,91,11,0.6500000000000001,65.00000000000001,60,92.18181818181817,NA
22_Kallnik_wmb5_2010,91,11,0.7000000000000001,70,64,93.0909090909091,NA
22_Kallnik_wmb5_2010,91,11,0.7500000000000001,75.00000000000001,69,94.36363636363636,NA
22_Kallnik_wmb5_2010,91,11,0.8,80,73,97.0909090909091,NA
22_Kallnik_wmb5_2010,91,11,0.8500000000000001,85.00000000000001,78,96.72727272727272,NA
22_Kallnik_wmb5_2010,91,11,0.9000000000000001,90.00000000000001,82,98.54545454545455,NA
22_Kallnik_wmb5_2010,91,11,0.9500000000000001,95,87,98.54545454545455,NA
22_Kallnik_wmb5_2010,91,11,1,100,91,100,NA
22_Kallnik_wmb5_2011,82,11,0.05,5,5,30.181818181818183,NA
22_Kallnik_wmb5_2011,82,11,0.1,10,9,48.18181818181818,NA
22_Kallnik_wmb5_2011,82,11,0.15000000000000002,15.000000000000002,13,54.90909090909091,NA
22_Kallnik_wmb5_2011,82,11,0.2,20,17,62.18181818181818,NA
22_Kallnik_wmb5_2011,82,11,0.25,25,21,70,NA
22_Kallnik_wmb5_2011,82,11,0.3,30,25,78.72727272727272,NA
22_Kallnik_wmb5_2011,82,11,0.35000000000000003,35,29,79.27272727272727,NA
22_Kallnik_wmb5_2011,82,11,0.4,40,33,82,NA
22_Kallnik_wmb5_2011,82,11,0.45,45,37,84.18181818181819,NA
22_Kallnik_wmb5_2011,82,11,0.5,50,41,86.36363636363636,NA
22_Kallnik_wmb5_2011,82,11,0.55,55.00000000000001,46,89.81818181818181,NA
22_Kallnik_wmb5_2011,82,11,0.6000000000000001,60.00000000000001,50,91.45454545454545,NA
22_Kallnik_wmb5_2011,82,11,0.6500000000000001,65.00000000000001,54,91.27272727272727,NA
22_Kallnik_wmb5_2011,82,11,0.7000000000000001,70,58,94,NA
22_Kallnik_wmb5_2011,82,11,0.7500000000000001,75.00000000000001,62,94.9090909090909,NA
22_Kallnik_wmb5_2011,82,11,0.8,80,66,97.0909090909091,NA
22_Kallnik_wmb5_2011,82,11,0.8500000000000001,85.00000000000001,70,97.81818181818181,NA
22_Kallnik_wmb5_2011,82,11,0.9000000000000001,90.00000000000001,74,97.0909090909091,NA
22_Kallnik_wmb5_2011,82,11,0.9500000000000001,95,78,99.81818181818181,NA
22_Kallnik_wmb5_2011,82,11,1,100,82,100,NA
22_Kallnik_wmb5_2012,90,11,0.05,5,5,23.454545454545457,NA
22_Kallnik_wmb5_2012,90,11,0.1,10,9,37.45454545454545,NA
22_Kallnik_wmb5_2012,90,11,0.15000000000000002,15.000000000000002,14,50.36363636363637,NA
22_Kallnik_wmb5_2012,90,11,0.2,20,18,54.90909090909091,NA
22_Kallnik_wmb5_2012,90,11,0.25,25,23,62.90909090909091,NA
22_Kallnik_wmb5_2012,90,11,0.3,30,27,69.63636363636364,NA
22_Kallnik_wmb5_2012,90,11,0.35000000000000003,35,32,76.18181818181819,NA
22_Kallnik_wmb5_2012,90,11,0.4,40,36,77.27272727272727,NA
22_Kallnik_wmb5_2012,90,11,0.45,45,41,78.72727272727272,NA
22_Kallnik_wmb5_2012,90,11,0.5,50,45,84.72727272727272,NA
22_Kallnik_wmb5_2012,90,11,0.55,55.00000000000001,50,85.0909090909091,NA
22_Kallnik_wmb5_2012,90,11,0.6000000000000001,60.00000000000001,55,86,NA
22_Kallnik_wmb5_2012,90,11,0.6500000000000001,65.00000000000001,59,88.18181818181819,NA
22_Kallnik_wmb5_2012,90,11,0.7000000000000001,70,64,92.36363636363636,NA
22_Kallnik_wmb5_2012,90,11,0.7500000000000001,75.00000000000001,68,93.27272727272727,NA
22_Kallnik_wmb5_2012,90,11,0.8,80,72,93.63636363636364,NA
22_Kallnik_wmb5_2012,90,11,0.8500000000000001,85.00000000000001,77,96.72727272727272,NA
22_Kallnik_wmb5_2012,90,11,0.9000000000000001,90.00000000000001,82,99.0909090909091,NA
22_Kallnik_wmb5_2012,90,11,0.9500000000000001,95,86,99.45454545454545,NA
22_Kallnik_wmb5_2012,90,11,1,100,90,100,NA
28_Sutter_10_2013,44,16,0.05,5,3,24.625,NA
28_Sutter_10_2013,44,16,0.1,10,5,30.875,NA
28_Sutter_10_2013,44,16,0.15000000000000002,15.000000000000002,7,35.25,NA
28_Sutter_10_2013,44,16,0.2,20,9,42.25,NA
28_Sutter_10_2013,44,16,0.25,25,11,52.5,NA
28_Sutter_10_2013,44,16,0.3,30,14,54.375,NA
28_Sutter_10_2013,44,16,0.35000000000000003,35,16,59.125,NA
28_Sutter_10_2013,44,16,0.4,40,18,64.25,NA
28_Sutter_10_2013,44,16,0.45,45,20,68.5,NA
28_Sutter_10_2013,44,16,0.5,50,22,72,NA
28_Sutter_10_2013,44,16,0.55,55.00000000000001,25,75.25,NA
28_Sutter_10_2013,44,16,0.6000000000000001,60.00000000000001,27,75.5,NA
28_Sutter_10_2013,44,16,0.6500000000000001,65.00000000000001,29,82.125,NA
28_Sutter_10_2013,44,16,0.7000000000000001,70,31,84.625,NA
28_Sutter_10_2013,44,16,0.7500000000000001,75.00000000000001,34,89.5,NA
28_Sutter_10_2013,44,16,0.8,80,36,90.25,NA
28_Sutter_10_2013,44,16,0.8500000000000001,85.00000000000001,38,92.25,NA
28_Sutter_10_2013,44,16,0.9000000000000001,90.00000000000001,40,96.5,NA
28_Sutter_10_2013,44,16,0.9500000000000001,95,42,97.25,NA
28_Sutter_10_2013,44,16,1,100,44,100,NA
28_Sutter_11_2013,38,14,0.05,5,2,15.571428571428571,NA
28_Sutter_11_2013,38,14,0.1,10,4,25.142857142857142,NA
28_Sutter_11_2013,38,14,0.15000000000000002,15.000000000000002,6,33.857142857142854,NA
28_Sutter_11_2013,38,14,0.2,20,8,43,NA
28_Sutter_11_2013,38,14,0.25,25,10,48.142857142857146,NA
28_Sutter_11_2013,38,14,0.3,30,12,49.142857142857146,NA
28_Sutter_11_2013,38,14,0.35000000000000003,35,14,58.85714285714286,NA
28_Sutter_11_2013,38,14,0.4,40,16,59.85714285714286,NA
28_Sutter_11_2013,38,14,0.45,45,18,64.85714285714286,NA
28_Sutter_11_2013,38,14,0.5,50,19,68.71428571428572,NA
28_Sutter_11_2013,38,14,0.55,55.00000000000001,21,71.42857142857143,NA
28_Sutter_11_2013,38,14,0.6000000000000001,60.00000000000001,23,76.42857142857143,NA
28_Sutter_11_2013,38,14,0.6500000000000001,65.00000000000001,25,80.57142857142857,NA
28_Sutter_11_2013,38,14,0.7000000000000001,70,27,82.28571428571429,NA
28_Sutter_11_2013,38,14,0.7500000000000001,75.00000000000001,29,86.71428571428571,NA
28_Sutter_11_2013,38,14,0.8,80,31,90.28571428571429,NA
28_Sutter_11_2013,38,14,0.8500000000000001,85.00000000000001,33,90.42857142857143,NA
28_Sutter_11_2013,38,14,0.9000000000000001,90.00000000000001,35,96.28571428571429,NA
28_Sutter_11_2013,38,14,0.9500000000000001,95,37,98.57142857142857,NA
28_Sutter_11_2013,38,14,1,100,38,100,NA
28_Sutter_12_2013,34,12,0.05,5,2,17.833333333333332,NA
28_Sutter_12_2013,34,12,0.1,10,4,24.166666666666668,NA
28_Sutter_12_2013,34,12,0.15000000000000002,15.000000000000002,6,35,NA
28_Sutter_12_2013,34,12,0.2,20,7,40,NA
28_Sutter_12_2013,34,12,0.25,25,9,53,NA
28_Sutter_12_2013,34,12,0.3,30,11,54.666666666666664,NA
28_Sutter_12_2013,34,12,0.35000000000000003,35,12,57.666666666666664,NA
28_Sutter_12_2013,34,12,0.4,40,14,63.333333333333336,NA
28_Sutter_12_2013,34,12,0.45,45,16,66.33333333333333,NA
28_Sutter_12_2013,34,12,0.5,50,17,71.83333333333333,NA
28_Sutter_12_2013,34,12,0.55,55.00000000000001,19,77.5,NA
28_Sutter_12_2013,34,12,0.6000000000000001,60.00000000000001,21,77.66666666666667,NA
28_Sutter_12_2013,34,12,0.6500000000000001,65.00000000000001,23,81.5,NA
28_Sutter_12_2013,34,12,0.7000000000000001,70,24,85.66666666666667,NA
28_Sutter_12_2013,34,12,0.7500000000000001,75.00000000000001,26,86,NA
28_Sutter_12_2013,34,12,0.8,80,28,89.83333333333333,NA
28_Sutter_12_2013,34,12,0.8500000000000001,85.00000000000001,29,91.66666666666667,NA
28_Sutter_12_2013,34,12,0.9000000000000001,90.00000000000001,31,95.33333333333333,NA
28_Sutter_12_2013,34,12,0.9500000000000001,95,33,97.5,NA
28_Sutter_12_2013,34,12,1,100,34,100,NA
28_Sutter_13_2013,45,13,0.05,5,3,28.153846153846153,NA
28_Sutter_13_2013,45,13,0.1,10,5,39.53846153846154,NA
28_Sutter_13_2013,45,13,0.15000000000000002,15.000000000000002,7,44.76923076923077,NA
28_Sutter_13_2013,45,13,0.2,20,9,50.61538461538461,NA
28_Sutter_13_2013,45,13,0.25,25,12,55.23076923076923,NA
28_Sutter_13_2013,45,13,0.3,30,14,59.84615384615385,NA
28_Sutter_13_2013,45,13,0.35000000000000003,35,16,62.30769230769231,NA
28_Sutter_13_2013,45,13,0.4,40,18,68,NA
28_Sutter_13_2013,45,13,0.45,45,21,72.3076923076923,NA
28_Sutter_13_2013,45,13,0.5,50,23,75.23076923076923,NA
28_Sutter_13_2013,45,13,0.55,55.00000000000001,25,76,NA
28_Sutter_13_2013,45,13,0.6000000000000001,60.00000000000001,28,78.92307692307692,NA
28_Sutter_13_2013,45,13,0.6500000000000001,65.00000000000001,30,78.76923076923077,NA
28_Sutter_13_2013,45,13,0.7000000000000001,70,32,82.46153846153845,NA
28_Sutter_13_2013,45,13,0.7500000000000001,75.00000000000001,34,84.15384615384615,NA
28_Sutter_13_2013,45,13,0.8,80,36,84.92307692307692,NA
28_Sutter_13_2013,45,13,0.8500000000000001,85.00000000000001,39,88.15384615384615,NA
28_Sutter_13_2013,45,13,0.9000000000000001,90.00000000000001,41,89.07692307692308,NA
28_Sutter_13_2013,45,13,0.9500000000000001,95,43,91.53846153846153,NA
28_Sutter_13_2013,45,13,1,100,45,92.3076923076923,NA
28_Sutter_13_2014,30,11,0.05,5,2,12.727272727272728,NA
28_Sutter_13_2014,30,11,0.1,10,3,16.181818181818183,NA
28_Sutter_13_2014,30,11,0.15000000000000002,15.000000000000002,5,29.090909090909093,NA
28_Sutter_13_2014,30,11,0.2,20,6,34.36363636363637,NA
28_Sutter_13_2014,30,11,0.25,25,8,41.27272727272727,NA
28_Sutter_13_2014,30,11,0.3,30,9,47.27272727272727,NA
28_Sutter_13_2014,30,11,0.35000000000000003,35,11,54.18181818181818,NA
28_Sutter_13_2014,30,11,0.4,40,12,61.81818181818182,NA
28_Sutter_13_2014,30,11,0.45,45,14,65.81818181818181,NA
28_Sutter_13_2014,30,11,0.5,50,15,68.18181818181819,NA
28_Sutter_13_2014,30,11,0.55,55.00000000000001,17,70.54545454545455,NA
28_Sutter_13_2014,30,11,0.6000000000000001,60.00000000000001,19,80.72727272727272,NA
28_Sutter_13_2014,30,11,0.6500000000000001,65.00000000000001,20,81.27272727272727,NA
28_Sutter_13_2014,30,11,0.7000000000000001,70,22,86.54545454545455,NA
28_Sutter_13_2014,30,11,0.7500000000000001,75.00000000000001,23,87.27272727272727,NA
28_Sutter_13_2014,30,11,0.8,80,24,93.27272727272727,NA
28_Sutter_13_2014,30,11,0.8500000000000001,85.00000000000001,26,92.54545454545455,NA
28_Sutter_13_2014,30,11,0.9000000000000001,90.00000000000001,28,97.45454545454545,NA
28_Sutter_13_2014,30,11,0.9500000000000001,95,29,98.9090909090909,NA
28_Sutter_13_2014,30,11,1,100,30,100,NA
28_Sutter_14_2013,20,12,0.05,5,1,9.333333333333334,NA
28_Sutter_14_2013,20,12,0.1,10,2,17,NA
28_Sutter_14_2013,20,12,0.15000000000000002,15.000000000000002,4,28.833333333333332,NA
28_Sutter_14_2013,20,12,0.2,20,4,28.166666666666668,NA
28_Sutter_14_2013,20,12,0.25,25,5,29,NA
28_Sutter_14_2013,20,12,0.3,30,6,32.833333333333336,NA
28_Sutter_14_2013,20,12,0.35000000000000003,35,8,37.666666666666664,NA
28_Sutter_14_2013,20,12,0.4,40,8,41.5,NA
28_Sutter_14_2013,20,12,0.45,45,9,42.833333333333336,NA
28_Sutter_14_2013,20,12,0.5,50,10,45.666666666666664,NA
28_Sutter_14_2013,20,12,0.55,55.00000000000001,11,46.5,NA
28_Sutter_14_2013,20,12,0.6000000000000001,60.00000000000001,13,51.166666666666664,NA
28_Sutter_14_2013,20,12,0.6500000000000001,65.00000000000001,14,51.333333333333336,NA
28_Sutter_14_2013,20,12,0.7000000000000001,70,15,52.833333333333336,NA
28_Sutter_14_2013,20,12,0.7500000000000001,75.00000000000001,16,54.333333333333336,NA
28_Sutter_14_2013,20,12,0.8,80,16,54.833333333333336,NA
28_Sutter_14_2013,20,12,0.8500000000000001,85.00000000000001,17,55.5,NA
28_Sutter_14_2013,20,12,0.9000000000000001,90.00000000000001,19,57.66666666666667,NA
28_Sutter_14_2013,20,12,0.9500000000000001,95,19,57.333333333333336,NA
28_Sutter_14_2013,20,12,1,100,20,58.333333333333336,NA
28_Sutter_17_2013,47,17,0.05,5,3,26.47058823529412,NA
28_Sutter_17_2013,47,17,0.1,10,5,36.705882352941174,NA
28_Sutter_17_2013,47,17,0.15000000000000002,15.000000000000002,8,46.94117647058824,NA
28_Sutter_17_2013,47,17,0.2,20,10,49.1764705882353,NA
28_Sutter_17_2013,47,17,0.25,25,12,53.64705882352941,NA
28_Sutter_17_2013,47,17,0.3,30,15,61.1764705882353,NA
28_Sutter_17_2013,47,17,0.35000000000000003,35,17,60.470588235294116,NA
28_Sutter_17_2013,47,17,0.4,40,19,69.41176470588235,NA
28_Sutter_17_2013,47,17,0.45,45,22,68.70588235294117,NA
28_Sutter_17_2013,47,17,0.5,50,24,73.29411764705883,NA
28_Sutter_17_2013,47,17,0.55,55.00000000000001,26,80,NA
28_Sutter_17_2013,47,17,0.6000000000000001,60.00000000000001,29,81.29411764705883,NA
28_Sutter_17_2013,47,17,0.6500000000000001,65.00000000000001,31,84.11764705882354,NA
28_Sutter_17_2013,47,17,0.7000000000000001,70,33,87.05882352941177,NA
28_Sutter_17_2013,47,17,0.7500000000000001,75.00000000000001,36,87.52941176470588,NA
28_Sutter_17_2013,47,17,0.8,80,38,89.64705882352942,NA
28_Sutter_17_2013,47,17,0.8500000000000001,85.00000000000001,40,92.11764705882354,NA
28_Sutter_17_2013,47,17,0.9000000000000001,90.00000000000001,43,94.94117647058823,NA
28_Sutter_17_2013,47,17,0.9500000000000001,95,45,97.52941176470588,NA
28_Sutter_17_2013,47,17,1,100,47,100,NA
28_Sutter_19_2013,35,20,0.05,5,2,13,NA
28_Sutter_19_2013,35,20,0.1,10,4,23.7,NA
28_Sutter_19_2013,35,20,0.15000000000000002,15.000000000000002,6,34.4,NA
28_Sutter_19_2013,35,20,0.2,20,7,38.7,NA
28_Sutter_19_2013,35,20,0.25,25,9,46.4,NA
28_Sutter_19_2013,35,20,0.3,30,11,51.6,NA
28_Sutter_19_2013,35,20,0.35000000000000003,35,13,54.3,NA
28_Sutter_19_2013,35,20,0.4,40,14,58.5,NA
28_Sutter_19_2013,35,20,0.45,45,16,64.4,NA
28_Sutter_19_2013,35,20,0.5,50,18,70,NA
28_Sutter_19_2013,35,20,0.55,55.00000000000001,20,75.1,NA
28_Sutter_19_2013,35,20,0.6000000000000001,60.00000000000001,22,75.2,NA
28_Sutter_19_2013,35,20,0.6500000000000001,65.00000000000001,23,74.8,NA
28_Sutter_19_2013,35,20,0.7000000000000001,70,25,80,NA
28_Sutter_19_2013,35,20,0.7500000000000001,75.00000000000001,27,87.1,NA
28_Sutter_19_2013,35,20,0.8,80,28,86.7,NA
28_Sutter_19_2013,35,20,0.8500000000000001,85.00000000000001,30,91,NA
28_Sutter_19_2013,35,20,0.9000000000000001,90.00000000000001,32,95.5,NA
28_Sutter_19_2013,35,20,0.9500000000000001,95,34,98.2,NA
28_Sutter_19_2013,35,20,1,100,35,100,NA
28_Sutter_1_2013,46,14,0.05,5,3,28.285714285714285,NA
28_Sutter_1_2013,46,14,0.1,10,5,38.857142857142854,NA
28_Sutter_1_2013,46,14,0.15000000000000002,15.000000000000002,7,46.142857142857146,NA
28_Sutter_1_2013,46,14,0.2,20,10,55.42857142857143,NA
28_Sutter_1_2013,46,14,0.25,25,12,56.57142857142858,NA
28_Sutter_1_2013,46,14,0.3,30,14,65.42857142857143,NA
28_Sutter_1_2013,46,14,0.35000000000000003,35,17,69.14285714285714,NA
28_Sutter_1_2013,46,14,0.4,40,19,68.85714285714286,NA
28_Sutter_1_2013,46,14,0.45,45,21,71.42857142857143,NA
28_Sutter_1_2013,46,14,0.5,50,23,76.14285714285714,NA
28_Sutter_1_2013,46,14,0.55,55.00000000000001,26,78.14285714285714,NA
28_Sutter_1_2013,46,14,0.6000000000000001,60.00000000000001,28,79.42857142857143,NA
28_Sutter_1_2013,46,14,0.6500000000000001,65.00000000000001,30,84.71428571428571,NA
28_Sutter_1_2013,46,14,0.7000000000000001,70,33,89.28571428571429,NA
28_Sutter_1_2013,46,14,0.7500000000000001,75.00000000000001,35,87.42857142857143,NA
28_Sutter_1_2013,46,14,0.8,80,37,90.71428571428571,NA
28_Sutter_1_2013,46,14,0.8500000000000001,85.00000000000001,40,93.14285714285714,NA
28_Sutter_1_2013,46,14,0.9000000000000001,90.00000000000001,42,95.85714285714286,NA
28_Sutter_1_2013,46,14,0.9500000000000001,95,44,98.14285714285714,NA
28_Sutter_1_2013,46,14,1,100,46,100,NA
28_Sutter_20_2013,24,15,0.05,5,2,20,NA
28_Sutter_20_2013,24,15,0.1,10,3,27.333333333333332,NA
28_Sutter_20_2013,24,15,0.15000000000000002,15.000000000000002,4,34.8,NA
28_Sutter_20_2013,24,15,0.2,20,5,35.733333333333334,NA
28_Sutter_20_2013,24,15,0.25,25,6,43.733333333333334,NA
28_Sutter_20_2013,24,15,0.3,30,8,50.93333333333334,NA
28_Sutter_20_2013,24,15,0.35000000000000003,35,9,58.4,NA
28_Sutter_20_2013,24,15,0.4,40,10,58.666666666666664,NA
28_Sutter_20_2013,24,15,0.45,45,11,59.733333333333334,NA
28_Sutter_20_2013,24,15,0.5,50,12,63.2,NA
28_Sutter_20_2013,24,15,0.55,55.00000000000001,14,72.93333333333334,NA
28_Sutter_20_2013,24,15,0.6000000000000001,60.00000000000001,15,68.53333333333333,NA
28_Sutter_20_2013,24,15,0.6500000000000001,65.00000000000001,16,72.66666666666667,NA
28_Sutter_20_2013,24,15,0.7000000000000001,70,17,76.8,NA
28_Sutter_20_2013,24,15,0.7500000000000001,75.00000000000001,19,82.26666666666667,NA
28_Sutter_20_2013,24,15,0.8,80,20,83.33333333333333,NA
28_Sutter_20_2013,24,15,0.8500000000000001,85.00000000000001,21,86.26666666666667,NA
28_Sutter_20_2013,24,15,0.9000000000000001,90.00000000000001,22,89.73333333333333,NA
28_Sutter_20_2013,24,15,0.9500000000000001,95,23,91.33333333333333,NA
28_Sutter_20_2013,24,15,1,100,24,93.33333333333333,NA
28_Sutter_21_2013,43,16,0.05,5,3,18.875,NA
28_Sutter_21_2013,43,16,0.1,10,5,27.875,NA
28_Sutter_21_2013,43,16,0.15000000000000002,15.000000000000002,7,31.625,NA
28_Sutter_21_2013,43,16,0.2,20,9,36.375,NA
28_Sutter_21_2013,43,16,0.25,25,11,45.75,NA
28_Sutter_21_2013,43,16,0.3,30,13,48,NA
28_Sutter_21_2013,43,16,0.35000000000000003,35,16,51.625,NA
28_Sutter_21_2013,43,16,0.4,40,18,54.75,NA
28_Sutter_21_2013,43,16,0.45,45,20,57,NA
28_Sutter_21_2013,43,16,0.5,50,22,60.375,NA
28_Sutter_21_2013,43,16,0.55,55.00000000000001,24,64.5,NA
28_Sutter_21_2013,43,16,0.6000000000000001,60.00000000000001,26,67.75,NA
28_Sutter_21_2013,43,16,0.6500000000000001,65.00000000000001,28,69.375,NA
28_Sutter_21_2013,43,16,0.7000000000000001,70,31,73.375,NA
28_Sutter_21_2013,43,16,0.7500000000000001,75.00000000000001,33,77.5,NA
28_Sutter_21_2013,43,16,0.8,80,35,78.375,NA
28_Sutter_21_2013,43,16,0.8500000000000001,85.00000000000001,37,78.625,NA
28_Sutter_21_2013,43,16,0.9000000000000001,90.00000000000001,39,81.625,NA
28_Sutter_21_2013,43,16,0.9500000000000001,95,41,85.625,NA
28_Sutter_21_2013,43,16,1,100,43,87.5,NA
28_Sutter_2_2013,29,15,0.05,5,2,16.133333333333333,NA
28_Sutter_2_2013,29,15,0.1,10,3,29.46666666666667,NA
28_Sutter_2_2013,29,15,0.15000000000000002,15.000000000000002,5,34.93333333333334,NA
28_Sutter_2_2013,29,15,0.2,20,6,40,NA
28_Sutter_2_2013,29,15,0.25,25,8,44.13333333333333,NA
28_Sutter_2_2013,29,15,0.3,30,9,54.66666666666667,NA
28_Sutter_2_2013,29,15,0.35000000000000003,35,11,57.333333333333336,NA
28_Sutter_2_2013,29,15,0.4,40,12,64.26666666666667,NA
28_Sutter_2_2013,29,15,0.45,45,14,69.73333333333333,NA
28_Sutter_2_2013,29,15,0.5,50,15,72.53333333333333,NA
28_Sutter_2_2013,29,15,0.55,55.00000000000001,16,78.13333333333334,NA
28_Sutter_2_2013,29,15,0.6000000000000001,60.00000000000001,18,77.2,NA
28_Sutter_2_2013,29,15,0.6500000000000001,65.00000000000001,19,83.2,NA
28_Sutter_2_2013,29,15,0.7000000000000001,70,21,86.53333333333333,NA
28_Sutter_2_2013,29,15,0.7500000000000001,75.00000000000001,22,91.33333333333333,NA
28_Sutter_2_2013,29,15,0.8,80,24,93.06666666666666,NA
28_Sutter_2_2013,29,15,0.8500000000000001,85.00000000000001,25,93.06666666666666,NA
28_Sutter_2_2013,29,15,0.9000000000000001,90.00000000000001,27,96.93333333333334,NA
28_Sutter_2_2013,29,15,0.9500000000000001,95,28,98.8,NA
28_Sutter_2_2013,29,15,1,100,29,100,NA
28_Sutter_3_2013,34,21,0.05,5,2,8.666666666666666,NA
28_Sutter_3_2013,34,21,0.1,10,4,18.857142857142858,NA
28_Sutter_3_2013,34,21,0.15000000000000002,15.000000000000002,6,22.476190476190478,NA
28_Sutter_3_2013,34,21,0.2,20,7,26.095238095238095,NA
28_Sutter_3_2013,34,21,0.25,25,9,34,NA
28_Sutter_3_2013,34,21,0.3,30,11,44.57142857142857,NA
28_Sutter_3_2013,34,21,0.35000000000000003,35,12,46.285714285714285,NA
28_Sutter_3_2013,34,21,0.4,40,14,45.047619047619044,NA
28_Sutter_3_2013,34,21,0.45,45,16,52.666666666666664,NA
28_Sutter_3_2013,34,21,0.5,50,17,55.904761904761905,NA
28_Sutter_3_2013,34,21,0.55,55.00000000000001,19,62.285714285714285,NA
28_Sutter_3_2013,34,21,0.6000000000000001,60.00000000000001,21,64.47619047619048,NA
28_Sutter_3_2013,34,21,0.6500000000000001,65.00000000000001,23,70.47619047619048,NA
28_Sutter_3_2013,34,21,0.7000000000000001,70,24,72.57142857142857,NA
28_Sutter_3_2013,34,21,0.7500000000000001,75.00000000000001,26,73.80952380952381,NA
28_Sutter_3_2013,34,21,0.8,80,28,77.14285714285714,NA
28_Sutter_3_2013,34,21,0.8500000000000001,85.00000000000001,29,76.66666666666666,NA
28_Sutter_3_2013,34,21,0.9000000000000001,90.00000000000001,31,82.95238095238095,NA
28_Sutter_3_2013,34,21,0.9500000000000001,95,33,83.33333333333333,NA
28_Sutter_3_2013,34,21,1,100,34,85.71428571428571,NA
28_Sutter_5_2013,50,23,0.05,5,3,20,NA
28_Sutter_5_2013,50,23,0.1,10,5,24,NA
28_Sutter_5_2013,50,23,0.15000000000000002,15.000000000000002,8,41.91304347826087,NA
28_Sutter_5_2013,50,23,0.2,20,10,38.08695652173913,NA
28_Sutter_5_2013,50,23,0.25,25,13,50.608695652173914,NA
28_Sutter_5_2013,50,23,0.3,30,15,53.565217391304344,NA
28_Sutter_5_2013,50,23,0.35000000000000003,35,18,57.82608695652174,NA
28_Sutter_5_2013,50,23,0.4,40,20,60.95652173913043,NA
28_Sutter_5_2013,50,23,0.45,45,23,68.95652173913044,NA
28_Sutter_5_2013,50,23,0.5,50,25,69.3913043478261,NA
28_Sutter_5_2013,50,23,0.55,55.00000000000001,28,70.69565217391305,NA
28_Sutter_5_2013,50,23,0.6000000000000001,60.00000000000001,31,76.95652173913044,NA
28_Sutter_5_2013,50,23,0.6500000000000001,65.00000000000001,33,80.08695652173913,NA
28_Sutter_5_2013,50,23,0.7000000000000001,70,35,81.73913043478261,NA
28_Sutter_5_2013,50,23,0.7500000000000001,75.00000000000001,38,84.26086956521739,NA
28_Sutter_5_2013,50,23,0.8,80,40,86.69565217391305,NA
28_Sutter_5_2013,50,23,0.8500000000000001,85.00000000000001,43,92,NA
28_Sutter_5_2013,50,23,0.9000000000000001,90.00000000000001,46,90.95652173913044,NA
28_Sutter_5_2013,50,23,0.9500000000000001,95,48,93.04347826086956,NA
28_Sutter_5_2013,50,23,1,100,50,95.65217391304348,NA
28_Sutter_8_2013,34,17,0.05,5,2,18.35294117647059,NA
28_Sutter_8_2013,34,17,0.1,10,4,29.058823529411764,NA
28_Sutter_8_2013,34,17,0.15000000000000002,15.000000000000002,6,40.70588235294118,NA
28_Sutter_8_2013,34,17,0.2,20,7,41.411764705882355,NA
28_Sutter_8_2013,34,17,0.25,25,9,49.529411764705884,NA
28_Sutter_8_2013,34,17,0.3,30,11,58.94117647058824,NA
28_Sutter_8_2013,34,17,0.35000000000000003,35,12,52.94117647058824,NA
28_Sutter_8_2013,34,17,0.4,40,14,64.94117647058823,NA
28_Sutter_8_2013,34,17,0.45,45,16,65.6470588235294,NA
28_Sutter_8_2013,34,17,0.5,50,17,69.29411764705883,NA
28_Sutter_8_2013,34,17,0.55,55.00000000000001,19,70.82352941176471,NA
28_Sutter_8_2013,34,17,0.6000000000000001,60.00000000000001,21,78.58823529411765,NA
28_Sutter_8_2013,34,17,0.6500000000000001,65.00000000000001,23,78.11764705882354,NA
28_Sutter_8_2013,34,17,0.7000000000000001,70,24,82.3529411764706,NA
28_Sutter_8_2013,34,17,0.7500000000000001,75.00000000000001,26,86.11764705882354,NA
28_Sutter_8_2013,34,17,0.8,80,28,87.1764705882353,NA
28_Sutter_8_2013,34,17,0.8500000000000001,85.00000000000001,29,86.58823529411765,NA
28_Sutter_8_2013,34,17,0.9000000000000001,90.00000000000001,31,91.05882352941177,NA
28_Sutter_8_2013,34,17,0.9500000000000001,95,33,92.58823529411765,NA
28_Sutter_8_2013,34,17,1,100,34,94.11764705882354,NA
28_Sutter_8_2014,22,18,0.05,5,2,13.88888888888889,NA
28_Sutter_8_2014,22,18,0.1,10,3,16.77777777777778,NA
28_Sutter_8_2014,22,18,0.15000000000000002,15.000000000000002,4,32.55555555555556,NA
28_Sutter_8_2014,22,18,0.2,20,5,32.666666666666664,NA
28_Sutter_8_2014,22,18,0.25,25,6,36,NA
28_Sutter_8_2014,22,18,0.3,30,7,39.77777777777778,NA
28_Sutter_8_2014,22,18,0.35000000000000003,35,8,42.22222222222222,NA
28_Sutter_8_2014,22,18,0.4,40,9,52.44444444444444,NA
28_Sutter_8_2014,22,18,0.45,45,10,55.888888888888886,NA
28_Sutter_8_2014,22,18,0.5,50,11,51.77777777777778,NA
28_Sutter_8_2014,22,18,0.55,55.00000000000001,13,63.44444444444444,NA
28_Sutter_8_2014,22,18,0.6000000000000001,60.00000000000001,14,70.77777777777777,NA
28_Sutter_8_2014,22,18,0.6500000000000001,65.00000000000001,15,73.22222222222221,NA
28_Sutter_8_2014,22,18,0.7000000000000001,70,16,77.44444444444444,NA
28_Sutter_8_2014,22,18,0.7500000000000001,75.00000000000001,17,81.44444444444444,NA
28_Sutter_8_2014,22,18,0.8,80,18,84.66666666666667,NA
28_Sutter_8_2014,22,18,0.8500000000000001,85.00000000000001,19,80.88888888888889,NA
28_Sutter_8_2014,22,18,0.9000000000000001,90.00000000000001,20,92.55555555555556,NA
28_Sutter_8_2014,22,18,0.9500000000000001,95,21,90.22222222222221,NA
28_Sutter_8_2014,22,18,1,100,22,94.44444444444444,NA
29_Magrach_Gibraleon_2011,16,27,0.05,5,1,6.296296296296296,NA
29_Magrach_Gibraleon_2011,16,27,0.1,10,2,15.62962962962963,NA
29_Magrach_Gibraleon_2011,16,27,0.15000000000000002,15.000000000000002,3,24.962962962962962,NA
29_Magrach_Gibraleon_2011,16,27,0.2,20,4,28.444444444444446,NA
29_Magrach_Gibraleon_2011,16,27,0.25,25,4,29.25925925925926,NA
29_Magrach_Gibraleon_2011,16,27,0.3,30,5,31.925925925925927,NA
29_Magrach_Gibraleon_2011,16,27,0.35000000000000003,35,6,37.03703703703704,NA
29_Magrach_Gibraleon_2011,16,27,0.4,40,7,41.7037037037037,NA
29_Magrach_Gibraleon_2011,16,27,0.45,45,8,47.77777777777778,NA
29_Magrach_Gibraleon_2011,16,27,0.5,50,8,46.148148148148145,NA
29_Magrach_Gibraleon_2011,16,27,0.55,55.00000000000001,9,52.96296296296296,NA
29_Magrach_Gibraleon_2011,16,27,0.6000000000000001,60.00000000000001,10,57.111111111111114,NA
29_Magrach_Gibraleon_2011,16,27,0.6500000000000001,65.00000000000001,11,58.81481481481482,NA
29_Magrach_Gibraleon_2011,16,27,0.7000000000000001,70,12,63.03703703703704,NA
29_Magrach_Gibraleon_2011,16,27,0.7500000000000001,75.00000000000001,13,66.88888888888889,NA
29_Magrach_Gibraleon_2011,16,27,0.8,80,13,64.14814814814815,NA
29_Magrach_Gibraleon_2011,16,27,0.8500000000000001,85.00000000000001,14,70.14814814814815,NA
29_Magrach_Gibraleon_2011,16,27,0.9000000000000001,90.00000000000001,15,72.14814814814815,NA
29_Magrach_Gibraleon_2011,16,27,0.9500000000000001,95,16,74.07407407407408,NA
29_Magrach_Gibraleon_2011,16,27,1,100,16,74.07407407407408,NA
29_Magrach_Gravera_2011,18,25,0.05,5,1,3.44,NA
29_Magrach_Gravera_2011,18,25,0.1,10,2,8.88,NA
29_Magrach_Gravera_2011,18,25,0.15000000000000002,15.000000000000002,3,19.6,NA
29_Magrach_Gravera_2011,18,25,0.2,20,4,19.36,NA
29_Magrach_Gravera_2011,18,25,0.25,25,5,25.52,NA
29_Magrach_Gravera_2011,18,25,0.3,30,6,31.12,NA
29_Magrach_Gravera_2011,18,25,0.35000000000000003,35,7,33.36,NA
29_Magrach_Gravera_2011,18,25,0.4,40,8,37.76,NA
29_Magrach_Gravera_2011,18,25,0.45,45,9,40.72,NA
29_Magrach_Gravera_2011,18,25,0.5,50,9,43.68,NA
29_Magrach_Gravera_2011,18,25,0.55,55.00000000000001,10,42,NA
29_Magrach_Gravera_2011,18,25,0.6000000000000001,60.00000000000001,11,46.48,NA
29_Magrach_Gravera_2011,18,25,0.6500000000000001,65.00000000000001,12,49.76,NA
29_Magrach_Gravera_2011,18,25,0.7000000000000001,70,13,52.32,NA
29_Magrach_Gravera_2011,18,25,0.7500000000000001,75.00000000000001,14,57.04,NA
29_Magrach_Gravera_2011,18,25,0.8,80,15,58.96,NA
29_Magrach_Gravera_2011,18,25,0.8500000000000001,85.00000000000001,16,62.8,NA
29_Magrach_Gravera_2011,18,25,0.9000000000000001,90.00000000000001,17,65.04,NA
29_Magrach_Gravera_2011,18,25,0.9500000000000001,95,18,68,NA
29_Magrach_Gravera_2011,18,25,1,100,18,68,NA
29_Magrach_Niebla_2011,18,31,0.05,5,1,7.806451612903226,NA
29_Magrach_Niebla_2011,18,31,0.1,10,2,17.741935483870968,NA
29_Magrach_Niebla_2011,18,31,0.15000000000000002,15.000000000000002,3,23.677419354838708,NA
29_Magrach_Niebla_2011,18,31,0.2,20,4,32.516129032258064,NA
29_Magrach_Niebla_2011,18,31,0.25,25,5,43.67741935483871,NA
29_Magrach_Niebla_2011,18,31,0.3,30,6,45.935483870967744,NA
29_Magrach_Niebla_2011,18,31,0.35000000000000003,35,7,51.61290322580645,NA
29_Magrach_Niebla_2011,18,31,0.4,40,8,57.935483870967744,NA
29_Magrach_Niebla_2011,18,31,0.45,45,9,59.354838709677416,NA
29_Magrach_Niebla_2011,18,31,0.5,50,9,62.12903225806451,NA
29_Magrach_Niebla_2011,18,31,0.55,55.00000000000001,10,68.90322580645162,NA
29_Magrach_Niebla_2011,18,31,0.6000000000000001,60.00000000000001,11,70.83870967741936,NA
29_Magrach_Niebla_2011,18,31,0.6500000000000001,65.00000000000001,12,75.09677419354838,NA
29_Magrach_Niebla_2011,18,31,0.7000000000000001,70,13,81.48387096774194,NA
29_Magrach_Niebla_2011,18,31,0.7500000000000001,75.00000000000001,14,86.06451612903226,NA
29_Magrach_Niebla_2011,18,31,0.8,80,15,88.38709677419355,NA
29_Magrach_Niebla_2011,18,31,0.8500000000000001,85.00000000000001,16,94.7741935483871,NA
29_Magrach_Niebla_2011,18,31,0.9000000000000001,90.00000000000001,17,97.35483870967742,NA
29_Magrach_Niebla_2011,18,31,0.9500000000000001,95,18,100,NA
29_Magrach_Niebla_2011,18,31,1,100,18,100,NA
29_Magrach_Niebla_2012,21,26,0.05,5,2,10.76923076923077,NA
29_Magrach_Niebla_2012,21,26,0.1,10,3,26.53846153846154,NA
29_Magrach_Niebla_2012,21,26,0.15000000000000002,15.000000000000002,4,28.307692307692307,NA
29_Magrach_Niebla_2012,21,26,0.2,20,5,33.61538461538461,NA
29_Magrach_Niebla_2012,21,26,0.25,25,6,42.76923076923077,NA
29_Magrach_Niebla_2012,21,26,0.3,30,7,46.30769230769231,NA
29_Magrach_Niebla_2012,21,26,0.35000000000000003,35,8,53.84615384615385,NA
29_Magrach_Niebla_2012,21,26,0.4,40,9,55.30769230769231,NA
29_Magrach_Niebla_2012,21,26,0.45,45,10,61,NA
29_Magrach_Niebla_2012,21,26,0.5,50,11,65.61538461538461,NA
29_Magrach_Niebla_2012,21,26,0.55,55.00000000000001,12,68.23076923076923,NA
29_Magrach_Niebla_2012,21,26,0.6000000000000001,60.00000000000001,13,69.92307692307692,NA
29_Magrach_Niebla_2012,21,26,0.6500000000000001,65.00000000000001,14,78.23076923076923,NA
29_Magrach_Niebla_2012,21,26,0.7000000000000001,70,15,85.46153846153847,NA
29_Magrach_Niebla_2012,21,26,0.7500000000000001,75.00000000000001,16,86.38461538461539,NA
29_Magrach_Niebla_2012,21,26,0.8,80,17,88.53846153846153,NA
29_Magrach_Niebla_2012,21,26,0.8500000000000001,85.00000000000001,18,88.76923076923077,NA
29_Magrach_Niebla_2012,21,26,0.9000000000000001,90.00000000000001,19,94.07692307692308,NA
29_Magrach_Niebla_2012,21,26,0.9500000000000001,95,20,95.61538461538461,NA
29_Magrach_Niebla_2012,21,26,1,100,21,100,NA
29_Magrach_Villablanca_2011,18,22,0.05,5,1,5.636363636363637,NA
29_Magrach_Villablanca_2011,18,22,0.1,10,2,15.363636363636363,NA
29_Magrach_Villablanca_2011,18,22,0.15000000000000002,15.000000000000002,3,21.727272727272727,NA
29_Magrach_Villablanca_2011,18,22,0.2,20,4,26.727272727272727,NA
29_Magrach_Villablanca_2011,18,22,0.25,25,5,36.36363636363637,NA
29_Magrach_Villablanca_2011,18,22,0.3,30,6,41,NA
29_Magrach_Villablanca_2011,18,22,0.35000000000000003,35,7,42.90909090909091,NA
29_Magrach_Villablanca_2011,18,22,0.4,40,8,48.81818181818182,NA
29_Magrach_Villablanca_2011,18,22,0.45,45,9,58.45454545454545,NA
29_Magrach_Villablanca_2011,18,22,0.5,50,9,57.18181818181818,NA
29_Magrach_Villablanca_2011,18,22,0.55,55.00000000000001,10,56.63636363636363,NA
29_Magrach_Villablanca_2011,18,22,0.6000000000000001,60.00000000000001,11,67.81818181818181,NA
29_Magrach_Villablanca_2011,18,22,0.6500000000000001,65.00000000000001,12,68.81818181818181,NA
29_Magrach_Villablanca_2011,18,22,0.7000000000000001,70,13,74.54545454545455,NA
29_Magrach_Villablanca_2011,18,22,0.7500000000000001,75.00000000000001,14,73.81818181818181,NA
29_Magrach_Villablanca_2011,18,22,0.8,80,15,82,NA
29_Magrach_Villablanca_2011,18,22,0.8500000000000001,85.00000000000001,16,86.9090909090909,NA
29_Magrach_Villablanca_2011,18,22,0.9000000000000001,90.00000000000001,17,91.54545454545455,NA
29_Magrach_Villablanca_2011,18,22,0.9500000000000001,95,18,95.45454545454545,NA
29_Magrach_Villablanca_2011,18,22,1,100,18,95.45454545454545,NA
2_Petanidou_Armolia_2015,37,73,0.05,5,2,8.602739726027398,NA
2_Petanidou_Armolia_2015,37,73,0.1,10,4,14.32876712328767,NA
2_Petanidou_Armolia_2015,37,73,0.15000000000000002,15.000000000000002,6,25.06849315068493,NA
2_Petanidou_Armolia_2015,37,73,0.2,20,8,30.65753424657534,NA
2_Petanidou_Armolia_2015,37,73,0.25,25,10,36.9041095890411,NA
2_Petanidou_Armolia_2015,37,73,0.3,30,12,42.9041095890411,NA
2_Petanidou_Armolia_2015,37,73,0.35000000000000003,35,13,44.3013698630137,NA
2_Petanidou_Armolia_2015,37,73,0.4,40,15,51.6986301369863,NA
2_Petanidou_Armolia_2015,37,73,0.45,45,17,55.6986301369863,NA
2_Petanidou_Armolia_2015,37,73,0.5,50,19,61.04109589041096,NA
2_Petanidou_Armolia_2015,37,73,0.55,55.00000000000001,21,67.56164383561644,NA
2_Petanidou_Armolia_2015,37,73,0.6000000000000001,60.00000000000001,23,75.17808219178082,NA
2_Petanidou_Armolia_2015,37,73,0.6500000000000001,65.00000000000001,25,76.76712328767124,NA
2_Petanidou_Armolia_2015,37,73,0.7000000000000001,70,26,77.78082191780823,NA
2_Petanidou_Armolia_2015,37,73,0.7500000000000001,75.00000000000001,28,83.26027397260273,NA
2_Petanidou_Armolia_2015,37,73,0.8,80,30,87.61643835616438,NA
2_Petanidou_Armolia_2015,37,73,0.8500000000000001,85.00000000000001,32,88.84931506849315,NA
2_Petanidou_Armolia_2015,37,73,0.9000000000000001,90.00000000000001,34,93.36986301369863,NA
2_Petanidou_Armolia_2015,37,73,0.9500000000000001,95,36,96.6027397260274,NA
2_Petanidou_Armolia_2015,37,73,1,100,37,98.63013698630137,NA
2_Petanidou_Emborios_2015,21,80,0.05,5,2,15.025,NA
2_Petanidou_Emborios_2015,21,80,0.1,10,3,20.325,NA
2_Petanidou_Emborios_2015,21,80,0.15000000000000002,15.000000000000002,4,27.45,NA
2_Petanidou_Emborios_2015,21,80,0.2,20,5,36.525,NA
2_Petanidou_Emborios_2015,21,80,0.25,25,6,38.375,NA
2_Petanidou_Emborios_2015,21,80,0.3,30,7,44.85,NA
2_Petanidou_Emborios_2015,21,80,0.35000000000000003,35,8,49.1,NA
2_Petanidou_Emborios_2015,21,80,0.4,40,9,51.675,NA
2_Petanidou_Emborios_2015,21,80,0.45,45,10,61.425,NA
2_Petanidou_Emborios_2015,21,80,0.5,50,11,62.55,NA
2_Petanidou_Emborios_2015,21,80,0.55,55.00000000000001,12,67.725,NA
2_Petanidou_Emborios_2015,21,80,0.6000000000000001,60.00000000000001,13,72.275,NA
2_Petanidou_Emborios_2015,21,80,0.6500000000000001,65.00000000000001,14,78.45,NA
2_Petanidou_Emborios_2015,21,80,0.7000000000000001,70,15,80.95,NA
2_Petanidou_Emborios_2015,21,80,0.7500000000000001,75.00000000000001,16,84.375,NA
2_Petanidou_Emborios_2015,21,80,0.8,80,17,89.4,NA
2_Petanidou_Emborios_2015,21,80,0.8500000000000001,85.00000000000001,18,90.975,NA
2_Petanidou_Emborios_2015,21,80,0.9000000000000001,90.00000000000001,19,93.825,NA
2_Petanidou_Emborios_2015,21,80,0.9500000000000001,95,20,96.125,NA
2_Petanidou_Emborios_2015,21,80,1,100,21,100,NA
2_Petanidou_Gridia_2015,38,73,0.05,5,2,7.698630136986301,NA
2_Petanidou_Gridia_2015,38,73,0.1,10,4,16.493150684931507,NA
2_Petanidou_Gridia_2015,38,73,0.15000000000000002,15.000000000000002,6,25.78082191780822,NA
2_Petanidou_Gridia_2015,38,73,0.2,20,8,30,NA
2_Petanidou_Gridia_2015,38,73,0.25,25,10,38.87671232876712,NA
2_Petanidou_Gridia_2015,38,73,0.3,30,12,43.78082191780822,NA
2_Petanidou_Gridia_2015,38,73,0.35000000000000003,35,14,49.28767123287671,NA
2_Petanidou_Gridia_2015,38,73,0.4,40,16,53.205479452054796,NA
2_Petanidou_Gridia_2015,38,73,0.45,45,18,59.56164383561644,NA
2_Petanidou_Gridia_2015,38,73,0.5,50,19,62.02739726027397,NA
2_Petanidou_Gridia_2015,38,73,0.55,55.00000000000001,21,66.57534246575342,NA
2_Petanidou_Gridia_2015,38,73,0.6000000000000001,60.00000000000001,23,71.34246575342466,NA
2_Petanidou_Gridia_2015,38,73,0.6500000000000001,65.00000000000001,25,77.47945205479452,NA
2_Petanidou_Gridia_2015,38,73,0.7000000000000001,70,27,77.83561643835617,NA
2_Petanidou_Gridia_2015,38,73,0.7500000000000001,75.00000000000001,29,80.4931506849315,NA
2_Petanidou_Gridia_2015,38,73,0.8,80,31,84.7123287671233,NA
2_Petanidou_Gridia_2015,38,73,0.8500000000000001,85.00000000000001,33,90.57534246575342,NA
2_Petanidou_Gridia_2015,38,73,0.9000000000000001,90.00000000000001,35,91.86301369863014,NA
2_Petanidou_Gridia_2015,38,73,0.9500000000000001,95,37,95.26027397260275,NA
2_Petanidou_Gridia_2015,38,73,1,100,38,97.26027397260275,NA
2_Petanidou_Kato Fana_2015,14,60,0.05,5,1,7.733333333333333,NA
2_Petanidou_Kato Fana_2015,14,60,0.1,10,2,17.2,NA
2_Petanidou_Kato Fana_2015,14,60,0.15000000000000002,15.000000000000002,3,25.5,NA
2_Petanidou_Kato Fana_2015,14,60,0.2,20,3,27.7,NA
2_Petanidou_Kato Fana_2015,14,60,0.25,25,4,36.4,NA
2_Petanidou_Kato Fana_2015,14,60,0.3,30,5,44.63333333333333,NA
2_Petanidou_Kato Fana_2015,14,60,0.35000000000000003,35,5,31.633333333333333,NA
2_Petanidou_Kato Fana_2015,14,60,0.4,40,6,49.03333333333333,NA
2_Petanidou_Kato Fana_2015,14,60,0.45,45,7,55.36666666666667,NA
2_Petanidou_Kato Fana_2015,14,60,0.5,50,7,55,NA
2_Petanidou_Kato Fana_2015,14,60,0.55,55.00000000000001,8,56.86666666666667,NA
2_Petanidou_Kato Fana_2015,14,60,0.6000000000000001,60.00000000000001,9,63.766666666666666,NA
2_Petanidou_Kato Fana_2015,14,60,0.6500000000000001,65.00000000000001,10,73,NA
2_Petanidou_Kato Fana_2015,14,60,0.7000000000000001,70,10,74.66666666666667,NA
2_Petanidou_Kato Fana_2015,14,60,0.7500000000000001,75.00000000000001,11,74.06666666666666,NA
2_Petanidou_Kato Fana_2015,14,60,0.8,80,12,80.23333333333333,NA
2_Petanidou_Kato Fana_2015,14,60,0.8500000000000001,85.00000000000001,12,79.6,NA
2_Petanidou_Kato Fana_2015,14,60,0.9000000000000001,90.00000000000001,13,83.66666666666667,NA
2_Petanidou_Kato Fana_2015,14,60,0.9500000000000001,95,14,88.33333333333333,NA
2_Petanidou_Kato Fana_2015,14,60,1,100,14,88.33333333333333,NA
2_Petanidou_Palios Katarraktis_2015,39,73,0.05,5,2,6.027397260273973,NA
2_Petanidou_Palios Katarraktis_2015,39,73,0.1,10,4,14.082191780821917,NA
2_Petanidou_Palios Katarraktis_2015,39,73,0.15000000000000002,15.000000000000002,6,20.84931506849315,NA
2_Petanidou_Palios Katarraktis_2015,39,73,0.2,20,8,26.65753424657534,NA
2_Petanidou_Palios Katarraktis_2015,39,73,0.25,25,10,33.47945205479452,NA
2_Petanidou_Palios Katarraktis_2015,39,73,0.3,30,12,33.917808219178085,NA
2_Petanidou_Palios Katarraktis_2015,39,73,0.35000000000000003,35,14,41.75342465753425,NA
2_Petanidou_Palios Katarraktis_2015,39,73,0.4,40,16,44.57534246575342,NA
2_Petanidou_Palios Katarraktis_2015,39,73,0.45,45,18,49.726027397260275,NA
2_Petanidou_Palios Katarraktis_2015,39,73,0.5,50,20,56.136986301369866,NA
2_Petanidou_Palios Katarraktis_2015,39,73,0.55,55.00000000000001,22,59.89041095890411,NA
2_Petanidou_Palios Katarraktis_2015,39,73,0.6000000000000001,60.00000000000001,24,63.56164383561644,NA
2_Petanidou_Palios Katarraktis_2015,39,73,0.6500000000000001,65.00000000000001,26,69.12328767123287,NA
2_Petanidou_Palios Katarraktis_2015,39,73,0.7000000000000001,70,28,71.26027397260273,NA
2_Petanidou_Palios Katarraktis_2015,39,73,0.7500000000000001,75.00000000000001,30,78.27397260273973,NA
2_Petanidou_Palios Katarraktis_2015,39,73,0.8,80,32,81.3972602739726,NA
2_Petanidou_Palios Katarraktis_2015,39,73,0.8500000000000001,85.00000000000001,34,87.56164383561644,NA
2_Petanidou_Palios Katarraktis_2015,39,73,0.9000000000000001,90.00000000000001,36,88.76712328767123,NA
2_Petanidou_Palios Katarraktis_2015,39,73,0.9500000000000001,95,38,90.98630136986301,NA
2_Petanidou_Palios Katarraktis_2015,39,73,1,100,39,94.52054794520548,NA
2_Petanidou_Vessa 2_2015,28,98,0.05,5,2,11.081632653061224,NA
2_Petanidou_Vessa 2_2015,28,98,0.1,10,3,13.224489795918368,NA
2_Petanidou_Vessa 2_2015,28,98,0.15000000000000002,15.000000000000002,5,24.53061224489796,NA
2_Petanidou_Vessa 2_2015,28,98,0.2,20,6,27.3265306122449,NA
2_Petanidou_Vessa 2_2015,28,98,0.25,25,7,31.755102040816325,NA
2_Petanidou_Vessa 2_2015,28,98,0.3,30,9,39.61224489795919,NA
2_Petanidou_Vessa 2_2015,28,98,0.35000000000000003,35,10,41.55102040816327,NA
2_Petanidou_Vessa 2_2015,28,98,0.4,40,12,49.12244897959184,NA
2_Petanidou_Vessa 2_2015,28,98,0.45,45,13,55.69387755102041,NA
2_Petanidou_Vessa 2_2015,28,98,0.5,50,14,59.673469387755105,NA
2_Petanidou_Vessa 2_2015,28,98,0.55,55.00000000000001,16,64.71428571428571,NA
2_Petanidou_Vessa 2_2015,28,98,0.6000000000000001,60.00000000000001,17,67.53061224489795,NA
2_Petanidou_Vessa 2_2015,28,98,0.6500000000000001,65.00000000000001,19,74.14285714285714,NA
2_Petanidou_Vessa 2_2015,28,98,0.7000000000000001,70,20,77.36734693877551,NA
2_Petanidou_Vessa 2_2015,28,98,0.7500000000000001,75.00000000000001,22,80.24489795918367,NA
2_Petanidou_Vessa 2_2015,28,98,0.8,80,23,85.3265306122449,NA
2_Petanidou_Vessa 2_2015,28,98,0.8500000000000001,85.00000000000001,24,87.06122448979592,NA
2_Petanidou_Vessa 2_2015,28,98,0.9000000000000001,90.00000000000001,26,93.24489795918367,NA
2_Petanidou_Vessa 2_2015,28,98,0.9500000000000001,95,27,95.36734693877551,NA
2_Petanidou_Vessa 2_2015,28,98,1,100,28,97.95918367346938,NA
30_Smith_lsk48_2012,30,22,0.05,5,2,7.636363636363637,NA
30_Smith_lsk48_2012,30,22,0.1,10,3,8.181818181818182,NA
30_Smith_lsk48_2012,30,22,0.15000000000000002,15.000000000000002,5,12,NA
30_Smith_lsk48_2012,30,22,0.2,20,6,15,NA
30_Smith_lsk48_2012,30,22,0.25,25,8,20.454545454545453,NA
30_Smith_lsk48_2012,30,22,0.3,30,9,21.181818181818183,NA
30_Smith_lsk48_2012,30,22,0.35000000000000003,35,11,30.272727272727273,NA
30_Smith_lsk48_2012,30,22,0.4,40,12,33.18181818181818,NA
30_Smith_lsk48_2012,30,22,0.45,45,14,36.72727272727273,NA
30_Smith_lsk48_2012,30,22,0.5,50,15,36.90909090909091,NA
30_Smith_lsk48_2012,30,22,0.55,55.00000000000001,17,43.45454545454545,NA
30_Smith_lsk48_2012,30,22,0.6000000000000001,60.00000000000001,19,48.45454545454545,NA
30_Smith_lsk48_2012,30,22,0.6500000000000001,65.00000000000001,20,51,NA
30_Smith_lsk48_2012,30,22,0.7000000000000001,70,22,50.90909090909091,NA
30_Smith_lsk48_2012,30,22,0.7500000000000001,75.00000000000001,23,53.54545454545455,NA
30_Smith_lsk48_2012,30,22,0.8,80,24,56.54545454545455,NA
30_Smith_lsk48_2012,30,22,0.8500000000000001,85.00000000000001,26,60.54545454545455,NA
30_Smith_lsk48_2012,30,22,0.9000000000000001,90.00000000000001,28,65.36363636363636,NA
30_Smith_lsk48_2012,30,22,0.9500000000000001,95,29,65.81818181818183,NA
30_Smith_lsk48_2012,30,22,1,100,30,68.18181818181819,NA
30_Smith_lsk57_2011,33,20,0.05,5,2,7.6,NA
30_Smith_lsk57_2011,33,20,0.1,10,4,13.9,NA
30_Smith_lsk57_2011,33,20,0.15000000000000002,15.000000000000002,5,18.4,NA
30_Smith_lsk57_2011,33,20,0.2,20,7,25.5,NA
30_Smith_lsk57_2011,33,20,0.25,25,9,30.6,NA
30_Smith_lsk57_2011,33,20,0.3,30,10,28.2,NA
30_Smith_lsk57_2011,33,20,0.35000000000000003,35,12,30.9,NA
30_Smith_lsk57_2011,33,20,0.4,40,14,39.8,NA
30_Smith_lsk57_2011,33,20,0.45,45,15,43.2,NA
30_Smith_lsk57_2011,33,20,0.5,50,17,43,NA
30_Smith_lsk57_2011,33,20,0.55,55.00000000000001,19,50.2,NA
30_Smith_lsk57_2011,33,20,0.6000000000000001,60.00000000000001,20,47.3,NA
30_Smith_lsk57_2011,33,20,0.6500000000000001,65.00000000000001,22,54,NA
30_Smith_lsk57_2011,33,20,0.7000000000000001,70,24,57.6,NA
30_Smith_lsk57_2011,33,20,0.7500000000000001,75.00000000000001,25,57.1,NA
30_Smith_lsk57_2011,33,20,0.8,80,27,60.6,NA
30_Smith_lsk57_2011,33,20,0.8500000000000001,85.00000000000001,29,63,NA
30_Smith_lsk57_2011,33,20,0.9000000000000001,90.00000000000001,30,67.1,NA
30_Smith_lsk57_2011,33,20,0.9500000000000001,95,32,68.8,NA
30_Smith_lsk57_2011,33,20,1,100,33,70,NA
30_Smith_lsk73_2012,28,19,0.05,5,2,10.31578947368421,NA
30_Smith_lsk73_2012,28,19,0.1,10,3,14.421052631578947,NA
30_Smith_lsk73_2012,28,19,0.15000000000000002,15.000000000000002,5,18.315789473684212,NA
30_Smith_lsk73_2012,28,19,0.2,20,6,25.157894736842106,NA
30_Smith_lsk73_2012,28,19,0.25,25,7,25.68421052631579,NA
30_Smith_lsk73_2012,28,19,0.3,30,9,33.36842105263158,NA
30_Smith_lsk73_2012,28,19,0.35000000000000003,35,10,35.473684210526315,NA
30_Smith_lsk73_2012,28,19,0.4,40,12,42.421052631578945,NA
30_Smith_lsk73_2012,28,19,0.45,45,13,46.21052631578947,NA
30_Smith_lsk73_2012,28,19,0.5,50,14,47.05263157894737,NA
30_Smith_lsk73_2012,28,19,0.55,55.00000000000001,16,52.63157894736842,NA
30_Smith_lsk73_2012,28,19,0.6000000000000001,60.00000000000001,17,52.63157894736842,NA
30_Smith_lsk73_2012,28,19,0.6500000000000001,65.00000000000001,19,62.8421052631579,NA
30_Smith_lsk73_2012,28,19,0.7000000000000001,70,20,63.89473684210526,NA
30_Smith_lsk73_2012,28,19,0.7500000000000001,75.00000000000001,22,66.10526315789474,NA
30_Smith_lsk73_2012,28,19,0.8,80,23,69.15789473684211,NA
30_Smith_lsk73_2012,28,19,0.8500000000000001,85.00000000000001,24,70.84210526315789,NA
30_Smith_lsk73_2012,28,19,0.9000000000000001,90.00000000000001,26,74.84210526315789,NA
30_Smith_lsk73_2012,28,19,0.9500000000000001,95,27,77.15789473684211,NA
30_Smith_lsk73_2012,28,19,1,100,28,78.94736842105263,NA
30_Smith_lsk74_2012,27,26,0.05,5,2,4.384615384615385,NA
30_Smith_lsk74_2012,27,26,0.1,10,3,11.076923076923077,NA
30_Smith_lsk74_2012,27,26,0.15000000000000002,15.000000000000002,5,11.384615384615385,NA
30_Smith_lsk74_2012,27,26,0.2,20,6,16.615384615384617,NA
30_Smith_lsk74_2012,27,26,0.25,25,7,15.153846153846153,NA
30_Smith_lsk74_2012,27,26,0.3,30,9,21.46153846153846,NA
30_Smith_lsk74_2012,27,26,0.35000000000000003,35,10,28,NA
30_Smith_lsk74_2012,27,26,0.4,40,11,33.92307692307692,NA
30_Smith_lsk74_2012,27,26,0.45,45,13,36.46153846153846,NA
30_Smith_lsk74_2012,27,26,0.5,50,14,39.07692307692307,NA
30_Smith_lsk74_2012,27,26,0.55,55.00000000000001,15,42.30769230769231,NA
30_Smith_lsk74_2012,27,26,0.6000000000000001,60.00000000000001,17,48.07692307692308,NA
30_Smith_lsk74_2012,27,26,0.6500000000000001,65.00000000000001,18,45.76923076923077,NA
30_Smith_lsk74_2012,27,26,0.7000000000000001,70,19,51.15384615384615,NA
30_Smith_lsk74_2012,27,26,0.7500000000000001,75.00000000000001,21,58.92307692307692,NA
30_Smith_lsk74_2012,27,26,0.8,80,22,57.230769230769226,NA
30_Smith_lsk74_2012,27,26,0.8500000000000001,85.00000000000001,23,57.53846153846154,NA
30_Smith_lsk74_2012,27,26,0.9000000000000001,90.00000000000001,25,63.230769230769226,NA
30_Smith_lsk74_2012,27,26,0.9500000000000001,95,26,67.15384615384615,NA
30_Smith_lsk74_2012,27,26,1,100,27,69.23076923076923,NA
30_Smith_lsk77_2011,22,19,0.05,5,2,12.842105263157896,NA
30_Smith_lsk77_2011,22,19,0.1,10,3,18.105263157894736,NA
30_Smith_lsk77_2011,22,19,0.15000000000000002,15.000000000000002,4,26.526315789473685,NA
30_Smith_lsk77_2011,22,19,0.2,20,5,27.05263157894737,NA
30_Smith_lsk77_2011,22,19,0.25,25,6,31.789473684210527,NA
30_Smith_lsk77_2011,22,19,0.3,30,7,38.526315789473685,NA
30_Smith_lsk77_2011,22,19,0.35000000000000003,35,8,44,NA
30_Smith_lsk77_2011,22,19,0.4,40,9,46.73684210526316,NA
30_Smith_lsk77_2011,22,19,0.45,45,10,51.78947368421053,NA
30_Smith_lsk77_2011,22,19,0.5,50,11,58.73684210526316,NA
30_Smith_lsk77_2011,22,19,0.55,55.00000000000001,13,59.578947368421055,NA
30_Smith_lsk77_2011,22,19,0.6000000000000001,60.00000000000001,14,65.78947368421052,NA
30_Smith_lsk77_2011,22,19,0.6500000000000001,65.00000000000001,15,70.94736842105263,NA
30_Smith_lsk77_2011,22,19,0.7000000000000001,70,16,75.36842105263158,NA
30_Smith_lsk77_2011,22,19,0.7500000000000001,75.00000000000001,17,76.73684210526316,NA
30_Smith_lsk77_2011,22,19,0.8,80,18,79.47368421052632,NA
30_Smith_lsk77_2011,22,19,0.8500000000000001,85.00000000000001,19,82,NA
30_Smith_lsk77_2011,22,19,0.9000000000000001,90.00000000000001,20,84,NA
30_Smith_lsk77_2011,22,19,0.9500000000000001,95,21,86,NA
30_Smith_lsk77_2011,22,19,1,100,22,89.47368421052632,NA
30_Smith_lsk77_2012,42,25,0.05,5,3,11.12,NA
30_Smith_lsk77_2012,42,25,0.1,10,5,14.08,NA
30_Smith_lsk77_2012,42,25,0.15000000000000002,15.000000000000002,7,17.6,NA
30_Smith_lsk77_2012,42,25,0.2,20,9,22.64,NA
30_Smith_lsk77_2012,42,25,0.25,25,11,24,NA
30_Smith_lsk77_2012,42,25,0.3,30,13,34.64,NA
30_Smith_lsk77_2012,42,25,0.35000000000000003,35,15,35.44,NA
30_Smith_lsk77_2012,42,25,0.4,40,17,41.2,NA
30_Smith_lsk77_2012,42,25,0.45,45,19,38.08,NA
30_Smith_lsk77_2012,42,25,0.5,50,21,44.16,NA
30_Smith_lsk77_2012,42,25,0.55,55.00000000000001,24,44.8,NA
30_Smith_lsk77_2012,42,25,0.6000000000000001,60.00000000000001,26,48.4,NA
30_Smith_lsk77_2012,42,25,0.6500000000000001,65.00000000000001,28,51.44,NA
30_Smith_lsk77_2012,42,25,0.7000000000000001,70,30,55.36,NA
30_Smith_lsk77_2012,42,25,0.7500000000000001,75.00000000000001,32,55.52,NA
30_Smith_lsk77_2012,42,25,0.8,80,34,57.44,NA
30_Smith_lsk77_2012,42,25,0.8500000000000001,85.00000000000001,36,60.16,NA
30_Smith_lsk77_2012,42,25,0.9000000000000001,90.00000000000001,38,60.48,NA
30_Smith_lsk77_2012,42,25,0.9500000000000001,95,40,61.68,NA
30_Smith_lsk77_2012,42,25,1,100,42,64,NA
31_Roberts_Hunt_2013,44,12,0.05,5,3,7.166666666666667,NA
31_Roberts_Hunt_2013,44,12,0.1,10,5,22.5,NA
31_Roberts_Hunt_2013,44,12,0.15000000000000002,15.000000000000002,7,29.5,NA
31_Roberts_Hunt_2013,44,12,0.2,20,9,28.833333333333336,NA
31_Roberts_Hunt_2013,44,12,0.25,25,11,36.666666666666664,NA
31_Roberts_Hunt_2013,44,12,0.3,30,14,48.5,NA
31_Roberts_Hunt_2013,44,12,0.35000000000000003,35,16,51,NA
31_Roberts_Hunt_2013,44,12,0.4,40,18,61.833333333333336,NA
31_Roberts_Hunt_2013,44,12,0.45,45,20,64.66666666666667,NA
31_Roberts_Hunt_2013,44,12,0.5,50,22,65.66666666666667,NA
31_Roberts_Hunt_2013,44,12,0.55,55.00000000000001,25,67.16666666666667,NA
31_Roberts_Hunt_2013,44,12,0.6000000000000001,60.00000000000001,27,72.33333333333333,NA
31_Roberts_Hunt_2013,44,12,0.6500000000000001,65.00000000000001,29,79.16666666666667,NA
31_Roberts_Hunt_2013,44,12,0.7000000000000001,70,31,77,NA
31_Roberts_Hunt_2013,44,12,0.7500000000000001,75.00000000000001,34,89.83333333333333,NA
31_Roberts_Hunt_2013,44,12,0.8,80,36,85.16666666666667,NA
31_Roberts_Hunt_2013,44,12,0.8500000000000001,85.00000000000001,38,91.16666666666667,NA
31_Roberts_Hunt_2013,44,12,0.9000000000000001,90.00000000000001,40,93.83333333333333,NA
31_Roberts_Hunt_2013,44,12,0.9500000000000001,95,42,97.16666666666667,NA
31_Roberts_Hunt_2013,44,12,1,100,44,100,NA
31_Roberts_Jefferies_2013,31,13,0.05,5,2,10,NA
31_Roberts_Jefferies_2013,31,13,0.1,10,4,20.307692307692307,NA
31_Roberts_Jefferies_2013,31,13,0.15000000000000002,15.000000000000002,5,25.23076923076923,NA
31_Roberts_Jefferies_2013,31,13,0.2,20,7,30,NA
31_Roberts_Jefferies_2013,31,13,0.25,25,8,34.46153846153846,NA
31_Roberts_Jefferies_2013,31,13,0.3,30,10,42.76923076923077,NA
31_Roberts_Jefferies_2013,31,13,0.35000000000000003,35,11,41.53846153846154,NA
31_Roberts_Jefferies_2013,31,13,0.4,40,13,48,NA
31_Roberts_Jefferies_2013,31,13,0.45,45,14,51.53846153846154,NA
31_Roberts_Jefferies_2013,31,13,0.5,50,16,60.15384615384615,NA
31_Roberts_Jefferies_2013,31,13,0.55,55.00000000000001,18,59.84615384615385,NA
31_Roberts_Jefferies_2013,31,13,0.6000000000000001,60.00000000000001,19,60.76923076923077,NA
31_Roberts_Jefferies_2013,31,13,0.6500000000000001,65.00000000000001,21,71.07692307692308,NA
31_Roberts_Jefferies_2013,31,13,0.7000000000000001,70,22,71.53846153846153,NA
31_Roberts_Jefferies_2013,31,13,0.7500000000000001,75.00000000000001,24,74.46153846153845,NA
31_Roberts_Jefferies_2013,31,13,0.8,80,25,77.38461538461539,NA
31_Roberts_Jefferies_2013,31,13,0.8500000000000001,85.00000000000001,27,81.6923076923077,NA
31_Roberts_Jefferies_2013,31,13,0.9000000000000001,90.00000000000001,28,85.23076923076923,NA
31_Roberts_Jefferies_2013,31,13,0.9500000000000001,95,30,90.76923076923077,NA
31_Roberts_Jefferies_2013,31,13,1,100,31,92.3076923076923,NA
31_Roberts_Livingstone_far_2012,30,12,0.05,5,2,8.333333333333334,NA
31_Roberts_Livingstone_far_2012,30,12,0.1,10,3,15.666666666666668,NA
31_Roberts_Livingstone_far_2012,30,12,0.15000000000000002,15.000000000000002,5,29.333333333333336,NA
31_Roberts_Livingstone_far_2012,30,12,0.2,20,6,33.333333333333336,NA
31_Roberts_Livingstone_far_2012,30,12,0.25,25,8,42.666666666666664,NA
31_Roberts_Livingstone_far_2012,30,12,0.3,30,9,52.166666666666664,NA
31_Roberts_Livingstone_far_2012,30,12,0.35000000000000003,35,11,54.333333333333336,NA
31_Roberts_Livingstone_far_2012,30,12,0.4,40,12,56.833333333333336,NA
31_Roberts_Livingstone_far_2012,30,12,0.45,45,14,65.83333333333333,NA
31_Roberts_Livingstone_far_2012,30,12,0.5,50,15,65.66666666666667,NA
31_Roberts_Livingstone_far_2012,30,12,0.55,55.00000000000001,17,68.83333333333333,NA
31_Roberts_Livingstone_far_2012,30,12,0.6000000000000001,60.00000000000001,19,78,NA
31_Roberts_Livingstone_far_2012,30,12,0.6500000000000001,65.00000000000001,20,75.33333333333333,NA
31_Roberts_Livingstone_far_2012,30,12,0.7000000000000001,70,22,83,NA
31_Roberts_Livingstone_far_2012,30,12,0.7500000000000001,75.00000000000001,23,86.16666666666667,NA
31_Roberts_Livingstone_far_2012,30,12,0.8,80,24,86,NA
31_Roberts_Livingstone_far_2012,30,12,0.8500000000000001,85.00000000000001,26,89.66666666666667,NA
31_Roberts_Livingstone_far_2012,30,12,0.9000000000000001,90.00000000000001,28,93,NA
31_Roberts_Livingstone_far_2012,30,12,0.9500000000000001,95,29,99.33333333333333,NA
31_Roberts_Livingstone_far_2012,30,12,1,100,30,100,NA
31_Roberts_Livingstone_house_2012,30,14,0.05,5,2,7.857142857142858,NA
31_Roberts_Livingstone_house_2012,30,14,0.1,10,3,11.428571428571429,NA
31_Roberts_Livingstone_house_2012,30,14,0.15000000000000002,15.000000000000002,5,17.42857142857143,NA
31_Roberts_Livingstone_house_2012,30,14,0.2,20,6,23.42857142857143,NA
31_Roberts_Livingstone_house_2012,30,14,0.25,25,8,30.571428571428573,NA
31_Roberts_Livingstone_house_2012,30,14,0.3,30,9,39.142857142857146,NA
31_Roberts_Livingstone_house_2012,30,14,0.35000000000000003,35,11,40.714285714285715,NA
31_Roberts_Livingstone_house_2012,30,14,0.4,40,12,47,NA
31_Roberts_Livingstone_house_2012,30,14,0.45,45,14,50,NA
31_Roberts_Livingstone_house_2012,30,14,0.5,50,15,55.57142857142857,NA
31_Roberts_Livingstone_house_2012,30,14,0.55,55.00000000000001,17,62.142857142857146,NA
31_Roberts_Livingstone_house_2012,30,14,0.6000000000000001,60.00000000000001,19,63.42857142857143,NA
31_Roberts_Livingstone_house_2012,30,14,0.6500000000000001,65.00000000000001,20,71.57142857142857,NA
31_Roberts_Livingstone_house_2012,30,14,0.7000000000000001,70,22,74.42857142857143,NA
31_Roberts_Livingstone_house_2012,30,14,0.7500000000000001,75.00000000000001,23,76.57142857142857,NA
31_Roberts_Livingstone_house_2012,30,14,0.8,80,24,78.57142857142857,NA
31_Roberts_Livingstone_house_2012,30,14,0.8500000000000001,85.00000000000001,26,80.71428571428571,NA
31_Roberts_Livingstone_house_2012,30,14,0.9000000000000001,90.00000000000001,28,90.14285714285714,NA
31_Roberts_Livingstone_house_2012,30,14,0.9500000000000001,95,29,90.85714285714286,NA
31_Roberts_Livingstone_house_2012,30,14,1,100,30,92.85714285714286,NA
31_Roberts_Mearns_2013,32,19,0.05,5,2,13.368421052631579,NA
31_Roberts_Mearns_2013,32,19,0.1,10,4,16.94736842105263,NA
31_Roberts_Mearns_2013,32,19,0.15000000000000002,15.000000000000002,5,21.789473684210527,NA
31_Roberts_Mearns_2013,32,19,0.2,20,7,34.73684210526316,NA
31_Roberts_Mearns_2013,32,19,0.25,25,8,34.10526315789474,NA
31_Roberts_Mearns_2013,32,19,0.3,30,10,40.421052631578945,NA
31_Roberts_Mearns_2013,32,19,0.35000000000000003,35,12,45.89473684210527,NA
31_Roberts_Mearns_2013,32,19,0.4,40,13,59.89473684210527,NA
31_Roberts_Mearns_2013,32,19,0.45,45,15,55.89473684210527,NA
31_Roberts_Mearns_2013,32,19,0.5,50,16,57.26315789473684,NA
31_Roberts_Mearns_2013,32,19,0.55,55.00000000000001,18,62.73684210526316,NA
31_Roberts_Mearns_2013,32,19,0.6000000000000001,60.00000000000001,20,74.31578947368422,NA
31_Roberts_Mearns_2013,32,19,0.6500000000000001,65.00000000000001,21,72.84210526315789,NA
31_Roberts_Mearns_2013,32,19,0.7000000000000001,70,23,79.57894736842105,NA
31_Roberts_Mearns_2013,32,19,0.7500000000000001,75.00000000000001,25,87.6842105263158,NA
31_Roberts_Mearns_2013,32,19,0.8,80,26,86.3157894736842,NA
31_Roberts_Mearns_2013,32,19,0.8500000000000001,85.00000000000001,28,94,NA
31_Roberts_Mearns_2013,32,19,0.9000000000000001,90.00000000000001,29,96.10526315789474,NA
31_Roberts_Mearns_2013,32,19,0.9500000000000001,95,31,98.21052631578948,NA
31_Roberts_Mearns_2013,32,19,1,100,32,100,NA
31_Roberts_White_left_2012,42,19,0.05,5,3,10.31578947368421,NA
31_Roberts_White_left_2012,42,19,0.1,10,5,21.57894736842105,NA
31_Roberts_White_left_2012,42,19,0.15000000000000002,15.000000000000002,7,26.947368421052634,NA
31_Roberts_White_left_2012,42,19,0.2,20,9,31.894736842105264,NA
31_Roberts_White_left_2012,42,19,0.25,25,11,40.73684210526316,NA
31_Roberts_White_left_2012,42,19,0.3,30,13,42.21052631578947,NA
31_Roberts_White_left_2012,42,19,0.35000000000000003,35,15,49.1578947368421,NA
31_Roberts_White_left_2012,42,19,0.4,40,17,57.78947368421053,NA
31_Roberts_White_left_2012,42,19,0.45,45,19,55.36842105263158,NA
31_Roberts_White_left_2012,42,19,0.5,50,21,57.368421052631575,NA
31_Roberts_White_left_2012,42,19,0.55,55.00000000000001,24,63.473684210526315,NA
31_Roberts_White_left_2012,42,19,0.6000000000000001,60.00000000000001,26,69.47368421052632,NA
31_Roberts_White_left_2012,42,19,0.6500000000000001,65.00000000000001,28,74.63157894736842,NA
31_Roberts_White_left_2012,42,19,0.7000000000000001,70,30,76.94736842105263,NA
31_Roberts_White_left_2012,42,19,0.7500000000000001,75.00000000000001,32,79.36842105263158,NA
31_Roberts_White_left_2012,42,19,0.8,80,34,80.31578947368422,NA
31_Roberts_White_left_2012,42,19,0.8500000000000001,85.00000000000001,36,83.78947368421052,NA
31_Roberts_White_left_2012,42,19,0.9000000000000001,90.00000000000001,38,85.6842105263158,NA
31_Roberts_White_left_2012,42,19,0.9500000000000001,95,40,86.21052631578948,NA
31_Roberts_White_left_2012,42,19,1,100,42,89.47368421052632,NA
36_Larkin_Barracks.Lyan.Co.Clare_13.2017_GS1,13,11,0.05,5,1,16.363636363636363,NA
36_Larkin_Barracks.Lyan.Co.Clare_13.2017_GS1,13,11,0.1,10,2,32.18181818181819,NA
36_Larkin_Barracks.Lyan.Co.Clare_13.2017_GS1,13,11,0.15000000000000002,15.000000000000002,2,30,NA
36_Larkin_Barracks.Lyan.Co.Clare_13.2017_GS1,13,11,0.2,20,3,37.27272727272727,NA
36_Larkin_Barracks.Lyan.Co.Clare_13.2017_GS1,13,11,0.25,25,4,50,NA
36_Larkin_Barracks.Lyan.Co.Clare_13.2017_GS1,13,11,0.3,30,4,44.36363636363637,NA
36_Larkin_Barracks.Lyan.Co.Clare_13.2017_GS1,13,11,0.35000000000000003,35,5,55.81818181818182,NA
36_Larkin_Barracks.Lyan.Co.Clare_13.2017_GS1,13,11,0.4,40,6,60.72727272727273,NA
36_Larkin_Barracks.Lyan.Co.Clare_13.2017_GS1,13,11,0.45,45,6,61.27272727272727,NA
36_Larkin_Barracks.Lyan.Co.Clare_13.2017_GS1,13,11,0.5,50,7,76.9090909090909,NA
36_Larkin_Barracks.Lyan.Co.Clare_13.2017_GS1,13,11,0.55,55.00000000000001,8,73.63636363636364,NA
36_Larkin_Barracks.Lyan.Co.Clare_13.2017_GS1,13,11,0.6000000000000001,60.00000000000001,8,79.45454545454545,NA
36_Larkin_Barracks.Lyan.Co.Clare_13.2017_GS1,13,11,0.6500000000000001,65.00000000000001,9,84.9090909090909,NA
36_Larkin_Barracks.Lyan.Co.Clare_13.2017_GS1,13,11,0.7000000000000001,70,10,90.18181818181819,NA
36_Larkin_Barracks.Lyan.Co.Clare_13.2017_GS1,13,11,0.7500000000000001,75.00000000000001,10,85.63636363636364,NA
36_Larkin_Barracks.Lyan.Co.Clare_13.2017_GS1,13,11,0.8,80,11,89.27272727272727,NA
36_Larkin_Barracks.Lyan.Co.Clare_13.2017_GS1,13,11,0.8500000000000001,85.00000000000001,12,93.63636363636364,NA
36_Larkin_Barracks.Lyan.Co.Clare_13.2017_GS1,13,11,0.9000000000000001,90.00000000000001,12,96.54545454545455,NA
36_Larkin_Barracks.Lyan.Co.Clare_13.2017_GS1,13,11,0.9500000000000001,95,13,100,NA
36_Larkin_Barracks.Lyan.Co.Clare_13.2017_GS1,13,11,1,100,13,100,NA
36_Larkin_Glencolumbkille.South.Carron.Co.Clare_20.2017_GS1,12,13,0.05,5,1,18.615384615384617,NA
36_Larkin_Glencolumbkille.South.Carron.Co.Clare_20.2017_GS1,12,13,0.1,10,2,38,NA
36_Larkin_Glencolumbkille.South.Carron.Co.Clare_20.2017_GS1,12,13,0.15000000000000002,15.000000000000002,2,34,NA
36_Larkin_Glencolumbkille.South.Carron.Co.Clare_20.2017_GS1,12,13,0.2,20,3,43.69230769230769,NA
36_Larkin_Glencolumbkille.South.Carron.Co.Clare_20.2017_GS1,12,13,0.25,25,3,44.76923076923077,NA
36_Larkin_Glencolumbkille.South.Carron.Co.Clare_20.2017_GS1,12,13,0.3,30,4,52.76923076923077,NA
36_Larkin_Glencolumbkille.South.Carron.Co.Clare_20.2017_GS1,12,13,0.35000000000000003,35,5,64.15384615384615,NA
36_Larkin_Glencolumbkille.South.Carron.Co.Clare_20.2017_GS1,12,13,0.4,40,5,63.07692307692307,NA
36_Larkin_Glencolumbkille.South.Carron.Co.Clare_20.2017_GS1,12,13,0.45,45,6,67.84615384615384,NA
36_Larkin_Glencolumbkille.South.Carron.Co.Clare_20.2017_GS1,12,13,0.5,50,6,69.6923076923077,NA
36_Larkin_Glencolumbkille.South.Carron.Co.Clare_20.2017_GS1,12,13,0.55,55.00000000000001,7,73.07692307692308,NA
36_Larkin_Glencolumbkille.South.Carron.Co.Clare_20.2017_GS1,12,13,0.6000000000000001,60.00000000000001,8,79.07692307692308,NA
36_Larkin_Glencolumbkille.South.Carron.Co.Clare_20.2017_GS1,12,13,0.6500000000000001,65.00000000000001,8,79.53846153846153,NA
36_Larkin_Glencolumbkille.South.Carron.Co.Clare_20.2017_GS1,12,13,0.7000000000000001,70,9,83.38461538461539,NA
36_Larkin_Glencolumbkille.South.Carron.Co.Clare_20.2017_GS1,12,13,0.7500000000000001,75.00000000000001,10,87.6923076923077,NA
36_Larkin_Glencolumbkille.South.Carron.Co.Clare_20.2017_GS1,12,13,0.8,80,10,86.3076923076923,NA
36_Larkin_Glencolumbkille.South.Carron.Co.Clare_20.2017_GS1,12,13,0.8500000000000001,85.00000000000001,11,89.53846153846153,NA
36_Larkin_Glencolumbkille.South.Carron.Co.Clare_20.2017_GS1,12,13,0.9000000000000001,90.00000000000001,11,90,NA
36_Larkin_Glencolumbkille.South.Carron.Co.Clare_20.2017_GS1,12,13,0.9500000000000001,95,12,92.3076923076923,NA
36_Larkin_Glencolumbkille.South.Carron.Co.Clare_20.2017_GS1,12,13,1,100,12,92.3076923076923,NA
37_White_An,15,23,0.05,5,1,11.739130434782608,NA
37_White_An,15,23,0.1,10,2,24.26086956521739,NA
37_White_An,15,23,0.15000000000000002,15.000000000000002,3,31.391304347826086,NA
37_White_An,15,23,0.2,20,3,32.78260869565217,NA
37_White_An,15,23,0.25,25,4,37.391304347826086,NA
37_White_An,15,23,0.3,30,5,45.47826086956522,NA
37_White_An,15,23,0.35000000000000003,35,6,54,NA
37_White_An,15,23,0.4,40,6,52.26086956521739,NA
37_White_An,15,23,0.45,45,7,59.91304347826087,NA
37_White_An,15,23,0.5,50,8,63.565217391304344,NA
37_White_An,15,23,0.55,55.00000000000001,9,71.21739130434783,NA
37_White_An,15,23,0.6000000000000001,60.00000000000001,10,76.95652173913044,NA
37_White_An,15,23,0.6500000000000001,65.00000000000001,10,77.39130434782608,NA
37_White_An,15,23,0.7000000000000001,70,11,83.30434782608695,NA
37_White_An,15,23,0.7500000000000001,75.00000000000001,12,88,NA
37_White_An,15,23,0.8,80,12,83.56521739130434,NA
37_White_An,15,23,0.8500000000000001,85.00000000000001,13,89.73913043478261,NA
37_White_An,15,23,0.9000000000000001,90.00000000000001,14,96.17391304347827,NA
37_White_An,15,23,0.9500000000000001,95,15,100,NA
37_White_An,15,23,1,100,15,100,NA
37_White_Bl,19,27,0.05,5,1,10,NA
37_White_Bl,19,27,0.1,10,2,19.85185185185185,NA
37_White_Bl,19,27,0.15000000000000002,15.000000000000002,3,30.814814814814817,NA
37_White_Bl,19,27,0.2,20,4,36.888888888888886,NA
37_White_Bl,19,27,0.25,25,5,39.851851851851855,NA
37_White_Bl,19,27,0.3,30,6,49.333333333333336,NA
37_White_Bl,19,27,0.35000000000000003,35,7,53.7037037037037,NA
37_White_Bl,19,27,0.4,40,8,57.03703703703704,NA
37_White_Bl,19,27,0.45,45,9,62.44444444444444,NA
37_White_Bl,19,27,0.5,50,10,65.18518518518519,NA
37_White_Bl,19,27,0.55,55.00000000000001,11,68.07407407407408,NA
37_White_Bl,19,27,0.6000000000000001,60.00000000000001,12,71.62962962962963,NA
37_White_Bl,19,27,0.6500000000000001,65.00000000000001,13,75.48148148148148,NA
37_White_Bl,19,27,0.7000000000000001,70,14,77.70370370370371,NA
37_White_Bl,19,27,0.7500000000000001,75.00000000000001,15,77.33333333333333,NA
37_White_Bl,19,27,0.8,80,16,81.7037037037037,NA
37_White_Bl,19,27,0.8500000000000001,85.00000000000001,17,84.88888888888889,NA
37_White_Bl,19,27,0.9000000000000001,90.00000000000001,18,86.5925925925926,NA
37_White_Bl,19,27,0.9500000000000001,95,19,88.88888888888889,NA
37_White_Bl,19,27,1,100,19,88.88888888888889,NA
37_White_Bn,20,26,0.05,5,1,7.923076923076923,NA
37_White_Bn,20,26,0.1,10,2,16.615384615384617,NA
37_White_Bn,20,26,0.15000000000000002,15.000000000000002,4,27.076923076923077,NA
37_White_Bn,20,26,0.2,20,4,30.846153846153847,NA
37_White_Bn,20,26,0.25,25,5,35.84615384615385,NA
37_White_Bn,20,26,0.3,30,6,40.23076923076923,NA
37_White_Bn,20,26,0.35000000000000003,35,8,49.53846153846154,NA
37_White_Bn,20,26,0.4,40,8,48.07692307692308,NA
37_White_Bn,20,26,0.45,45,9,52.61538461538461,NA
37_White_Bn,20,26,0.5,50,10,53.23076923076923,NA
37_White_Bn,20,26,0.55,55.00000000000001,11,55.92307692307692,NA
37_White_Bn,20,26,0.6000000000000001,60.00000000000001,13,63.84615384615385,NA
37_White_Bn,20,26,0.6500000000000001,65.00000000000001,14,70.07692307692308,NA
37_White_Bn,20,26,0.7000000000000001,70,15,71.46153846153847,NA
37_White_Bn,20,26,0.7500000000000001,75.00000000000001,16,77.3076923076923,NA
37_White_Bn,20,26,0.8,80,16,76.6923076923077,NA
37_White_Bn,20,26,0.8500000000000001,85.00000000000001,17,76.38461538461539,NA
37_White_Bn,20,26,0.9000000000000001,90.00000000000001,19,85.23076923076923,NA
37_White_Bn,20,26,0.9500000000000001,95,19,84.6923076923077,NA
37_White_Bn,20,26,1,100,20,88.46153846153847,NA
37_White_CW,26,33,0.05,5,2,16.545454545454547,NA
37_White_CW,26,33,0.1,10,3,21.81818181818182,NA
37_White_CW,26,33,0.15000000000000002,15.000000000000002,4,29.757575757575758,NA
37_White_CW,26,33,0.2,20,6,41.333333333333336,NA
37_White_CW,26,33,0.25,25,7,42.84848484848485,NA
37_White_CW,26,33,0.3,30,8,52.121212121212125,NA
37_White_CW,26,33,0.35000000000000003,35,10,58.84848484848485,NA
37_White_CW,26,33,0.4,40,11,63.87878787878788,NA
37_White_CW,26,33,0.45,45,12,68,NA
37_White_CW,26,33,0.5,50,13,69.75757575757575,NA
37_White_CW,26,33,0.55,55.00000000000001,15,73.21212121212122,NA
37_White_CW,26,33,0.6000000000000001,60.00000000000001,16,79.39393939393939,NA
37_White_CW,26,33,0.6500000000000001,65.00000000000001,17,76.54545454545455,NA
37_White_CW,26,33,0.7000000000000001,70,19,82.42424242424242,NA
37_White_CW,26,33,0.7500000000000001,75.00000000000001,20,86.60606060606061,NA
37_White_CW,26,33,0.8,80,21,87.75757575757575,NA
37_White_CW,26,33,0.8500000000000001,85.00000000000001,23,91.51515151515152,NA
37_White_CW,26,33,0.9000000000000001,90.00000000000001,24,94.3030303030303,NA
37_White_CW,26,33,0.9500000000000001,95,25,95.6969696969697,NA
37_White_CW,26,33,1,100,26,96.96969696969697,NA
37_White_Ce,18,20,0.05,5,1,13.4,NA
37_White_Ce,18,20,0.1,10,2,23.4,NA
37_White_Ce,18,20,0.15000000000000002,15.000000000000002,3,34.1,NA
37_White_Ce,18,20,0.2,20,4,33,NA
37_White_Ce,18,20,0.25,25,5,40.5,NA
37_White_Ce,18,20,0.3,30,6,53.8,NA
37_White_Ce,18,20,0.35000000000000003,35,7,60,NA
37_White_Ce,18,20,0.4,40,8,61.5,NA
37_White_Ce,18,20,0.45,45,9,65.5,NA
37_White_Ce,18,20,0.5,50,9,67.9,NA
37_White_Ce,18,20,0.55,55.00000000000001,10,70,NA
37_White_Ce,18,20,0.6000000000000001,60.00000000000001,11,72.6,NA
37_White_Ce,18,20,0.6500000000000001,65.00000000000001,12,77.4,NA
37_White_Ce,18,20,0.7000000000000001,70,13,81.8,NA
37_White_Ce,18,20,0.7500000000000001,75.00000000000001,14,83.3,NA
37_White_Ce,18,20,0.8,80,15,87.1,NA
37_White_Ce,18,20,0.8500000000000001,85.00000000000001,16,89.4,NA
37_White_Ce,18,20,0.9000000000000001,90.00000000000001,17,92.4,NA
37_White_Ce,18,20,0.9500000000000001,95,18,95,NA
37_White_Ce,18,20,1,100,18,95,NA
37_White_Cn,29,34,0.05,5,2,15.058823529411764,NA
37_White_Cn,29,34,0.1,10,3,25.764705882352942,NA
37_White_Cn,29,34,0.15000000000000002,15.000000000000002,5,33.23529411764706,NA
37_White_Cn,29,34,0.2,20,6,41.11764705882353,NA
37_White_Cn,29,34,0.25,25,8,45.05882352941177,NA
37_White_Cn,29,34,0.3,30,9,51.588235294117645,NA
37_White_Cn,29,34,0.35000000000000003,35,11,58.76470588235294,NA
37_White_Cn,29,34,0.4,40,12,66.70588235294117,NA
37_White_Cn,29,34,0.45,45,14,71.23529411764706,NA
37_White_Cn,29,34,0.5,50,15,70.11764705882354,NA
37_White_Cn,29,34,0.55,55.00000000000001,16,74.41176470588235,NA
37_White_Cn,29,34,0.6000000000000001,60.00000000000001,18,79.58823529411765,NA
37_White_Cn,29,34,0.6500000000000001,65.00000000000001,19,79.11764705882354,NA
37_White_Cn,29,34,0.7000000000000001,70,21,82.52941176470588,NA
37_White_Cn,29,34,0.7500000000000001,75.00000000000001,22,89.58823529411765,NA
37_White_Cn,29,34,0.8,80,24,93.70588235294117,NA
37_White_Cn,29,34,0.8500000000000001,85.00000000000001,25,93.29411764705883,NA
37_White_Cn,29,34,0.9000000000000001,90.00000000000001,27,96.70588235294117,NA
37_White_Cn,29,34,0.9500000000000001,95,28,99.23529411764706,NA
37_White_Cn,29,34,1,100,29,100,NA
37_White_ED,13,19,0.05,5,1,14.105263157894736,NA
37_White_ED,13,19,0.1,10,2,29.263157894736842,NA
37_White_ED,13,19,0.15000000000000002,15.000000000000002,2,29.473684210526315,NA
37_White_ED,13,19,0.2,20,3,36.63157894736842,NA
37_White_ED,13,19,0.25,25,4,50,NA
37_White_ED,13,19,0.3,30,4,42.73684210526316,NA
37_White_ED,13,19,0.35000000000000003,35,5,52.526315789473685,NA
37_White_ED,13,19,0.4,40,6,58,NA
37_White_ED,13,19,0.45,45,6,57.68421052631579,NA
37_White_ED,13,19,0.5,50,7,63.78947368421053,NA
37_White_ED,13,19,0.55,55.00000000000001,8,66.84210526315789,NA
37_White_ED,13,19,0.6000000000000001,60.00000000000001,8,67.05263157894737,NA
37_White_ED,13,19,0.6500000000000001,65.00000000000001,9,76.3157894736842,NA
37_White_ED,13,19,0.7000000000000001,70,10,81.05263157894737,NA
37_White_ED,13,19,0.7500000000000001,75.00000000000001,10,78.94736842105263,NA
37_White_ED,13,19,0.8,80,11,84.94736842105263,NA
37_White_ED,13,19,0.8500000000000001,85.00000000000001,12,92.31578947368422,NA
37_White_ED,13,19,0.9000000000000001,90.00000000000001,12,90.52631578947368,NA
37_White_ED,13,19,0.9500000000000001,95,13,94.73684210526316,NA
37_White_ED,13,19,1,100,13,94.73684210526316,NA
37_White_Fs,22,21,0.05,5,2,27.142857142857142,NA
37_White_Fs,22,21,0.1,10,3,33.142857142857146,NA
37_White_Fs,22,21,0.15000000000000002,15.000000000000002,4,38.285714285714285,NA
37_White_Fs,22,21,0.2,20,5,48.476190476190474,NA
37_White_Fs,22,21,0.25,25,6,51.523809523809526,NA
37_White_Fs,22,21,0.3,30,7,54.666666666666664,NA
37_White_Fs,22,21,0.35000000000000003,35,8,56.19047619047619,NA
37_White_Fs,22,21,0.4,40,9,60.76190476190476,NA
37_White_Fs,22,21,0.45,45,10,66.28571428571429,NA
37_White_Fs,22,21,0.5,50,11,68,NA
37_White_Fs,22,21,0.55,55.00000000000001,13,72.85714285714286,NA
37_White_Fs,22,21,0.6000000000000001,60.00000000000001,14,73.61904761904762,NA
37_White_Fs,22,21,0.6500000000000001,65.00000000000001,15,76.66666666666667,NA
37_White_Fs,22,21,0.7000000000000001,70,16,78.19047619047619,NA
37_White_Fs,22,21,0.7500000000000001,75.00000000000001,17,79.71428571428571,NA
37_White_Fs,22,21,0.8,80,18,81.71428571428571,NA
37_White_Fs,22,21,0.8500000000000001,85.00000000000001,19,81.80952380952381,NA
37_White_Fs,22,21,0.9000000000000001,90.00000000000001,20,84,NA
37_White_Fs,22,21,0.9500000000000001,95,21,85.71428571428571,NA
37_White_Fs,22,21,1,100,22,85.71428571428571,NA
37_White_JK,25,24,0.05,5,2,18.083333333333332,NA
37_White_JK,25,24,0.1,10,3,24.25,NA
37_White_JK,25,24,0.15000000000000002,15.000000000000002,4,29.916666666666668,NA
37_White_JK,25,24,0.2,20,5,34.75,NA
37_White_JK,25,24,0.25,25,7,40.25,NA
37_White_JK,25,24,0.3,30,8,41.75,NA
37_White_JK,25,24,0.35000000000000003,35,9,45.416666666666664,NA
37_White_JK,25,24,0.4,40,10,49,NA
37_White_JK,25,24,0.45,45,12,51.5,NA
37_White_JK,25,24,0.5,50,13,59.416666666666664,NA
37_White_JK,25,24,0.55,55.00000000000001,14,62.75,NA
37_White_JK,25,24,0.6000000000000001,60.00000000000001,16,61.166666666666664,NA
37_White_JK,25,24,0.6500000000000001,65.00000000000001,17,69.75,NA
37_White_JK,25,24,0.7000000000000001,70,18,70.66666666666667,NA
37_White_JK,25,24,0.7500000000000001,75.00000000000001,19,72.75,NA
37_White_JK,25,24,0.8,80,20,74.58333333333333,NA
37_White_JK,25,24,0.8500000000000001,85.00000000000001,22,77.91666666666667,NA
37_White_JK,25,24,0.9000000000000001,90.00000000000001,23,79.25,NA
37_White_JK,25,24,0.9500000000000001,95,24,81.91666666666666,NA
37_White_JK,25,24,1,100,25,83.33333333333333,NA
37_White_Kr,29,17,0.05,5,2,23.647058823529413,NA
37_White_Kr,29,17,0.1,10,3,30.23529411764706,NA
37_White_Kr,29,17,0.15000000000000002,15.000000000000002,5,44.470588235294116,NA
37_White_Kr,29,17,0.2,20,6,47.1764705882353,NA
37_White_Kr,29,17,0.25,25,8,53.05882352941177,NA
37_White_Kr,29,17,0.3,30,9,59.1764705882353,NA
37_White_Kr,29,17,0.35000000000000003,35,11,60.23529411764706,NA
37_White_Kr,29,17,0.4,40,12,64.23529411764706,NA
37_White_Kr,29,17,0.45,45,14,72.3529411764706,NA
37_White_Kr,29,17,0.5,50,15,72.47058823529412,NA
37_White_Kr,29,17,0.55,55.00000000000001,16,74.47058823529412,NA
37_White_Kr,29,17,0.6000000000000001,60.00000000000001,18,77.76470588235294,NA
37_White_Kr,29,17,0.6500000000000001,65.00000000000001,19,79.17647058823529,NA
37_White_Kr,29,17,0.7000000000000001,70,21,83.64705882352942,NA
37_White_Kr,29,17,0.7500000000000001,75.00000000000001,22,84,NA
37_White_Kr,29,17,0.8,80,24,89.41176470588236,NA
37_White_Kr,29,17,0.8500000000000001,85.00000000000001,25,88,NA
37_White_Kr,29,17,0.9000000000000001,90.00000000000001,27,92.47058823529412,NA
37_White_Kr,29,17,0.9500000000000001,95,28,92.70588235294119,NA
37_White_Kr,29,17,1,100,29,94.11764705882354,NA
37_White_ND,25,22,0.05,5,2,22.363636363636363,NA
37_White_ND,25,22,0.1,10,3,27.454545454545453,NA
37_White_ND,25,22,0.15000000000000002,15.000000000000002,4,37.81818181818182,NA
37_White_ND,25,22,0.2,20,5,46.27272727272727,NA
37_White_ND,25,22,0.25,25,7,55.54545454545455,NA
37_White_ND,25,22,0.3,30,8,54,NA
37_White_ND,25,22,0.35000000000000003,35,9,61.90909090909091,NA
37_White_ND,25,22,0.4,40,10,63.36363636363637,NA
37_White_ND,25,22,0.45,45,12,72.63636363636364,NA
37_White_ND,25,22,0.5,50,13,73.72727272727272,NA
37_White_ND,25,22,0.55,55.00000000000001,14,79.36363636363636,NA
37_White_ND,25,22,0.6000000000000001,60.00000000000001,16,81.63636363636364,NA
37_White_ND,25,22,0.6500000000000001,65.00000000000001,17,83.63636363636364,NA
37_White_ND,25,22,0.7000000000000001,70,18,87.63636363636364,NA
37_White_ND,25,22,0.7500000000000001,75.00000000000001,19,88.63636363636363,NA
37_White_ND,25,22,0.8,80,20,91.45454545454545,NA
37_White_ND,25,22,0.8500000000000001,85.00000000000001,22,94.45454545454545,NA
37_White_ND,25,22,0.9000000000000001,90.00000000000001,23,97.45454545454545,NA
37_White_ND,25,22,0.9500000000000001,95,24,98.36363636363636,NA
37_White_ND,25,22,1,100,25,100,NA
37_White_NG,21,25,0.05,5,2,21.52,NA
37_White_NG,21,25,0.1,10,3,33.36,NA
37_White_NG,21,25,0.15000000000000002,15.000000000000002,4,34.64,NA
37_White_NG,21,25,0.2,20,5,40.24,NA
37_White_NG,21,25,0.25,25,6,50,NA
37_White_NG,21,25,0.3,30,7,47.52,NA
37_White_NG,21,25,0.35000000000000003,35,8,56.88,NA
37_White_NG,21,25,0.4,40,9,58.72,NA
37_White_NG,21,25,0.45,45,10,64.88,NA
37_White_NG,21,25,0.5,50,11,70.88,NA
37_White_NG,21,25,0.55,55.00000000000001,12,69.44,NA
37_White_NG,21,25,0.6000000000000001,60.00000000000001,13,73.92,NA
37_White_NG,21,25,0.6500000000000001,65.00000000000001,14,78.88,NA
37_White_NG,21,25,0.7000000000000001,70,15,81.12,NA
37_White_NG,21,25,0.7500000000000001,75.00000000000001,16,85.6,NA
37_White_NG,21,25,0.8,80,17,89.2,NA
37_White_NG,21,25,0.8500000000000001,85.00000000000001,18,89.36,NA
37_White_NG,21,25,0.9000000000000001,90.00000000000001,19,91.36,NA
37_White_NG,21,25,0.9500000000000001,95,20,95.44,NA
37_White_NG,21,25,1,100,21,96,NA
37_White_Pn,12,17,0.05,5,1,12.588235294117649,NA
37_White_Pn,12,17,0.1,10,2,20.11764705882353,NA
37_White_Pn,12,17,0.15000000000000002,15.000000000000002,2,20.58823529411765,NA
37_White_Pn,12,17,0.2,20,3,29.058823529411764,NA
37_White_Pn,12,17,0.25,25,3,29.058823529411764,NA
37_White_Pn,12,17,0.3,30,4,37.1764705882353,NA
37_White_Pn,12,17,0.35000000000000003,35,5,44,NA
37_White_Pn,12,17,0.4,40,5,44.705882352941174,NA
37_White_Pn,12,17,0.45,45,6,49.64705882352941,NA
37_White_Pn,12,17,0.5,50,6,48.470588235294116,NA
37_White_Pn,12,17,0.55,55.00000000000001,7,54.23529411764706,NA
37_White_Pn,12,17,0.6000000000000001,60.00000000000001,8,56.8235294117647,NA
37_White_Pn,12,17,0.6500000000000001,65.00000000000001,8,57.76470588235294,NA
37_White_Pn,12,17,0.7000000000000001,70,9,60,NA
37_White_Pn,12,17,0.7500000000000001,75.00000000000001,10,65.64705882352942,NA
37_White_Pn,12,17,0.8,80,10,64.82352941176471,NA
37_White_Pn,12,17,0.8500000000000001,85.00000000000001,11,67.41176470588236,NA
37_White_Pn,12,17,0.9000000000000001,90.00000000000001,11,67.41176470588236,NA
37_White_Pn,12,17,0.9500000000000001,95,12,70.58823529411765,NA
37_White_Pn,12,17,1,100,12,70.58823529411765,NA
37_White_WD,15,23,0.05,5,1,8.869565217391305,NA
37_White_WD,15,23,0.1,10,2,19.043478260869566,NA
37_White_WD,15,23,0.15000000000000002,15.000000000000002,3,24.782608695652172,NA
37_White_WD,15,23,0.2,20,3,28.347826086956523,NA
37_White_WD,15,23,0.25,25,4,33.65217391304348,NA
37_White_WD,15,23,0.3,30,5,40.17391304347826,NA
37_White_WD,15,23,0.35000000000000003,35,6,46.869565217391305,NA
37_White_WD,15,23,0.4,40,6,42.08695652173913,NA
37_White_WD,15,23,0.45,45,7,51.91304347826087,NA
37_White_WD,15,23,0.5,50,8,56.869565217391305,NA
37_White_WD,15,23,0.55,55.00000000000001,9,64.17391304347827,NA
37_White_WD,15,23,0.6000000000000001,60.00000000000001,10,66,NA
37_White_WD,15,23,0.6500000000000001,65.00000000000001,10,68.6086956521739,NA
37_White_WD,15,23,0.7000000000000001,70,11,71.82608695652173,NA
37_White_WD,15,23,0.7500000000000001,75.00000000000001,12,77.04347826086956,NA
37_White_WD,15,23,0.8,80,12,75.82608695652173,NA
37_White_WD,15,23,0.8500000000000001,85.00000000000001,13,79.73913043478261,NA
37_White_WD,15,23,0.9000000000000001,90.00000000000001,14,82.69565217391305,NA
37_White_WD,15,23,0.9500000000000001,95,15,86.95652173913044,NA
37_White_WD,15,23,1,100,15,86.95652173913044,NA
38_Maurer_A1,47,27,0.05,5,3,10.962962962962964,NA
38_Maurer_A1,47,27,0.1,10,5,20,NA
38_Maurer_A1,47,27,0.15000000000000002,15.000000000000002,8,24.814814814814817,NA
38_Maurer_A1,47,27,0.2,20,10,32.96296296296296,NA
38_Maurer_A1,47,27,0.25,25,12,37.7037037037037,NA
38_Maurer_A1,47,27,0.3,30,15,48,NA
38_Maurer_A1,47,27,0.35000000000000003,35,17,47.851851851851855,NA
38_Maurer_A1,47,27,0.4,40,19,53.407407407407405,NA
38_Maurer_A1,47,27,0.45,45,22,61.111111111111114,NA
38_Maurer_A1,47,27,0.5,50,24,65.33333333333333,NA
38_Maurer_A1,47,27,0.55,55.00000000000001,26,72.22222222222223,NA
38_Maurer_A1,47,27,0.6000000000000001,60.00000000000001,29,76.14814814814815,NA
38_Maurer_A1,47,27,0.6500000000000001,65.00000000000001,31,78.66666666666667,NA
38_Maurer_A1,47,27,0.7000000000000001,70,33,83.18518518518519,NA
38_Maurer_A1,47,27,0.7500000000000001,75.00000000000001,36,81.25925925925925,NA
38_Maurer_A1,47,27,0.8,80,38,89.48148148148148,NA
38_Maurer_A1,47,27,0.8500000000000001,85.00000000000001,40,91.62962962962963,NA
38_Maurer_A1,47,27,0.9000000000000001,90.00000000000001,43,95.77777777777777,NA
38_Maurer_A1,47,27,0.9500000000000001,95,45,97.4074074074074,NA
38_Maurer_A1,47,27,1,100,47,100,NA
38_Maurer_A2,76,40,0.05,5,4,10.4,NA
38_Maurer_A2,76,40,0.1,10,8,25.45,NA
38_Maurer_A2,76,40,0.15000000000000002,15.000000000000002,12,34.05,NA
38_Maurer_A2,76,40,0.2,20,16,34.2,NA
38_Maurer_A2,76,40,0.25,25,19,45.55,NA
38_Maurer_A2,76,40,0.3,30,23,55.45,NA
38_Maurer_A2,76,40,0.35000000000000003,35,27,56.6,NA
38_Maurer_A2,76,40,0.4,40,31,61.1,NA
38_Maurer_A2,76,40,0.45,45,35,66.6,NA
38_Maurer_A2,76,40,0.5,50,38,66.15,NA
38_Maurer_A2,76,40,0.55,55.00000000000001,42,70.9,NA
38_Maurer_A2,76,40,0.6000000000000001,60.00000000000001,46,73.4,NA
38_Maurer_A2,76,40,0.6500000000000001,65.00000000000001,50,79.85,NA
38_Maurer_A2,76,40,0.7000000000000001,70,54,81.15,NA
38_Maurer_A2,76,40,0.7500000000000001,75.00000000000001,58,84.6,NA
38_Maurer_A2,76,40,0.8,80,61,87.6,NA
38_Maurer_A2,76,40,0.8500000000000001,85.00000000000001,65,90.05,NA
38_Maurer_A2,76,40,0.9000000000000001,90.00000000000001,69,91.3,NA
38_Maurer_A2,76,40,0.9500000000000001,95,73,93.95,NA
38_Maurer_A2,76,40,1,100,76,95,NA
38_Maurer_A3,69,31,0.05,5,4,13.483870967741936,NA
38_Maurer_A3,69,31,0.1,10,7,23.225806451612904,NA
38_Maurer_A3,69,31,0.15000000000000002,15.000000000000002,11,33.16129032258065,NA
38_Maurer_A3,69,31,0.2,20,14,38.516129032258064,NA
38_Maurer_A3,69,31,0.25,25,18,45.41935483870968,NA
38_Maurer_A3,69,31,0.3,30,21,50.516129032258064,NA
38_Maurer_A3,69,31,0.35000000000000003,35,25,53.87096774193548,NA
38_Maurer_A3,69,31,0.4,40,28,58.64516129032258,NA
38_Maurer_A3,69,31,0.45,45,32,60.45161290322581,NA
38_Maurer_A3,69,31,0.5,50,35,67.16129032258064,NA
38_Maurer_A3,69,31,0.55,55.00000000000001,38,71.03225806451613,NA
38_Maurer_A3,69,31,0.6000000000000001,60.00000000000001,42,71.54838709677419,NA
38_Maurer_A3,69,31,0.6500000000000001,65.00000000000001,45,75.03225806451613,NA
38_Maurer_A3,69,31,0.7000000000000001,70,49,81.48387096774194,NA
38_Maurer_A3,69,31,0.7500000000000001,75.00000000000001,52,81.93548387096774,NA
38_Maurer_A3,69,31,0.8,80,56,85.16129032258064,NA
38_Maurer_A3,69,31,0.8500000000000001,85.00000000000001,59,88.25806451612904,NA
38_Maurer_A3,69,31,0.9000000000000001,90.00000000000001,63,93.03225806451613,NA
38_Maurer_A3,69,31,0.9500000000000001,95,66,94.45161290322581,NA
38_Maurer_A3,69,31,1,100,69,96.7741935483871,NA
38_Maurer_A4,58,31,0.05,5,3,13.548387096774194,NA
38_Maurer_A4,58,31,0.1,10,6,22.516129032258064,NA
38_Maurer_A4,58,31,0.15000000000000002,15.000000000000002,9,30.193548387096772,NA
38_Maurer_A4,58,31,0.2,20,12,37.806451612903224,NA
38_Maurer_A4,58,31,0.25,25,15,39.483870967741936,NA
38_Maurer_A4,58,31,0.3,30,18,50.32258064516129,NA
38_Maurer_A4,58,31,0.35000000000000003,35,21,50.193548387096776,NA
38_Maurer_A4,58,31,0.4,40,24,56.45161290322581,NA
38_Maurer_A4,58,31,0.45,45,27,62.774193548387096,NA
38_Maurer_A4,58,31,0.5,50,29,60,NA
38_Maurer_A4,58,31,0.55,55.00000000000001,32,68.83870967741936,NA
38_Maurer_A4,58,31,0.6000000000000001,60.00000000000001,35,71.48387096774194,NA
38_Maurer_A4,58,31,0.6500000000000001,65.00000000000001,38,74.96774193548387,NA
38_Maurer_A4,58,31,0.7000000000000001,70,41,79.16129032258064,NA
38_Maurer_A4,58,31,0.7500000000000001,75.00000000000001,44,82.3225806451613,NA
38_Maurer_A4,58,31,0.8,80,47,84,NA
38_Maurer_A4,58,31,0.8500000000000001,85.00000000000001,50,87.6774193548387,NA
38_Maurer_A4,58,31,0.9000000000000001,90.00000000000001,53,90.19354838709677,NA
38_Maurer_A4,58,31,0.9500000000000001,95,56,92.3225806451613,NA
38_Maurer_A4,58,31,1,100,58,93.54838709677419,NA
38_Maurer_R1,72,42,0.05,5,4,13.666666666666666,NA
38_Maurer_R1,72,42,0.1,10,8,23.38095238095238,NA
38_Maurer_R1,72,42,0.15000000000000002,15.000000000000002,11,30.523809523809526,NA
38_Maurer_R1,72,42,0.2,20,15,37.76190476190476,NA
38_Maurer_R1,72,42,0.25,25,18,50.19047619047619,NA
38_Maurer_R1,72,42,0.3,30,22,53.523809523809526,NA
38_Maurer_R1,72,42,0.35000000000000003,35,26,58.285714285714285,NA
38_Maurer_R1,72,42,0.4,40,29,60.61904761904762,NA
38_Maurer_R1,72,42,0.45,45,33,65.04761904761905,NA
38_Maurer_R1,72,42,0.5,50,36,69.52380952380952,NA
38_Maurer_R1,72,42,0.55,55.00000000000001,40,72.85714285714286,NA
38_Maurer_R1,72,42,0.6000000000000001,60.00000000000001,44,75.0952380952381,NA
38_Maurer_R1,72,42,0.6500000000000001,65.00000000000001,47,80.04761904761905,NA
38_Maurer_R1,72,42,0.7000000000000001,70,51,81.09523809523809,NA
38_Maurer_R1,72,42,0.7500000000000001,75.00000000000001,55,85.14285714285714,NA
38_Maurer_R1,72,42,0.8,80,58,87.42857142857143,NA
38_Maurer_R1,72,42,0.8500000000000001,85.00000000000001,62,89.0952380952381,NA
38_Maurer_R1,72,42,0.9000000000000001,90.00000000000001,65,91.66666666666667,NA
38_Maurer_R1,72,42,0.9500000000000001,95,69,92.90476190476191,NA
38_Maurer_R1,72,42,1,100,72,95.23809523809524,NA
38_Maurer_R2,54,51,0.05,5,3,6.235294117647059,NA
38_Maurer_R2,54,51,0.1,10,6,19.019607843137255,NA
38_Maurer_R2,54,51,0.15000000000000002,15.000000000000002,9,26.58823529411765,NA
38_Maurer_R2,54,51,0.2,20,11,30.07843137254902,NA
38_Maurer_R2,54,51,0.25,25,14,38.470588235294116,NA
38_Maurer_R2,54,51,0.3,30,17,44.19607843137255,NA
38_Maurer_R2,54,51,0.35000000000000003,35,19,43.84313725490196,NA
38_Maurer_R2,54,51,0.4,40,22,53.21568627450981,NA
38_Maurer_R2,54,51,0.45,45,25,58.470588235294116,NA
38_Maurer_R2,54,51,0.5,50,27,61.529411764705884,NA
38_Maurer_R2,54,51,0.55,55.00000000000001,30,65.05882352941177,NA
38_Maurer_R2,54,51,0.6000000000000001,60.00000000000001,33,71.17647058823529,NA
38_Maurer_R2,54,51,0.6500000000000001,65.00000000000001,36,73.13725490196079,NA
38_Maurer_R2,54,51,0.7000000000000001,70,38,74.82352941176471,NA
38_Maurer_R2,54,51,0.7500000000000001,75.00000000000001,41,77.80392156862746,NA
38_Maurer_R2,54,51,0.8,80,44,84.27450980392157,NA
38_Maurer_R2,54,51,0.8500000000000001,85.00000000000001,46,83.9607843137255,NA
38_Maurer_R2,54,51,0.9000000000000001,90.00000000000001,49,88.94117647058825,NA
38_Maurer_R2,54,51,0.9500000000000001,95,52,92.74509803921569,NA
38_Maurer_R2,54,51,1,100,54,94.11764705882354,NA
38_Maurer_R3,95,48,0.05,5,5,11.25,NA
38_Maurer_R3,95,48,0.1,10,10,20.583333333333332,NA
38_Maurer_R3,95,48,0.15000000000000002,15.000000000000002,15,26.333333333333332,NA
38_Maurer_R3,95,48,0.2,20,19,34.125,NA
38_Maurer_R3,95,48,0.25,25,24,41.583333333333336,NA
38_Maurer_R3,95,48,0.3,30,29,46.291666666666664,NA
38_Maurer_R3,95,48,0.35000000000000003,35,34,51.291666666666664,NA
38_Maurer_R3,95,48,0.4,40,38,52.375,NA
38_Maurer_R3,95,48,0.45,45,43,61.041666666666664,NA
38_Maurer_R3,95,48,0.5,50,48,65.54166666666667,NA
38_Maurer_R3,95,48,0.55,55.00000000000001,53,66.41666666666667,NA
38_Maurer_R3,95,48,0.6000000000000001,60.00000000000001,58,70.70833333333333,NA
38_Maurer_R3,95,48,0.6500000000000001,65.00000000000001,62,73.625,NA
38_Maurer_R3,95,48,0.7000000000000001,70,67,78.625,NA
38_Maurer_R3,95,48,0.7500000000000001,75.00000000000001,72,80.41666666666667,NA
38_Maurer_R3,95,48,0.8,80,76,85,NA
38_Maurer_R3,95,48,0.8500000000000001,85.00000000000001,81,87.79166666666667,NA
38_Maurer_R3,95,48,0.9000000000000001,90.00000000000001,86,90.41666666666667,NA
38_Maurer_R3,95,48,0.9500000000000001,95,91,93.29166666666667,NA
38_Maurer_R3,95,48,1,100,95,95.83333333333333,NA
38_Maurer_R4,66,37,0.05,5,4,11.567567567567567,NA
38_Maurer_R4,66,37,0.1,10,7,15.405405405405405,NA
38_Maurer_R4,66,37,0.15000000000000002,15.000000000000002,10,24.864864864864867,NA
38_Maurer_R4,66,37,0.2,20,14,28.486486486486488,NA
38_Maurer_R4,66,37,0.25,25,17,34.270270270270274,NA
38_Maurer_R4,66,37,0.3,30,20,42.432432432432435,NA
38_Maurer_R4,66,37,0.35000000000000003,35,24,46.5945945945946,NA
38_Maurer_R4,66,37,0.4,40,27,50.21621621621622,NA
38_Maurer_R4,66,37,0.45,45,30,55.83783783783784,NA
38_Maurer_R4,66,37,0.5,50,33,59.891891891891895,NA
38_Maurer_R4,66,37,0.55,55.00000000000001,37,64.8108108108108,NA
38_Maurer_R4,66,37,0.6000000000000001,60.00000000000001,40,68.54054054054055,NA
38_Maurer_R4,66,37,0.6500000000000001,65.00000000000001,43,69.24324324324324,NA
38_Maurer_R4,66,37,0.7000000000000001,70,47,76.10810810810811,NA
38_Maurer_R4,66,37,0.7500000000000001,75.00000000000001,50,77.62162162162163,NA
38_Maurer_R4,66,37,0.8,80,53,82.32432432432432,NA
38_Maurer_R4,66,37,0.8500000000000001,85.00000000000001,57,83.1891891891892,NA
38_Maurer_R4,66,37,0.9000000000000001,90.00000000000001,60,89.08108108108108,NA
38_Maurer_R4,66,37,0.9500000000000001,95,63,92.86486486486487,NA
38_Maurer_R4,66,37,1,100,66,94.5945945945946,NA
38_Maurer_U2,113,64,0.05,5,6,11.96875,NA
38_Maurer_U2,113,64,0.1,10,12,20.375,NA
38_Maurer_U2,113,64,0.15000000000000002,15.000000000000002,17,29.65625,NA
38_Maurer_U2,113,64,0.2,20,23,36.84375,NA
38_Maurer_U2,113,64,0.25,25,29,41.84375,NA
38_Maurer_U2,113,64,0.3,30,34,48,NA
38_Maurer_U2,113,64,0.35000000000000003,35,40,53.5625,NA
38_Maurer_U2,113,64,0.4,40,46,57.09375,NA
38_Maurer_U2,113,64,0.45,45,51,59.21875,NA
38_Maurer_U2,113,64,0.5,50,57,65.46875,NA
38_Maurer_U2,113,64,0.55,55.00000000000001,63,67.375,NA
38_Maurer_U2,113,64,0.6000000000000001,60.00000000000001,68,73.59375,NA
38_Maurer_U2,113,64,0.6500000000000001,65.00000000000001,74,76.3125,NA
38_Maurer_U2,113,64,0.7000000000000001,70,80,80.09375,NA
38_Maurer_U2,113,64,0.7500000000000001,75.00000000000001,85,82.78125,NA
38_Maurer_U2,113,64,0.8,80,91,86.65625,NA
38_Maurer_U2,113,64,0.8500000000000001,85.00000000000001,97,88.03125,NA
38_Maurer_U2,113,64,0.9000000000000001,90.00000000000001,102,89.3125,NA
38_Maurer_U2,113,64,0.9500000000000001,95,108,92.71875,NA
38_Maurer_U2,113,64,1,100,113,95.3125,NA
38_Maurer_U3,92,49,0.05,5,5,8.857142857142858,NA
38_Maurer_U3,92,49,0.1,10,10,21.714285714285715,NA
38_Maurer_U3,92,49,0.15000000000000002,15.000000000000002,14,26.448979591836736,NA
38_Maurer_U3,92,49,0.2,20,19,34.285714285714285,NA
38_Maurer_U3,92,49,0.25,25,23,37.224489795918366,NA
38_Maurer_U3,92,49,0.3,30,28,41.673469387755105,NA
38_Maurer_U3,92,49,0.35000000000000003,35,33,48.3265306122449,NA
38_Maurer_U3,92,49,0.4,40,37,57.714285714285715,NA
38_Maurer_U3,92,49,0.45,45,42,60.3265306122449,NA
38_Maurer_U3,92,49,0.5,50,46,63.51020408163265,NA
38_Maurer_U3,92,49,0.55,55.00000000000001,51,70.65306122448979,NA
38_Maurer_U3,92,49,0.6000000000000001,60.00000000000001,56,70.6938775510204,NA
38_Maurer_U3,92,49,0.6500000000000001,65.00000000000001,60,74.65306122448979,NA
38_Maurer_U3,92,49,0.7000000000000001,70,65,78.20408163265306,NA
38_Maurer_U3,92,49,0.7500000000000001,75.00000000000001,70,85.06122448979592,NA
38_Maurer_U3,92,49,0.8,80,74,86.85714285714286,NA
38_Maurer_U3,92,49,0.8500000000000001,85.00000000000001,79,89.3061224489796,NA
38_Maurer_U3,92,49,0.9000000000000001,90.00000000000001,83,92.24489795918367,NA
38_Maurer_U3,92,49,0.9500000000000001,95,88,96.0408163265306,NA
38_Maurer_U3,92,49,1,100,92,97.95918367346938,NA
39_Schweiger_I1_ruderal_1_2021,23,20,0.05,5,2,18.6,NA
39_Schweiger_I1_ruderal_1_2021,23,20,0.1,10,3,21.7,NA
39_Schweiger_I1_ruderal_1_2021,23,20,0.15000000000000002,15.000000000000002,4,27.4,NA
39_Schweiger_I1_ruderal_1_2021,23,20,0.2,20,5,33.7,NA
39_Schweiger_I1_ruderal_1_2021,23,20,0.25,25,6,35.4,NA
39_Schweiger_I1_ruderal_1_2021,23,20,0.3,30,7,42.9,NA
39_Schweiger_I1_ruderal_1_2021,23,20,0.35000000000000003,35,9,50.5,NA
39_Schweiger_I1_ruderal_1_2021,23,20,0.4,40,10,49.8,NA
39_Schweiger_I1_ruderal_1_2021,23,20,0.45,45,11,58.9,NA
39_Schweiger_I1_ruderal_1_2021,23,20,0.5,50,12,60.1,NA
39_Schweiger_I1_ruderal_1_2021,23,20,0.55,55.00000000000001,13,64.4,NA
39_Schweiger_I1_ruderal_1_2021,23,20,0.6000000000000001,60.00000000000001,14,67,NA
39_Schweiger_I1_ruderal_1_2021,23,20,0.6500000000000001,65.00000000000001,15,73.3,NA
39_Schweiger_I1_ruderal_1_2021,23,20,0.7000000000000001,70,17,80,NA
39_Schweiger_I1_ruderal_1_2021,23,20,0.7500000000000001,75.00000000000001,18,83.6,NA
39_Schweiger_I1_ruderal_1_2021,23,20,0.8,80,19,87.9,NA
39_Schweiger_I1_ruderal_1_2021,23,20,0.8500000000000001,85.00000000000001,20,91.6,NA
39_Schweiger_I1_ruderal_1_2021,23,20,0.9000000000000001,90.00000000000001,21,93.5,NA
39_Schweiger_I1_ruderal_1_2021,23,20,0.9500000000000001,95,22,96.8,NA
39_Schweiger_I1_ruderal_1_2021,23,20,1,100,23,100,NA
39_Schweiger_I2_semi.natural.grass_5_2021,18,27,0.05,5,1,6.296296296296297,NA
39_Schweiger_I2_semi.natural.grass_5_2021,18,27,0.1,10,2,11.333333333333334,NA
39_Schweiger_I2_semi.natural.grass_5_2021,18,27,0.15000000000000002,15.000000000000002,3,19.77777777777778,NA
39_Schweiger_I2_semi.natural.grass_5_2021,18,27,0.2,20,4,22.59259259259259,NA
39_Schweiger_I2_semi.natural.grass_5_2021,18,27,0.25,25,5,36.74074074074074,NA
39_Schweiger_I2_semi.natural.grass_5_2021,18,27,0.3,30,6,35.48148148148148,NA
39_Schweiger_I2_semi.natural.grass_5_2021,18,27,0.35000000000000003,35,7,43.333333333333336,NA
39_Schweiger_I2_semi.natural.grass_5_2021,18,27,0.4,40,8,44.81481481481482,NA
39_Schweiger_I2_semi.natural.grass_5_2021,18,27,0.45,45,9,52.96296296296296,NA
39_Schweiger_I2_semi.natural.grass_5_2021,18,27,0.5,50,9,50.592592592592595,NA
39_Schweiger_I2_semi.natural.grass_5_2021,18,27,0.55,55.00000000000001,10,62.148148148148145,NA
39_Schweiger_I2_semi.natural.grass_5_2021,18,27,0.6000000000000001,60.00000000000001,11,60.148148148148145,NA
39_Schweiger_I2_semi.natural.grass_5_2021,18,27,0.6500000000000001,65.00000000000001,12,64.81481481481481,NA
39_Schweiger_I2_semi.natural.grass_5_2021,18,27,0.7000000000000001,70,13,68.29629629629629,NA
39_Schweiger_I2_semi.natural.grass_5_2021,18,27,0.7500000000000001,75.00000000000001,14,73.62962962962963,NA
39_Schweiger_I2_semi.natural.grass_5_2021,18,27,0.8,80,15,79.18518518518519,NA
39_Schweiger_I2_semi.natural.grass_5_2021,18,27,0.8500000000000001,85.00000000000001,16,84.51851851851852,NA
39_Schweiger_I2_semi.natural.grass_5_2021,18,27,0.9000000000000001,90.00000000000001,17,87.92592592592592,NA
39_Schweiger_I2_semi.natural.grass_5_2021,18,27,0.9500000000000001,95,18,92.5925925925926,NA
39_Schweiger_I2_semi.natural.grass_5_2021,18,27,1,100,18,92.5925925925926,NA
39_Schweiger_I2_woodland.scrub_1_2021,23,22,0.05,5,2,12.454545454545455,NA
39_Schweiger_I2_woodland.scrub_1_2021,23,22,0.1,10,3,19.636363636363637,NA
39_Schweiger_I2_woodland.scrub_1_2021,23,22,0.15000000000000002,15.000000000000002,4,26.81818181818182,NA
39_Schweiger_I2_woodland.scrub_1_2021,23,22,0.2,20,5,29.81818181818182,NA
39_Schweiger_I2_woodland.scrub_1_2021,23,22,0.25,25,6,32.90909090909091,NA
39_Schweiger_I2_woodland.scrub_1_2021,23,22,0.3,30,7,36,NA
39_Schweiger_I2_woodland.scrub_1_2021,23,22,0.35000000000000003,35,9,42.54545454545455,NA
39_Schweiger_I2_woodland.scrub_1_2021,23,22,0.4,40,10,50.45454545454545,NA
39_Schweiger_I2_woodland.scrub_1_2021,23,22,0.45,45,11,52.18181818181818,NA
39_Schweiger_I2_woodland.scrub_1_2021,23,22,0.5,50,12,55.18181818181818,NA
39_Schweiger_I2_woodland.scrub_1_2021,23,22,0.55,55.00000000000001,13,59.36363636363637,NA
39_Schweiger_I2_woodland.scrub_1_2021,23,22,0.6000000000000001,60.00000000000001,14,65.0909090909091,NA
39_Schweiger_I2_woodland.scrub_1_2021,23,22,0.6500000000000001,65.00000000000001,15,65.27272727272728,NA
39_Schweiger_I2_woodland.scrub_1_2021,23,22,0.7000000000000001,70,17,72,NA
39_Schweiger_I2_woodland.scrub_1_2021,23,22,0.7500000000000001,75.00000000000001,18,73.54545454545455,NA
39_Schweiger_I2_woodland.scrub_1_2021,23,22,0.8,80,19,78,NA
39_Schweiger_I2_woodland.scrub_1_2021,23,22,0.8500000000000001,85.00000000000001,20,79.81818181818181,NA
39_Schweiger_I2_woodland.scrub_1_2021,23,22,0.9000000000000001,90.00000000000001,21,86,NA
39_Schweiger_I2_woodland.scrub_1_2021,23,22,0.9500000000000001,95,22,87.63636363636364,NA
39_Schweiger_I2_woodland.scrub_1_2021,23,22,1,100,23,90.9090909090909,NA
39_Schweiger_I4_woodland.scrub_3_2021,22,21,0.05,5,2,13.714285714285715,NA
39_Schweiger_I4_woodland.scrub_3_2021,22,21,0.1,10,3,17.61904761904762,NA
39_Schweiger_I4_woodland.scrub_3_2021,22,21,0.15000000000000002,15.000000000000002,4,23.047619047619047,NA
39_Schweiger_I4_woodland.scrub_3_2021,22,21,0.2,20,5,28.857142857142858,NA
39_Schweiger_I4_woodland.scrub_3_2021,22,21,0.25,25,6,36.095238095238095,NA
39_Schweiger_I4_woodland.scrub_3_2021,22,21,0.3,30,7,38.57142857142857,NA
39_Schweiger_I4_woodland.scrub_3_2021,22,21,0.35000000000000003,35,8,46.76190476190476,NA
39_Schweiger_I4_woodland.scrub_3_2021,22,21,0.4,40,9,43.42857142857143,NA
39_Schweiger_I4_woodland.scrub_3_2021,22,21,0.45,45,10,50.666666666666664,NA
39_Schweiger_I4_woodland.scrub_3_2021,22,21,0.5,50,11,57.904761904761905,NA
39_Schweiger_I4_woodland.scrub_3_2021,22,21,0.55,55.00000000000001,13,58.095238095238095,NA
39_Schweiger_I4_woodland.scrub_3_2021,22,21,0.6000000000000001,60.00000000000001,14,65.52380952380952,NA
39_Schweiger_I4_woodland.scrub_3_2021,22,21,0.6500000000000001,65.00000000000001,15,67.61904761904762,NA
39_Schweiger_I4_woodland.scrub_3_2021,22,21,0.7000000000000001,70,16,72.76190476190476,NA
39_Schweiger_I4_woodland.scrub_3_2021,22,21,0.7500000000000001,75.00000000000001,17,74.76190476190476,NA
39_Schweiger_I4_woodland.scrub_3_2021,22,21,0.8,80,18,80.19047619047619,NA
39_Schweiger_I4_woodland.scrub_3_2021,22,21,0.8500000000000001,85.00000000000001,19,83.23809523809524,NA
39_Schweiger_I4_woodland.scrub_3_2021,22,21,0.9000000000000001,90.00000000000001,20,85.33333333333334,NA
39_Schweiger_I4_woodland.scrub_3_2021,22,21,0.9500000000000001,95,21,87.42857142857143,NA
39_Schweiger_I4_woodland.scrub_3_2021,22,21,1,100,22,90.47619047619048,NA
39_Schweiger_R1_semi.natural.grass_4_2021,15,23,0.05,5,1,10.869565217391305,NA
39_Schweiger_R1_semi.natural.grass_4_2021,15,23,0.1,10,2,20.34782608695652,NA
39_Schweiger_R1_semi.natural.grass_4_2021,15,23,0.15000000000000002,15.000000000000002,3,26.52173913043478,NA
39_Schweiger_R1_semi.natural.grass_4_2021,15,23,0.2,20,3,24.26086956521739,NA
39_Schweiger_R1_semi.natural.grass_4_2021,15,23,0.25,25,4,32.34782608695652,NA
39_Schweiger_R1_semi.natural.grass_4_2021,15,23,0.3,30,5,43.391304347826086,NA
39_Schweiger_R1_semi.natural.grass_4_2021,15,23,0.35000000000000003,35,6,52.434782608695656,NA
39_Schweiger_R1_semi.natural.grass_4_2021,15,23,0.4,40,6,56.08695652173913,NA
39_Schweiger_R1_semi.natural.grass_4_2021,15,23,0.45,45,7,58.26086956521739,NA
39_Schweiger_R1_semi.natural.grass_4_2021,15,23,0.5,50,8,64.34782608695652,NA
39_Schweiger_R1_semi.natural.grass_4_2021,15,23,0.55,55.00000000000001,9,69.30434782608695,NA
39_Schweiger_R1_semi.natural.grass_4_2021,15,23,0.6000000000000001,60.00000000000001,10,75.47826086956522,NA
39_Schweiger_R1_semi.natural.grass_4_2021,15,23,0.6500000000000001,65.00000000000001,10,73.91304347826087,NA
39_Schweiger_R1_semi.natural.grass_4_2021,15,23,0.7000000000000001,70,11,81.21739130434783,NA
39_Schweiger_R1_semi.natural.grass_4_2021,15,23,0.7500000000000001,75.00000000000001,12,89.1304347826087,NA
39_Schweiger_R1_semi.natural.grass_4_2021,15,23,0.8,80,12,89.47826086956522,NA
39_Schweiger_R1_semi.natural.grass_4_2021,15,23,0.8500000000000001,85.00000000000001,13,91.47826086956522,NA
39_Schweiger_R1_semi.natural.grass_4_2021,15,23,0.9000000000000001,90.00000000000001,14,94.17391304347827,NA
39_Schweiger_R1_semi.natural.grass_4_2021,15,23,0.9500000000000001,95,15,100,NA
39_Schweiger_R1_semi.natural.grass_4_2021,15,23,1,100,15,100,NA
39_Schweiger_R4_semi.natural.grass_2_2021,11,25,0.05,5,1,10.8,NA
39_Schweiger_R4_semi.natural.grass_2_2021,11,25,0.1,10,2,22.88,NA
39_Schweiger_R4_semi.natural.grass_2_2021,11,25,0.15000000000000002,15.000000000000002,2,21.84,NA
39_Schweiger_R4_semi.natural.grass_2_2021,11,25,0.2,20,3,26.56,NA
39_Schweiger_R4_semi.natural.grass_2_2021,11,25,0.25,25,3,33.28,NA
39_Schweiger_R4_semi.natural.grass_2_2021,11,25,0.3,30,4,46.56,NA
39_Schweiger_R4_semi.natural.grass_2_2021,11,25,0.35000000000000003,35,4,45.92,NA
39_Schweiger_R4_semi.natural.grass_2_2021,11,25,0.4,40,5,52.08,NA
39_Schweiger_R4_semi.natural.grass_2_2021,11,25,0.45,45,5,52.8,NA
39_Schweiger_R4_semi.natural.grass_2_2021,11,25,0.5,50,6,61.44,NA
39_Schweiger_R4_semi.natural.grass_2_2021,11,25,0.55,55.00000000000001,7,66.08,NA
39_Schweiger_R4_semi.natural.grass_2_2021,11,25,0.6000000000000001,60.00000000000001,7,64.8,NA
39_Schweiger_R4_semi.natural.grass_2_2021,11,25,0.6500000000000001,65.00000000000001,8,75.6,NA
39_Schweiger_R4_semi.natural.grass_2_2021,11,25,0.7000000000000001,70,8,76.64,NA
39_Schweiger_R4_semi.natural.grass_2_2021,11,25,0.7500000000000001,75.00000000000001,9,80.32,NA
39_Schweiger_R4_semi.natural.grass_2_2021,11,25,0.8,80,9,78,NA
39_Schweiger_R4_semi.natural.grass_2_2021,11,25,0.8500000000000001,85.00000000000001,10,86.48,NA
39_Schweiger_R4_semi.natural.grass_2_2021,11,25,0.9000000000000001,90.00000000000001,10,86.64,NA
39_Schweiger_R4_semi.natural.grass_2_2021,11,25,0.9500000000000001,95,11,92,NA
39_Schweiger_R4_semi.natural.grass_2_2021,11,25,1,100,11,92,NA
40_Knight_Ghe_ari_2017,30,129,0.05,5,2,17.53488372093023,NA
40_Knight_Ghe_ari_2017,30,129,0.1,10,3,24.573643410852714,NA
40_Knight_Ghe_ari_2017,30,129,0.15000000000000002,15.000000000000002,5,35.10077519379845,NA
40_Knight_Ghe_ari_2017,30,129,0.2,20,6,37.98449612403101,NA
40_Knight_Ghe_ari_2017,30,129,0.25,25,8,49.55038759689923,NA
40_Knight_Ghe_ari_2017,30,129,0.3,30,9,51.27131782945737,NA
40_Knight_Ghe_ari_2017,30,129,0.35000000000000003,35,11,61.27131782945737,NA
40_Knight_Ghe_ari_2017,30,129,0.4,40,12,60.15503875968992,NA
40_Knight_Ghe_ari_2017,30,129,0.45,45,14,68.24806201550388,NA
40_Knight_Ghe_ari_2017,30,129,0.5,50,15,70.18604651162791,NA
40_Knight_Ghe_ari_2017,30,129,0.55,55.00000000000001,17,74.52713178294573,NA
40_Knight_Ghe_ari_2017,30,129,0.6000000000000001,60.00000000000001,19,79.28682170542636,NA
40_Knight_Ghe_ari_2017,30,129,0.6500000000000001,65.00000000000001,20,81.33333333333333,NA
40_Knight_Ghe_ari_2017,30,129,0.7000000000000001,70,22,86.12403100775194,NA
40_Knight_Ghe_ari_2017,30,129,0.7500000000000001,75.00000000000001,23,87.11627906976744,NA
40_Knight_Ghe_ari_2017,30,129,0.8,80,24,90.4186046511628,NA
40_Knight_Ghe_ari_2017,30,129,0.8500000000000001,85.00000000000001,26,93.53488372093024,NA
40_Knight_Ghe_ari_2017,30,129,0.9000000000000001,90.00000000000001,28,96.49612403100775,NA
40_Knight_Ghe_ari_2017,30,129,0.9500000000000001,95,29,97.84496124031008,NA
40_Knight_Ghe_ari_2017,30,129,1,100,30,99.2248062015504,NA
41_Knight_1 wooded meadow_2018,39,37,0.05,5,2,8.756756756756756,NA
41_Knight_1 wooded meadow_2018,39,37,0.1,10,4,18.216216216216218,NA
41_Knight_1 wooded meadow_2018,39,37,0.15000000000000002,15.000000000000002,6,19.62162162162162,NA
41_Knight_1 wooded meadow_2018,39,37,0.2,20,8,28.16216216216216,NA
41_Knight_1 wooded meadow_2018,39,37,0.25,25,10,36.7027027027027,NA
41_Knight_1 wooded meadow_2018,39,37,0.3,30,12,47.891891891891895,NA
41_Knight_1 wooded meadow_2018,39,37,0.35000000000000003,35,14,49.891891891891895,NA
41_Knight_1 wooded meadow_2018,39,37,0.4,40,16,51.891891891891895,NA
41_Knight_1 wooded meadow_2018,39,37,0.45,45,18,64.37837837837837,NA
41_Knight_1 wooded meadow_2018,39,37,0.5,50,20,61.45945945945946,NA
41_Knight_1 wooded meadow_2018,39,37,0.55,55.00000000000001,22,66.48648648648648,NA
41_Knight_1 wooded meadow_2018,39,37,0.6000000000000001,60.00000000000001,24,66.27027027027027,NA
41_Knight_1 wooded meadow_2018,39,37,0.6500000000000001,65.00000000000001,26,73.94594594594595,NA
41_Knight_1 wooded meadow_2018,39,37,0.7000000000000001,70,28,73.78378378378379,NA
41_Knight_1 wooded meadow_2018,39,37,0.7500000000000001,75.00000000000001,30,78.21621621621621,NA
41_Knight_1 wooded meadow_2018,39,37,0.8,80,32,82.10810810810811,NA
41_Knight_1 wooded meadow_2018,39,37,0.8500000000000001,85.00000000000001,34,86.21621621621621,NA
41_Knight_1 wooded meadow_2018,39,37,0.9000000000000001,90.00000000000001,36,86.91891891891892,NA
41_Knight_1 wooded meadow_2018,39,37,0.9500000000000001,95,38,91.13513513513513,NA
41_Knight_1 wooded meadow_2018,39,37,1,100,39,91.89189189189189,NA
41_Knight_2 alvar pasture_2018,32,17,0.05,5,2,12.23529411764706,NA
41_Knight_2 alvar pasture_2018,32,17,0.1,10,4,19.647058823529413,NA
41_Knight_2 alvar pasture_2018,32,17,0.15000000000000002,15.000000000000002,5,21.764705882352942,NA
41_Knight_2 alvar pasture_2018,32,17,0.2,20,7,32.705882352941174,NA
41_Knight_2 alvar pasture_2018,32,17,0.25,25,8,40.11764705882353,NA
41_Knight_2 alvar pasture_2018,32,17,0.3,30,10,45.411764705882355,NA
41_Knight_2 alvar pasture_2018,32,17,0.35000000000000003,35,12,50.705882352941174,NA
41_Knight_2 alvar pasture_2018,32,17,0.4,40,13,54.35294117647059,NA
41_Knight_2 alvar pasture_2018,32,17,0.45,45,15,60.11764705882353,NA
41_Knight_2 alvar pasture_2018,32,17,0.5,50,16,62.58823529411765,NA
41_Knight_2 alvar pasture_2018,32,17,0.55,55.00000000000001,18,69.52941176470588,NA
41_Knight_2 alvar pasture_2018,32,17,0.6000000000000001,60.00000000000001,20,73.29411764705883,NA
41_Knight_2 alvar pasture_2018,32,17,0.6500000000000001,65.00000000000001,21,76.47058823529412,NA
41_Knight_2 alvar pasture_2018,32,17,0.7000000000000001,70,23,77.52941176470588,NA
41_Knight_2 alvar pasture_2018,32,17,0.7500000000000001,75.00000000000001,25,84.47058823529412,NA
41_Knight_2 alvar pasture_2018,32,17,0.8,80,26,88.11764705882354,NA
41_Knight_2 alvar pasture_2018,32,17,0.8500000000000001,85.00000000000001,28,91.05882352941177,NA
41_Knight_2 alvar pasture_2018,32,17,0.9000000000000001,90.00000000000001,29,93.52941176470588,NA
41_Knight_2 alvar pasture_2018,32,17,0.9500000000000001,95,31,97.88235294117648,NA
41_Knight_2 alvar pasture_2018,32,17,1,100,32,100,NA
41_Knight_3 alvar pasture_2018,21,34,0.05,5,2,12.23529411764706,NA
41_Knight_3 alvar pasture_2018,21,34,0.1,10,3,14.058823529411764,NA
41_Knight_3 alvar pasture_2018,21,34,0.15000000000000002,15.000000000000002,4,20.235294117647058,NA
41_Knight_3 alvar pasture_2018,21,34,0.2,20,5,27.705882352941178,NA
41_Knight_3 alvar pasture_2018,21,34,0.25,25,6,31.823529411764707,NA
41_Knight_3 alvar pasture_2018,21,34,0.3,30,7,39.11764705882353,NA
41_Knight_3 alvar pasture_2018,21,34,0.35000000000000003,35,8,42.23529411764706,NA
41_Knight_3 alvar pasture_2018,21,34,0.4,40,9,44.470588235294116,NA
41_Knight_3 alvar pasture_2018,21,34,0.45,45,10,54.11764705882353,NA
41_Knight_3 alvar pasture_2018,21,34,0.5,50,11,50.294117647058826,NA
41_Knight_3 alvar pasture_2018,21,34,0.55,55.00000000000001,12,54.23529411764706,NA
41_Knight_3 alvar pasture_2018,21,34,0.6000000000000001,60.00000000000001,13,67.58823529411765,NA
41_Knight_3 alvar pasture_2018,21,34,0.6500000000000001,65.00000000000001,14,62.529411764705884,NA
41_Knight_3 alvar pasture_2018,21,34,0.7000000000000001,70,15,78,NA
41_Knight_3 alvar pasture_2018,21,34,0.7500000000000001,75.00000000000001,16,80.6470588235294,NA
41_Knight_3 alvar pasture_2018,21,34,0.8,80,17,86.17647058823529,NA
41_Knight_3 alvar pasture_2018,21,34,0.8500000000000001,85.00000000000001,18,88.70588235294117,NA
41_Knight_3 alvar pasture_2018,21,34,0.9000000000000001,90.00000000000001,19,89.58823529411765,NA
41_Knight_3 alvar pasture_2018,21,34,0.9500000000000001,95,20,93.1764705882353,NA
41_Knight_3 alvar pasture_2018,21,34,1,100,21,97.05882352941177,NA
41_Knight_4 wooded meadow_2018,30,23,0.05,5,2,10.347826086956522,NA
41_Knight_4 wooded meadow_2018,30,23,0.1,10,3,18.52173913043478,NA
41_Knight_4 wooded meadow_2018,30,23,0.15000000000000002,15.000000000000002,5,30.695652173913043,NA
41_Knight_4 wooded meadow_2018,30,23,0.2,20,6,29.043478260869566,NA
41_Knight_4 wooded meadow_2018,30,23,0.25,25,8,37.65217391304348,NA
41_Knight_4 wooded meadow_2018,30,23,0.3,30,9,48.95652173913044,NA
41_Knight_4 wooded meadow_2018,30,23,0.35000000000000003,35,11,59.130434782608695,NA
41_Knight_4 wooded meadow_2018,30,23,0.4,40,12,53.565217391304344,NA
41_Knight_4 wooded meadow_2018,30,23,0.45,45,14,61.130434782608695,NA
41_Knight_4 wooded meadow_2018,30,23,0.5,50,15,65.56521739130434,NA
41_Knight_4 wooded meadow_2018,30,23,0.55,55.00000000000001,17,71.30434782608695,NA
41_Knight_4 wooded meadow_2018,30,23,0.6000000000000001,60.00000000000001,19,74.17391304347827,NA
41_Knight_4 wooded meadow_2018,30,23,0.6500000000000001,65.00000000000001,20,79.04347826086956,NA
41_Knight_4 wooded meadow_2018,30,23,0.7000000000000001,70,22,84.6086956521739,NA
41_Knight_4 wooded meadow_2018,30,23,0.7500000000000001,75.00000000000001,23,88.17391304347827,NA
41_Knight_4 wooded meadow_2018,30,23,0.8,80,24,89.04347826086956,NA
41_Knight_4 wooded meadow_2018,30,23,0.8500000000000001,85.00000000000001,26,93.56521739130434,NA
41_Knight_4 wooded meadow_2018,30,23,0.9000000000000001,90.00000000000001,28,95.04347826086956,NA
41_Knight_4 wooded meadow_2018,30,23,0.9500000000000001,95,29,98,NA
41_Knight_4 wooded meadow_2018,30,23,1,100,30,100,NA
41_Knight_5 wooded meadow_2018,27,47,0.05,5,2,10.51063829787234,NA
41_Knight_5 wooded meadow_2018,27,47,0.1,10,3,14.595744680851064,NA
41_Knight_5 wooded meadow_2018,27,47,0.15000000000000002,15.000000000000002,5,24.04255319148936,NA
41_Knight_5 wooded meadow_2018,27,47,0.2,20,6,29.829787234042552,NA
41_Knight_5 wooded meadow_2018,27,47,0.25,25,7,28.93617021276596,NA
41_Knight_5 wooded meadow_2018,27,47,0.3,30,9,33.829787234042556,NA
41_Knight_5 wooded meadow_2018,27,47,0.35000000000000003,35,10,38.638297872340424,NA
41_Knight_5 wooded meadow_2018,27,47,0.4,40,11,44.212765957446805,NA
41_Knight_5 wooded meadow_2018,27,47,0.45,45,13,50.851063829787236,NA
41_Knight_5 wooded meadow_2018,27,47,0.5,50,14,53.1063829787234,NA
41_Knight_5 wooded meadow_2018,27,47,0.55,55.00000000000001,15,57.57446808510638,NA
41_Knight_5 wooded meadow_2018,27,47,0.6000000000000001,60.00000000000001,17,57.276595744680854,NA
41_Knight_5 wooded meadow_2018,27,47,0.6500000000000001,65.00000000000001,18,62.51063829787234,NA
41_Knight_5 wooded meadow_2018,27,47,0.7000000000000001,70,19,66.80851063829788,NA
41_Knight_5 wooded meadow_2018,27,47,0.7500000000000001,75.00000000000001,21,68,NA
41_Knight_5 wooded meadow_2018,27,47,0.8,80,22,73.23404255319149,NA
41_Knight_5 wooded meadow_2018,27,47,0.8500000000000001,85.00000000000001,23,75.27659574468085,NA
41_Knight_5 wooded meadow_2018,27,47,0.9000000000000001,90.00000000000001,25,79.1063829787234,NA
41_Knight_5 wooded meadow_2018,27,47,0.9500000000000001,95,26,80.72340425531915,NA
41_Knight_5 wooded meadow_2018,27,47,1,100,27,82.97872340425532,NA
41_Knight_6 alvar pasture_2018,37,23,0.05,5,2,12.17391304347826,NA
41_Knight_6 alvar pasture_2018,37,23,0.1,10,4,14.434782608695652,NA
41_Knight_6 alvar pasture_2018,37,23,0.15000000000000002,15.000000000000002,6,23.47826086956522,NA
41_Knight_6 alvar pasture_2018,37,23,0.2,20,8,25.043478260869566,NA
41_Knight_6 alvar pasture_2018,37,23,0.25,25,10,34,NA
41_Knight_6 alvar pasture_2018,37,23,0.3,30,12,39.391304347826086,NA
41_Knight_6 alvar pasture_2018,37,23,0.35000000000000003,35,13,39.91304347826087,NA
41_Knight_6 alvar pasture_2018,37,23,0.4,40,15,44.26086956521739,NA
41_Knight_6 alvar pasture_2018,37,23,0.45,45,17,48.08695652173913,NA
41_Knight_6 alvar pasture_2018,37,23,0.5,50,19,52.78260869565217,NA
41_Knight_6 alvar pasture_2018,37,23,0.55,55.00000000000001,21,56.95652173913044,NA
41_Knight_6 alvar pasture_2018,37,23,0.6000000000000001,60.00000000000001,23,60.08695652173913,NA
41_Knight_6 alvar pasture_2018,37,23,0.6500000000000001,65.00000000000001,25,65.3913043478261,NA
41_Knight_6 alvar pasture_2018,37,23,0.7000000000000001,70,26,69.39130434782608,NA
41_Knight_6 alvar pasture_2018,37,23,0.7500000000000001,75.00000000000001,28,70.43478260869566,NA
41_Knight_6 alvar pasture_2018,37,23,0.8,80,30,74.08695652173913,NA
41_Knight_6 alvar pasture_2018,37,23,0.8500000000000001,85.00000000000001,32,78.43478260869566,NA
41_Knight_6 alvar pasture_2018,37,23,0.9000000000000001,90.00000000000001,34,81.1304347826087,NA
41_Knight_6 alvar pasture_2018,37,23,0.9500000000000001,95,36,86.26086956521739,NA
41_Knight_6 alvar pasture_2018,37,23,1,100,37,86.95652173913044,NA
42_Knight_M1Restored_2019,45,25,0.05,5,3,14.16,NA
42_Knight_M1Restored_2019,45,25,0.1,10,5,18.16,NA
42_Knight_M1Restored_2019,45,25,0.15000000000000002,15.000000000000002,7,23.28,NA
42_Knight_M1Restored_2019,45,25,0.2,20,9,32.24,NA
42_Knight_M1Restored_2019,45,25,0.25,25,12,39.44,NA
42_Knight_M1Restored_2019,45,25,0.3,30,14,40.24,NA
42_Knight_M1Restored_2019,45,25,0.35000000000000003,35,16,45.44,NA
42_Knight_M1Restored_2019,45,25,0.4,40,18,53.28,NA
42_Knight_M1Restored_2019,45,25,0.45,45,21,54.32,NA
42_Knight_M1Restored_2019,45,25,0.5,50,23,62.32,NA
42_Knight_M1Restored_2019,45,25,0.55,55.00000000000001,25,64.16,NA
42_Knight_M1Restored_2019,45,25,0.6000000000000001,60.00000000000001,28,67.76,NA
42_Knight_M1Restored_2019,45,25,0.6500000000000001,65.00000000000001,30,72.88,NA
42_Knight_M1Restored_2019,45,25,0.7000000000000001,70,32,77.52,NA
42_Knight_M1Restored_2019,45,25,0.7500000000000001,75.00000000000001,34,80.16,NA
42_Knight_M1Restored_2019,45,25,0.8,80,36,82.32,NA
42_Knight_M1Restored_2019,45,25,0.8500000000000001,85.00000000000001,39,89.44,NA
42_Knight_M1Restored_2019,45,25,0.9000000000000001,90.00000000000001,41,92.96,NA
42_Knight_M1Restored_2019,45,25,0.9500000000000001,95,43,94.96,NA
42_Knight_M1Restored_2019,45,25,1,100,45,100,NA
42_Knight_M2Natural_2019,31,19,0.05,5,2,12.526315789473685,NA
42_Knight_M2Natural_2019,31,19,0.1,10,4,21.263157894736842,NA
42_Knight_M2Natural_2019,31,19,0.15000000000000002,15.000000000000002,5,25.36842105263158,NA
42_Knight_M2Natural_2019,31,19,0.2,20,7,33.78947368421053,NA
42_Knight_M2Natural_2019,31,19,0.25,25,8,35.68421052631579,NA
42_Knight_M2Natural_2019,31,19,0.3,30,10,43.578947368421055,NA
42_Knight_M2Natural_2019,31,19,0.35000000000000003,35,11,51.36842105263158,NA
42_Knight_M2Natural_2019,31,19,0.4,40,13,51.26315789473684,NA
42_Knight_M2Natural_2019,31,19,0.45,45,14,54.21052631578947,NA
42_Knight_M2Natural_2019,31,19,0.5,50,16,62.73684210526316,NA
42_Knight_M2Natural_2019,31,19,0.55,55.00000000000001,18,64.21052631578948,NA
42_Knight_M2Natural_2019,31,19,0.6000000000000001,60.00000000000001,19,69.26315789473685,NA
42_Knight_M2Natural_2019,31,19,0.6500000000000001,65.00000000000001,21,75.57894736842105,NA
42_Knight_M2Natural_2019,31,19,0.7000000000000001,70,22,78.94736842105263,NA
42_Knight_M2Natural_2019,31,19,0.7500000000000001,75.00000000000001,24,84.63157894736842,NA
42_Knight_M2Natural_2019,31,19,0.8,80,25,85.15789473684211,NA
42_Knight_M2Natural_2019,31,19,0.8500000000000001,85.00000000000001,27,91.05263157894737,NA
42_Knight_M2Natural_2019,31,19,0.9000000000000001,90.00000000000001,28,95.15789473684211,NA
42_Knight_M2Natural_2019,31,19,0.9500000000000001,95,30,99.26315789473685,NA
42_Knight_M2Natural_2019,31,19,1,100,31,100,NA
42_Knight_M3Natural_2019,37,17,0.05,5,2,12.470588235294118,NA
42_Knight_M3Natural_2019,37,17,0.1,10,4,18,NA
42_Knight_M3Natural_2019,37,17,0.15000000000000002,15.000000000000002,6,30.705882352941178,NA
42_Knight_M3Natural_2019,37,17,0.2,20,8,37.64705882352941,NA
42_Knight_M3Natural_2019,37,17,0.25,25,10,42,NA
42_Knight_M3Natural_2019,37,17,0.3,30,12,47.1764705882353,NA
42_Knight_M3Natural_2019,37,17,0.35000000000000003,35,13,50.470588235294116,NA
42_Knight_M3Natural_2019,37,17,0.4,40,15,56.470588235294116,NA
42_Knight_M3Natural_2019,37,17,0.45,45,17,57.88235294117647,NA
42_Knight_M3Natural_2019,37,17,0.5,50,19,58.705882352941174,NA
42_Knight_M3Natural_2019,37,17,0.55,55.00000000000001,21,69.88235294117648,NA
42_Knight_M3Natural_2019,37,17,0.6000000000000001,60.00000000000001,23,67.6470588235294,NA
42_Knight_M3Natural_2019,37,17,0.6500000000000001,65.00000000000001,25,72.11764705882354,NA
42_Knight_M3Natural_2019,37,17,0.7000000000000001,70,26,77.41176470588235,NA
42_Knight_M3Natural_2019,37,17,0.7500000000000001,75.00000000000001,28,80,NA
42_Knight_M3Natural_2019,37,17,0.8,80,30,84.58823529411765,NA
42_Knight_M3Natural_2019,37,17,0.8500000000000001,85.00000000000001,32,84.3529411764706,NA
42_Knight_M3Natural_2019,37,17,0.9000000000000001,90.00000000000001,34,90.82352941176471,NA
42_Knight_M3Natural_2019,37,17,0.9500000000000001,95,36,92.82352941176471,NA
42_Knight_M3Natural_2019,37,17,1,100,37,94.11764705882354,NA
42_Knight_M4Restored_2019,33,19,0.05,5,2,6.947368421052632,NA
42_Knight_M4Restored_2019,33,19,0.1,10,4,17.473684210526315,NA
42_Knight_M4Restored_2019,33,19,0.15000000000000002,15.000000000000002,5,19.157894736842106,NA
42_Knight_M4Restored_2019,33,19,0.2,20,7,26.947368421052634,NA
42_Knight_M4Restored_2019,33,19,0.25,25,9,34,NA
42_Knight_M4Restored_2019,33,19,0.3,30,10,37.473684210526315,NA
42_Knight_M4Restored_2019,33,19,0.35000000000000003,35,12,42.73684210526316,NA
42_Knight_M4Restored_2019,33,19,0.4,40,14,50.73684210526316,NA
42_Knight_M4Restored_2019,33,19,0.45,45,15,48.421052631578945,NA
42_Knight_M4Restored_2019,33,19,0.5,50,17,56.31578947368421,NA
42_Knight_M4Restored_2019,33,19,0.55,55.00000000000001,19,56.421052631578945,NA
42_Knight_M4Restored_2019,33,19,0.6000000000000001,60.00000000000001,20,56.31578947368421,NA
42_Knight_M4Restored_2019,33,19,0.6500000000000001,65.00000000000001,22,65.47368421052632,NA
42_Knight_M4Restored_2019,33,19,0.7000000000000001,70,24,68.10526315789474,NA
42_Knight_M4Restored_2019,33,19,0.7500000000000001,75.00000000000001,25,68.42105263157895,NA
42_Knight_M4Restored_2019,33,19,0.8,80,27,74.21052631578948,NA
42_Knight_M4Restored_2019,33,19,0.8500000000000001,85.00000000000001,29,76.94736842105263,NA
42_Knight_M4Restored_2019,33,19,0.9000000000000001,90.00000000000001,30,76.94736842105263,NA
42_Knight_M4Restored_2019,33,19,0.9500000000000001,95,32,82.42105263157896,NA
42_Knight_M4Restored_2019,33,19,1,100,33,84.21052631578948,NA
42_Knight_M5Restored_2019,37,21,0.05,5,2,12.571428571428571,NA
42_Knight_M5Restored_2019,37,21,0.1,10,4,16.857142857142858,NA
42_Knight_M5Restored_2019,37,21,0.15000000000000002,15.000000000000002,6,23.047619047619047,NA
42_Knight_M5Restored_2019,37,21,0.2,20,8,28.095238095238095,NA
42_Knight_M5Restored_2019,37,21,0.25,25,10,35.23809523809524,NA
42_Knight_M5Restored_2019,37,21,0.3,30,12,41.523809523809526,NA
42_Knight_M5Restored_2019,37,21,0.35000000000000003,35,13,40.952380952380956,NA
42_Knight_M5Restored_2019,37,21,0.4,40,15,46.76190476190476,NA
42_Knight_M5Restored_2019,37,21,0.45,45,17,48.285714285714285,NA
42_Knight_M5Restored_2019,37,21,0.5,50,19,53.23809523809524,NA
42_Knight_M5Restored_2019,37,21,0.55,55.00000000000001,21,56.285714285714285,NA
42_Knight_M5Restored_2019,37,21,0.6000000000000001,60.00000000000001,23,57.23809523809524,NA
42_Knight_M5Restored_2019,37,21,0.6500000000000001,65.00000000000001,25,59.80952380952381,NA
42_Knight_M5Restored_2019,37,21,0.7000000000000001,70,26,59.80952380952381,NA
42_Knight_M5Restored_2019,37,21,0.7500000000000001,75.00000000000001,28,63.04761904761905,NA
42_Knight_M5Restored_2019,37,21,0.8,80,30,65.04761904761905,NA
42_Knight_M5Restored_2019,37,21,0.8500000000000001,85.00000000000001,32,68.19047619047619,NA
42_Knight_M5Restored_2019,37,21,0.9000000000000001,90.00000000000001,34,68.38095238095238,NA
42_Knight_M5Restored_2019,37,21,0.9500000000000001,95,36,70.85714285714286,NA
42_Knight_M5Restored_2019,37,21,1,100,37,71.42857142857143,NA
42_Knight_M6Natural_2019,47,35,0.05,5,3,9.371428571428572,NA
42_Knight_M6Natural_2019,47,35,0.1,10,5,12.914285714285715,NA
42_Knight_M6Natural_2019,47,35,0.15000000000000002,15.000000000000002,8,20.457142857142856,NA
42_Knight_M6Natural_2019,47,35,0.2,20,10,24.514285714285716,NA
42_Knight_M6Natural_2019,47,35,0.25,25,12,32.857142857142854,NA
42_Knight_M6Natural_2019,47,35,0.3,30,15,39.25714285714286,NA
42_Knight_M6Natural_2019,47,35,0.35000000000000003,35,17,46.457142857142856,NA
42_Knight_M6Natural_2019,47,35,0.4,40,19,48,NA
42_Knight_M6Natural_2019,47,35,0.45,45,22,52.628571428571426,NA
42_Knight_M6Natural_2019,47,35,0.5,50,24,58.57142857142857,NA
42_Knight_M6Natural_2019,47,35,0.55,55.00000000000001,26,60,NA
42_Knight_M6Natural_2019,47,35,0.6000000000000001,60.00000000000001,29,63.2,NA
42_Knight_M6Natural_2019,47,35,0.6500000000000001,65.00000000000001,31,64.57142857142857,NA
42_Knight_M6Natural_2019,47,35,0.7000000000000001,70,33,72.17142857142858,NA
42_Knight_M6Natural_2019,47,35,0.7500000000000001,75.00000000000001,36,73.88571428571429,NA
42_Knight_M6Natural_2019,47,35,0.8,80,38,72.17142857142858,NA
42_Knight_M6Natural_2019,47,35,0.8500000000000001,85.00000000000001,40,79.94285714285714,NA
42_Knight_M6Natural_2019,47,35,0.9000000000000001,90.00000000000001,43,82.8,NA
42_Knight_M6Natural_2019,47,35,0.9500000000000001,95,45,86.74285714285715,NA
42_Knight_M6Natural_2019,47,35,1,100,47,88.57142857142857,NA
42_Knight_M8Restored_2019,32,15,0.05,5,2,8.933333333333334,NA
42_Knight_M8Restored_2019,32,15,0.1,10,4,16.8,NA
42_Knight_M8Restored_2019,32,15,0.15000000000000002,15.000000000000002,5,20.266666666666666,NA
42_Knight_M8Restored_2019,32,15,0.2,20,7,27.333333333333332,NA
42_Knight_M8Restored_2019,32,15,0.25,25,8,35.2,NA
42_Knight_M8Restored_2019,32,15,0.3,30,10,44.666666666666664,NA
42_Knight_M8Restored_2019,32,15,0.35000000000000003,35,12,42.53333333333333,NA
42_Knight_M8Restored_2019,32,15,0.4,40,13,47.06666666666667,NA
42_Knight_M8Restored_2019,32,15,0.45,45,15,52.266666666666666,NA
42_Knight_M8Restored_2019,32,15,0.5,50,16,53.06666666666667,NA
42_Knight_M8Restored_2019,32,15,0.55,55.00000000000001,18,54.266666666666666,NA
42_Knight_M8Restored_2019,32,15,0.6000000000000001,60.00000000000001,20,64,NA
42_Knight_M8Restored_2019,32,15,0.6500000000000001,65.00000000000001,21,73.6,NA
42_Knight_M8Restored_2019,32,15,0.7000000000000001,70,23,72.13333333333334,NA
42_Knight_M8Restored_2019,32,15,0.7500000000000001,75.00000000000001,25,79.86666666666667,NA
42_Knight_M8Restored_2019,32,15,0.8,80,26,76.4,NA
42_Knight_M8Restored_2019,32,15,0.8500000000000001,85.00000000000001,28,86.26666666666667,NA
42_Knight_M8Restored_2019,32,15,0.9000000000000001,90.00000000000001,29,87.46666666666667,NA
42_Knight_M8Restored_2019,32,15,0.9500000000000001,95,31,91.33333333333333,NA
42_Knight_M8Restored_2019,32,15,1,100,32,93.33333333333333,NA
44_Knight_M11_2018,46,33,0.05,5,3,9.333333333333334,NA
44_Knight_M11_2018,46,33,0.1,10,5,15.090909090909092,NA
44_Knight_M11_2018,46,33,0.15000000000000002,15.000000000000002,7,22,NA
44_Knight_M11_2018,46,33,0.2,20,10,30.242424242424242,NA
44_Knight_M11_2018,46,33,0.25,25,12,34.121212121212125,NA
44_Knight_M11_2018,46,33,0.3,30,14,39.57575757575758,NA
44_Knight_M11_2018,46,33,0.35000000000000003,35,17,42.121212121212125,NA
44_Knight_M11_2018,46,33,0.4,40,19,46.90909090909091,NA
44_Knight_M11_2018,46,33,0.45,45,21,55.515151515151516,NA
44_Knight_M11_2018,46,33,0.5,50,23,52.303030303030305,NA
44_Knight_M11_2018,46,33,0.55,55.00000000000001,26,56,NA
44_Knight_M11_2018,46,33,0.6000000000000001,60.00000000000001,28,60.484848484848484,NA
44_Knight_M11_2018,46,33,0.6500000000000001,65.00000000000001,30,64.36363636363636,NA
44_Knight_M11_2018,46,33,0.7000000000000001,70,33,70.36363636363636,NA
44_Knight_M11_2018,46,33,0.7500000000000001,75.00000000000001,35,71.51515151515152,NA
44_Knight_M11_2018,46,33,0.8,80,37,76.06060606060606,NA
44_Knight_M11_2018,46,33,0.8500000000000001,85.00000000000001,40,78.54545454545455,NA
44_Knight_M11_2018,46,33,0.9000000000000001,90.00000000000001,42,82.6060606060606,NA
44_Knight_M11_2018,46,33,0.9500000000000001,95,44,84.66666666666666,NA
44_Knight_M11_2018,46,33,1,100,46,87.87878787878788,NA
44_Knight_M12_2018,43,55,0.05,5,3,8.4,NA
44_Knight_M12_2018,43,55,0.1,10,5,17.236363636363638,NA
44_Knight_M12_2018,43,55,0.15000000000000002,15.000000000000002,7,22.363636363636363,NA
44_Knight_M12_2018,43,55,0.2,20,9,27.636363636363637,NA
44_Knight_M12_2018,43,55,0.25,25,11,30.836363636363636,NA
44_Knight_M12_2018,43,55,0.3,30,13,39.49090909090909,NA
44_Knight_M12_2018,43,55,0.35000000000000003,35,16,46,NA
44_Knight_M12_2018,43,55,0.4,40,18,50.90909090909091,NA
44_Knight_M12_2018,43,55,0.45,45,20,50.654545454545456,NA
44_Knight_M12_2018,43,55,0.5,50,22,56.21818181818182,NA
44_Knight_M12_2018,43,55,0.55,55.00000000000001,24,58.945454545454545,NA
44_Knight_M12_2018,43,55,0.6000000000000001,60.00000000000001,26,65.05454545454545,NA
44_Knight_M12_2018,43,55,0.6500000000000001,65.00000000000001,28,71.16363636363636,NA
44_Knight_M12_2018,43,55,0.7000000000000001,70,31,70.50909090909092,NA
44_Knight_M12_2018,43,55,0.7500000000000001,75.00000000000001,33,76.18181818181819,NA
44_Knight_M12_2018,43,55,0.8,80,35,77.81818181818181,NA
44_Knight_M12_2018,43,55,0.8500000000000001,85.00000000000001,37,80.87272727272727,NA
44_Knight_M12_2018,43,55,0.9000000000000001,90.00000000000001,39,85.23636363636363,NA
44_Knight_M12_2018,43,55,0.9500000000000001,95,41,86.94545454545454,NA
44_Knight_M12_2018,43,55,1,100,43,90.9090909090909,NA
44_Knight_M13_2018,32,23,0.05,5,2,13.565217391304348,NA
44_Knight_M13_2018,32,23,0.1,10,4,16.608695652173914,NA
44_Knight_M13_2018,32,23,0.15000000000000002,15.000000000000002,5,28.52173913043478,NA
44_Knight_M13_2018,32,23,0.2,20,7,31.82608695652174,NA
44_Knight_M13_2018,32,23,0.25,25,8,38,NA
44_Knight_M13_2018,32,23,0.3,30,10,39.65217391304348,NA
44_Knight_M13_2018,32,23,0.35000000000000003,35,12,45.391304347826086,NA
44_Knight_M13_2018,32,23,0.4,40,13,49.21739130434783,NA
44_Knight_M13_2018,32,23,0.45,45,15,57.30434782608695,NA
44_Knight_M13_2018,32,23,0.5,50,16,58.69565217391305,NA
44_Knight_M13_2018,32,23,0.55,55.00000000000001,18,69.1304347826087,NA
44_Knight_M13_2018,32,23,0.6000000000000001,60.00000000000001,20,68.69565217391305,NA
44_Knight_M13_2018,32,23,0.6500000000000001,65.00000000000001,21,76.69565217391305,NA
44_Knight_M13_2018,32,23,0.7000000000000001,70,23,85.1304347826087,NA
44_Knight_M13_2018,32,23,0.7500000000000001,75.00000000000001,25,83.91304347826087,NA
44_Knight_M13_2018,32,23,0.8,80,26,85.21739130434783,NA
44_Knight_M13_2018,32,23,0.8500000000000001,85.00000000000001,28,89.91304347826087,NA
44_Knight_M13_2018,32,23,0.9000000000000001,90.00000000000001,29,92.08695652173913,NA
44_Knight_M13_2018,32,23,0.9500000000000001,95,31,96.17391304347827,NA
44_Knight_M13_2018,32,23,1,100,32,100,NA
44_Knight_M15_2018,45,58,0.05,5,3,11.137931034482758,NA
44_Knight_M15_2018,45,58,0.1,10,5,18.75862068965517,NA
44_Knight_M15_2018,45,58,0.15000000000000002,15.000000000000002,7,22.724137931034484,NA
44_Knight_M15_2018,45,58,0.2,20,9,28,NA
44_Knight_M15_2018,45,58,0.25,25,12,33.206896551724135,NA
44_Knight_M15_2018,45,58,0.3,30,14,37.89655172413793,NA
44_Knight_M15_2018,45,58,0.35000000000000003,35,16,49.89655172413793,NA
44_Knight_M15_2018,45,58,0.4,40,18,48.793103448275865,NA
44_Knight_M15_2018,45,58,0.45,45,21,57.310344827586206,NA
44_Knight_M15_2018,45,58,0.5,50,23,57.724137931034484,NA
44_Knight_M15_2018,45,58,0.55,55.00000000000001,25,64.20689655172414,NA
44_Knight_M15_2018,45,58,0.6000000000000001,60.00000000000001,28,71.0344827586207,NA
44_Knight_M15_2018,45,58,0.6500000000000001,65.00000000000001,30,72.17241379310344,NA
44_Knight_M15_2018,45,58,0.7000000000000001,70,32,75.72413793103448,NA
44_Knight_M15_2018,45,58,0.7500000000000001,75.00000000000001,34,74.62068965517241,NA
44_Knight_M15_2018,45,58,0.8,80,36,81.37931034482759,NA
44_Knight_M15_2018,45,58,0.8500000000000001,85.00000000000001,39,84.17241379310344,NA
44_Knight_M15_2018,45,58,0.9000000000000001,90.00000000000001,41,86.37931034482759,NA
44_Knight_M15_2018,45,58,0.9500000000000001,95,43,89.58620689655173,NA
44_Knight_M15_2018,45,58,1,100,45,91.37931034482759,NA
44_Knight_M16_2018,50,50,0.05,5,3,10.76,NA
44_Knight_M16_2018,50,50,0.1,10,5,17.48,NA
44_Knight_M16_2018,50,50,0.15000000000000002,15.000000000000002,8,25.92,NA
44_Knight_M16_2018,50,50,0.2,20,10,35.16,NA
44_Knight_M16_2018,50,50,0.25,25,13,39.48,NA
44_Knight_M16_2018,50,50,0.3,30,15,45.96,NA
44_Knight_M16_2018,50,50,0.35000000000000003,35,18,51.08,NA
44_Knight_M16_2018,50,50,0.4,40,20,55.04,NA
44_Knight_M16_2018,50,50,0.45,45,23,58.68,NA
44_Knight_M16_2018,50,50,0.5,50,25,60.24,NA
44_Knight_M16_2018,50,50,0.55,55.00000000000001,28,69.04,NA
44_Knight_M16_2018,50,50,0.6000000000000001,60.00000000000001,31,75.64,NA
44_Knight_M16_2018,50,50,0.6500000000000001,65.00000000000001,33,76.52,NA
44_Knight_M16_2018,50,50,0.7000000000000001,70,35,78.08,NA
44_Knight_M16_2018,50,50,0.7500000000000001,75.00000000000001,38,83.96,NA
44_Knight_M16_2018,50,50,0.8,80,40,87.88,NA
44_Knight_M16_2018,50,50,0.8500000000000001,85.00000000000001,43,89.28,NA
44_Knight_M16_2018,50,50,0.9000000000000001,90.00000000000001,46,94.24,NA
44_Knight_M16_2018,50,50,0.9500000000000001,95,48,94.36,NA
44_Knight_M16_2018,50,50,1,100,50,98,NA
44_Knight_M17_2018,33,48,0.05,5,2,9.041666666666666,NA
44_Knight_M17_2018,33,48,0.1,10,4,11.958333333333334,NA
44_Knight_M17_2018,33,48,0.15000000000000002,15.000000000000002,5,16,NA
44_Knight_M17_2018,33,48,0.2,20,7,21.75,NA
44_Knight_M17_2018,33,48,0.25,25,9,27.833333333333332,NA
44_Knight_M17_2018,33,48,0.3,30,10,27.375,NA
44_Knight_M17_2018,33,48,0.35000000000000003,35,12,35.333333333333336,NA
44_Knight_M17_2018,33,48,0.4,40,14,41.708333333333336,NA
44_Knight_M17_2018,33,48,0.45,45,15,41,NA
44_Knight_M17_2018,33,48,0.5,50,17,46.875,NA
44_Knight_M17_2018,33,48,0.55,55.00000000000001,19,51.125,NA
44_Knight_M17_2018,33,48,0.6000000000000001,60.00000000000001,20,50.375,NA
44_Knight_M17_2018,33,48,0.6500000000000001,65.00000000000001,22,56.666666666666664,NA
44_Knight_M17_2018,33,48,0.7000000000000001,70,24,59.041666666666664,NA
44_Knight_M17_2018,33,48,0.7500000000000001,75.00000000000001,25,58.416666666666664,NA
44_Knight_M17_2018,33,48,0.8,80,27,61.5,NA
44_Knight_M17_2018,33,48,0.8500000000000001,85.00000000000001,29,65.91666666666667,NA
44_Knight_M17_2018,33,48,0.9000000000000001,90.00000000000001,30,66.70833333333333,NA
44_Knight_M17_2018,33,48,0.9500000000000001,95,32,69.58333333333333,NA
44_Knight_M17_2018,33,48,1,100,33,70.83333333333333,NA
44_Knight_M18_2018,39,44,0.05,5,2,9.681818181818182,NA
44_Knight_M18_2018,39,44,0.1,10,4,14.318181818181818,NA
44_Knight_M18_2018,39,44,0.15000000000000002,15.000000000000002,6,21.454545454545453,NA
44_Knight_M18_2018,39,44,0.2,20,8,30.045454545454547,NA
44_Knight_M18_2018,39,44,0.25,25,10,36.86363636363637,NA
44_Knight_M18_2018,39,44,0.3,30,12,38.90909090909091,NA
44_Knight_M18_2018,39,44,0.35000000000000003,35,14,47.54545454545455,NA
44_Knight_M18_2018,39,44,0.4,40,16,52.18181818181818,NA
44_Knight_M18_2018,39,44,0.45,45,18,55.72727272727273,NA
44_Knight_M18_2018,39,44,0.5,50,20,58.18181818181818,NA
44_Knight_M18_2018,39,44,0.55,55.00000000000001,22,65,NA
44_Knight_M18_2018,39,44,0.6000000000000001,60.00000000000001,24,70.45454545454545,NA
44_Knight_M18_2018,39,44,0.6500000000000001,65.00000000000001,26,71.31818181818181,NA
44_Knight_M18_2018,39,44,0.7000000000000001,70,28,76.86363636363636,NA
44_Knight_M18_2018,39,44,0.7500000000000001,75.00000000000001,30,81.72727272727273,NA
44_Knight_M18_2018,39,44,0.8,80,32,84.5909090909091,NA
44_Knight_M18_2018,39,44,0.8500000000000001,85.00000000000001,34,88.5,NA
44_Knight_M18_2018,39,44,0.9000000000000001,90.00000000000001,36,91.63636363636364,NA
44_Knight_M18_2018,39,44,0.9500000000000001,95,38,95.81818181818183,NA
44_Knight_M18_2018,39,44,1,100,39,97.72727272727273,NA
44_Knight_M1_2018,23,37,0.05,5,2,13.027027027027026,NA
44_Knight_M1_2018,23,37,0.1,10,3,16.91891891891892,NA
44_Knight_M1_2018,23,37,0.15000000000000002,15.000000000000002,4,20.37837837837838,NA
44_Knight_M1_2018,23,37,0.2,20,5,27.45945945945946,NA
44_Knight_M1_2018,23,37,0.25,25,6,37.13513513513514,NA
44_Knight_M1_2018,23,37,0.3,30,7,35.72972972972973,NA
44_Knight_M1_2018,23,37,0.35000000000000003,35,9,47.027027027027025,NA
44_Knight_M1_2018,23,37,0.4,40,10,51.45945945945946,NA
44_Knight_M1_2018,23,37,0.45,45,11,53.83783783783784,NA
44_Knight_M1_2018,23,37,0.5,50,12,52.972972972972975,NA
44_Knight_M1_2018,23,37,0.55,55.00000000000001,13,56.972972972972975,NA
44_Knight_M1_2018,23,37,0.6000000000000001,60.00000000000001,14,62.7027027027027,NA
44_Knight_M1_2018,23,37,0.6500000000000001,65.00000000000001,15,62.75675675675676,NA
44_Knight_M1_2018,23,37,0.7000000000000001,70,17,72.8108108108108,NA
44_Knight_M1_2018,23,37,0.7500000000000001,75.00000000000001,18,73.13513513513514,NA
44_Knight_M1_2018,23,37,0.8,80,19,77.62162162162163,NA
44_Knight_M1_2018,23,37,0.8500000000000001,85.00000000000001,20,77.2972972972973,NA
44_Knight_M1_2018,23,37,0.9000000000000001,90.00000000000001,21,78.81081081081082,NA
44_Knight_M1_2018,23,37,0.9500000000000001,95,22,81.2972972972973,NA
44_Knight_M1_2018,23,37,1,100,23,83.78378378378379,NA
44_Knight_M3_2018,57,63,0.05,5,3,8.380952380952381,NA
44_Knight_M3_2018,57,63,0.1,10,6,16.952380952380953,NA
44_Knight_M3_2018,57,63,0.15000000000000002,15.000000000000002,9,20.476190476190474,NA
44_Knight_M3_2018,57,63,0.2,20,12,26.88888888888889,NA
44_Knight_M3_2018,57,63,0.25,25,15,32.507936507936506,NA
44_Knight_M3_2018,57,63,0.3,30,18,37.84126984126984,NA
44_Knight_M3_2018,57,63,0.35000000000000003,35,20,39.80952380952381,NA
44_Knight_M3_2018,57,63,0.4,40,23,45.42857142857143,NA
44_Knight_M3_2018,57,63,0.45,45,26,49.74603174603175,NA
44_Knight_M3_2018,57,63,0.5,50,29,51.84126984126984,NA
44_Knight_M3_2018,57,63,0.55,55.00000000000001,32,57.333333333333336,NA
44_Knight_M3_2018,57,63,0.6000000000000001,60.00000000000001,35,63.301587301587304,NA
44_Knight_M3_2018,57,63,0.6500000000000001,65.00000000000001,38,66.53968253968254,NA
44_Knight_M3_2018,57,63,0.7000000000000001,70,40,67.55555555555556,NA
44_Knight_M3_2018,57,63,0.7500000000000001,75.00000000000001,43,70.66666666666667,NA
44_Knight_M3_2018,57,63,0.8,80,46,73.52380952380952,NA
44_Knight_M3_2018,57,63,0.8500000000000001,85.00000000000001,49,77.23809523809524,NA
44_Knight_M3_2018,57,63,0.9000000000000001,90.00000000000001,52,79.17460317460318,NA
44_Knight_M3_2018,57,63,0.9500000000000001,95,55,82.85714285714286,NA
44_Knight_M3_2018,57,63,1,100,57,84.12698412698413,NA
44_Knight_M4_2018,46,56,0.05,5,3,10.285714285714286,NA
44_Knight_M4_2018,46,56,0.1,10,5,21.892857142857142,NA
44_Knight_M4_2018,46,56,0.15000000000000002,15.000000000000002,7,27.75,NA
44_Knight_M4_2018,46,56,0.2,20,10,37.57142857142857,NA
44_Knight_M4_2018,46,56,0.25,25,12,38.82142857142857,NA
44_Knight_M4_2018,46,56,0.3,30,14,44.214285714285715,NA
44_Knight_M4_2018,46,56,0.35000000000000003,35,17,48.07142857142857,NA
44_Knight_M4_2018,46,56,0.4,40,19,58.035714285714285,NA
44_Knight_M4_2018,46,56,0.45,45,21,58.857142857142854,NA
44_Knight_M4_2018,46,56,0.5,50,23,67.28571428571429,NA
44_Knight_M4_2018,46,56,0.55,55.00000000000001,26,71.10714285714286,NA
44_Knight_M4_2018,46,56,0.6000000000000001,60.00000000000001,28,70.89285714285714,NA
44_Knight_M4_2018,46,56,0.6500000000000001,65.00000000000001,30,76.85714285714286,NA
44_Knight_M4_2018,46,56,0.7000000000000001,70,33,79.60714285714286,NA
44_Knight_M4_2018,46,56,0.7500000000000001,75.00000000000001,35,83.32142857142857,NA
44_Knight_M4_2018,46,56,0.8,80,37,86.82142857142857,NA
44_Knight_M4_2018,46,56,0.8500000000000001,85.00000000000001,40,91.5,NA
44_Knight_M4_2018,46,56,0.9000000000000001,90.00000000000001,42,92.57142857142857,NA
44_Knight_M4_2018,46,56,0.9500000000000001,95,44,95.42857142857143,NA
44_Knight_M4_2018,46,56,1,100,46,98.21428571428571,NA
44_Knight_M6_2018,69,33,0.05,5,4,8.181818181818182,NA
44_Knight_M6_2018,69,33,0.1,10,7,12.484848484848484,NA
44_Knight_M6_2018,69,33,0.15000000000000002,15.000000000000002,11,17.333333333333332,NA
44_Knight_M6_2018,69,33,0.2,20,14,22.606060606060606,NA
44_Knight_M6_2018,69,33,0.25,25,18,27.81818181818182,NA
44_Knight_M6_2018,69,33,0.3,30,21,31.575757575757574,NA
44_Knight_M6_2018,69,33,0.35000000000000003,35,25,38.303030303030305,NA
44_Knight_M6_2018,69,33,0.4,40,28,39.878787878787875,NA
44_Knight_M6_2018,69,33,0.45,45,32,47.93939393939394,NA
44_Knight_M6_2018,69,33,0.5,50,35,49.93939393939394,NA
44_Knight_M6_2018,69,33,0.55,55.00000000000001,38,52.36363636363637,NA
44_Knight_M6_2018,69,33,0.6000000000000001,60.00000000000001,42,57.57575757575758,NA
44_Knight_M6_2018,69,33,0.6500000000000001,65.00000000000001,45,60.78787878787879,NA
44_Knight_M6_2018,69,33,0.7000000000000001,70,49,64.24242424242425,NA
44_Knight_M6_2018,69,33,0.7500000000000001,75.00000000000001,52,67.6969696969697,NA
44_Knight_M6_2018,69,33,0.8,80,56,71.27272727272727,NA
44_Knight_M6_2018,69,33,0.8500000000000001,85.00000000000001,59,73.69696969696969,NA
44_Knight_M6_2018,69,33,0.9000000000000001,90.00000000000001,63,76.84848484848484,NA
44_Knight_M6_2018,69,33,0.9500000000000001,95,66,80,NA
44_Knight_M6_2018,69,33,1,100,69,81.81818181818181,NA
44_Knight_M8_2018,67,41,0.05,5,4,7.121951219512195,NA
44_Knight_M8_2018,67,41,0.1,10,7,16.04878048780488,NA
44_Knight_M8_2018,67,41,0.15000000000000002,15.000000000000002,11,26.243902439024392,NA
44_Knight_M8_2018,67,41,0.2,20,14,29.658536585365855,NA
44_Knight_M8_2018,67,41,0.25,25,17,36.78048780487805,NA
44_Knight_M8_2018,67,41,0.3,30,21,39.5609756097561,NA
44_Knight_M8_2018,67,41,0.35000000000000003,35,24,44.68292682926829,NA
44_Knight_M8_2018,67,41,0.4,40,27,51.26829268292683,NA
44_Knight_M8_2018,67,41,0.45,45,31,54.19512195121951,NA
44_Knight_M8_2018,67,41,0.5,50,34,59.1219512195122,NA
44_Knight_M8_2018,67,41,0.55,55.00000000000001,37,63.65853658536585,NA
44_Knight_M8_2018,67,41,0.6000000000000001,60.00000000000001,41,64.2439024390244,NA
44_Knight_M8_2018,67,41,0.6500000000000001,65.00000000000001,44,69.7560975609756,NA
44_Knight_M8_2018,67,41,0.7000000000000001,70,47,71.5609756097561,NA
44_Knight_M8_2018,67,41,0.7500000000000001,75.00000000000001,51,74.97560975609755,NA
44_Knight_M8_2018,67,41,0.8,80,54,80.6829268292683,NA
44_Knight_M8_2018,67,41,0.8500000000000001,85.00000000000001,57,83.90243902439025,NA
44_Knight_M8_2018,67,41,0.9000000000000001,90.00000000000001,61,86.73170731707317,NA
44_Knight_M8_2018,67,41,0.9500000000000001,95,64,90.8780487804878,NA
44_Knight_M8_2018,67,41,1,100,67,92.6829268292683,NA
45_Knight_Hermanovice_meadow_2018,32,47,0.05,5,2,9.659574468085106,NA
45_Knight_Hermanovice_meadow_2018,32,47,0.1,10,4,20.97872340425532,NA
45_Knight_Hermanovice_meadow_2018,32,47,0.15000000000000002,15.000000000000002,5,24.51063829787234,NA
45_Knight_Hermanovice_meadow_2018,32,47,0.2,20,7,29.4468085106383,NA
45_Knight_Hermanovice_meadow_2018,32,47,0.25,25,8,32.59574468085106,NA
45_Knight_Hermanovice_meadow_2018,32,47,0.3,30,10,47.53191489361702,NA
45_Knight_Hermanovice_meadow_2018,32,47,0.35000000000000003,35,12,49.191489361702125,NA
45_Knight_Hermanovice_meadow_2018,32,47,0.4,40,13,50.680851063829785,NA
45_Knight_Hermanovice_meadow_2018,32,47,0.45,45,15,57.702127659574465,NA
45_Knight_Hermanovice_meadow_2018,32,47,0.5,50,16,59.27659574468085,NA
45_Knight_Hermanovice_meadow_2018,32,47,0.55,55.00000000000001,18,67.44680851063829,NA
45_Knight_Hermanovice_meadow_2018,32,47,0.6000000000000001,60.00000000000001,20,66.97872340425532,NA
45_Knight_Hermanovice_meadow_2018,32,47,0.6500000000000001,65.00000000000001,21,67.61702127659575,NA
45_Knight_Hermanovice_meadow_2018,32,47,0.7000000000000001,70,23,71.95744680851064,NA
45_Knight_Hermanovice_meadow_2018,32,47,0.7500000000000001,75.00000000000001,25,79.02127659574468,NA
45_Knight_Hermanovice_meadow_2018,32,47,0.8,80,26,79.40425531914893,NA
45_Knight_Hermanovice_meadow_2018,32,47,0.8500000000000001,85.00000000000001,28,83.44680851063829,NA
45_Knight_Hermanovice_meadow_2018,32,47,0.9000000000000001,90.00000000000001,29,85.82978723404256,NA
45_Knight_Hermanovice_meadow_2018,32,47,0.9500000000000001,95,31,88.34042553191489,NA
45_Knight_Hermanovice_meadow_2018,32,47,1,100,32,89.36170212765957,NA
45_Knight_HorniGrunt_meadow_2018,26,38,0.05,5,2,6.631578947368421,NA
45_Knight_HorniGrunt_meadow_2018,26,38,0.1,10,3,17.105263157894736,NA
45_Knight_HorniGrunt_meadow_2018,26,38,0.15000000000000002,15.000000000000002,4,19.57894736842105,NA
45_Knight_HorniGrunt_meadow_2018,26,38,0.2,20,6,34.26315789473684,NA
45_Knight_HorniGrunt_meadow_2018,26,38,0.25,25,7,34.36842105263158,NA
45_Knight_HorniGrunt_meadow_2018,26,38,0.3,30,8,48.578947368421055,NA
45_Knight_HorniGrunt_meadow_2018,26,38,0.35000000000000003,35,10,50.10526315789473,NA
45_Knight_HorniGrunt_meadow_2018,26,38,0.4,40,11,55.26315789473684,NA
45_Knight_HorniGrunt_meadow_2018,26,38,0.45,45,12,55.10526315789473,NA
45_Knight_HorniGrunt_meadow_2018,26,38,0.5,50,13,56.63157894736842,NA
45_Knight_HorniGrunt_meadow_2018,26,38,0.55,55.00000000000001,15,61.1578947368421,NA
45_Knight_HorniGrunt_meadow_2018,26,38,0.6000000000000001,60.00000000000001,16,71.6842105263158,NA
45_Knight_HorniGrunt_meadow_2018,26,38,0.6500000000000001,65.00000000000001,17,72.42105263157895,NA
45_Knight_HorniGrunt_meadow_2018,26,38,0.7000000000000001,70,19,74.05263157894737,NA
45_Knight_HorniGrunt_meadow_2018,26,38,0.7500000000000001,75.00000000000001,20,79.89473684210526,NA
45_Knight_HorniGrunt_meadow_2018,26,38,0.8,80,21,79.26315789473684,NA
45_Knight_HorniGrunt_meadow_2018,26,38,0.8500000000000001,85.00000000000001,23,84.84210526315789,NA
45_Knight_HorniGrunt_meadow_2018,26,38,0.9000000000000001,90.00000000000001,24,90,NA
45_Knight_HorniGrunt_meadow_2018,26,38,0.9500000000000001,95,25,90.84210526315789,NA
45_Knight_HorniGrunt_meadow_2018,26,38,1,100,26,92.10526315789474,NA
45_Knight_Mnichov_meadow_2018,29,53,0.05,5,2,10.18867924528302,NA
45_Knight_Mnichov_meadow_2018,29,53,0.1,10,3,21.735849056603772,NA
45_Knight_Mnichov_meadow_2018,29,53,0.15000000000000002,15.000000000000002,5,29.32075471698113,NA
45_Knight_Mnichov_meadow_2018,29,53,0.2,20,6,31.88679245283019,NA
45_Knight_Mnichov_meadow_2018,29,53,0.25,25,8,39.16981132075472,NA
45_Knight_Mnichov_meadow_2018,29,53,0.3,30,9,44.56603773584906,NA
45_Knight_Mnichov_meadow_2018,29,53,0.35000000000000003,35,11,49.0188679245283,NA
45_Knight_Mnichov_meadow_2018,29,53,0.4,40,12,50.0377358490566,NA
45_Knight_Mnichov_meadow_2018,29,53,0.45,45,14,56.15094339622642,NA
45_Knight_Mnichov_meadow_2018,29,53,0.5,50,15,56.56603773584906,NA
45_Knight_Mnichov_meadow_2018,29,53,0.55,55.00000000000001,16,55.54716981132076,NA
45_Knight_Mnichov_meadow_2018,29,53,0.6000000000000001,60.00000000000001,18,58.0377358490566,NA
45_Knight_Mnichov_meadow_2018,29,53,0.6500000000000001,65.00000000000001,19,60.83018867924528,NA
45_Knight_Mnichov_meadow_2018,29,53,0.7000000000000001,70,21,63.20754716981132,NA
45_Knight_Mnichov_meadow_2018,29,53,0.7500000000000001,75.00000000000001,22,65.47169811320755,NA
45_Knight_Mnichov_meadow_2018,29,53,0.8,80,24,69.77358490566039,NA
45_Knight_Mnichov_meadow_2018,29,53,0.8500000000000001,85.00000000000001,25,71.77358490566039,NA
45_Knight_Mnichov_meadow_2018,29,53,0.9000000000000001,90.00000000000001,27,72.75471698113208,NA
45_Knight_Mnichov_meadow_2018,29,53,0.9500000000000001,95,28,74.37735849056604,NA
45_Knight_Mnichov_meadow_2018,29,53,1,100,29,75.47169811320755,NA
46_Knight_Gora_Gipsowa_2018,37,41,0.05,5,2,5.365853658536586,NA
46_Knight_Gora_Gipsowa_2018,37,41,0.1,10,4,10.536585365853659,NA
46_Knight_Gora_Gipsowa_2018,37,41,0.15000000000000002,15.000000000000002,6,16.195121951219512,NA
46_Knight_Gora_Gipsowa_2018,37,41,0.2,20,8,17.853658536585368,NA
46_Knight_Gora_Gipsowa_2018,37,41,0.25,25,10,23.024390243902438,NA
46_Knight_Gora_Gipsowa_2018,37,41,0.3,30,12,27.365853658536587,NA
46_Knight_Gora_Gipsowa_2018,37,41,0.35000000000000003,35,13,28,NA
46_Knight_Gora_Gipsowa_2018,37,41,0.4,40,15,30.73170731707317,NA
46_Knight_Gora_Gipsowa_2018,37,41,0.45,45,17,29.902439024390244,NA
46_Knight_Gora_Gipsowa_2018,37,41,0.5,50,19,34.048780487804876,NA
46_Knight_Gora_Gipsowa_2018,37,41,0.55,55.00000000000001,21,35.26829268292683,NA
46_Knight_Gora_Gipsowa_2018,37,41,0.6000000000000001,60.00000000000001,23,37.170731707317074,NA
46_Knight_Gora_Gipsowa_2018,37,41,0.6500000000000001,65.00000000000001,25,37.170731707317074,NA
46_Knight_Gora_Gipsowa_2018,37,41,0.7000000000000001,70,26,39.02439024390244,NA
46_Knight_Gora_Gipsowa_2018,37,41,0.7500000000000001,75.00000000000001,28,40.24390243902439,NA
46_Knight_Gora_Gipsowa_2018,37,41,0.8,80,30,41.36585365853659,NA
46_Knight_Gora_Gipsowa_2018,37,41,0.8500000000000001,85.00000000000001,32,41.853658536585364,NA
46_Knight_Gora_Gipsowa_2018,37,41,0.9000000000000001,90.00000000000001,34,42.87804878048781,NA
46_Knight_Gora_Gipsowa_2018,37,41,0.9500000000000001,95,36,43.5609756097561,NA
46_Knight_Gora_Gipsowa_2018,37,41,1,100,37,43.90243902439025,NA
47_Benadi_1,81,190,0.05,5,5,15.147368421052631,NA
47_Benadi_1,81,190,0.1,10,9,20.073684210526316,NA
47_Benadi_1,81,190,0.15000000000000002,15.000000000000002,13,26.36842105263158,NA
47_Benadi_1,81,190,0.2,20,17,39.27368421052631,NA
47_Benadi_1,81,190,0.25,25,21,41.14736842105263,NA
47_Benadi_1,81,190,0.3,30,25,45.46315789473684,NA
47_Benadi_1,81,190,0.35000000000000003,35,29,53.8,NA
47_Benadi_1,81,190,0.4,40,33,56.863157894736844,NA
47_Benadi_1,81,190,0.45,45,37,63.652631578947364,NA
47_Benadi_1,81,190,0.5,50,41,62.473684210526315,NA
47_Benadi_1,81,190,0.55,55.00000000000001,45,74.78947368421052,NA
47_Benadi_1,81,190,0.6000000000000001,60.00000000000001,49,71.82105263157895,NA
47_Benadi_1,81,190,0.6500000000000001,65.00000000000001,53,78.93684210526315,NA
47_Benadi_1,81,190,0.7000000000000001,70,57,81.84210526315789,NA
47_Benadi_1,81,190,0.7500000000000001,75.00000000000001,61,84.11578947368422,NA
47_Benadi_1,81,190,0.8,80,65,88.88421052631578,NA
47_Benadi_1,81,190,0.8500000000000001,85.00000000000001,69,91.21052631578947,NA
47_Benadi_1,81,190,0.9000000000000001,90.00000000000001,73,93.47368421052632,NA
47_Benadi_1,81,190,0.9500000000000001,95,77,95.84210526315789,NA
47_Benadi_1,81,190,1,100,81,99.47368421052632,NA
47_Benadi_2,54,162,0.05,5,3,15.592592592592592,NA
47_Benadi_2,54,162,0.1,10,6,27.08641975308642,NA
47_Benadi_2,54,162,0.15000000000000002,15.000000000000002,9,33.08641975308642,NA
47_Benadi_2,54,162,0.2,20,11,36.82716049382716,NA
47_Benadi_2,54,162,0.25,25,14,48.96296296296296,NA
47_Benadi_2,54,162,0.3,30,17,49.62962962962963,NA
47_Benadi_2,54,162,0.35000000000000003,35,19,54.358024691358025,NA
47_Benadi_2,54,162,0.4,40,22,57.839506172839506,NA
47_Benadi_2,54,162,0.45,45,25,67.1604938271605,NA
47_Benadi_2,54,162,0.5,50,27,67.58024691358025,NA
47_Benadi_2,54,162,0.55,55.00000000000001,30,73.25925925925925,NA
47_Benadi_2,54,162,0.6000000000000001,60.00000000000001,33,75.1604938271605,NA
47_Benadi_2,54,162,0.6500000000000001,65.00000000000001,36,78.1604938271605,NA
47_Benadi_2,54,162,0.7000000000000001,70,38,84.04938271604938,NA
47_Benadi_2,54,162,0.7500000000000001,75.00000000000001,41,86,NA
47_Benadi_2,54,162,0.8,80,44,90.01234567901234,NA
47_Benadi_2,54,162,0.8500000000000001,85.00000000000001,46,89.76543209876543,NA
47_Benadi_2,54,162,0.9000000000000001,90.00000000000001,49,95.18518518518519,NA
47_Benadi_2,54,162,0.9500000000000001,95,52,97.74074074074075,NA
47_Benadi_2,54,162,1,100,54,100,NA
47_Benadi_3,67,150,0.05,5,4,12.706666666666667,NA
47_Benadi_3,67,150,0.1,10,7,21.85333333333333,NA
47_Benadi_3,67,150,0.15000000000000002,15.000000000000002,11,28.240000000000002,NA
47_Benadi_3,67,150,0.2,20,14,36.82666666666667,NA
47_Benadi_3,67,150,0.25,25,17,43.373333333333335,NA
47_Benadi_3,67,150,0.3,30,21,49.093333333333334,NA
47_Benadi_3,67,150,0.35000000000000003,35,24,51.52,NA
47_Benadi_3,67,150,0.4,40,27,60.266666666666666,NA
47_Benadi_3,67,150,0.45,45,31,65.96,NA
47_Benadi_3,67,150,0.5,50,34,67.77333333333334,NA
47_Benadi_3,67,150,0.55,55.00000000000001,37,70.90666666666667,NA
47_Benadi_3,67,150,0.6000000000000001,60.00000000000001,41,74.2,NA
47_Benadi_3,67,150,0.6500000000000001,65.00000000000001,44,77.41333333333333,NA
47_Benadi_3,67,150,0.7000000000000001,70,47,80.13333333333334,NA
47_Benadi_3,67,150,0.7500000000000001,75.00000000000001,51,85.06666666666666,NA
47_Benadi_3,67,150,0.8,80,54,88.24,NA
47_Benadi_3,67,150,0.8500000000000001,85.00000000000001,57,90,NA
47_Benadi_3,67,150,0.9000000000000001,90.00000000000001,61,93.09333333333333,NA
47_Benadi_3,67,150,0.9500000000000001,95,64,95.81333333333333,NA
47_Benadi_3,67,150,1,100,67,98,NA
47_Benadi_4,55,144,0.05,5,3,11.569444444444445,NA
47_Benadi_4,55,144,0.1,10,6,22.944444444444443,NA
47_Benadi_4,55,144,0.15000000000000002,15.000000000000002,9,28.541666666666668,NA
47_Benadi_4,55,144,0.2,20,11,37.80555555555556,NA
47_Benadi_4,55,144,0.25,25,14,43.44444444444444,NA
47_Benadi_4,55,144,0.3,30,17,51.55555555555556,NA
47_Benadi_4,55,144,0.35000000000000003,35,20,51.72222222222222,NA
47_Benadi_4,55,144,0.4,40,22,60.22222222222222,NA
47_Benadi_4,55,144,0.45,45,25,65.45833333333333,NA
47_Benadi_4,55,144,0.5,50,28,68.63888888888889,NA
47_Benadi_4,55,144,0.55,55.00000000000001,31,72.63888888888889,NA
47_Benadi_4,55,144,0.6000000000000001,60.00000000000001,34,79.19444444444444,NA
47_Benadi_4,55,144,0.6500000000000001,65.00000000000001,36,80.26388888888889,NA
47_Benadi_4,55,144,0.7000000000000001,70,39,84.27777777777777,NA
47_Benadi_4,55,144,0.7500000000000001,75.00000000000001,42,86.69444444444444,NA
47_Benadi_4,55,144,0.8,80,44,89.63888888888889,NA
47_Benadi_4,55,144,0.8500000000000001,85.00000000000001,47,92.56944444444444,NA
47_Benadi_4,55,144,0.9000000000000001,90.00000000000001,50,95.54166666666667,NA
47_Benadi_4,55,144,0.9500000000000001,95,53,98.91666666666667,NA
47_Benadi_4,55,144,1,100,55,100,NA
47_Benadi_5,68,131,0.05,5,4,13.86259541984733,NA
47_Benadi_5,68,131,0.1,10,7,23.0381679389313,NA
47_Benadi_5,68,131,0.15000000000000002,15.000000000000002,11,31.6793893129771,NA
47_Benadi_5,68,131,0.2,20,14,38.70229007633588,NA
47_Benadi_5,68,131,0.25,25,17,46.01526717557252,NA
47_Benadi_5,68,131,0.3,30,21,49.14503816793893,NA
47_Benadi_5,68,131,0.35000000000000003,35,24,55.099236641221374,NA
47_Benadi_5,68,131,0.4,40,28,62.36641221374046,NA
47_Benadi_5,68,131,0.45,45,31,65.20610687022901,NA
47_Benadi_5,68,131,0.5,50,34,68.04580152671755,NA
47_Benadi_5,68,131,0.55,55.00000000000001,38,73.7557251908397,NA
47_Benadi_5,68,131,0.6000000000000001,60.00000000000001,41,74.04580152671755,NA
47_Benadi_5,68,131,0.6500000000000001,65.00000000000001,45,81.19083969465649,NA
47_Benadi_5,68,131,0.7000000000000001,70,48,83.05343511450381,NA
47_Benadi_5,68,131,0.7500000000000001,75.00000000000001,52,86.62595419847328,NA
47_Benadi_5,68,131,0.8,80,55,89.0381679389313,NA
47_Benadi_5,68,131,0.8500000000000001,85.00000000000001,58,92.35114503816794,NA
47_Benadi_5,68,131,0.9000000000000001,90.00000000000001,62,95.64885496183206,NA
47_Benadi_5,68,131,0.9500000000000001,95,65,97.16030534351145,NA
47_Benadi_5,68,131,1,100,68,99.23664122137404,NA
47_Benadi_6,63,96,0.05,5,4,17.25,NA
47_Benadi_6,63,96,0.1,10,7,20.541666666666668,NA
47_Benadi_6,63,96,0.15000000000000002,15.000000000000002,10,28.541666666666668,NA
47_Benadi_6,63,96,0.2,20,13,38.645833333333336,NA
47_Benadi_6,63,96,0.25,25,16,43.3125,NA
47_Benadi_6,63,96,0.3,30,19,47,NA
47_Benadi_6,63,96,0.35000000000000003,35,23,50.333333333333336,NA
47_Benadi_6,63,96,0.4,40,26,58.541666666666664,NA
47_Benadi_6,63,96,0.45,45,29,62.479166666666664,NA
47_Benadi_6,63,96,0.5,50,32,66.10416666666667,NA
47_Benadi_6,63,96,0.55,55.00000000000001,35,68.97916666666667,NA
47_Benadi_6,63,96,0.6000000000000001,60.00000000000001,38,77.41666666666667,NA
47_Benadi_6,63,96,0.6500000000000001,65.00000000000001,41,79.10416666666667,NA
47_Benadi_6,63,96,0.7000000000000001,70,45,83.0625,NA
47_Benadi_6,63,96,0.7500000000000001,75.00000000000001,48,86.72916666666667,NA
47_Benadi_6,63,96,0.8,80,51,89.41666666666667,NA
47_Benadi_6,63,96,0.8500000000000001,85.00000000000001,54,91.70833333333333,NA
47_Benadi_6,63,96,0.9000000000000001,90.00000000000001,57,93.8125,NA
47_Benadi_6,63,96,0.9500000000000001,95,60,95.3125,NA
47_Benadi_6,63,96,1,100,63,98.95833333333333,NA
4_Marini_UNIPD01 A_2018,23,69,0.05,5,2,13.246376811594203,NA
4_Marini_UNIPD01 A_2018,23,69,0.1,10,3,20.17391304347826,NA
4_Marini_UNIPD01 A_2018,23,69,0.15000000000000002,15.000000000000002,4,28.434782608695652,NA
4_Marini_UNIPD01 A_2018,23,69,0.2,20,5,32.57971014492754,NA
4_Marini_UNIPD01 A_2018,23,69,0.25,25,6,34.14492753623188,NA
4_Marini_UNIPD01 A_2018,23,69,0.3,30,7,41.710144927536234,NA
4_Marini_UNIPD01 A_2018,23,69,0.35000000000000003,35,9,49.65217391304348,NA
4_Marini_UNIPD01 A_2018,23,69,0.4,40,10,53.188405797101446,NA
4_Marini_UNIPD01 A_2018,23,69,0.45,45,11,59.710144927536234,NA
4_Marini_UNIPD01 A_2018,23,69,0.5,50,12,62.57971014492754,NA
4_Marini_UNIPD01 A_2018,23,69,0.55,55.00000000000001,13,68.05797101449275,NA
4_Marini_UNIPD01 A_2018,23,69,0.6000000000000001,60.00000000000001,14,67.15942028985508,NA
4_Marini_UNIPD01 A_2018,23,69,0.6500000000000001,65.00000000000001,15,68.78260869565217,NA
4_Marini_UNIPD01 A_2018,23,69,0.7000000000000001,70,17,79.6231884057971,NA
4_Marini_UNIPD01 A_2018,23,69,0.7500000000000001,75.00000000000001,18,81.42028985507247,NA
4_Marini_UNIPD01 A_2018,23,69,0.8,80,19,85.71014492753623,NA
4_Marini_UNIPD01 A_2018,23,69,0.8500000000000001,85.00000000000001,20,89.10144927536231,NA
4_Marini_UNIPD01 A_2018,23,69,0.9000000000000001,90.00000000000001,21,91.27536231884058,NA
4_Marini_UNIPD01 A_2018,23,69,0.9500000000000001,95,22,94.34782608695652,NA
4_Marini_UNIPD01 A_2018,23,69,1,100,23,97.10144927536231,NA
4_Marini_UNIPD01 An_2018,27,54,0.05,5,2,11.518518518518519,NA
4_Marini_UNIPD01 An_2018,27,54,0.1,10,3,18.962962962962962,NA
4_Marini_UNIPD01 An_2018,27,54,0.15000000000000002,15.000000000000002,5,26.666666666666668,NA
4_Marini_UNIPD01 An_2018,27,54,0.2,20,6,34.03703703703704,NA
4_Marini_UNIPD01 An_2018,27,54,0.25,25,7,38.81481481481482,NA
4_Marini_UNIPD01 An_2018,27,54,0.3,30,9,47.55555555555556,NA
4_Marini_UNIPD01 An_2018,27,54,0.35000000000000003,35,10,51,NA
4_Marini_UNIPD01 An_2018,27,54,0.4,40,11,53.666666666666664,NA
4_Marini_UNIPD01 An_2018,27,54,0.45,45,13,60,NA
4_Marini_UNIPD01 An_2018,27,54,0.5,50,14,68.03703703703704,NA
4_Marini_UNIPD01 An_2018,27,54,0.55,55.00000000000001,15,68.51851851851852,NA
4_Marini_UNIPD01 An_2018,27,54,0.6000000000000001,60.00000000000001,17,77.18518518518519,NA
4_Marini_UNIPD01 An_2018,27,54,0.6500000000000001,65.00000000000001,18,80.07407407407408,NA
4_Marini_UNIPD01 An_2018,27,54,0.7000000000000001,70,19,81.18518518518519,NA
4_Marini_UNIPD01 An_2018,27,54,0.7500000000000001,75.00000000000001,21,84.25925925925925,NA
4_Marini_UNIPD01 An_2018,27,54,0.8,80,22,87.18518518518519,NA
4_Marini_UNIPD01 An_2018,27,54,0.8500000000000001,85.00000000000001,23,87.77777777777777,NA
4_Marini_UNIPD01 An_2018,27,54,0.9000000000000001,90.00000000000001,25,94,NA
4_Marini_UNIPD01 An_2018,27,54,0.9500000000000001,95,26,96.18518518518519,NA
4_Marini_UNIPD01 An_2018,27,54,1,100,27,98.14814814814815,NA
4_Marini_UNIPD01 B_2018,29,58,0.05,5,2,10.620689655172415,NA
4_Marini_UNIPD01 B_2018,29,58,0.1,10,3,18.93103448275862,NA
4_Marini_UNIPD01 B_2018,29,58,0.15000000000000002,15.000000000000002,5,23.655172413793103,NA
4_Marini_UNIPD01 B_2018,29,58,0.2,20,6,32.41379310344828,NA
4_Marini_UNIPD01 B_2018,29,58,0.25,25,8,36.275862068965516,NA
4_Marini_UNIPD01 B_2018,29,58,0.3,30,9,43.793103448275865,NA
4_Marini_UNIPD01 B_2018,29,58,0.35000000000000003,35,11,50.41379310344828,NA
4_Marini_UNIPD01 B_2018,29,58,0.4,40,12,53.37931034482759,NA
4_Marini_UNIPD01 B_2018,29,58,0.45,45,14,56.86206896551724,NA
4_Marini_UNIPD01 B_2018,29,58,0.5,50,15,60.793103448275865,NA
4_Marini_UNIPD01 B_2018,29,58,0.55,55.00000000000001,16,63.96551724137931,NA
4_Marini_UNIPD01 B_2018,29,58,0.6000000000000001,60.00000000000001,18,68.79310344827586,NA
4_Marini_UNIPD01 B_2018,29,58,0.6500000000000001,65.00000000000001,19,71.82758620689656,NA
4_Marini_UNIPD01 B_2018,29,58,0.7000000000000001,70,21,78.72413793103448,NA
4_Marini_UNIPD01 B_2018,29,58,0.7500000000000001,75.00000000000001,22,79.65517241379311,NA
4_Marini_UNIPD01 B_2018,29,58,0.8,80,24,84.82758620689656,NA
4_Marini_UNIPD01 B_2018,29,58,0.8500000000000001,85.00000000000001,25,83.34482758620689,NA
4_Marini_UNIPD01 B_2018,29,58,0.9000000000000001,90.00000000000001,27,91.48275862068965,NA
4_Marini_UNIPD01 B_2018,29,58,0.9500000000000001,95,28,92.72413793103449,NA
4_Marini_UNIPD01 B_2018,29,58,1,100,29,94.82758620689656,NA
4_Marini_UNIPD01 Bn_2018,32,90,0.05,5,2,9.844444444444445,NA
4_Marini_UNIPD01 Bn_2018,32,90,0.1,10,4,17.133333333333333,NA
4_Marini_UNIPD01 Bn_2018,32,90,0.15000000000000002,15.000000000000002,5,22.977777777777778,NA
4_Marini_UNIPD01 Bn_2018,32,90,0.2,20,7,27.57777777777778,NA
4_Marini_UNIPD01 Bn_2018,32,90,0.25,25,8,31.77777777777778,NA
4_Marini_UNIPD01 Bn_2018,32,90,0.3,30,10,38.91111111111111,NA
4_Marini_UNIPD01 Bn_2018,32,90,0.35000000000000003,35,12,45.8,NA
4_Marini_UNIPD01 Bn_2018,32,90,0.4,40,13,44.733333333333334,NA
4_Marini_UNIPD01 Bn_2018,32,90,0.45,45,15,51.355555555555554,NA
4_Marini_UNIPD01 Bn_2018,32,90,0.5,50,16,57.08888888888889,NA
4_Marini_UNIPD01 Bn_2018,32,90,0.55,55.00000000000001,18,59.86666666666667,NA
4_Marini_UNIPD01 Bn_2018,32,90,0.6000000000000001,60.00000000000001,20,62.044444444444444,NA
4_Marini_UNIPD01 Bn_2018,32,90,0.6500000000000001,65.00000000000001,21,64.77777777777777,NA
4_Marini_UNIPD01 Bn_2018,32,90,0.7000000000000001,70,23,70.93333333333334,NA
4_Marini_UNIPD01 Bn_2018,32,90,0.7500000000000001,75.00000000000001,25,72,NA
4_Marini_UNIPD01 Bn_2018,32,90,0.8,80,26,78.02222222222223,NA
4_Marini_UNIPD01 Bn_2018,32,90,0.8500000000000001,85.00000000000001,28,80.11111111111111,NA
4_Marini_UNIPD01 Bn_2018,32,90,0.9000000000000001,90.00000000000001,29,82.64444444444445,NA
4_Marini_UNIPD01 Bn_2018,32,90,0.9500000000000001,95,31,86.37777777777778,NA
4_Marini_UNIPD01 Bn_2018,32,90,1,100,32,88.88888888888889,NA
4_Marini_UNIPD01 C_2018,37,67,0.05,5,2,12.597014925373134,NA
4_Marini_UNIPD01 C_2018,37,67,0.1,10,4,19.432835820895523,NA
4_Marini_UNIPD01 C_2018,37,67,0.15000000000000002,15.000000000000002,6,30.955223880597014,NA
4_Marini_UNIPD01 C_2018,37,67,0.2,20,8,39.1044776119403,NA
4_Marini_UNIPD01 C_2018,37,67,0.25,25,10,43.07462686567164,NA
4_Marini_UNIPD01 C_2018,37,67,0.3,30,12,51.55223880597015,NA
4_Marini_UNIPD01 C_2018,37,67,0.35000000000000003,35,13,53.492537313432834,NA
4_Marini_UNIPD01 C_2018,37,67,0.4,40,15,58.32835820895522,NA
4_Marini_UNIPD01 C_2018,37,67,0.45,45,17,64.08955223880596,NA
4_Marini_UNIPD01 C_2018,37,67,0.5,50,19,67.49253731343283,NA
4_Marini_UNIPD01 C_2018,37,67,0.55,55.00000000000001,21,72.41791044776119,NA
4_Marini_UNIPD01 C_2018,37,67,0.6000000000000001,60.00000000000001,23,76.08955223880596,NA
4_Marini_UNIPD01 C_2018,37,67,0.6500000000000001,65.00000000000001,25,80.74626865671642,NA
4_Marini_UNIPD01 C_2018,37,67,0.7000000000000001,70,26,81.1044776119403,NA
4_Marini_UNIPD01 C_2018,37,67,0.7500000000000001,75.00000000000001,28,84.8955223880597,NA
4_Marini_UNIPD01 C_2018,37,67,0.8,80,30,87.88059701492537,NA
4_Marini_UNIPD01 C_2018,37,67,0.8500000000000001,85.00000000000001,32,89.94029850746269,NA
4_Marini_UNIPD01 C_2018,37,67,0.9000000000000001,90.00000000000001,34,94.35820895522389,NA
4_Marini_UNIPD01 C_2018,37,67,0.9500000000000001,95,36,96.8955223880597,NA
4_Marini_UNIPD01 C_2018,37,67,1,100,37,98.50746268656717,NA
4_Marini_UNIPD01 Cn_2018,30,65,0.05,5,2,14.892307692307693,NA
4_Marini_UNIPD01 Cn_2018,30,65,0.1,10,3,18.861538461538462,NA
4_Marini_UNIPD01 Cn_2018,30,65,0.15000000000000002,15.000000000000002,5,28.615384615384617,NA
4_Marini_UNIPD01 Cn_2018,30,65,0.2,20,6,31.015384615384615,NA
4_Marini_UNIPD01 Cn_2018,30,65,0.25,25,8,39.53846153846154,NA
4_Marini_UNIPD01 Cn_2018,30,65,0.3,30,9,42.738461538461536,NA
4_Marini_UNIPD01 Cn_2018,30,65,0.35000000000000003,35,11,50.03076923076923,NA
4_Marini_UNIPD01 Cn_2018,30,65,0.4,40,12,54.89230769230769,NA
4_Marini_UNIPD01 Cn_2018,30,65,0.45,45,14,58.58461538461538,NA
4_Marini_UNIPD01 Cn_2018,30,65,0.5,50,15,61.66153846153846,NA
4_Marini_UNIPD01 Cn_2018,30,65,0.55,55.00000000000001,17,67.6,NA
4_Marini_UNIPD01 Cn_2018,30,65,0.6000000000000001,60.00000000000001,19,72.86153846153846,NA
4_Marini_UNIPD01 Cn_2018,30,65,0.6500000000000001,65.00000000000001,20,76.15384615384616,NA
4_Marini_UNIPD01 Cn_2018,30,65,0.7000000000000001,70,22,82.06153846153846,NA
4_Marini_UNIPD01 Cn_2018,30,65,0.7500000000000001,75.00000000000001,23,83.96923076923078,NA
4_Marini_UNIPD01 Cn_2018,30,65,0.8,80,24,85.6,NA
4_Marini_UNIPD01 Cn_2018,30,65,0.8500000000000001,85.00000000000001,26,90.27692307692308,NA
4_Marini_UNIPD01 Cn_2018,30,65,0.9000000000000001,90.00000000000001,28,95.56923076923077,NA
4_Marini_UNIPD01 Cn_2018,30,65,0.9500000000000001,95,29,97.56923076923077,NA
4_Marini_UNIPD01 Cn_2018,30,65,1,100,30,100,NA
4_Marini_UNIPD01 E_2018,46,73,0.05,5,3,14.301369863013699,NA
4_Marini_UNIPD01 E_2018,46,73,0.1,10,5,22,NA
4_Marini_UNIPD01 E_2018,46,73,0.15000000000000002,15.000000000000002,7,30.246575342465754,NA
4_Marini_UNIPD01 E_2018,46,73,0.2,20,10,37.04109589041096,NA
4_Marini_UNIPD01 E_2018,46,73,0.25,25,12,43.56164383561644,NA
4_Marini_UNIPD01 E_2018,46,73,0.3,30,14,48.54794520547945,NA
4_Marini_UNIPD01 E_2018,46,73,0.35000000000000003,35,17,55.97260273972603,NA
4_Marini_UNIPD01 E_2018,46,73,0.4,40,19,57.45205479452055,NA
4_Marini_UNIPD01 E_2018,46,73,0.45,45,21,62.602739726027394,NA
4_Marini_UNIPD01 E_2018,46,73,0.5,50,23,65.01369863013699,NA
4_Marini_UNIPD01 E_2018,46,73,0.55,55.00000000000001,26,69.20547945205479,NA
4_Marini_UNIPD01 E_2018,46,73,0.6000000000000001,60.00000000000001,28,72.46575342465754,NA
4_Marini_UNIPD01 E_2018,46,73,0.6500000000000001,65.00000000000001,30,78,NA
4_Marini_UNIPD01 E_2018,46,73,0.7000000000000001,70,33,81.94520547945206,NA
4_Marini_UNIPD01 E_2018,46,73,0.7500000000000001,75.00000000000001,35,82.57534246575342,NA
4_Marini_UNIPD01 E_2018,46,73,0.8,80,37,83.23287671232876,NA
4_Marini_UNIPD01 E_2018,46,73,0.8500000000000001,85.00000000000001,40,89.31506849315069,NA
4_Marini_UNIPD01 E_2018,46,73,0.9000000000000001,90.00000000000001,42,92.3013698630137,NA
4_Marini_UNIPD01 E_2018,46,73,0.9500000000000001,95,44,95.12328767123287,NA
4_Marini_UNIPD01 E_2018,46,73,1,100,46,97.26027397260275,NA
4_Marini_UNIPD01 En_2018,40,67,0.05,5,2,8.895522388059701,NA
4_Marini_UNIPD01 En_2018,40,67,0.1,10,4,15.73134328358209,NA
4_Marini_UNIPD01 En_2018,40,67,0.15000000000000002,15.000000000000002,7,26.686567164179106,NA
4_Marini_UNIPD01 En_2018,40,67,0.2,20,8,29.492537313432837,NA
4_Marini_UNIPD01 En_2018,40,67,0.25,25,10,34.776119402985074,NA
4_Marini_UNIPD01 En_2018,40,67,0.3,30,12,43.04477611940298,NA
4_Marini_UNIPD01 En_2018,40,67,0.35000000000000003,35,15,46.26865671641791,NA
4_Marini_UNIPD01 En_2018,40,67,0.4,40,16,52.62686567164179,NA
4_Marini_UNIPD01 En_2018,40,67,0.45,45,18,53.582089552238806,NA
4_Marini_UNIPD01 En_2018,40,67,0.5,50,20,59.850746268656714,NA
4_Marini_UNIPD01 En_2018,40,67,0.55,55.00000000000001,22,66.50746268656717,NA
4_Marini_UNIPD01 En_2018,40,67,0.6000000000000001,60.00000000000001,25,72.38805970149254,NA
4_Marini_UNIPD01 En_2018,40,67,0.6500000000000001,65.00000000000001,27,77.31343283582089,NA
4_Marini_UNIPD01 En_2018,40,67,0.7000000000000001,70,29,78.98507462686567,NA
4_Marini_UNIPD01 En_2018,40,67,0.7500000000000001,75.00000000000001,31,84.26865671641791,NA
4_Marini_UNIPD01 En_2018,40,67,0.8,80,32,84.95522388059702,NA
4_Marini_UNIPD01 En_2018,40,67,0.8500000000000001,85.00000000000001,34,88.74626865671642,NA
4_Marini_UNIPD01 En_2018,40,67,0.9000000000000001,90.00000000000001,37,92.14925373134328,NA
4_Marini_UNIPD01 En_2018,40,67,0.9500000000000001,95,38,95.40298507462687,NA
4_Marini_UNIPD01 En_2018,40,67,1,100,40,98.50746268656717,NA
4_Marini_UNIPD01 F_2018,25,32,0.05,5,2,15.5,NA
4_Marini_UNIPD01 F_2018,25,32,0.1,10,3,23.5,NA
4_Marini_UNIPD01 F_2018,25,32,0.15000000000000002,15.000000000000002,4,29.875,NA
4_Marini_UNIPD01 F_2018,25,32,0.2,20,5,32.625,NA
4_Marini_UNIPD01 F_2018,25,32,0.25,25,7,39.4375,NA
4_Marini_UNIPD01 F_2018,25,32,0.3,30,8,45.625,NA
4_Marini_UNIPD01 F_2018,25,32,0.35000000000000003,35,9,54.75,NA
4_Marini_UNIPD01 F_2018,25,32,0.4,40,10,56.375,NA
4_Marini_UNIPD01 F_2018,25,32,0.45,45,12,61.9375,NA
4_Marini_UNIPD01 F_2018,25,32,0.5,50,13,66.875,NA
4_Marini_UNIPD01 F_2018,25,32,0.55,55.00000000000001,14,72.0625,NA
4_Marini_UNIPD01 F_2018,25,32,0.6000000000000001,60.00000000000001,16,75.375,NA
4_Marini_UNIPD01 F_2018,25,32,0.6500000000000001,65.00000000000001,17,78.5,NA
4_Marini_UNIPD01 F_2018,25,32,0.7000000000000001,70,18,80.625,NA
4_Marini_UNIPD01 F_2018,25,32,0.7500000000000001,75.00000000000001,19,83.1875,NA
4_Marini_UNIPD01 F_2018,25,32,0.8,80,20,86.0625,NA
4_Marini_UNIPD01 F_2018,25,32,0.8500000000000001,85.00000000000001,22,90.25,NA
4_Marini_UNIPD01 F_2018,25,32,0.9000000000000001,90.00000000000001,23,92.75,NA
4_Marini_UNIPD01 F_2018,25,32,0.9500000000000001,95,24,94.8125,NA
4_Marini_UNIPD01 F_2018,25,32,1,100,25,96.875,NA
4_Marini_UNIPD01 Fn_2018,29,31,0.05,5,2,13.935483870967742,NA
4_Marini_UNIPD01 Fn_2018,29,31,0.1,10,3,22.387096774193548,NA
4_Marini_UNIPD01 Fn_2018,29,31,0.15000000000000002,15.000000000000002,5,28.774193548387096,NA
4_Marini_UNIPD01 Fn_2018,29,31,0.2,20,6,32.45161290322581,NA
4_Marini_UNIPD01 Fn_2018,29,31,0.25,25,8,38.25806451612903,NA
4_Marini_UNIPD01 Fn_2018,29,31,0.3,30,9,42.903225806451616,NA
4_Marini_UNIPD01 Fn_2018,29,31,0.35000000000000003,35,11,47.67741935483871,NA
4_Marini_UNIPD01 Fn_2018,29,31,0.4,40,12,49.61290322580645,NA
4_Marini_UNIPD01 Fn_2018,29,31,0.45,45,14,58.45161290322581,NA
4_Marini_UNIPD01 Fn_2018,29,31,0.5,50,15,58.96774193548387,NA
4_Marini_UNIPD01 Fn_2018,29,31,0.55,55.00000000000001,16,64.96774193548387,NA
4_Marini_UNIPD01 Fn_2018,29,31,0.6000000000000001,60.00000000000001,18,69.41935483870968,NA
4_Marini_UNIPD01 Fn_2018,29,31,0.6500000000000001,65.00000000000001,19,73.03225806451613,NA
4_Marini_UNIPD01 Fn_2018,29,31,0.7000000000000001,70,21,78.25806451612902,NA
4_Marini_UNIPD01 Fn_2018,29,31,0.7500000000000001,75.00000000000001,22,79.41935483870968,NA
4_Marini_UNIPD01 Fn_2018,29,31,0.8,80,24,83.03225806451613,NA
4_Marini_UNIPD01 Fn_2018,29,31,0.8500000000000001,85.00000000000001,25,88.64516129032258,NA
4_Marini_UNIPD01 Fn_2018,29,31,0.9000000000000001,90.00000000000001,27,92.70967741935485,NA
4_Marini_UNIPD01 Fn_2018,29,31,0.9500000000000001,95,28,94.19354838709678,NA
4_Marini_UNIPD01 Fn_2018,29,31,1,100,29,96.7741935483871,NA
4_Marini_UNIPD01 G_2018,25,56,0.05,5,2,16.285714285714285,NA
4_Marini_UNIPD01 G_2018,25,56,0.1,10,3,17.035714285714285,NA
4_Marini_UNIPD01 G_2018,25,56,0.15000000000000002,15.000000000000002,4,28.571428571428573,NA
4_Marini_UNIPD01 G_2018,25,56,0.2,20,5,31.428571428571427,NA
4_Marini_UNIPD01 G_2018,25,56,0.25,25,7,40.5,NA
4_Marini_UNIPD01 G_2018,25,56,0.3,30,8,47.142857142857146,NA
4_Marini_UNIPD01 G_2018,25,56,0.35000000000000003,35,9,46.92857142857143,NA
4_Marini_UNIPD01 G_2018,25,56,0.4,40,10,56.07142857142857,NA
4_Marini_UNIPD01 G_2018,25,56,0.45,45,12,59.82142857142857,NA
4_Marini_UNIPD01 G_2018,25,56,0.5,50,13,66.71428571428571,NA
4_Marini_UNIPD01 G_2018,25,56,0.55,55.00000000000001,14,68.85714285714286,NA
4_Marini_UNIPD01 G_2018,25,56,0.6000000000000001,60.00000000000001,16,75.35714285714286,NA
4_Marini_UNIPD01 G_2018,25,56,0.6500000000000001,65.00000000000001,17,77.85714285714286,NA
4_Marini_UNIPD01 G_2018,25,56,0.7000000000000001,70,18,80.96428571428571,NA
4_Marini_UNIPD01 G_2018,25,56,0.7500000000000001,75.00000000000001,19,83.32142857142857,NA
4_Marini_UNIPD01 G_2018,25,56,0.8,80,20,86.67857142857143,NA
4_Marini_UNIPD01 G_2018,25,56,0.8500000000000001,85.00000000000001,22,92.53571428571429,NA
4_Marini_UNIPD01 G_2018,25,56,0.9000000000000001,90.00000000000001,23,94.28571428571429,NA
4_Marini_UNIPD01 G_2018,25,56,0.9500000000000001,95,24,95.96428571428571,NA
4_Marini_UNIPD01 G_2018,25,56,1,100,25,98.21428571428571,NA
4_Marini_UNIPD01 Gn_2018,28,45,0.05,5,2,13.11111111111111,NA
4_Marini_UNIPD01 Gn_2018,28,45,0.1,10,3,20.666666666666668,NA
4_Marini_UNIPD01 Gn_2018,28,45,0.15000000000000002,15.000000000000002,5,28.044444444444444,NA
4_Marini_UNIPD01 Gn_2018,28,45,0.2,20,6,28.57777777777778,NA
4_Marini_UNIPD01 Gn_2018,28,45,0.25,25,7,33.51111111111111,NA
4_Marini_UNIPD01 Gn_2018,28,45,0.3,30,9,46.44444444444444,NA
4_Marini_UNIPD01 Gn_2018,28,45,0.35000000000000003,35,10,51.06666666666666,NA
4_Marini_UNIPD01 Gn_2018,28,45,0.4,40,12,58.044444444444444,NA
4_Marini_UNIPD01 Gn_2018,28,45,0.45,45,13,58.8,NA
4_Marini_UNIPD01 Gn_2018,28,45,0.5,50,14,61.15555555555555,NA
4_Marini_UNIPD01 Gn_2018,28,45,0.55,55.00000000000001,16,71.6,NA
4_Marini_UNIPD01 Gn_2018,28,45,0.6000000000000001,60.00000000000001,17,70.8,NA
4_Marini_UNIPD01 Gn_2018,28,45,0.6500000000000001,65.00000000000001,19,75.02222222222223,NA
4_Marini_UNIPD01 Gn_2018,28,45,0.7000000000000001,70,20,77.68888888888888,NA
4_Marini_UNIPD01 Gn_2018,28,45,0.7500000000000001,75.00000000000001,22,85.86666666666666,NA
4_Marini_UNIPD01 Gn_2018,28,45,0.8,80,23,86.17777777777778,NA
4_Marini_UNIPD01 Gn_2018,28,45,0.8500000000000001,85.00000000000001,24,86.84444444444445,NA
4_Marini_UNIPD01 Gn_2018,28,45,0.9000000000000001,90.00000000000001,26,95.37777777777778,NA
4_Marini_UNIPD01 Gn_2018,28,45,0.9500000000000001,95,27,95.37777777777778,NA
4_Marini_UNIPD01 Gn_2018,28,45,1,100,28,97.77777777777777,NA
4_Marini_UNIPD01 H_2018,50,98,0.05,5,3,11.693877551020408,NA
4_Marini_UNIPD01 H_2018,50,98,0.1,10,5,15.489795918367347,NA
4_Marini_UNIPD01 H_2018,50,98,0.15000000000000002,15.000000000000002,8,22.775510204081634,NA
4_Marini_UNIPD01 H_2018,50,98,0.2,20,10,28.244897959183675,NA
4_Marini_UNIPD01 H_2018,50,98,0.25,25,13,36.142857142857146,NA
4_Marini_UNIPD01 H_2018,50,98,0.3,30,15,40.40816326530612,NA
4_Marini_UNIPD01 H_2018,50,98,0.35000000000000003,35,18,43.857142857142854,NA
4_Marini_UNIPD01 H_2018,50,98,0.4,40,20,46.95918367346939,NA
4_Marini_UNIPD01 H_2018,50,98,0.45,45,23,50.95918367346939,NA
4_Marini_UNIPD01 H_2018,50,98,0.5,50,25,55.16326530612245,NA
4_Marini_UNIPD01 H_2018,50,98,0.55,55.00000000000001,28,61.08163265306123,NA
4_Marini_UNIPD01 H_2018,50,98,0.6000000000000001,60.00000000000001,31,64.57142857142857,NA
4_Marini_UNIPD01 H_2018,50,98,0.6500000000000001,65.00000000000001,33,69.61224489795919,NA
4_Marini_UNIPD01 H_2018,50,98,0.7000000000000001,70,35,68.75510204081633,NA
4_Marini_UNIPD01 H_2018,50,98,0.7500000000000001,75.00000000000001,38,73.06122448979592,NA
4_Marini_UNIPD01 H_2018,50,98,0.8,80,40,75.55102040816327,NA
4_Marini_UNIPD01 H_2018,50,98,0.8500000000000001,85.00000000000001,43,80.77551020408163,NA
4_Marini_UNIPD01 H_2018,50,98,0.9000000000000001,90.00000000000001,46,83.12244897959184,NA
4_Marini_UNIPD01 H_2018,50,98,0.9500000000000001,95,48,85.83673469387755,NA
4_Marini_UNIPD01 H_2018,50,98,1,100,50,87.75510204081633,NA
4_Marini_UNIPD01 Hn_2018,38,82,0.05,5,2,10.170731707317074,NA
4_Marini_UNIPD01 Hn_2018,38,82,0.1,10,4,16.414634146341463,NA
4_Marini_UNIPD01 Hn_2018,38,82,0.15000000000000002,15.000000000000002,6,24.146341463414632,NA
4_Marini_UNIPD01 Hn_2018,38,82,0.2,20,8,31.658536585365855,NA
4_Marini_UNIPD01 Hn_2018,38,82,0.25,25,10,37.4390243902439,NA
4_Marini_UNIPD01 Hn_2018,38,82,0.3,30,12,41,NA
4_Marini_UNIPD01 Hn_2018,38,82,0.35000000000000003,35,14,44.487804878048784,NA
4_Marini_UNIPD01 Hn_2018,38,82,0.4,40,16,53.09756097560976,NA
4_Marini_UNIPD01 Hn_2018,38,82,0.45,45,18,57.1219512195122,NA
4_Marini_UNIPD01 Hn_2018,38,82,0.5,50,19,58.87804878048781,NA
4_Marini_UNIPD01 Hn_2018,38,82,0.55,55.00000000000001,21,61.048780487804876,NA
4_Marini_UNIPD01 Hn_2018,38,82,0.6000000000000001,60.00000000000001,23,63.829268292682926,NA
4_Marini_UNIPD01 Hn_2018,38,82,0.6500000000000001,65.00000000000001,25,69.78048780487805,NA
4_Marini_UNIPD01 Hn_2018,38,82,0.7000000000000001,70,27,72.2439024390244,NA
4_Marini_UNIPD01 Hn_2018,38,82,0.7500000000000001,75.00000000000001,29,73.90243902439025,NA
4_Marini_UNIPD01 Hn_2018,38,82,0.8,80,31,79.36585365853658,NA
4_Marini_UNIPD01 Hn_2018,38,82,0.8500000000000001,85.00000000000001,33,83.7560975609756,NA
4_Marini_UNIPD01 Hn_2018,38,82,0.9000000000000001,90.00000000000001,35,86.53658536585365,NA
4_Marini_UNIPD01 Hn_2018,38,82,0.9500000000000001,95,37,89.39024390243902,NA
4_Marini_UNIPD01 Hn_2018,38,82,1,100,38,90.2439024390244,NA
4_Marini_UNIPD01 I_2018,33,74,0.05,5,2,11.756756756756756,NA
4_Marini_UNIPD01 I_2018,33,74,0.1,10,4,22.864864864864867,NA
4_Marini_UNIPD01 I_2018,33,74,0.15000000000000002,15.000000000000002,5,26.594594594594597,NA
4_Marini_UNIPD01 I_2018,33,74,0.2,20,7,34.189189189189186,NA
4_Marini_UNIPD01 I_2018,33,74,0.25,25,9,42.4054054054054,NA
4_Marini_UNIPD01 I_2018,33,74,0.3,30,10,46.45945945945946,NA
4_Marini_UNIPD01 I_2018,33,74,0.35000000000000003,35,12,52.432432432432435,NA
4_Marini_UNIPD01 I_2018,33,74,0.4,40,14,56.972972972972975,NA
4_Marini_UNIPD01 I_2018,33,74,0.45,45,15,60.891891891891895,NA
4_Marini_UNIPD01 I_2018,33,74,0.5,50,17,64.45945945945945,NA
4_Marini_UNIPD01 I_2018,33,74,0.55,55.00000000000001,19,68.43243243243244,NA
4_Marini_UNIPD01 I_2018,33,74,0.6000000000000001,60.00000000000001,20,74.27027027027027,NA
4_Marini_UNIPD01 I_2018,33,74,0.6500000000000001,65.00000000000001,22,77.70270270270271,NA
4_Marini_UNIPD01 I_2018,33,74,0.7000000000000001,70,24,81.62162162162163,NA
4_Marini_UNIPD01 I_2018,33,74,0.7500000000000001,75.00000000000001,25,82.45945945945945,NA
4_Marini_UNIPD01 I_2018,33,74,0.8,80,27,86.13513513513513,NA
4_Marini_UNIPD01 I_2018,33,74,0.8500000000000001,85.00000000000001,29,90.5945945945946,NA
4_Marini_UNIPD01 I_2018,33,74,0.9000000000000001,90.00000000000001,30,92.45945945945947,NA
4_Marini_UNIPD01 I_2018,33,74,0.9500000000000001,95,32,95.5945945945946,NA
4_Marini_UNIPD01 I_2018,33,74,1,100,33,97.29729729729729,NA
4_Marini_UNIPD01 In_2018,44,93,0.05,5,3,13.096774193548388,NA
4_Marini_UNIPD01 In_2018,44,93,0.1,10,5,22.473118279569892,NA
4_Marini_UNIPD01 In_2018,44,93,0.15000000000000002,15.000000000000002,7,27.35483870967742,NA
4_Marini_UNIPD01 In_2018,44,93,0.2,20,9,35.505376344086024,NA
4_Marini_UNIPD01 In_2018,44,93,0.25,25,11,38.516129032258064,NA
4_Marini_UNIPD01 In_2018,44,93,0.3,30,14,42.70967741935484,NA
4_Marini_UNIPD01 In_2018,44,93,0.35000000000000003,35,16,51.913978494623656,NA
4_Marini_UNIPD01 In_2018,44,93,0.4,40,18,55.44086021505376,NA
4_Marini_UNIPD01 In_2018,44,93,0.45,45,20,57.39784946236559,NA
4_Marini_UNIPD01 In_2018,44,93,0.5,50,22,65.16129032258064,NA
4_Marini_UNIPD01 In_2018,44,93,0.55,55.00000000000001,25,67.48387096774194,NA
4_Marini_UNIPD01 In_2018,44,93,0.6000000000000001,60.00000000000001,27,72.49462365591398,NA
4_Marini_UNIPD01 In_2018,44,93,0.6500000000000001,65.00000000000001,29,77.91397849462366,NA
4_Marini_UNIPD01 In_2018,44,93,0.7000000000000001,70,31,79.6989247311828,NA
4_Marini_UNIPD01 In_2018,44,93,0.7500000000000001,75.00000000000001,34,84.73118279569893,NA
4_Marini_UNIPD01 In_2018,44,93,0.8,80,36,86.81720430107526,NA
4_Marini_UNIPD01 In_2018,44,93,0.8500000000000001,85.00000000000001,38,89.97849462365592,NA
4_Marini_UNIPD01 In_2018,44,93,0.9000000000000001,90.00000000000001,40,92.49462365591398,NA
4_Marini_UNIPD01 In_2018,44,93,0.9500000000000001,95,42,95.50537634408603,NA
4_Marini_UNIPD01 In_2018,44,93,1,100,44,97.84946236559139,NA
50_Hervias-Parejo_Cala Tirant_2021,18,77,0.05,5,1,8.805194805194805,NA
50_Hervias-Parejo_Cala Tirant_2021,18,77,0.1,10,2,16.38961038961039,NA
50_Hervias-Parejo_Cala Tirant_2021,18,77,0.15000000000000002,15.000000000000002,3,26.675324675324674,NA
50_Hervias-Parejo_Cala Tirant_2021,18,77,0.2,20,4,32.935064935064936,NA
50_Hervias-Parejo_Cala Tirant_2021,18,77,0.25,25,5,40.77922077922078,NA
50_Hervias-Parejo_Cala Tirant_2021,18,77,0.3,30,6,46.72727272727273,NA
50_Hervias-Parejo_Cala Tirant_2021,18,77,0.35000000000000003,35,7,52.62337662337662,NA
50_Hervias-Parejo_Cala Tirant_2021,18,77,0.4,40,8,60.20779220779221,NA
50_Hervias-Parejo_Cala Tirant_2021,18,77,0.45,45,9,65.06493506493507,NA
50_Hervias-Parejo_Cala Tirant_2021,18,77,0.5,50,9,62.857142857142854,NA
50_Hervias-Parejo_Cala Tirant_2021,18,77,0.55,55.00000000000001,10,66.98701298701299,NA
50_Hervias-Parejo_Cala Tirant_2021,18,77,0.6000000000000001,60.00000000000001,11,72.93506493506493,NA
50_Hervias-Parejo_Cala Tirant_2021,18,77,0.6500000000000001,65.00000000000001,12,75.81818181818181,NA
50_Hervias-Parejo_Cala Tirant_2021,18,77,0.7000000000000001,70,13,80.05194805194805,NA
50_Hervias-Parejo_Cala Tirant_2021,18,77,0.7500000000000001,75.00000000000001,14,84.44155844155844,NA
50_Hervias-Parejo_Cala Tirant_2021,18,77,0.8,80,15,87.92207792207792,NA
50_Hervias-Parejo_Cala Tirant_2021,18,77,0.8500000000000001,85.00000000000001,16,93.06493506493507,NA
50_Hervias-Parejo_Cala Tirant_2021,18,77,0.9000000000000001,90.00000000000001,17,94.83116883116884,NA
50_Hervias-Parejo_Cala Tirant_2021,18,77,0.9500000000000001,95,18,97.40259740259741,NA
50_Hervias-Parejo_Cala Tirant_2021,18,77,1,100,18,97.40259740259741,NA
50_Hervias-Parejo_Llucalari_2021,11,62,0.05,5,1,10.774193548387096,NA
50_Hervias-Parejo_Llucalari_2021,11,62,0.1,10,2,25.70967741935484,NA
50_Hervias-Parejo_Llucalari_2021,11,62,0.15000000000000002,15.000000000000002,2,25.580645161290324,NA
50_Hervias-Parejo_Llucalari_2021,11,62,0.2,20,3,36.096774193548384,NA
50_Hervias-Parejo_Llucalari_2021,11,62,0.25,25,3,34.16129032258065,NA
50_Hervias-Parejo_Llucalari_2021,11,62,0.3,30,4,43.12903225806451,NA
50_Hervias-Parejo_Llucalari_2021,11,62,0.35000000000000003,35,4,44.354838709677416,NA
50_Hervias-Parejo_Llucalari_2021,11,62,0.4,40,5,53.32258064516129,NA
50_Hervias-Parejo_Llucalari_2021,11,62,0.45,45,5,55.935483870967744,NA
50_Hervias-Parejo_Llucalari_2021,11,62,0.5,50,6,63.61290322580645,NA
50_Hervias-Parejo_Llucalari_2021,11,62,0.55,55.00000000000001,7,69.51612903225806,NA
50_Hervias-Parejo_Llucalari_2021,11,62,0.6000000000000001,60.00000000000001,7,69.41935483870968,NA
50_Hervias-Parejo_Llucalari_2021,11,62,0.6500000000000001,65.00000000000001,8,76.29032258064517,NA
50_Hervias-Parejo_Llucalari_2021,11,62,0.7000000000000001,70,8,76.7741935483871,NA
50_Hervias-Parejo_Llucalari_2021,11,62,0.7500000000000001,75.00000000000001,9,83.09677419354838,NA
50_Hervias-Parejo_Llucalari_2021,11,62,0.8,80,9,82.6774193548387,NA
50_Hervias-Parejo_Llucalari_2021,11,62,0.8500000000000001,85.00000000000001,10,88.29032258064517,NA
50_Hervias-Parejo_Llucalari_2021,11,62,0.9000000000000001,90.00000000000001,10,87.64516129032258,NA
50_Hervias-Parejo_Llucalari_2021,11,62,0.9500000000000001,95,11,93.54838709677419,NA
50_Hervias-Parejo_Llucalari_2021,11,62,1,100,11,93.54838709677419,NA
50_Hervias-Parejo_Sa Bassa_2021,15,81,0.05,5,1,8.790123456790123,NA
50_Hervias-Parejo_Sa Bassa_2021,15,81,0.1,10,2,15.728395061728396,NA
50_Hervias-Parejo_Sa Bassa_2021,15,81,0.15000000000000002,15.000000000000002,3,25.382716049382715,NA
50_Hervias-Parejo_Sa Bassa_2021,15,81,0.2,20,3,23.28395061728395,NA
50_Hervias-Parejo_Sa Bassa_2021,15,81,0.25,25,4,32.91358024691358,NA
50_Hervias-Parejo_Sa Bassa_2021,15,81,0.3,30,5,37.629629629629626,NA
50_Hervias-Parejo_Sa Bassa_2021,15,81,0.35000000000000003,35,6,45.382716049382715,NA
50_Hervias-Parejo_Sa Bassa_2021,15,81,0.4,40,6,43.65432098765432,NA
50_Hervias-Parejo_Sa Bassa_2021,15,81,0.45,45,7,44.98765432098765,NA
50_Hervias-Parejo_Sa Bassa_2021,15,81,0.5,50,8,55.23456790123457,NA
50_Hervias-Parejo_Sa Bassa_2021,15,81,0.55,55.00000000000001,9,58.17283950617284,NA
50_Hervias-Parejo_Sa Bassa_2021,15,81,0.6000000000000001,60.00000000000001,10,61.48148148148148,NA
50_Hervias-Parejo_Sa Bassa_2021,15,81,0.6500000000000001,65.00000000000001,10,63.82716049382716,NA
50_Hervias-Parejo_Sa Bassa_2021,15,81,0.7000000000000001,70,11,66.27160493827161,NA
50_Hervias-Parejo_Sa Bassa_2021,15,81,0.7500000000000001,75.00000000000001,12,72.74074074074073,NA
50_Hervias-Parejo_Sa Bassa_2021,15,81,0.8,80,12,72.22222222222223,NA
50_Hervias-Parejo_Sa Bassa_2021,15,81,0.8500000000000001,85.00000000000001,13,76.5925925925926,NA
50_Hervias-Parejo_Sa Bassa_2021,15,81,0.9000000000000001,90.00000000000001,14,79.48148148148148,NA
50_Hervias-Parejo_Sa Bassa_2021,15,81,0.9500000000000001,95,15,82.71604938271605,NA
50_Hervias-Parejo_Sa Bassa_2021,15,81,1,100,15,82.71604938271605,NA
50_Hervias-Parejo_Salinas_2021,27,95,0.05,5,2,11.936842105263159,NA
50_Hervias-Parejo_Salinas_2021,27,95,0.1,10,3,14.968421052631578,NA
50_Hervias-Parejo_Salinas_2021,27,95,0.15000000000000002,15.000000000000002,5,23.642105263157895,NA
50_Hervias-Parejo_Salinas_2021,27,95,0.2,20,6,29.11578947368421,NA
50_Hervias-Parejo_Salinas_2021,27,95,0.25,25,7,31.557894736842105,NA
50_Hervias-Parejo_Salinas_2021,27,95,0.3,30,9,40.77894736842105,NA
50_Hervias-Parejo_Salinas_2021,27,95,0.35000000000000003,35,10,43.01052631578948,NA
50_Hervias-Parejo_Salinas_2021,27,95,0.4,40,11,44.189473684210526,NA
50_Hervias-Parejo_Salinas_2021,27,95,0.45,45,13,50.77894736842105,NA
50_Hervias-Parejo_Salinas_2021,27,95,0.5,50,14,55.93684210526316,NA
50_Hervias-Parejo_Salinas_2021,27,95,0.55,55.00000000000001,15,61.32631578947368,NA
50_Hervias-Parejo_Salinas_2021,27,95,0.6000000000000001,60.00000000000001,17,61.62105263157895,NA
50_Hervias-Parejo_Salinas_2021,27,95,0.6500000000000001,65.00000000000001,18,66.08421052631579,NA
50_Hervias-Parejo_Salinas_2021,27,95,0.7000000000000001,70,19,68.16842105263157,NA
50_Hervias-Parejo_Salinas_2021,27,95,0.7500000000000001,75.00000000000001,21,72.3157894736842,NA
50_Hervias-Parejo_Salinas_2021,27,95,0.8,80,22,76.37894736842105,NA
50_Hervias-Parejo_Salinas_2021,27,95,0.8500000000000001,85.00000000000001,23,77.32631578947368,NA
50_Hervias-Parejo_Salinas_2021,27,95,0.9000000000000001,90.00000000000001,25,79.47368421052632,NA
50_Hervias-Parejo_Salinas_2021,27,95,0.9500000000000001,95,26,83.45263157894736,NA
50_Hervias-Parejo_Salinas_2021,27,95,1,100,27,85.26315789473684,NA
50_Hervias-Parejo_Torre Fornells_2021,21,83,0.05,5,2,18.746987951807228,NA
50_Hervias-Parejo_Torre Fornells_2021,21,83,0.1,10,3,20.240963855421686,NA
50_Hervias-Parejo_Torre Fornells_2021,21,83,0.15000000000000002,15.000000000000002,4,28.89156626506024,NA
50_Hervias-Parejo_Torre Fornells_2021,21,83,0.2,20,5,30.36144578313253,NA
50_Hervias-Parejo_Torre Fornells_2021,21,83,0.25,25,6,36.91566265060241,NA
50_Hervias-Parejo_Torre Fornells_2021,21,83,0.3,30,7,44.433734939759034,NA
50_Hervias-Parejo_Torre Fornells_2021,21,83,0.35000000000000003,35,8,48.55421686746988,NA
50_Hervias-Parejo_Torre Fornells_2021,21,83,0.4,40,9,52.12048192771084,NA
50_Hervias-Parejo_Torre Fornells_2021,21,83,0.45,45,10,55.08433734939759,NA
50_Hervias-Parejo_Torre Fornells_2021,21,83,0.5,50,11,57.87951807228916,NA
50_Hervias-Parejo_Torre Fornells_2021,21,83,0.55,55.00000000000001,12,62.16867469879518,NA
50_Hervias-Parejo_Torre Fornells_2021,21,83,0.6000000000000001,60.00000000000001,13,65.39759036144578,NA
50_Hervias-Parejo_Torre Fornells_2021,21,83,0.6500000000000001,65.00000000000001,14,69.39759036144578,NA
50_Hervias-Parejo_Torre Fornells_2021,21,83,0.7000000000000001,70,15,72.16867469879517,NA
50_Hervias-Parejo_Torre Fornells_2021,21,83,0.7500000000000001,75.00000000000001,16,77.03614457831326,NA
50_Hervias-Parejo_Torre Fornells_2021,21,83,0.8,80,17,76.98795180722891,NA
50_Hervias-Parejo_Torre Fornells_2021,21,83,0.8500000000000001,85.00000000000001,18,80.57831325301206,NA
50_Hervias-Parejo_Torre Fornells_2021,21,83,0.9000000000000001,90.00000000000001,19,84.55421686746988,NA
50_Hervias-Parejo_Torre Fornells_2021,21,83,0.9500000000000001,95,20,86.69879518072288,NA
50_Hervias-Parejo_Torre Fornells_2021,21,83,1,100,21,90.36144578313252,NA
50_Hervias-Parejo_coast Son Bou_2021,10,46,0.05,5,1,13.26086956521739,NA
50_Hervias-Parejo_coast Son Bou_2021,10,46,0.1,10,1,11.130434782608695,NA
50_Hervias-Parejo_coast Son Bou_2021,10,46,0.15000000000000002,15.000000000000002,2,23.130434782608695,NA
50_Hervias-Parejo_coast Son Bou_2021,10,46,0.2,20,2,22.08695652173913,NA
50_Hervias-Parejo_coast Son Bou_2021,10,46,0.25,25,3,30,NA
50_Hervias-Parejo_coast Son Bou_2021,10,46,0.3,30,3,27.956521739130434,NA
50_Hervias-Parejo_coast Son Bou_2021,10,46,0.35000000000000003,35,4,35.26086956521739,NA
50_Hervias-Parejo_coast Son Bou_2021,10,46,0.4,40,4,36.130434782608695,NA
50_Hervias-Parejo_coast Son Bou_2021,10,46,0.45,45,5,45,NA
50_Hervias-Parejo_coast Son Bou_2021,10,46,0.5,50,5,42,NA
50_Hervias-Parejo_coast Son Bou_2021,10,46,0.55,55.00000000000001,6,45.30434782608695,NA
50_Hervias-Parejo_coast Son Bou_2021,10,46,0.6000000000000001,60.00000000000001,7,54.434782608695656,NA
50_Hervias-Parejo_coast Son Bou_2021,10,46,0.6500000000000001,65.00000000000001,7,55.78260869565217,NA
50_Hervias-Parejo_coast Son Bou_2021,10,46,0.7000000000000001,70,8,61.95652173913044,NA
50_Hervias-Parejo_coast Son Bou_2021,10,46,0.7500000000000001,75.00000000000001,8,61.130434782608695,NA
50_Hervias-Parejo_coast Son Bou_2021,10,46,0.8,80,8,61.434782608695656,NA
50_Hervias-Parejo_coast Son Bou_2021,10,46,0.8500000000000001,85.00000000000001,9,65.43478260869566,NA
50_Hervias-Parejo_coast Son Bou_2021,10,46,0.9000000000000001,90.00000000000001,10,69.56521739130434,NA
50_Hervias-Parejo_coast Son Bou_2021,10,46,0.9500000000000001,95,10,69.56521739130434,NA
50_Hervias-Parejo_coast Son Bou_2021,10,46,1,100,10,69.56521739130434,NA
51_Petanidou_Pyrgos_2013,39,66,0.05,5,2,9.303030303030303,NA
51_Petanidou_Pyrgos_2013,39,66,0.1,10,4,17.939393939393938,NA
51_Petanidou_Pyrgos_2013,39,66,0.15000000000000002,15.000000000000002,6,24.78787878787879,NA
51_Petanidou_Pyrgos_2013,39,66,0.2,20,8,35.24242424242424,NA
51_Petanidou_Pyrgos_2013,39,66,0.25,25,10,37.45454545454545,NA
51_Petanidou_Pyrgos_2013,39,66,0.3,30,12,45.06060606060606,NA
51_Petanidou_Pyrgos_2013,39,66,0.35000000000000003,35,14,50.36363636363637,NA
51_Petanidou_Pyrgos_2013,39,66,0.4,40,16,53.63636363636364,NA
51_Petanidou_Pyrgos_2013,39,66,0.45,45,18,61.06060606060606,NA
51_Petanidou_Pyrgos_2013,39,66,0.5,50,20,65.75757575757575,NA
51_Petanidou_Pyrgos_2013,39,66,0.55,55.00000000000001,22,69.93939393939394,NA
51_Petanidou_Pyrgos_2013,39,66,0.6000000000000001,60.00000000000001,24,75.93939393939394,NA
51_Petanidou_Pyrgos_2013,39,66,0.6500000000000001,65.00000000000001,26,76.81818181818181,NA
51_Petanidou_Pyrgos_2013,39,66,0.7000000000000001,70,28,81.87878787878788,NA
51_Petanidou_Pyrgos_2013,39,66,0.7500000000000001,75.00000000000001,30,85.2121212121212,NA
51_Petanidou_Pyrgos_2013,39,66,0.8,80,32,86.48484848484848,NA
51_Petanidou_Pyrgos_2013,39,66,0.8500000000000001,85.00000000000001,34,89.48484848484848,NA
51_Petanidou_Pyrgos_2013,39,66,0.9000000000000001,90.00000000000001,36,93.33333333333333,NA
51_Petanidou_Pyrgos_2013,39,66,0.9500000000000001,95,38,96.18181818181819,NA
51_Petanidou_Pyrgos_2013,39,66,1,100,39,96.96969696969697,NA
51_Petanidou_Sigri 3_2012,28,51,0.05,5,2,9.72549019607843,NA
51_Petanidou_Sigri 3_2012,28,51,0.1,10,3,13.96078431372549,NA
51_Petanidou_Sigri 3_2012,28,51,0.15000000000000002,15.000000000000002,5,20.235294117647058,NA
51_Petanidou_Sigri 3_2012,28,51,0.2,20,6,24.745098039215687,NA
51_Petanidou_Sigri 3_2012,28,51,0.25,25,7,26.50980392156863,NA
51_Petanidou_Sigri 3_2012,28,51,0.3,30,9,32.98039215686275,NA
51_Petanidou_Sigri 3_2012,28,51,0.35000000000000003,35,10,42.588235294117645,NA
51_Petanidou_Sigri 3_2012,28,51,0.4,40,12,45.13725490196079,NA
51_Petanidou_Sigri 3_2012,28,51,0.45,45,13,51.6078431372549,NA
51_Petanidou_Sigri 3_2012,28,51,0.5,50,14,52.03921568627451,NA
51_Petanidou_Sigri 3_2012,28,51,0.55,55.00000000000001,16,58.78431372549019,NA
51_Petanidou_Sigri 3_2012,28,51,0.6000000000000001,60.00000000000001,17,63.450980392156865,NA
51_Petanidou_Sigri 3_2012,28,51,0.6500000000000001,65.00000000000001,19,69.09803921568627,NA
51_Petanidou_Sigri 3_2012,28,51,0.7000000000000001,70,20,68.98039215686275,NA
51_Petanidou_Sigri 3_2012,28,51,0.7500000000000001,75.00000000000001,22,74.70588235294117,NA
51_Petanidou_Sigri 3_2012,28,51,0.8,80,23,79.09803921568627,NA
51_Petanidou_Sigri 3_2012,28,51,0.8500000000000001,85.00000000000001,24,80.70588235294117,NA
51_Petanidou_Sigri 3_2012,28,51,0.9000000000000001,90.00000000000001,26,87.6078431372549,NA
51_Petanidou_Sigri 3_2012,28,51,0.9500000000000001,95,27,88.3921568627451,NA
51_Petanidou_Sigri 3_2012,28,51,1,100,28,90.19607843137256,NA
54_Lazaro_AloeVera_2018_2018,11,60,0.05,5,1,15.600000000000001,NA
54_Lazaro_AloeVera_2018_2018,11,60,0.1,10,2,21.46666666666667,NA
54_Lazaro_AloeVera_2018_2018,11,60,0.15000000000000002,15.000000000000002,2,24.46666666666667,NA
54_Lazaro_AloeVera_2018_2018,11,60,0.2,20,3,39.5,NA
54_Lazaro_AloeVera_2018_2018,11,60,0.25,25,3,42.43333333333334,NA
54_Lazaro_AloeVera_2018_2018,11,60,0.3,30,4,48.86666666666667,NA
54_Lazaro_AloeVera_2018_2018,11,60,0.35000000000000003,35,4,40.36666666666667,NA
54_Lazaro_AloeVera_2018_2018,11,60,0.4,40,5,47.93333333333334,NA
54_Lazaro_AloeVera_2018_2018,11,60,0.45,45,5,44.7,NA
54_Lazaro_AloeVera_2018_2018,11,60,0.5,50,6,62.3,NA
54_Lazaro_AloeVera_2018_2018,11,60,0.55,55.00000000000001,7,66.66666666666667,NA
54_Lazaro_AloeVera_2018_2018,11,60,0.6000000000000001,60.00000000000001,7,64.1,NA
54_Lazaro_AloeVera_2018_2018,11,60,0.6500000000000001,65.00000000000001,8,75.8,NA
54_Lazaro_AloeVera_2018_2018,11,60,0.7000000000000001,70,8,74.56666666666666,NA
54_Lazaro_AloeVera_2018_2018,11,60,0.7500000000000001,75.00000000000001,9,78.43333333333334,NA
54_Lazaro_AloeVera_2018_2018,11,60,0.8,80,9,80.86666666666667,NA
54_Lazaro_AloeVera_2018_2018,11,60,0.8500000000000001,85.00000000000001,10,88.23333333333333,NA
54_Lazaro_AloeVera_2018_2018,11,60,0.9000000000000001,90.00000000000001,10,87.6,NA
54_Lazaro_AloeVera_2018_2018,11,60,0.9500000000000001,95,11,93.33333333333333,NA
54_Lazaro_AloeVera_2018_2018,11,60,1,100,11,93.33333333333333,NA
54_Lazaro_SonBaco_2018_2018,14,73,0.05,5,1,6.410958904109589,NA
54_Lazaro_SonBaco_2018_2018,14,73,0.1,10,2,13.78082191780822,NA
54_Lazaro_SonBaco_2018_2018,14,73,0.15000000000000002,15.000000000000002,3,24.575342465753423,NA
54_Lazaro_SonBaco_2018_2018,14,73,0.2,20,3,26.575342465753426,NA
54_Lazaro_SonBaco_2018_2018,14,73,0.25,25,4,35.726027397260275,NA
54_Lazaro_SonBaco_2018_2018,14,73,0.3,30,5,43.47945205479452,NA
54_Lazaro_SonBaco_2018_2018,14,73,0.35000000000000003,35,5,38.87671232876712,NA
54_Lazaro_SonBaco_2018_2018,14,73,0.4,40,6,55.369863013698634,NA
54_Lazaro_SonBaco_2018_2018,14,73,0.45,45,7,50.57534246575342,NA
54_Lazaro_SonBaco_2018_2018,14,73,0.5,50,7,66.08219178082192,NA
54_Lazaro_SonBaco_2018_2018,14,73,0.55,55.00000000000001,8,66.16438356164383,NA
54_Lazaro_SonBaco_2018_2018,14,73,0.6000000000000001,60.00000000000001,9,68.3013698630137,NA
54_Lazaro_SonBaco_2018_2018,14,73,0.6500000000000001,65.00000000000001,10,73.91780821917808,NA
54_Lazaro_SonBaco_2018_2018,14,73,0.7000000000000001,70,10,74.27397260273973,NA
54_Lazaro_SonBaco_2018_2018,14,73,0.7500000000000001,75.00000000000001,11,79.75342465753425,NA
54_Lazaro_SonBaco_2018_2018,14,73,0.8,80,12,87.89041095890411,NA
54_Lazaro_SonBaco_2018_2018,14,73,0.8500000000000001,85.00000000000001,12,86.68493150684931,NA
54_Lazaro_SonBaco_2018_2018,14,73,0.9000000000000001,90.00000000000001,13,90.1917808219178,NA
54_Lazaro_SonBaco_2018_2018,14,73,0.9500000000000001,95,14,95.89041095890411,NA
54_Lazaro_SonBaco_2018_2018,14,73,1,100,14,95.89041095890411,NA
54_Lazaro_SonMutNou_2018_2018,12,69,0.05,5,1,16.02898550724638,NA
54_Lazaro_SonMutNou_2018_2018,12,69,0.1,10,2,22.753623188405797,NA
54_Lazaro_SonMutNou_2018_2018,12,69,0.15000000000000002,15.000000000000002,2,23.536231884057973,NA
54_Lazaro_SonMutNou_2018_2018,12,69,0.2,20,3,33.65217391304348,NA
54_Lazaro_SonMutNou_2018_2018,12,69,0.25,25,3,30.52173913043478,NA
54_Lazaro_SonMutNou_2018_2018,12,69,0.3,30,4,41.768115942028984,NA
54_Lazaro_SonMutNou_2018_2018,12,69,0.35000000000000003,35,5,49.27536231884058,NA
54_Lazaro_SonMutNou_2018_2018,12,69,0.4,40,5,49.65217391304348,NA
54_Lazaro_SonMutNou_2018_2018,12,69,0.45,45,6,57.42028985507246,NA
54_Lazaro_SonMutNou_2018_2018,12,69,0.5,50,6,57.21739130434783,NA
54_Lazaro_SonMutNou_2018_2018,12,69,0.55,55.00000000000001,7,69.10144927536231,NA
54_Lazaro_SonMutNou_2018_2018,12,69,0.6000000000000001,60.00000000000001,8,76.4927536231884,NA
54_Lazaro_SonMutNou_2018_2018,12,69,0.6500000000000001,65.00000000000001,8,74.7536231884058,NA
54_Lazaro_SonMutNou_2018_2018,12,69,0.7000000000000001,70,9,80.46376811594203,NA
54_Lazaro_SonMutNou_2018_2018,12,69,0.7500000000000001,75.00000000000001,10,90.02898550724638,NA
54_Lazaro_SonMutNou_2018_2018,12,69,0.8,80,10,87.3913043478261,NA
54_Lazaro_SonMutNou_2018_2018,12,69,0.8500000000000001,85.00000000000001,11,93.44927536231884,NA
54_Lazaro_SonMutNou_2018_2018,12,69,0.9000000000000001,90.00000000000001,11,92.20289855072464,NA
54_Lazaro_SonMutNou_2018_2018,12,69,0.9500000000000001,95,12,100,NA
54_Lazaro_SonMutNou_2018_2018,12,69,1,100,12,100,NA
54_Lazaro_UIB_2018_2018,20,72,0.05,5,1,12.027777777777779,NA
54_Lazaro_UIB_2018_2018,20,72,0.1,10,2,20.61111111111111,NA
54_Lazaro_UIB_2018_2018,20,72,0.15000000000000002,15.000000000000002,4,31.63888888888889,NA
54_Lazaro_UIB_2018_2018,20,72,0.2,20,4,29.444444444444446,NA
54_Lazaro_UIB_2018_2018,20,72,0.25,25,5,37.583333333333336,NA
54_Lazaro_UIB_2018_2018,20,72,0.3,30,6,41.55555555555556,NA
54_Lazaro_UIB_2018_2018,20,72,0.35000000000000003,35,8,50.72222222222222,NA
54_Lazaro_UIB_2018_2018,20,72,0.4,40,8,51.52777777777778,NA
54_Lazaro_UIB_2018_2018,20,72,0.45,45,9,56.888888888888886,NA
54_Lazaro_UIB_2018_2018,20,72,0.5,50,10,58.75,NA
54_Lazaro_UIB_2018_2018,20,72,0.55,55.00000000000001,11,60.72222222222222,NA
54_Lazaro_UIB_2018_2018,20,72,0.6000000000000001,60.00000000000001,13,72.58333333333333,NA
54_Lazaro_UIB_2018_2018,20,72,0.6500000000000001,65.00000000000001,14,76.69444444444444,NA
54_Lazaro_UIB_2018_2018,20,72,0.7000000000000001,70,15,79.02777777777777,NA
54_Lazaro_UIB_2018_2018,20,72,0.7500000000000001,75.00000000000001,16,83.33333333333333,NA
54_Lazaro_UIB_2018_2018,20,72,0.8,80,16,83.63888888888889,NA
54_Lazaro_UIB_2018_2018,20,72,0.8500000000000001,85.00000000000001,17,85.33333333333333,NA
54_Lazaro_UIB_2018_2018,20,72,0.9000000000000001,90.00000000000001,19,92.33333333333333,NA
54_Lazaro_UIB_2018_2018,20,72,0.9500000000000001,95,19,91.27777777777777,NA
54_Lazaro_UIB_2018_2018,20,72,1,100,20,94.44444444444444,NA
5_Marini_UNIPD02 AA_2019,24,24,0.05,5,2,16.833333333333332,NA
5_Marini_UNIPD02 AA_2019,24,24,0.1,10,3,25.583333333333332,NA
5_Marini_UNIPD02 AA_2019,24,24,0.15000000000000002,15.000000000000002,4,28.25,NA
5_Marini_UNIPD02 AA_2019,24,24,0.2,20,5,34,NA
5_Marini_UNIPD02 AA_2019,24,24,0.25,25,6,39.583333333333336,NA
5_Marini_UNIPD02 AA_2019,24,24,0.3,30,8,48,NA
5_Marini_UNIPD02 AA_2019,24,24,0.35000000000000003,35,9,52.5,NA
5_Marini_UNIPD02 AA_2019,24,24,0.4,40,10,55.333333333333336,NA
5_Marini_UNIPD02 AA_2019,24,24,0.45,45,11,60.75,NA
5_Marini_UNIPD02 AA_2019,24,24,0.5,50,12,65.91666666666667,NA
5_Marini_UNIPD02 AA_2019,24,24,0.55,55.00000000000001,14,70.33333333333333,NA
5_Marini_UNIPD02 AA_2019,24,24,0.6000000000000001,60.00000000000001,15,73.33333333333333,NA
5_Marini_UNIPD02 AA_2019,24,24,0.6500000000000001,65.00000000000001,16,76.41666666666667,NA
5_Marini_UNIPD02 AA_2019,24,24,0.7000000000000001,70,17,78.5,NA
5_Marini_UNIPD02 AA_2019,24,24,0.7500000000000001,75.00000000000001,19,83.66666666666667,NA
5_Marini_UNIPD02 AA_2019,24,24,0.8,80,20,85.91666666666667,NA
5_Marini_UNIPD02 AA_2019,24,24,0.8500000000000001,85.00000000000001,21,89.5,NA
5_Marini_UNIPD02 AA_2019,24,24,0.9000000000000001,90.00000000000001,22,91.5,NA
5_Marini_UNIPD02 AA_2019,24,24,0.9500000000000001,95,23,93.91666666666667,NA
5_Marini_UNIPD02 AA_2019,24,24,1,100,24,95.83333333333333,NA
5_Marini_UNIPD02 AB_2019,26,16,0.05,5,2,13.625,NA
5_Marini_UNIPD02 AB_2019,26,16,0.1,10,3,15,NA
5_Marini_UNIPD02 AB_2019,26,16,0.15000000000000002,15.000000000000002,4,24,NA
5_Marini_UNIPD02 AB_2019,26,16,0.2,20,6,33.5,NA
5_Marini_UNIPD02 AB_2019,26,16,0.25,25,7,32.125,NA
5_Marini_UNIPD02 AB_2019,26,16,0.3,30,8,32.875,NA
5_Marini_UNIPD02 AB_2019,26,16,0.35000000000000003,35,10,41.625,NA
5_Marini_UNIPD02 AB_2019,26,16,0.4,40,11,43.5,NA
5_Marini_UNIPD02 AB_2019,26,16,0.45,45,12,46.875,NA
5_Marini_UNIPD02 AB_2019,26,16,0.5,50,13,48.875,NA
5_Marini_UNIPD02 AB_2019,26,16,0.55,55.00000000000001,15,58.5,NA
5_Marini_UNIPD02 AB_2019,26,16,0.6000000000000001,60.00000000000001,16,57.375,NA
5_Marini_UNIPD02 AB_2019,26,16,0.6500000000000001,65.00000000000001,17,58.5,NA
5_Marini_UNIPD02 AB_2019,26,16,0.7000000000000001,70,19,64.875,NA
5_Marini_UNIPD02 AB_2019,26,16,0.7500000000000001,75.00000000000001,20,66.875,NA
5_Marini_UNIPD02 AB_2019,26,16,0.8,80,21,71.5,NA
5_Marini_UNIPD02 AB_2019,26,16,0.8500000000000001,85.00000000000001,23,76.125,NA
5_Marini_UNIPD02 AB_2019,26,16,0.9000000000000001,90.00000000000001,24,76.75,NA
5_Marini_UNIPD02 AB_2019,26,16,0.9500000000000001,95,25,77.75,NA
5_Marini_UNIPD02 AB_2019,26,16,1,100,26,81.25,NA
5_Marini_UNIPD02 AC_2019,31,23,0.05,5,2,9.91304347826087,NA
5_Marini_UNIPD02 AC_2019,31,23,0.1,10,4,18.26086956521739,NA
5_Marini_UNIPD02 AC_2019,31,23,0.15000000000000002,15.000000000000002,5,26,NA
5_Marini_UNIPD02 AC_2019,31,23,0.2,20,7,33.30434782608695,NA
5_Marini_UNIPD02 AC_2019,31,23,0.25,25,8,36.95652173913044,NA
5_Marini_UNIPD02 AC_2019,31,23,0.3,30,10,43.04347826086956,NA
5_Marini_UNIPD02 AC_2019,31,23,0.35000000000000003,35,11,42,NA
5_Marini_UNIPD02 AC_2019,31,23,0.4,40,13,50.608695652173914,NA
5_Marini_UNIPD02 AC_2019,31,23,0.45,45,14,53.30434782608695,NA
5_Marini_UNIPD02 AC_2019,31,23,0.5,50,16,58.08695652173913,NA
5_Marini_UNIPD02 AC_2019,31,23,0.55,55.00000000000001,18,67.04347826086956,NA
5_Marini_UNIPD02 AC_2019,31,23,0.6000000000000001,60.00000000000001,19,64.8695652173913,NA
5_Marini_UNIPD02 AC_2019,31,23,0.6500000000000001,65.00000000000001,21,70.78260869565217,NA
5_Marini_UNIPD02 AC_2019,31,23,0.7000000000000001,70,22,74.34782608695652,NA
5_Marini_UNIPD02 AC_2019,31,23,0.7500000000000001,75.00000000000001,24,78.95652173913044,NA
5_Marini_UNIPD02 AC_2019,31,23,0.8,80,25,81.04347826086956,NA
5_Marini_UNIPD02 AC_2019,31,23,0.8500000000000001,85.00000000000001,27,80.43478260869566,NA
5_Marini_UNIPD02 AC_2019,31,23,0.9000000000000001,90.00000000000001,28,84.8695652173913,NA
5_Marini_UNIPD02 AC_2019,31,23,0.9500000000000001,95,30,90.34782608695652,NA
5_Marini_UNIPD02 AC_2019,31,23,1,100,31,91.30434782608695,NA
5_Marini_UNIPD02 AD_2019,20,14,0.05,5,1,7.857142857142858,NA
5_Marini_UNIPD02 AD_2019,20,14,0.1,10,2,17.714285714285715,NA
5_Marini_UNIPD02 AD_2019,20,14,0.15000000000000002,15.000000000000002,4,29.571428571428573,NA
5_Marini_UNIPD02 AD_2019,20,14,0.2,20,4,28.714285714285715,NA
5_Marini_UNIPD02 AD_2019,20,14,0.25,25,5,34.142857142857146,NA
5_Marini_UNIPD02 AD_2019,20,14,0.3,30,6,39.142857142857146,NA
5_Marini_UNIPD02 AD_2019,20,14,0.35000000000000003,35,8,51.285714285714285,NA
5_Marini_UNIPD02 AD_2019,20,14,0.4,40,8,46.85714285714286,NA
5_Marini_UNIPD02 AD_2019,20,14,0.45,45,9,48.42857142857143,NA
5_Marini_UNIPD02 AD_2019,20,14,0.5,50,10,57,NA
5_Marini_UNIPD02 AD_2019,20,14,0.55,55.00000000000001,11,62.142857142857146,NA
5_Marini_UNIPD02 AD_2019,20,14,0.6000000000000001,60.00000000000001,13,70.85714285714286,NA
5_Marini_UNIPD02 AD_2019,20,14,0.6500000000000001,65.00000000000001,14,71.28571428571428,NA
5_Marini_UNIPD02 AD_2019,20,14,0.7000000000000001,70,15,74.85714285714286,NA
5_Marini_UNIPD02 AD_2019,20,14,0.7500000000000001,75.00000000000001,16,81.28571428571428,NA
5_Marini_UNIPD02 AD_2019,20,14,0.8,80,16,80.28571428571428,NA
5_Marini_UNIPD02 AD_2019,20,14,0.8500000000000001,85.00000000000001,17,83.85714285714286,NA
5_Marini_UNIPD02 AD_2019,20,14,0.9000000000000001,90.00000000000001,19,88.71428571428572,NA
5_Marini_UNIPD02 AD_2019,20,14,0.9500000000000001,95,19,89.57142857142857,NA
5_Marini_UNIPD02 AD_2019,20,14,1,100,20,92.85714285714286,NA
5_Marini_UNIPD02 AE_2019,19,35,0.05,5,1,6.514285714285714,NA
5_Marini_UNIPD02 AE_2019,19,35,0.1,10,2,11.942857142857143,NA
5_Marini_UNIPD02 AE_2019,19,35,0.15000000000000002,15.000000000000002,3,18.34285714285714,NA
5_Marini_UNIPD02 AE_2019,19,35,0.2,20,4,26.057142857142857,NA
5_Marini_UNIPD02 AE_2019,19,35,0.25,25,5,30.8,NA
5_Marini_UNIPD02 AE_2019,19,35,0.3,30,6,34.34285714285714,NA
5_Marini_UNIPD02 AE_2019,19,35,0.35000000000000003,35,7,41.77142857142857,NA
5_Marini_UNIPD02 AE_2019,19,35,0.4,40,8,44.91428571428571,NA
5_Marini_UNIPD02 AE_2019,19,35,0.45,45,9,51.48571428571429,NA
5_Marini_UNIPD02 AE_2019,19,35,0.5,50,10,54.05714285714286,NA
5_Marini_UNIPD02 AE_2019,19,35,0.55,55.00000000000001,11,59.142857142857146,NA
5_Marini_UNIPD02 AE_2019,19,35,0.6000000000000001,60.00000000000001,12,64.45714285714286,NA
5_Marini_UNIPD02 AE_2019,19,35,0.6500000000000001,65.00000000000001,13,67.37142857142857,NA
5_Marini_UNIPD02 AE_2019,19,35,0.7000000000000001,70,14,69.71428571428571,NA
5_Marini_UNIPD02 AE_2019,19,35,0.7500000000000001,75.00000000000001,15,74.85714285714286,NA
5_Marini_UNIPD02 AE_2019,19,35,0.8,80,16,78.34285714285714,NA
5_Marini_UNIPD02 AE_2019,19,35,0.8500000000000001,85.00000000000001,17,81.42857142857143,NA
5_Marini_UNIPD02 AE_2019,19,35,0.9000000000000001,90.00000000000001,18,85.25714285714285,NA
5_Marini_UNIPD02 AE_2019,19,35,0.9500000000000001,95,19,88.57142857142857,NA
5_Marini_UNIPD02 AE_2019,19,35,1,100,19,88.57142857142857,NA
5_Marini_UNIPD02 AF_2019,16,24,0.05,5,1,9.5,NA
5_Marini_UNIPD02 AF_2019,16,24,0.1,10,2,19.583333333333332,NA
5_Marini_UNIPD02 AF_2019,16,24,0.15000000000000002,15.000000000000002,3,27.583333333333332,NA
5_Marini_UNIPD02 AF_2019,16,24,0.2,20,4,35.666666666666664,NA
5_Marini_UNIPD02 AF_2019,16,24,0.25,25,4,36.166666666666664,NA
5_Marini_UNIPD02 AF_2019,16,24,0.3,30,5,42.166666666666664,NA
5_Marini_UNIPD02 AF_2019,16,24,0.35000000000000003,35,6,50.083333333333336,NA
5_Marini_UNIPD02 AF_2019,16,24,0.4,40,7,54.5,NA
5_Marini_UNIPD02 AF_2019,16,24,0.45,45,8,62.25,NA
5_Marini_UNIPD02 AF_2019,16,24,0.5,50,8,59.75,NA
5_Marini_UNIPD02 AF_2019,16,24,0.55,55.00000000000001,9,66.08333333333333,NA
5_Marini_UNIPD02 AF_2019,16,24,0.6000000000000001,60.00000000000001,10,73.66666666666667,NA
5_Marini_UNIPD02 AF_2019,16,24,0.6500000000000001,65.00000000000001,11,76.91666666666667,NA
5_Marini_UNIPD02 AF_2019,16,24,0.7000000000000001,70,12,83.91666666666667,NA
5_Marini_UNIPD02 AF_2019,16,24,0.7500000000000001,75.00000000000001,13,87.58333333333333,NA
5_Marini_UNIPD02 AF_2019,16,24,0.8,80,13,87.83333333333333,NA
5_Marini_UNIPD02 AF_2019,16,24,0.8500000000000001,85.00000000000001,14,91.58333333333333,NA
5_Marini_UNIPD02 AF_2019,16,24,0.9000000000000001,90.00000000000001,15,95.08333333333333,NA
5_Marini_UNIPD02 AF_2019,16,24,0.9500000000000001,95,16,100,NA
5_Marini_UNIPD02 AF_2019,16,24,1,100,16,100,NA
5_Marini_UNIPD02 AG_2019,25,52,0.05,5,2,14.5,NA
5_Marini_UNIPD02 AG_2019,25,52,0.1,10,3,16.923076923076923,NA
5_Marini_UNIPD02 AG_2019,25,52,0.15000000000000002,15.000000000000002,4,23.53846153846154,NA
5_Marini_UNIPD02 AG_2019,25,52,0.2,20,5,26.576923076923077,NA
5_Marini_UNIPD02 AG_2019,25,52,0.25,25,7,38.80769230769231,NA
5_Marini_UNIPD02 AG_2019,25,52,0.3,30,8,45.76923076923077,NA
5_Marini_UNIPD02 AG_2019,25,52,0.35000000000000003,35,9,43.26923076923077,NA
5_Marini_UNIPD02 AG_2019,25,52,0.4,40,10,49.73076923076923,NA
5_Marini_UNIPD02 AG_2019,25,52,0.45,45,12,58.07692307692308,NA
5_Marini_UNIPD02 AG_2019,25,52,0.5,50,13,61.38461538461539,NA
5_Marini_UNIPD02 AG_2019,25,52,0.55,55.00000000000001,14,66.65384615384616,NA
5_Marini_UNIPD02 AG_2019,25,52,0.6000000000000001,60.00000000000001,16,71.88461538461539,NA
5_Marini_UNIPD02 AG_2019,25,52,0.6500000000000001,65.00000000000001,17,76.53846153846153,NA
5_Marini_UNIPD02 AG_2019,25,52,0.7000000000000001,70,18,77.5,NA
5_Marini_UNIPD02 AG_2019,25,52,0.7500000000000001,75.00000000000001,19,81.57692307692308,NA
5_Marini_UNIPD02 AG_2019,25,52,0.8,80,20,84.65384615384615,NA
5_Marini_UNIPD02 AG_2019,25,52,0.8500000000000001,85.00000000000001,22,87.76923076923077,NA
5_Marini_UNIPD02 AG_2019,25,52,0.9000000000000001,90.00000000000001,23,92.88461538461539,NA
5_Marini_UNIPD02 AG_2019,25,52,0.9500000000000001,95,24,95.88461538461539,NA
5_Marini_UNIPD02 AG_2019,25,52,1,100,25,98.07692307692308,NA
5_Marini_UNIPD02 AH_2019,22,35,0.05,5,2,8.971428571428572,NA
5_Marini_UNIPD02 AH_2019,22,35,0.1,10,3,13.657142857142857,NA
5_Marini_UNIPD02 AH_2019,22,35,0.15000000000000002,15.000000000000002,4,20.571428571428573,NA
5_Marini_UNIPD02 AH_2019,22,35,0.2,20,5,24.685714285714287,NA
5_Marini_UNIPD02 AH_2019,22,35,0.25,25,6,25.771428571428572,NA
5_Marini_UNIPD02 AH_2019,22,35,0.3,30,7,31.257142857142856,NA
5_Marini_UNIPD02 AH_2019,22,35,0.35000000000000003,35,8,35.77142857142857,NA
5_Marini_UNIPD02 AH_2019,22,35,0.4,40,9,42.51428571428571,NA
5_Marini_UNIPD02 AH_2019,22,35,0.45,45,10,44.57142857142857,NA
5_Marini_UNIPD02 AH_2019,22,35,0.5,50,11,47.65714285714286,NA
5_Marini_UNIPD02 AH_2019,22,35,0.55,55.00000000000001,13,51.94285714285714,NA
5_Marini_UNIPD02 AH_2019,22,35,0.6000000000000001,60.00000000000001,14,56.457142857142856,NA
5_Marini_UNIPD02 AH_2019,22,35,0.6500000000000001,65.00000000000001,15,60.34285714285714,NA
5_Marini_UNIPD02 AH_2019,22,35,0.7000000000000001,70,16,61.65714285714286,NA
5_Marini_UNIPD02 AH_2019,22,35,0.7500000000000001,75.00000000000001,17,63.77142857142857,NA
5_Marini_UNIPD02 AH_2019,22,35,0.8,80,18,68.34285714285714,NA
5_Marini_UNIPD02 AH_2019,22,35,0.8500000000000001,85.00000000000001,19,70.28571428571429,NA
5_Marini_UNIPD02 AH_2019,22,35,0.9000000000000001,90.00000000000001,20,71.37142857142857,NA
5_Marini_UNIPD02 AH_2019,22,35,0.9500000000000001,95,21,74.8,NA
5_Marini_UNIPD02 AH_2019,22,35,1,100,22,77.14285714285714,NA
5_Marini_UNIPD02 AI_2019,21,16,0.05,5,2,13.5,NA
5_Marini_UNIPD02 AI_2019,21,16,0.1,10,3,20.5,NA
5_Marini_UNIPD02 AI_2019,21,16,0.15000000000000002,15.000000000000002,4,26.875,NA
5_Marini_UNIPD02 AI_2019,21,16,0.2,20,5,28.75,NA
5_Marini_UNIPD02 AI_2019,21,16,0.25,25,6,40,NA
5_Marini_UNIPD02 AI_2019,21,16,0.3,30,7,39.125,NA
5_Marini_UNIPD02 AI_2019,21,16,0.35000000000000003,35,8,50,NA
5_Marini_UNIPD02 AI_2019,21,16,0.4,40,9,47.5,NA
5_Marini_UNIPD02 AI_2019,21,16,0.45,45,10,51.125,NA
5_Marini_UNIPD02 AI_2019,21,16,0.5,50,11,60.875,NA
5_Marini_UNIPD02 AI_2019,21,16,0.55,55.00000000000001,12,57.375,NA
5_Marini_UNIPD02 AI_2019,21,16,0.6000000000000001,60.00000000000001,13,66.625,NA
5_Marini_UNIPD02 AI_2019,21,16,0.6500000000000001,65.00000000000001,14,69.5,NA
5_Marini_UNIPD02 AI_2019,21,16,0.7000000000000001,70,15,66.625,NA
5_Marini_UNIPD02 AI_2019,21,16,0.7500000000000001,75.00000000000001,16,78.25,NA
5_Marini_UNIPD02 AI_2019,21,16,0.8,80,17,82.375,NA
5_Marini_UNIPD02 AI_2019,21,16,0.8500000000000001,85.00000000000001,18,84.625,NA
5_Marini_UNIPD02 AI_2019,21,16,0.9000000000000001,90.00000000000001,19,86.25,NA
5_Marini_UNIPD02 AI_2019,21,16,0.9500000000000001,95,20,90.75,NA
5_Marini_UNIPD02 AI_2019,21,16,1,100,21,93.75,NA
5_Marini_UNIPD02 AJ_2019,10,31,0.05,5,1,14.903225806451612,NA
5_Marini_UNIPD02 AJ_2019,10,31,0.1,10,1,14.64516129032258,NA
5_Marini_UNIPD02 AJ_2019,10,31,0.15000000000000002,15.000000000000002,2,28.516129032258064,NA
5_Marini_UNIPD02 AJ_2019,10,31,0.2,20,2,27.35483870967742,NA
5_Marini_UNIPD02 AJ_2019,10,31,0.25,25,3,41.935483870967744,NA
5_Marini_UNIPD02 AJ_2019,10,31,0.3,30,3,39.03225806451613,NA
5_Marini_UNIPD02 AJ_2019,10,31,0.35000000000000003,35,4,47.61290322580645,NA
5_Marini_UNIPD02 AJ_2019,10,31,0.4,40,4,52.58064516129032,NA
5_Marini_UNIPD02 AJ_2019,10,31,0.45,45,5,61.225806451612904,NA
5_Marini_UNIPD02 AJ_2019,10,31,0.5,50,5,57.67741935483871,NA
5_Marini_UNIPD02 AJ_2019,10,31,0.55,55.00000000000001,6,67.93548387096774,NA
5_Marini_UNIPD02 AJ_2019,10,31,0.6000000000000001,60.00000000000001,7,75.29032258064517,NA
5_Marini_UNIPD02 AJ_2019,10,31,0.6500000000000001,65.00000000000001,7,77.03225806451613,NA
5_Marini_UNIPD02 AJ_2019,10,31,0.7000000000000001,70,8,85.09677419354838,NA
5_Marini_UNIPD02 AJ_2019,10,31,0.7500000000000001,75.00000000000001,8,84.83870967741936,NA
5_Marini_UNIPD02 AJ_2019,10,31,0.8,80,8,86.90322580645162,NA
5_Marini_UNIPD02 AJ_2019,10,31,0.8500000000000001,85.00000000000001,9,91.93548387096774,NA
5_Marini_UNIPD02 AJ_2019,10,31,0.9000000000000001,90.00000000000001,10,100,NA
5_Marini_UNIPD02 AJ_2019,10,31,0.9500000000000001,95,10,100,NA
5_Marini_UNIPD02 AJ_2019,10,31,1,100,10,100,NA
5_Marini_UNIPD02 AK_2019,10,21,0.05,5,1,10.952380952380953,NA
5_Marini_UNIPD02 AK_2019,10,21,0.1,10,1,12.095238095238095,NA
5_Marini_UNIPD02 AK_2019,10,21,0.15000000000000002,15.000000000000002,2,20.28571428571429,NA
5_Marini_UNIPD02 AK_2019,10,21,0.2,20,2,22.380952380952383,NA
5_Marini_UNIPD02 AK_2019,10,21,0.25,25,3,30.761904761904763,NA
5_Marini_UNIPD02 AK_2019,10,21,0.3,30,3,30.19047619047619,NA
5_Marini_UNIPD02 AK_2019,10,21,0.35000000000000003,35,4,36.57142857142857,NA
5_Marini_UNIPD02 AK_2019,10,21,0.4,40,4,40.38095238095238,NA
5_Marini_UNIPD02 AK_2019,10,21,0.45,45,5,48.666666666666664,NA
5_Marini_UNIPD02 AK_2019,10,21,0.5,50,5,46.38095238095238,NA
5_Marini_UNIPD02 AK_2019,10,21,0.55,55.00000000000001,6,51.523809523809526,NA
5_Marini_UNIPD02 AK_2019,10,21,0.6000000000000001,60.00000000000001,7,61.23809523809524,NA
5_Marini_UNIPD02 AK_2019,10,21,0.6500000000000001,65.00000000000001,7,61.61904761904762,NA
5_Marini_UNIPD02 AK_2019,10,21,0.7000000000000001,70,8,71.04761904761905,NA
5_Marini_UNIPD02 AK_2019,10,21,0.7500000000000001,75.00000000000001,8,71.33333333333333,NA
5_Marini_UNIPD02 AK_2019,10,21,0.8,80,8,69.33333333333333,NA
5_Marini_UNIPD02 AK_2019,10,21,0.8500000000000001,85.00000000000001,9,78,NA
5_Marini_UNIPD02 AK_2019,10,21,0.9000000000000001,90.00000000000001,10,85.71428571428571,NA
5_Marini_UNIPD02 AK_2019,10,21,0.9500000000000001,95,10,85.71428571428571,NA
5_Marini_UNIPD02 AK_2019,10,21,1,100,10,85.71428571428571,NA
5_Marini_UNIPD02 AL_2019,27,39,0.05,5,2,11.487179487179487,NA
5_Marini_UNIPD02 AL_2019,27,39,0.1,10,3,17.28205128205128,NA
5_Marini_UNIPD02 AL_2019,27,39,0.15000000000000002,15.000000000000002,5,26.615384615384617,NA
5_Marini_UNIPD02 AL_2019,27,39,0.2,20,6,31.435897435897438,NA
5_Marini_UNIPD02 AL_2019,27,39,0.25,25,7,35.8974358974359,NA
5_Marini_UNIPD02 AL_2019,27,39,0.3,30,9,45.58974358974359,NA
5_Marini_UNIPD02 AL_2019,27,39,0.35000000000000003,35,10,48.56410256410256,NA
5_Marini_UNIPD02 AL_2019,27,39,0.4,40,11,51.02564102564103,NA
5_Marini_UNIPD02 AL_2019,27,39,0.45,45,13,61.282051282051285,NA
5_Marini_UNIPD02 AL_2019,27,39,0.5,50,14,61.69230769230769,NA
5_Marini_UNIPD02 AL_2019,27,39,0.55,55.00000000000001,15,64.56410256410257,NA
5_Marini_UNIPD02 AL_2019,27,39,0.6000000000000001,60.00000000000001,17,70.1025641025641,NA
5_Marini_UNIPD02 AL_2019,27,39,0.6500000000000001,65.00000000000001,18,74.46153846153847,NA
5_Marini_UNIPD02 AL_2019,27,39,0.7000000000000001,70,19,76.3076923076923,NA
5_Marini_UNIPD02 AL_2019,27,39,0.7500000000000001,75.00000000000001,21,82.76923076923077,NA
5_Marini_UNIPD02 AL_2019,27,39,0.8,80,22,85.84615384615384,NA
5_Marini_UNIPD02 AL_2019,27,39,0.8500000000000001,85.00000000000001,23,87.94871794871794,NA
5_Marini_UNIPD02 AL_2019,27,39,0.9000000000000001,90.00000000000001,25,92.56410256410257,NA
5_Marini_UNIPD02 AL_2019,27,39,0.9500000000000001,95,26,95.12820512820512,NA
5_Marini_UNIPD02 AL_2019,27,39,1,100,27,97.43589743589743,NA
5_Marini_UNIPD02 AM_2019,31,34,0.05,5,2,11.882352941176471,NA
5_Marini_UNIPD02 AM_2019,31,34,0.1,10,4,19.235294117647058,NA
5_Marini_UNIPD02 AM_2019,31,34,0.15000000000000002,15.000000000000002,5,25.941176470588236,NA
5_Marini_UNIPD02 AM_2019,31,34,0.2,20,7,30.941176470588236,NA
5_Marini_UNIPD02 AM_2019,31,34,0.25,25,8,35.8235294117647,NA
5_Marini_UNIPD02 AM_2019,31,34,0.3,30,10,44.05882352941177,NA
5_Marini_UNIPD02 AM_2019,31,34,0.35000000000000003,35,11,48.11764705882353,NA
5_Marini_UNIPD02 AM_2019,31,34,0.4,40,13,53.88235294117647,NA
5_Marini_UNIPD02 AM_2019,31,34,0.45,45,14,58.94117647058823,NA
5_Marini_UNIPD02 AM_2019,31,34,0.5,50,16,63.8235294117647,NA
5_Marini_UNIPD02 AM_2019,31,34,0.55,55.00000000000001,18,68.3529411764706,NA
5_Marini_UNIPD02 AM_2019,31,34,0.6000000000000001,60.00000000000001,19,70.47058823529412,NA
5_Marini_UNIPD02 AM_2019,31,34,0.6500000000000001,65.00000000000001,21,74.47058823529412,NA
5_Marini_UNIPD02 AM_2019,31,34,0.7000000000000001,70,22,77.05882352941177,NA
5_Marini_UNIPD02 AM_2019,31,34,0.7500000000000001,75.00000000000001,24,81.58823529411765,NA
5_Marini_UNIPD02 AM_2019,31,34,0.8,80,25,85,NA
5_Marini_UNIPD02 AM_2019,31,34,0.8500000000000001,85.00000000000001,27,86.82352941176471,NA
5_Marini_UNIPD02 AM_2019,31,34,0.9000000000000001,90.00000000000001,28,89.3529411764706,NA
5_Marini_UNIPD02 AM_2019,31,34,0.9500000000000001,95,30,92.64705882352942,NA
5_Marini_UNIPD02 AM_2019,31,34,1,100,31,94.11764705882354,NA
5_Marini_UNIPD02 AN_2019,12,20,0.05,5,1,12.5,NA
5_Marini_UNIPD02 AN_2019,12,20,0.1,10,2,24.1,NA
5_Marini_UNIPD02 AN_2019,12,20,0.15000000000000002,15.000000000000002,2,22.6,NA
5_Marini_UNIPD02 AN_2019,12,20,0.2,20,3,31.5,NA
5_Marini_UNIPD02 AN_2019,12,20,0.25,25,3,34.5,NA
5_Marini_UNIPD02 AN_2019,12,20,0.3,30,4,46.1,NA
5_Marini_UNIPD02 AN_2019,12,20,0.35000000000000003,35,5,46.7,NA
5_Marini_UNIPD02 AN_2019,12,20,0.4,40,5,54.6,NA
5_Marini_UNIPD02 AN_2019,12,20,0.45,45,6,59.3,NA
5_Marini_UNIPD02 AN_2019,12,20,0.5,50,6,57.3,NA
5_Marini_UNIPD02 AN_2019,12,20,0.55,55.00000000000001,7,65.7,NA
5_Marini_UNIPD02 AN_2019,12,20,0.6000000000000001,60.00000000000001,8,75.8,NA
5_Marini_UNIPD02 AN_2019,12,20,0.6500000000000001,65.00000000000001,8,74.6,NA
5_Marini_UNIPD02 AN_2019,12,20,0.7000000000000001,70,9,82.5,NA
5_Marini_UNIPD02 AN_2019,12,20,0.7500000000000001,75.00000000000001,10,89,NA
5_Marini_UNIPD02 AN_2019,12,20,0.8,80,10,88.1,NA
5_Marini_UNIPD02 AN_2019,12,20,0.8500000000000001,85.00000000000001,11,94,NA
5_Marini_UNIPD02 AN_2019,12,20,0.9000000000000001,90.00000000000001,11,95.4,NA
5_Marini_UNIPD02 AN_2019,12,20,0.9500000000000001,95,12,100,NA
5_Marini_UNIPD02 AN_2019,12,20,1,100,12,100,NA
5_Marini_UNIPD02 AO_2019,18,29,0.05,5,1,7.241379310344827,NA
5_Marini_UNIPD02 AO_2019,18,29,0.1,10,2,17.586206896551726,NA
5_Marini_UNIPD02 AO_2019,18,29,0.15000000000000002,15.000000000000002,3,21.24137931034483,NA
5_Marini_UNIPD02 AO_2019,18,29,0.2,20,4,28.06896551724138,NA
5_Marini_UNIPD02 AO_2019,18,29,0.25,25,5,35.37931034482759,NA
5_Marini_UNIPD02 AO_2019,18,29,0.3,30,6,40.48275862068966,NA
5_Marini_UNIPD02 AO_2019,18,29,0.35000000000000003,35,7,41.793103448275865,NA
5_Marini_UNIPD02 AO_2019,18,29,0.4,40,8,52.758620689655174,NA
5_Marini_UNIPD02 AO_2019,18,29,0.45,45,9,54.62068965517241,NA
5_Marini_UNIPD02 AO_2019,18,29,0.5,50,9,55.86206896551724,NA
5_Marini_UNIPD02 AO_2019,18,29,0.55,55.00000000000001,10,63.93103448275862,NA
5_Marini_UNIPD02 AO_2019,18,29,0.6000000000000001,60.00000000000001,11,66.55172413793103,NA
5_Marini_UNIPD02 AO_2019,18,29,0.6500000000000001,65.00000000000001,12,73.17241379310344,NA
5_Marini_UNIPD02 AO_2019,18,29,0.7000000000000001,70,13,74.96551724137932,NA
5_Marini_UNIPD02 AO_2019,18,29,0.7500000000000001,75.00000000000001,14,81.10344827586206,NA
5_Marini_UNIPD02 AO_2019,18,29,0.8,80,15,86.62068965517241,NA
5_Marini_UNIPD02 AO_2019,18,29,0.8500000000000001,85.00000000000001,16,92.6896551724138,NA
5_Marini_UNIPD02 AO_2019,18,29,0.9000000000000001,90.00000000000001,17,94.89655172413794,NA
5_Marini_UNIPD02 AO_2019,18,29,0.9500000000000001,95,18,100,NA
5_Marini_UNIPD02 AO_2019,18,29,1,100,18,100,NA
5_Marini_UNIPD02 AP_2019,16,18,0.05,5,1,6,NA
5_Marini_UNIPD02 AP_2019,16,18,0.1,10,2,16,NA
5_Marini_UNIPD02 AP_2019,16,18,0.15000000000000002,15.000000000000002,3,19.22222222222222,NA
5_Marini_UNIPD02 AP_2019,16,18,0.2,20,4,26.333333333333332,NA
5_Marini_UNIPD02 AP_2019,16,18,0.25,25,4,28.22222222222222,NA
5_Marini_UNIPD02 AP_2019,16,18,0.3,30,5,36.77777777777778,NA
5_Marini_UNIPD02 AP_2019,16,18,0.35000000000000003,35,6,39.666666666666664,NA
5_Marini_UNIPD02 AP_2019,16,18,0.4,40,7,44.77777777777778,NA
5_Marini_UNIPD02 AP_2019,16,18,0.45,45,8,50,NA
5_Marini_UNIPD02 AP_2019,16,18,0.5,50,8,50,NA
5_Marini_UNIPD02 AP_2019,16,18,0.55,55.00000000000001,9,55.22222222222222,NA
5_Marini_UNIPD02 AP_2019,16,18,0.6000000000000001,60.00000000000001,10,59.44444444444445,NA
5_Marini_UNIPD02 AP_2019,16,18,0.6500000000000001,65.00000000000001,11,60.666666666666664,NA
5_Marini_UNIPD02 AP_2019,16,18,0.7000000000000001,70,12,68.55555555555556,NA
5_Marini_UNIPD02 AP_2019,16,18,0.7500000000000001,75.00000000000001,13,71.55555555555556,NA
5_Marini_UNIPD02 AP_2019,16,18,0.8,80,13,69.66666666666667,NA
5_Marini_UNIPD02 AP_2019,16,18,0.8500000000000001,85.00000000000001,14,73.22222222222221,NA
5_Marini_UNIPD02 AP_2019,16,18,0.9000000000000001,90.00000000000001,15,74.88888888888889,NA
5_Marini_UNIPD02 AP_2019,16,18,0.9500000000000001,95,16,77.77777777777777,NA
5_Marini_UNIPD02 AP_2019,16,18,1,100,16,77.77777777777777,NA
5_Marini_UNIPD02 AQ_2019,15,24,0.05,5,1,10.166666666666668,NA
5_Marini_UNIPD02 AQ_2019,15,24,0.1,10,2,19.666666666666668,NA
5_Marini_UNIPD02 AQ_2019,15,24,0.15000000000000002,15.000000000000002,3,28.75,NA
5_Marini_UNIPD02 AQ_2019,15,24,0.2,20,3,26.5,NA
5_Marini_UNIPD02 AQ_2019,15,24,0.25,25,4,37.833333333333336,NA
5_Marini_UNIPD02 AQ_2019,15,24,0.3,30,5,43.75,NA
5_Marini_UNIPD02 AQ_2019,15,24,0.35000000000000003,35,6,55.666666666666664,NA
5_Marini_UNIPD02 AQ_2019,15,24,0.4,40,6,51,NA
5_Marini_UNIPD02 AQ_2019,15,24,0.45,45,7,55.333333333333336,NA
5_Marini_UNIPD02 AQ_2019,15,24,0.5,50,8,65.41666666666667,NA
5_Marini_UNIPD02 AQ_2019,15,24,0.55,55.00000000000001,9,69.5,NA
5_Marini_UNIPD02 AQ_2019,15,24,0.6000000000000001,60.00000000000001,10,75.41666666666667,NA
5_Marini_UNIPD02 AQ_2019,15,24,0.6500000000000001,65.00000000000001,10,74,NA
5_Marini_UNIPD02 AQ_2019,15,24,0.7000000000000001,70,11,79.16666666666667,NA
5_Marini_UNIPD02 AQ_2019,15,24,0.7500000000000001,75.00000000000001,12,87.83333333333333,NA
5_Marini_UNIPD02 AQ_2019,15,24,0.8,80,12,85.41666666666667,NA
5_Marini_UNIPD02 AQ_2019,15,24,0.8500000000000001,85.00000000000001,13,92.5,NA
5_Marini_UNIPD02 AQ_2019,15,24,0.9000000000000001,90.00000000000001,14,97.16666666666667,NA
5_Marini_UNIPD02 AQ_2019,15,24,0.9500000000000001,95,15,100,NA
5_Marini_UNIPD02 AQ_2019,15,24,1,100,15,100,NA
5_Marini_UNIPD02 AS_2019,14,22,0.05,5,1,9.090909090909092,NA
5_Marini_UNIPD02 AS_2019,14,22,0.1,10,2,16.545454545454547,NA
5_Marini_UNIPD02 AS_2019,14,22,0.15000000000000002,15.000000000000002,3,25.545454545454547,NA
5_Marini_UNIPD02 AS_2019,14,22,0.2,20,3,25.181818181818183,NA
5_Marini_UNIPD02 AS_2019,14,22,0.25,25,4,36.27272727272727,NA
5_Marini_UNIPD02 AS_2019,14,22,0.3,30,5,41.72727272727273,NA
5_Marini_UNIPD02 AS_2019,14,22,0.35000000000000003,35,5,40.72727272727273,NA
5_Marini_UNIPD02 AS_2019,14,22,0.4,40,6,50.54545454545455,NA
5_Marini_UNIPD02 AS_2019,14,22,0.45,45,7,53.54545454545455,NA
5_Marini_UNIPD02 AS_2019,14,22,0.5,50,7,55.36363636363637,NA
5_Marini_UNIPD02 AS_2019,14,22,0.55,55.00000000000001,8,59.72727272727273,NA
5_Marini_UNIPD02 AS_2019,14,22,0.6000000000000001,60.00000000000001,9,69.81818181818181,NA
5_Marini_UNIPD02 AS_2019,14,22,0.6500000000000001,65.00000000000001,10,71.81818181818181,NA
5_Marini_UNIPD02 AS_2019,14,22,0.7000000000000001,70,10,74.0909090909091,NA
5_Marini_UNIPD02 AS_2019,14,22,0.7500000000000001,75.00000000000001,11,79.27272727272727,NA
5_Marini_UNIPD02 AS_2019,14,22,0.8,80,12,86.63636363636364,NA
5_Marini_UNIPD02 AS_2019,14,22,0.8500000000000001,85.00000000000001,12,86,NA
5_Marini_UNIPD02 AS_2019,14,22,0.9000000000000001,90.00000000000001,13,91.45454545454545,NA
5_Marini_UNIPD02 AS_2019,14,22,0.9500000000000001,95,14,95.45454545454545,NA
5_Marini_UNIPD02 AS_2019,14,22,1,100,14,95.45454545454545,NA
5_Marini_UNIPD02 AT_2019,16,26,0.05,5,1,9.23076923076923,NA
5_Marini_UNIPD02 AT_2019,16,26,0.1,10,2,18.692307692307693,NA
5_Marini_UNIPD02 AT_2019,16,26,0.15000000000000002,15.000000000000002,3,29.692307692307693,NA
5_Marini_UNIPD02 AT_2019,16,26,0.2,20,4,35.61538461538461,NA
5_Marini_UNIPD02 AT_2019,16,26,0.25,25,4,34.53846153846154,NA
5_Marini_UNIPD02 AT_2019,16,26,0.3,30,5,35.76923076923077,NA
5_Marini_UNIPD02 AT_2019,16,26,0.35000000000000003,35,6,46.30769230769231,NA
5_Marini_UNIPD02 AT_2019,16,26,0.4,40,7,55.30769230769231,NA
5_Marini_UNIPD02 AT_2019,16,26,0.45,45,8,59.53846153846154,NA
5_Marini_UNIPD02 AT_2019,16,26,0.5,50,8,61.61538461538461,NA
5_Marini_UNIPD02 AT_2019,16,26,0.55,55.00000000000001,9,63.46153846153846,NA
5_Marini_UNIPD02 AT_2019,16,26,0.6000000000000001,60.00000000000001,10,71.46153846153847,NA
5_Marini_UNIPD02 AT_2019,16,26,0.6500000000000001,65.00000000000001,11,76.61538461538461,NA
5_Marini_UNIPD02 AT_2019,16,26,0.7000000000000001,70,12,82.07692307692308,NA
5_Marini_UNIPD02 AT_2019,16,26,0.7500000000000001,75.00000000000001,13,88,NA
5_Marini_UNIPD02 AT_2019,16,26,0.8,80,13,86.3076923076923,NA
5_Marini_UNIPD02 AT_2019,16,26,0.8500000000000001,85.00000000000001,14,92.6923076923077,NA
5_Marini_UNIPD02 AT_2019,16,26,0.9000000000000001,90.00000000000001,15,97.23076923076924,NA
5_Marini_UNIPD02 AT_2019,16,26,0.9500000000000001,95,16,100,NA
5_Marini_UNIPD02 AT_2019,16,26,1,100,16,100,NA
5_Marini_UNIPD02 AV_2019,10,13,0.05,5,1,18.153846153846153,NA
5_Marini_UNIPD02 AV_2019,10,13,0.1,10,1,18.461538461538463,NA
5_Marini_UNIPD02 AV_2019,10,13,0.15000000000000002,15.000000000000002,2,29.692307692307693,NA
5_Marini_UNIPD02 AV_2019,10,13,0.2,20,2,28.153846153846153,NA
5_Marini_UNIPD02 AV_2019,10,13,0.25,25,3,45.53846153846154,NA
5_Marini_UNIPD02 AV_2019,10,13,0.3,30,3,40.76923076923077,NA
5_Marini_UNIPD02 AV_2019,10,13,0.35000000000000003,35,4,51.23076923076923,NA
5_Marini_UNIPD02 AV_2019,10,13,0.4,40,4,50.76923076923077,NA
5_Marini_UNIPD02 AV_2019,10,13,0.45,45,5,59.38461538461539,NA
5_Marini_UNIPD02 AV_2019,10,13,0.5,50,5,59.230769230769226,NA
5_Marini_UNIPD02 AV_2019,10,13,0.55,55.00000000000001,6,73.38461538461539,NA
5_Marini_UNIPD02 AV_2019,10,13,0.6000000000000001,60.00000000000001,7,76.15384615384615,NA
5_Marini_UNIPD02 AV_2019,10,13,0.6500000000000001,65.00000000000001,7,78.92307692307692,NA
5_Marini_UNIPD02 AV_2019,10,13,0.7000000000000001,70,8,82,NA
5_Marini_UNIPD02 AV_2019,10,13,0.7500000000000001,75.00000000000001,8,83.23076923076923,NA
5_Marini_UNIPD02 AV_2019,10,13,0.8,80,8,84.15384615384615,NA
5_Marini_UNIPD02 AV_2019,10,13,0.8500000000000001,85.00000000000001,9,91.84615384615384,NA
5_Marini_UNIPD02 AV_2019,10,13,0.9000000000000001,90.00000000000001,10,100,NA
5_Marini_UNIPD02 AV_2019,10,13,0.9500000000000001,95,10,100,NA
5_Marini_UNIPD02 AV_2019,10,13,1,100,10,100,NA
5_Marini_UNIPD02 A_2019,17,35,0.05,5,1,11.142857142857142,NA
5_Marini_UNIPD02 A_2019,17,35,0.1,10,2,20.62857142857143,NA
5_Marini_UNIPD02 A_2019,17,35,0.15000000000000002,15.000000000000002,3,24.571428571428573,NA
5_Marini_UNIPD02 A_2019,17,35,0.2,20,4,33.714285714285715,NA
5_Marini_UNIPD02 A_2019,17,35,0.25,25,5,39.02857142857143,NA
5_Marini_UNIPD02 A_2019,17,35,0.3,30,6,42.17142857142857,NA
5_Marini_UNIPD02 A_2019,17,35,0.35000000000000003,35,6,46.114285714285714,NA
5_Marini_UNIPD02 A_2019,17,35,0.4,40,7,54.57142857142857,NA
5_Marini_UNIPD02 A_2019,17,35,0.45,45,8,56.4,NA
5_Marini_UNIPD02 A_2019,17,35,0.5,50,9,62.51428571428571,NA
5_Marini_UNIPD02 A_2019,17,35,0.55,55.00000000000001,10,64.34285714285714,NA
5_Marini_UNIPD02 A_2019,17,35,0.6000000000000001,60.00000000000001,11,72.28571428571429,NA
5_Marini_UNIPD02 A_2019,17,35,0.6500000000000001,65.00000000000001,12,74.4,NA
5_Marini_UNIPD02 A_2019,17,35,0.7000000000000001,70,12,76.4,NA
5_Marini_UNIPD02 A_2019,17,35,0.7500000000000001,75.00000000000001,13,77.42857142857143,NA
5_Marini_UNIPD02 A_2019,17,35,0.8,80,14,82.62857142857143,NA
5_Marini_UNIPD02 A_2019,17,35,0.8500000000000001,85.00000000000001,15,86.22857142857143,NA
5_Marini_UNIPD02 A_2019,17,35,0.9000000000000001,90.00000000000001,16,90,NA
5_Marini_UNIPD02 A_2019,17,35,0.9500000000000001,95,17,94.28571428571429,NA
5_Marini_UNIPD02 A_2019,17,35,1,100,17,94.28571428571429,NA
5_Marini_UNIPD02 B_2019,21,32,0.05,5,2,16.1875,NA
5_Marini_UNIPD02 B_2019,21,32,0.1,10,3,23.1875,NA
5_Marini_UNIPD02 B_2019,21,32,0.15000000000000002,15.000000000000002,4,28,NA
5_Marini_UNIPD02 B_2019,21,32,0.2,20,5,35.625,NA
5_Marini_UNIPD02 B_2019,21,32,0.25,25,6,41.9375,NA
5_Marini_UNIPD02 B_2019,21,32,0.3,30,7,44.4375,NA
5_Marini_UNIPD02 B_2019,21,32,0.35000000000000003,35,8,49.125,NA
5_Marini_UNIPD02 B_2019,21,32,0.4,40,9,51.875,NA
5_Marini_UNIPD02 B_2019,21,32,0.45,45,10,53.4375,NA
5_Marini_UNIPD02 B_2019,21,32,0.5,50,11,62.5,NA
5_Marini_UNIPD02 B_2019,21,32,0.55,55.00000000000001,12,63.9375,NA
5_Marini_UNIPD02 B_2019,21,32,0.6000000000000001,60.00000000000001,13,66.3125,NA
5_Marini_UNIPD02 B_2019,21,32,0.6500000000000001,65.00000000000001,14,70.125,NA
5_Marini_UNIPD02 B_2019,21,32,0.7000000000000001,70,15,74.4375,NA
5_Marini_UNIPD02 B_2019,21,32,0.7500000000000001,75.00000000000001,16,75.9375,NA
5_Marini_UNIPD02 B_2019,21,32,0.8,80,17,79.875,NA
5_Marini_UNIPD02 B_2019,21,32,0.8500000000000001,85.00000000000001,18,81.875,NA
5_Marini_UNIPD02 B_2019,21,32,0.9000000000000001,90.00000000000001,19,86.4375,NA
5_Marini_UNIPD02 B_2019,21,32,0.9500000000000001,95,20,88,NA
5_Marini_UNIPD02 B_2019,21,32,1,100,21,90.625,NA
5_Marini_UNIPD02 C_2019,19,35,0.05,5,1,8.17142857142857,NA
5_Marini_UNIPD02 C_2019,19,35,0.1,10,2,20.285714285714285,NA
5_Marini_UNIPD02 C_2019,19,35,0.15000000000000002,15.000000000000002,3,24.457142857142856,NA
5_Marini_UNIPD02 C_2019,19,35,0.2,20,4,35.885714285714286,NA
5_Marini_UNIPD02 C_2019,19,35,0.25,25,5,39.2,NA
5_Marini_UNIPD02 C_2019,19,35,0.3,30,6,40.285714285714285,NA
5_Marini_UNIPD02 C_2019,19,35,0.35000000000000003,35,7,52.51428571428571,NA
5_Marini_UNIPD02 C_2019,19,35,0.4,40,8,55.714285714285715,NA
5_Marini_UNIPD02 C_2019,19,35,0.45,45,9,59.14285714285714,NA
5_Marini_UNIPD02 C_2019,19,35,0.5,50,10,65.48571428571428,NA
5_Marini_UNIPD02 C_2019,19,35,0.55,55.00000000000001,11,69.65714285714286,NA
5_Marini_UNIPD02 C_2019,19,35,0.6000000000000001,60.00000000000001,12,78.11428571428571,NA
5_Marini_UNIPD02 C_2019,19,35,0.6500000000000001,65.00000000000001,13,81.25714285714285,NA
5_Marini_UNIPD02 C_2019,19,35,0.7000000000000001,70,14,81.71428571428571,NA
5_Marini_UNIPD02 C_2019,19,35,0.7500000000000001,75.00000000000001,15,86.05714285714286,NA
5_Marini_UNIPD02 C_2019,19,35,0.8,80,16,89.6,NA
5_Marini_UNIPD02 C_2019,19,35,0.8500000000000001,85.00000000000001,17,92.74285714285715,NA
5_Marini_UNIPD02 C_2019,19,35,0.9000000000000001,90.00000000000001,18,97.94285714285714,NA
5_Marini_UNIPD02 C_2019,19,35,0.9500000000000001,95,19,100,NA
5_Marini_UNIPD02 C_2019,19,35,1,100,19,100,NA
5_Marini_UNIPD02 D_2019,17,32,0.05,5,1,9.3125,NA
5_Marini_UNIPD02 D_2019,17,32,0.1,10,2,20.0625,NA
5_Marini_UNIPD02 D_2019,17,32,0.15000000000000002,15.000000000000002,3,24.1875,NA
5_Marini_UNIPD02 D_2019,17,32,0.2,20,4,35.5625,NA
5_Marini_UNIPD02 D_2019,17,32,0.25,25,5,41.75,NA
5_Marini_UNIPD02 D_2019,17,32,0.3,30,6,46.375,NA
5_Marini_UNIPD02 D_2019,17,32,0.35000000000000003,35,6,44.125,NA
5_Marini_UNIPD02 D_2019,17,32,0.4,40,7,52.25,NA
5_Marini_UNIPD02 D_2019,17,32,0.45,45,8,57,NA
5_Marini_UNIPD02 D_2019,17,32,0.5,50,9,64.6875,NA
5_Marini_UNIPD02 D_2019,17,32,0.55,55.00000000000001,10,66.75,NA
5_Marini_UNIPD02 D_2019,17,32,0.6000000000000001,60.00000000000001,11,76.625,NA
5_Marini_UNIPD02 D_2019,17,32,0.6500000000000001,65.00000000000001,12,80,NA
5_Marini_UNIPD02 D_2019,17,32,0.7000000000000001,70,12,78.625,NA
5_Marini_UNIPD02 D_2019,17,32,0.7500000000000001,75.00000000000001,13,82.375,NA
5_Marini_UNIPD02 D_2019,17,32,0.8,80,14,87.375,NA
5_Marini_UNIPD02 D_2019,17,32,0.8500000000000001,85.00000000000001,15,91.6875,NA
5_Marini_UNIPD02 D_2019,17,32,0.9000000000000001,90.00000000000001,16,95.5625,NA
5_Marini_UNIPD02 D_2019,17,32,0.9500000000000001,95,17,100,NA
5_Marini_UNIPD02 D_2019,17,32,1,100,17,100,NA
5_Marini_UNIPD02 E_2019,12,32,0.05,5,1,10.6875,NA
5_Marini_UNIPD02 E_2019,12,32,0.1,10,2,21.5,NA
5_Marini_UNIPD02 E_2019,12,32,0.15000000000000002,15.000000000000002,2,19,NA
5_Marini_UNIPD02 E_2019,12,32,0.2,20,3,30.4375,NA
5_Marini_UNIPD02 E_2019,12,32,0.25,25,3,31.25,NA
5_Marini_UNIPD02 E_2019,12,32,0.3,30,4,47.25,NA
5_Marini_UNIPD02 E_2019,12,32,0.35000000000000003,35,5,49.4375,NA
5_Marini_UNIPD02 E_2019,12,32,0.4,40,5,50.25,NA
5_Marini_UNIPD02 E_2019,12,32,0.45,45,6,55,NA
5_Marini_UNIPD02 E_2019,12,32,0.5,50,6,55.375,NA
5_Marini_UNIPD02 E_2019,12,32,0.55,55.00000000000001,7,61,NA
5_Marini_UNIPD02 E_2019,12,32,0.6000000000000001,60.00000000000001,8,70.3125,NA
5_Marini_UNIPD02 E_2019,12,32,0.6500000000000001,65.00000000000001,8,64.5,NA
5_Marini_UNIPD02 E_2019,12,32,0.7000000000000001,70,9,77.25,NA
5_Marini_UNIPD02 E_2019,12,32,0.7500000000000001,75.00000000000001,10,82.5625,NA
5_Marini_UNIPD02 E_2019,12,32,0.8,80,10,81.4375,NA
5_Marini_UNIPD02 E_2019,12,32,0.8500000000000001,85.00000000000001,11,88.125,NA
5_Marini_UNIPD02 E_2019,12,32,0.9000000000000001,90.00000000000001,11,88.8125,NA
5_Marini_UNIPD02 E_2019,12,32,0.9500000000000001,95,12,93.75,NA
5_Marini_UNIPD02 E_2019,12,32,1,100,12,93.75,NA
5_Marini_UNIPD02 G_2019,19,27,0.05,5,1,9.11111111111111,NA
5_Marini_UNIPD02 G_2019,19,27,0.1,10,2,16.74074074074074,NA
5_Marini_UNIPD02 G_2019,19,27,0.15000000000000002,15.000000000000002,3,22.962962962962962,NA
5_Marini_UNIPD02 G_2019,19,27,0.2,20,4,28.14814814814815,NA
5_Marini_UNIPD02 G_2019,19,27,0.25,25,5,34.22222222222222,NA
5_Marini_UNIPD02 G_2019,19,27,0.3,30,6,38.44444444444444,NA
5_Marini_UNIPD02 G_2019,19,27,0.35000000000000003,35,7,44.44444444444444,NA
5_Marini_UNIPD02 G_2019,19,27,0.4,40,8,48.666666666666664,NA
5_Marini_UNIPD02 G_2019,19,27,0.45,45,9,53.48148148148148,NA
5_Marini_UNIPD02 G_2019,19,27,0.5,50,10,59.48148148148148,NA
5_Marini_UNIPD02 G_2019,19,27,0.55,55.00000000000001,11,63.25925925925926,NA
5_Marini_UNIPD02 G_2019,19,27,0.6000000000000001,60.00000000000001,12,65.11111111111111,NA
5_Marini_UNIPD02 G_2019,19,27,0.6500000000000001,65.00000000000001,13,68,NA
5_Marini_UNIPD02 G_2019,19,27,0.7000000000000001,70,14,71.18518518518519,NA
5_Marini_UNIPD02 G_2019,19,27,0.7500000000000001,75.00000000000001,15,76.22222222222223,NA
5_Marini_UNIPD02 G_2019,19,27,0.8,80,16,77.77777777777777,NA
5_Marini_UNIPD02 G_2019,19,27,0.8500000000000001,85.00000000000001,17,81.85185185185185,NA
5_Marini_UNIPD02 G_2019,19,27,0.9000000000000001,90.00000000000001,18,87.03703703703704,NA
5_Marini_UNIPD02 G_2019,19,27,0.9500000000000001,95,19,88.88888888888889,NA
5_Marini_UNIPD02 G_2019,19,27,1,100,19,88.88888888888889,NA
5_Marini_UNIPD02 H_2019,15,21,0.05,5,1,11.714285714285715,NA
5_Marini_UNIPD02 H_2019,15,21,0.1,10,2,22.285714285714285,NA
5_Marini_UNIPD02 H_2019,15,21,0.15000000000000002,15.000000000000002,3,31.238095238095237,NA
5_Marini_UNIPD02 H_2019,15,21,0.2,20,3,29.42857142857143,NA
5_Marini_UNIPD02 H_2019,15,21,0.25,25,4,37.904761904761905,NA
5_Marini_UNIPD02 H_2019,15,21,0.3,30,5,45.42857142857143,NA
5_Marini_UNIPD02 H_2019,15,21,0.35000000000000003,35,6,52.19047619047619,NA
5_Marini_UNIPD02 H_2019,15,21,0.4,40,6,52.19047619047619,NA
5_Marini_UNIPD02 H_2019,15,21,0.45,45,7,59.904761904761905,NA
5_Marini_UNIPD02 H_2019,15,21,0.5,50,8,66.28571428571429,NA
5_Marini_UNIPD02 H_2019,15,21,0.55,55.00000000000001,9,71.04761904761905,NA
5_Marini_UNIPD02 H_2019,15,21,0.6000000000000001,60.00000000000001,10,79.71428571428571,NA
5_Marini_UNIPD02 H_2019,15,21,0.6500000000000001,65.00000000000001,10,78.19047619047619,NA
5_Marini_UNIPD02 H_2019,15,21,0.7000000000000001,70,11,79.80952380952381,NA
5_Marini_UNIPD02 H_2019,15,21,0.7500000000000001,75.00000000000001,12,88,NA
5_Marini_UNIPD02 H_2019,15,21,0.8,80,12,87.23809523809524,NA
5_Marini_UNIPD02 H_2019,15,21,0.8500000000000001,85.00000000000001,13,92.38095238095238,NA
5_Marini_UNIPD02 H_2019,15,21,0.9000000000000001,90.00000000000001,14,96.38095238095238,NA
5_Marini_UNIPD02 H_2019,15,21,0.9500000000000001,95,15,100,NA
5_Marini_UNIPD02 H_2019,15,21,1,100,15,100,NA
5_Marini_UNIPD02 I_2019,16,35,0.05,5,1,11.657142857142857,NA
5_Marini_UNIPD02 I_2019,16,35,0.1,10,2,17.142857142857142,NA
5_Marini_UNIPD02 I_2019,16,35,0.15000000000000002,15.000000000000002,3,29.714285714285715,NA
5_Marini_UNIPD02 I_2019,16,35,0.2,20,4,35.48571428571429,NA
5_Marini_UNIPD02 I_2019,16,35,0.25,25,4,36.22857142857143,NA
5_Marini_UNIPD02 I_2019,16,35,0.3,30,5,42.457142857142856,NA
5_Marini_UNIPD02 I_2019,16,35,0.35000000000000003,35,6,50.57142857142857,NA
5_Marini_UNIPD02 I_2019,16,35,0.4,40,7,54.97142857142857,NA
5_Marini_UNIPD02 I_2019,16,35,0.45,45,8,63.25714285714286,NA
5_Marini_UNIPD02 I_2019,16,35,0.5,50,8,61.714285714285715,NA
5_Marini_UNIPD02 I_2019,16,35,0.55,55.00000000000001,9,68.22857142857143,NA
5_Marini_UNIPD02 I_2019,16,35,0.6000000000000001,60.00000000000001,10,70.11428571428571,NA
5_Marini_UNIPD02 I_2019,16,35,0.6500000000000001,65.00000000000001,11,76.28571428571428,NA
5_Marini_UNIPD02 I_2019,16,35,0.7000000000000001,70,12,83.54285714285714,NA
5_Marini_UNIPD02 I_2019,16,35,0.7500000000000001,75.00000000000001,13,88.62857142857143,NA
5_Marini_UNIPD02 I_2019,16,35,0.8,80,13,87.42857142857143,NA
5_Marini_UNIPD02 I_2019,16,35,0.8500000000000001,85.00000000000001,14,90.85714285714286,NA
5_Marini_UNIPD02 I_2019,16,35,0.9000000000000001,90.00000000000001,15,96.11428571428571,NA
5_Marini_UNIPD02 I_2019,16,35,0.9500000000000001,95,16,100,NA
5_Marini_UNIPD02 I_2019,16,35,1,100,16,100,NA
5_Marini_UNIPD02 K_2019,16,31,0.05,5,1,8.838709677419354,NA
5_Marini_UNIPD02 K_2019,16,31,0.1,10,2,16.64516129032258,NA
5_Marini_UNIPD02 K_2019,16,31,0.15000000000000002,15.000000000000002,3,26.06451612903226,NA
5_Marini_UNIPD02 K_2019,16,31,0.2,20,4,33.354838709677416,NA
5_Marini_UNIPD02 K_2019,16,31,0.25,25,4,31.741935483870968,NA
5_Marini_UNIPD02 K_2019,16,31,0.3,30,5,35.41935483870968,NA
5_Marini_UNIPD02 K_2019,16,31,0.35000000000000003,35,6,46,NA
5_Marini_UNIPD02 K_2019,16,31,0.4,40,7,52.387096774193544,NA
5_Marini_UNIPD02 K_2019,16,31,0.45,45,8,54.903225806451616,NA
5_Marini_UNIPD02 K_2019,16,31,0.5,50,8,59.483870967741936,NA
5_Marini_UNIPD02 K_2019,16,31,0.55,55.00000000000001,9,64.77419354838709,NA
5_Marini_UNIPD02 K_2019,16,31,0.6000000000000001,60.00000000000001,10,69.61290322580645,NA
5_Marini_UNIPD02 K_2019,16,31,0.6500000000000001,65.00000000000001,11,75.2258064516129,NA
5_Marini_UNIPD02 K_2019,16,31,0.7000000000000001,70,12,79.29032258064517,NA
5_Marini_UNIPD02 K_2019,16,31,0.7500000000000001,75.00000000000001,13,81.80645161290323,NA
5_Marini_UNIPD02 K_2019,16,31,0.8,80,13,83.35483870967742,NA
5_Marini_UNIPD02 K_2019,16,31,0.8500000000000001,85.00000000000001,14,88.3225806451613,NA
5_Marini_UNIPD02 K_2019,16,31,0.9000000000000001,90.00000000000001,15,92.25806451612904,NA
5_Marini_UNIPD02 K_2019,16,31,0.9500000000000001,95,16,96.7741935483871,NA
5_Marini_UNIPD02 K_2019,16,31,1,100,16,96.7741935483871,NA
5_Marini_UNIPD02 L_2019,13,20,0.05,5,1,9.3,NA
5_Marini_UNIPD02 L_2019,13,20,0.1,10,2,24.4,NA
5_Marini_UNIPD02 L_2019,13,20,0.15000000000000002,15.000000000000002,2,16.1,NA
5_Marini_UNIPD02 L_2019,13,20,0.2,20,3,27.7,NA
5_Marini_UNIPD02 L_2019,13,20,0.25,25,4,34.8,NA
5_Marini_UNIPD02 L_2019,13,20,0.3,30,4,35.6,NA
5_Marini_UNIPD02 L_2019,13,20,0.35000000000000003,35,5,47.5,NA
5_Marini_UNIPD02 L_2019,13,20,0.4,40,6,49.4,NA
5_Marini_UNIPD02 L_2019,13,20,0.45,45,6,53.8,NA
5_Marini_UNIPD02 L_2019,13,20,0.5,50,7,68.1,NA
5_Marini_UNIPD02 L_2019,13,20,0.55,55.00000000000001,8,77.9,NA
5_Marini_UNIPD02 L_2019,13,20,0.6000000000000001,60.00000000000001,8,68.8,NA
5_Marini_UNIPD02 L_2019,13,20,0.6500000000000001,65.00000000000001,9,76.1,NA
5_Marini_UNIPD02 L_2019,13,20,0.7000000000000001,70,10,84.7,NA
5_Marini_UNIPD02 L_2019,13,20,0.7500000000000001,75.00000000000001,10,84.6,NA
5_Marini_UNIPD02 L_2019,13,20,0.8,80,11,88.1,NA
5_Marini_UNIPD02 L_2019,13,20,0.8500000000000001,85.00000000000001,12,92.4,NA
5_Marini_UNIPD02 L_2019,13,20,0.9000000000000001,90.00000000000001,12,93.3,NA
5_Marini_UNIPD02 L_2019,13,20,0.9500000000000001,95,13,100,NA
5_Marini_UNIPD02 L_2019,13,20,1,100,13,100,NA
5_Marini_UNIPD02 M_2019,26,35,0.05,5,2,10.285714285714286,NA
5_Marini_UNIPD02 M_2019,26,35,0.1,10,3,17.771428571428572,NA
5_Marini_UNIPD02 M_2019,26,35,0.15000000000000002,15.000000000000002,4,21.885714285714286,NA
5_Marini_UNIPD02 M_2019,26,35,0.2,20,6,30.285714285714285,NA
5_Marini_UNIPD02 M_2019,26,35,0.25,25,7,35.02857142857143,NA
5_Marini_UNIPD02 M_2019,26,35,0.3,30,8,38.4,NA
5_Marini_UNIPD02 M_2019,26,35,0.35000000000000003,35,10,44.74285714285714,NA
5_Marini_UNIPD02 M_2019,26,35,0.4,40,11,50.51428571428571,NA
5_Marini_UNIPD02 M_2019,26,35,0.45,45,12,55.6,NA
5_Marini_UNIPD02 M_2019,26,35,0.5,50,13,62.57142857142857,NA
5_Marini_UNIPD02 M_2019,26,35,0.55,55.00000000000001,15,66.45714285714286,NA
5_Marini_UNIPD02 M_2019,26,35,0.6000000000000001,60.00000000000001,16,71.6,NA
5_Marini_UNIPD02 M_2019,26,35,0.6500000000000001,65.00000000000001,17,71.08571428571429,NA
5_Marini_UNIPD02 M_2019,26,35,0.7000000000000001,70,19,76.62857142857143,NA
5_Marini_UNIPD02 M_2019,26,35,0.7500000000000001,75.00000000000001,20,81.77142857142857,NA
5_Marini_UNIPD02 M_2019,26,35,0.8,80,21,85.88571428571429,NA
5_Marini_UNIPD02 M_2019,26,35,0.8500000000000001,85.00000000000001,23,90.85714285714286,NA
5_Marini_UNIPD02 M_2019,26,35,0.9000000000000001,90.00000000000001,24,94.11428571428571,NA
5_Marini_UNIPD02 M_2019,26,35,0.9500000000000001,95,25,97.14285714285714,NA
5_Marini_UNIPD02 M_2019,26,35,1,100,26,100,NA
5_Marini_UNIPD02 N_2019,17,20,0.05,5,1,9.1,NA
5_Marini_UNIPD02 N_2019,17,20,0.1,10,2,19.5,NA
5_Marini_UNIPD02 N_2019,17,20,0.15000000000000002,15.000000000000002,3,25.9,NA
5_Marini_UNIPD02 N_2019,17,20,0.2,20,4,30.1,NA
5_Marini_UNIPD02 N_2019,17,20,0.25,25,5,41.1,NA
5_Marini_UNIPD02 N_2019,17,20,0.3,30,6,41.5,NA
5_Marini_UNIPD02 N_2019,17,20,0.35000000000000003,35,6,43.8,NA
5_Marini_UNIPD02 N_2019,17,20,0.4,40,7,50.3,NA
5_Marini_UNIPD02 N_2019,17,20,0.45,45,8,56,NA
5_Marini_UNIPD02 N_2019,17,20,0.5,50,9,61.1,NA
5_Marini_UNIPD02 N_2019,17,20,0.55,55.00000000000001,10,64.8,NA
5_Marini_UNIPD02 N_2019,17,20,0.6000000000000001,60.00000000000001,11,68,NA
5_Marini_UNIPD02 N_2019,17,20,0.6500000000000001,65.00000000000001,12,74.4,NA
5_Marini_UNIPD02 N_2019,17,20,0.7000000000000001,70,12,73.3,NA
5_Marini_UNIPD02 N_2019,17,20,0.7500000000000001,75.00000000000001,13,79.9,NA
5_Marini_UNIPD02 N_2019,17,20,0.8,80,14,82.8,NA
5_Marini_UNIPD02 N_2019,17,20,0.8500000000000001,85.00000000000001,15,86.3,NA
5_Marini_UNIPD02 N_2019,17,20,0.9000000000000001,90.00000000000001,16,91.2,NA
5_Marini_UNIPD02 N_2019,17,20,0.9500000000000001,95,17,95,NA
5_Marini_UNIPD02 N_2019,17,20,1,100,17,95,NA
5_Marini_UNIPD02 O_2019,19,31,0.05,5,1,8.193548387096774,NA
5_Marini_UNIPD02 O_2019,19,31,0.1,10,2,12.387096774193548,NA
5_Marini_UNIPD02 O_2019,19,31,0.15000000000000002,15.000000000000002,3,22.451612903225808,NA
5_Marini_UNIPD02 O_2019,19,31,0.2,20,4,24.516129032258064,NA
5_Marini_UNIPD02 O_2019,19,31,0.25,25,5,32.70967741935484,NA
5_Marini_UNIPD02 O_2019,19,31,0.3,30,6,38,NA
5_Marini_UNIPD02 O_2019,19,31,0.35000000000000003,35,7,41.03225806451613,NA
5_Marini_UNIPD02 O_2019,19,31,0.4,40,8,49.935483870967744,NA
5_Marini_UNIPD02 O_2019,19,31,0.45,45,9,53.61290322580645,NA
5_Marini_UNIPD02 O_2019,19,31,0.5,50,10,59.41935483870968,NA
5_Marini_UNIPD02 O_2019,19,31,0.55,55.00000000000001,11,61.225806451612904,NA
5_Marini_UNIPD02 O_2019,19,31,0.6000000000000001,60.00000000000001,12,64.58064516129032,NA
5_Marini_UNIPD02 O_2019,19,31,0.6500000000000001,65.00000000000001,13,68.64516129032258,NA
5_Marini_UNIPD02 O_2019,19,31,0.7000000000000001,70,14,74.3225806451613,NA
5_Marini_UNIPD02 O_2019,19,31,0.7500000000000001,75.00000000000001,15,78.3225806451613,NA
5_Marini_UNIPD02 O_2019,19,31,0.8,80,16,81.35483870967742,NA
5_Marini_UNIPD02 O_2019,19,31,0.8500000000000001,85.00000000000001,17,85.2258064516129,NA
5_Marini_UNIPD02 O_2019,19,31,0.9000000000000001,90.00000000000001,18,90.25806451612904,NA
5_Marini_UNIPD02 O_2019,19,31,0.9500000000000001,95,19,93.54838709677419,NA
5_Marini_UNIPD02 O_2019,19,31,1,100,19,93.54838709677419,NA
5_Marini_UNIPD02 P_2019,15,24,0.05,5,1,8.75,NA
5_Marini_UNIPD02 P_2019,15,24,0.1,10,2,13.166666666666668,NA
5_Marini_UNIPD02 P_2019,15,24,0.15000000000000002,15.000000000000002,3,22.583333333333332,NA
5_Marini_UNIPD02 P_2019,15,24,0.2,20,3,22.166666666666668,NA
5_Marini_UNIPD02 P_2019,15,24,0.25,25,4,26.75,NA
5_Marini_UNIPD02 P_2019,15,24,0.3,30,5,35.5,NA
5_Marini_UNIPD02 P_2019,15,24,0.35000000000000003,35,6,37.333333333333336,NA
5_Marini_UNIPD02 P_2019,15,24,0.4,40,6,36.916666666666664,NA
5_Marini_UNIPD02 P_2019,15,24,0.45,45,7,44.5,NA
5_Marini_UNIPD02 P_2019,15,24,0.5,50,8,46.833333333333336,NA
5_Marini_UNIPD02 P_2019,15,24,0.55,55.00000000000001,9,50.583333333333336,NA
5_Marini_UNIPD02 P_2019,15,24,0.6000000000000001,60.00000000000001,10,53.25,NA
5_Marini_UNIPD02 P_2019,15,24,0.6500000000000001,65.00000000000001,10,52.833333333333336,NA
5_Marini_UNIPD02 P_2019,15,24,0.7000000000000001,70,11,58.66666666666667,NA
5_Marini_UNIPD02 P_2019,15,24,0.7500000000000001,75.00000000000001,12,59.333333333333336,NA
5_Marini_UNIPD02 P_2019,15,24,0.8,80,12,59.5,NA
5_Marini_UNIPD02 P_2019,15,24,0.8500000000000001,85.00000000000001,13,64.66666666666667,NA
5_Marini_UNIPD02 P_2019,15,24,0.9000000000000001,90.00000000000001,14,68.25,NA
5_Marini_UNIPD02 P_2019,15,24,0.9500000000000001,95,15,70.83333333333333,NA
5_Marini_UNIPD02 P_2019,15,24,1,100,15,70.83333333333333,NA
5_Marini_UNIPD02 Q_2019,18,22,0.05,5,1,8.636363636363637,NA
5_Marini_UNIPD02 Q_2019,18,22,0.1,10,2,14.090909090909092,NA
5_Marini_UNIPD02 Q_2019,18,22,0.15000000000000002,15.000000000000002,3,25.272727272727273,NA
5_Marini_UNIPD02 Q_2019,18,22,0.2,20,4,29.181818181818183,NA
5_Marini_UNIPD02 Q_2019,18,22,0.25,25,5,37.36363636363637,NA
5_Marini_UNIPD02 Q_2019,18,22,0.3,30,6,47.18181818181818,NA
5_Marini_UNIPD02 Q_2019,18,22,0.35000000000000003,35,7,50.18181818181818,NA
5_Marini_UNIPD02 Q_2019,18,22,0.4,40,8,53.45454545454545,NA
5_Marini_UNIPD02 Q_2019,18,22,0.45,45,9,59.54545454545455,NA
5_Marini_UNIPD02 Q_2019,18,22,0.5,50,9,59.27272727272727,NA
5_Marini_UNIPD02 Q_2019,18,22,0.55,55.00000000000001,10,69.18181818181819,NA
5_Marini_UNIPD02 Q_2019,18,22,0.6000000000000001,60.00000000000001,11,70.72727272727272,NA
5_Marini_UNIPD02 Q_2019,18,22,0.6500000000000001,65.00000000000001,12,76,NA
5_Marini_UNIPD02 Q_2019,18,22,0.7000000000000001,70,13,77,NA
5_Marini_UNIPD02 Q_2019,18,22,0.7500000000000001,75.00000000000001,14,83.27272727272727,NA
5_Marini_UNIPD02 Q_2019,18,22,0.8,80,15,88.45454545454545,NA
5_Marini_UNIPD02 Q_2019,18,22,0.8500000000000001,85.00000000000001,16,91.36363636363636,NA
5_Marini_UNIPD02 Q_2019,18,22,0.9000000000000001,90.00000000000001,17,95.72727272727273,NA
5_Marini_UNIPD02 Q_2019,18,22,0.9500000000000001,95,18,100,NA
5_Marini_UNIPD02 Q_2019,18,22,1,100,18,100,NA
5_Marini_UNIPD02 S_2019,22,31,0.05,5,2,14.774193548387096,NA
5_Marini_UNIPD02 S_2019,22,31,0.1,10,3,20.967741935483872,NA
5_Marini_UNIPD02 S_2019,22,31,0.15000000000000002,15.000000000000002,4,30.129032258064516,NA
5_Marini_UNIPD02 S_2019,22,31,0.2,20,5,33.87096774193549,NA
5_Marini_UNIPD02 S_2019,22,31,0.25,25,6,36.45161290322581,NA
5_Marini_UNIPD02 S_2019,22,31,0.3,30,7,45.354838709677416,NA
5_Marini_UNIPD02 S_2019,22,31,0.35000000000000003,35,8,49.935483870967744,NA
5_Marini_UNIPD02 S_2019,22,31,0.4,40,9,56.70967741935484,NA
5_Marini_UNIPD02 S_2019,22,31,0.45,45,10,57.29032258064516,NA
5_Marini_UNIPD02 S_2019,22,31,0.5,50,11,59.29032258064516,NA
5_Marini_UNIPD02 S_2019,22,31,0.55,55.00000000000001,13,68.25806451612902,NA
5_Marini_UNIPD02 S_2019,22,31,0.6000000000000001,60.00000000000001,14,70.83870967741936,NA
5_Marini_UNIPD02 S_2019,22,31,0.6500000000000001,65.00000000000001,15,76.70967741935483,NA
5_Marini_UNIPD02 S_2019,22,31,0.7000000000000001,70,16,80.51612903225806,NA
5_Marini_UNIPD02 S_2019,22,31,0.7500000000000001,75.00000000000001,17,82.83870967741936,NA
5_Marini_UNIPD02 S_2019,22,31,0.8,80,18,86.12903225806451,NA
5_Marini_UNIPD02 S_2019,22,31,0.8500000000000001,85.00000000000001,19,91.35483870967742,NA
5_Marini_UNIPD02 S_2019,22,31,0.9000000000000001,90.00000000000001,20,92.83870967741936,NA
5_Marini_UNIPD02 S_2019,22,31,0.9500000000000001,95,21,96.45161290322581,NA
5_Marini_UNIPD02 S_2019,22,31,1,100,22,100,NA
5_Marini_UNIPD02 T_2019,21,18,0.05,5,2,16.555555555555557,NA
5_Marini_UNIPD02 T_2019,21,18,0.1,10,3,23.88888888888889,NA
5_Marini_UNIPD02 T_2019,21,18,0.15000000000000002,15.000000000000002,4,24.22222222222222,NA
5_Marini_UNIPD02 T_2019,21,18,0.2,20,5,34.333333333333336,NA
5_Marini_UNIPD02 T_2019,21,18,0.25,25,6,37.666666666666664,NA
5_Marini_UNIPD02 T_2019,21,18,0.3,30,7,47.77777777777778,NA
5_Marini_UNIPD02 T_2019,21,18,0.35000000000000003,35,8,49.666666666666664,NA
5_Marini_UNIPD02 T_2019,21,18,0.4,40,9,56.88888888888889,NA
5_Marini_UNIPD02 T_2019,21,18,0.45,45,10,62.333333333333336,NA
5_Marini_UNIPD02 T_2019,21,18,0.5,50,11,63.88888888888889,NA
5_Marini_UNIPD02 T_2019,21,18,0.55,55.00000000000001,12,66.11111111111111,NA
5_Marini_UNIPD02 T_2019,21,18,0.6000000000000001,60.00000000000001,13,74.33333333333333,NA
5_Marini_UNIPD02 T_2019,21,18,0.6500000000000001,65.00000000000001,14,74.22222222222223,NA
5_Marini_UNIPD02 T_2019,21,18,0.7000000000000001,70,15,83,NA
5_Marini_UNIPD02 T_2019,21,18,0.7500000000000001,75.00000000000001,16,83.88888888888889,NA
5_Marini_UNIPD02 T_2019,21,18,0.8,80,17,86.33333333333333,NA
5_Marini_UNIPD02 T_2019,21,18,0.8500000000000001,85.00000000000001,18,89.22222222222221,NA
5_Marini_UNIPD02 T_2019,21,18,0.9000000000000001,90.00000000000001,19,92.77777777777777,NA
5_Marini_UNIPD02 T_2019,21,18,0.9500000000000001,95,20,96.77777777777777,NA
5_Marini_UNIPD02 T_2019,21,18,1,100,21,100,NA
5_Marini_UNIPD02 U_2019,28,23,0.05,5,2,11.739130434782608,NA
5_Marini_UNIPD02 U_2019,28,23,0.1,10,3,18.26086956521739,NA
5_Marini_UNIPD02 U_2019,28,23,0.15000000000000002,15.000000000000002,5,25.217391304347824,NA
5_Marini_UNIPD02 U_2019,28,23,0.2,20,6,27.391304347826086,NA
5_Marini_UNIPD02 U_2019,28,23,0.25,25,7,35.391304347826086,NA
5_Marini_UNIPD02 U_2019,28,23,0.3,30,9,41.91304347826087,NA
5_Marini_UNIPD02 U_2019,28,23,0.35000000000000003,35,10,42.95652173913044,NA
5_Marini_UNIPD02 U_2019,28,23,0.4,40,12,51.391304347826086,NA
5_Marini_UNIPD02 U_2019,28,23,0.45,45,13,58.869565217391305,NA
5_Marini_UNIPD02 U_2019,28,23,0.5,50,14,55.73913043478261,NA
5_Marini_UNIPD02 U_2019,28,23,0.55,55.00000000000001,16,67.73913043478261,NA
5_Marini_UNIPD02 U_2019,28,23,0.6000000000000001,60.00000000000001,17,69.91304347826087,NA
5_Marini_UNIPD02 U_2019,28,23,0.6500000000000001,65.00000000000001,19,76.43478260869566,NA
5_Marini_UNIPD02 U_2019,28,23,0.7000000000000001,70,20,79.1304347826087,NA
5_Marini_UNIPD02 U_2019,28,23,0.7500000000000001,75.00000000000001,22,84.34782608695652,NA
5_Marini_UNIPD02 U_2019,28,23,0.8,80,23,83.30434782608695,NA
5_Marini_UNIPD02 U_2019,28,23,0.8500000000000001,85.00000000000001,24,85.47826086956522,NA
5_Marini_UNIPD02 U_2019,28,23,0.9000000000000001,90.00000000000001,26,95.21739130434783,NA
5_Marini_UNIPD02 U_2019,28,23,0.9500000000000001,95,27,97.47826086956522,NA
5_Marini_UNIPD02 U_2019,28,23,1,100,28,100,NA
5_Marini_UNIPD02 V_2019,29,39,0.05,5,2,11.333333333333334,NA
5_Marini_UNIPD02 V_2019,29,39,0.1,10,3,16.871794871794872,NA
5_Marini_UNIPD02 V_2019,29,39,0.15000000000000002,15.000000000000002,5,26.153846153846153,NA
5_Marini_UNIPD02 V_2019,29,39,0.2,20,6,29.48717948717949,NA
5_Marini_UNIPD02 V_2019,29,39,0.25,25,8,35.53846153846154,NA
5_Marini_UNIPD02 V_2019,29,39,0.3,30,9,41.48717948717949,NA
5_Marini_UNIPD02 V_2019,29,39,0.35000000000000003,35,11,52.15384615384615,NA
5_Marini_UNIPD02 V_2019,29,39,0.4,40,12,53.84615384615385,NA
5_Marini_UNIPD02 V_2019,29,39,0.45,45,14,54.51282051282051,NA
5_Marini_UNIPD02 V_2019,29,39,0.5,50,15,58.92307692307693,NA
5_Marini_UNIPD02 V_2019,29,39,0.55,55.00000000000001,16,61.43589743589744,NA
5_Marini_UNIPD02 V_2019,29,39,0.6000000000000001,60.00000000000001,18,67.17948717948718,NA
5_Marini_UNIPD02 V_2019,29,39,0.6500000000000001,65.00000000000001,19,71.17948717948718,NA
5_Marini_UNIPD02 V_2019,29,39,0.7000000000000001,70,21,76.3076923076923,NA
5_Marini_UNIPD02 V_2019,29,39,0.7500000000000001,75.00000000000001,22,79.64102564102564,NA
5_Marini_UNIPD02 V_2019,29,39,0.8,80,24,83.07692307692308,NA
5_Marini_UNIPD02 V_2019,29,39,0.8500000000000001,85.00000000000001,25,85.6923076923077,NA
5_Marini_UNIPD02 V_2019,29,39,0.9000000000000001,90.00000000000001,27,89.74358974358974,NA
5_Marini_UNIPD02 V_2019,29,39,0.9500000000000001,95,28,92.87179487179488,NA
5_Marini_UNIPD02 V_2019,29,39,1,100,29,94.87179487179488,NA
5_Marini_UNIPD02 W_2019,21,36,0.05,5,2,15.11111111111111,NA
5_Marini_UNIPD02 W_2019,21,36,0.1,10,3,21.5,NA
5_Marini_UNIPD02 W_2019,21,36,0.15000000000000002,15.000000000000002,4,29.88888888888889,NA
5_Marini_UNIPD02 W_2019,21,36,0.2,20,5,33.333333333333336,NA
5_Marini_UNIPD02 W_2019,21,36,0.25,25,6,43.111111111111114,NA
5_Marini_UNIPD02 W_2019,21,36,0.3,30,7,41.333333333333336,NA
5_Marini_UNIPD02 W_2019,21,36,0.35000000000000003,35,8,45.44444444444444,NA
5_Marini_UNIPD02 W_2019,21,36,0.4,40,9,48.27777777777778,NA
5_Marini_UNIPD02 W_2019,21,36,0.45,45,10,56.94444444444444,NA
5_Marini_UNIPD02 W_2019,21,36,0.5,50,11,60.388888888888886,NA
5_Marini_UNIPD02 W_2019,21,36,0.55,55.00000000000001,12,64.05555555555556,NA
5_Marini_UNIPD02 W_2019,21,36,0.6000000000000001,60.00000000000001,13,63,NA
5_Marini_UNIPD02 W_2019,21,36,0.6500000000000001,65.00000000000001,14,69.05555555555556,NA
5_Marini_UNIPD02 W_2019,21,36,0.7000000000000001,70,15,74,NA
5_Marini_UNIPD02 W_2019,21,36,0.7500000000000001,75.00000000000001,16,78,NA
5_Marini_UNIPD02 W_2019,21,36,0.8,80,17,78.11111111111111,NA
5_Marini_UNIPD02 W_2019,21,36,0.8500000000000001,85.00000000000001,18,80,NA
5_Marini_UNIPD02 W_2019,21,36,0.9000000000000001,90.00000000000001,19,85.83333333333333,NA
5_Marini_UNIPD02 W_2019,21,36,0.9500000000000001,95,20,89.05555555555556,NA
5_Marini_UNIPD02 W_2019,21,36,1,100,21,91.66666666666667,NA
5_Marini_UNIPD02 X_2019,27,41,0.05,5,2,10.195121951219512,NA
5_Marini_UNIPD02 X_2019,27,41,0.1,10,3,11.463414634146341,NA
5_Marini_UNIPD02 X_2019,27,41,0.15000000000000002,15.000000000000002,5,24.975609756097562,NA
5_Marini_UNIPD02 X_2019,27,41,0.2,20,6,28.585365853658537,NA
5_Marini_UNIPD02 X_2019,27,41,0.25,25,7,32.24390243902439,NA
5_Marini_UNIPD02 X_2019,27,41,0.3,30,9,41.707317073170735,NA
5_Marini_UNIPD02 X_2019,27,41,0.35000000000000003,35,10,41.90243902439025,NA
5_Marini_UNIPD02 X_2019,27,41,0.4,40,11,48.146341463414636,NA
5_Marini_UNIPD02 X_2019,27,41,0.45,45,13,53.707317073170735,NA
5_Marini_UNIPD02 X_2019,27,41,0.5,50,14,51.951219512195124,NA
5_Marini_UNIPD02 X_2019,27,41,0.55,55.00000000000001,15,54.48780487804878,NA
5_Marini_UNIPD02 X_2019,27,41,0.6000000000000001,60.00000000000001,17,66.6829268292683,NA
5_Marini_UNIPD02 X_2019,27,41,0.6500000000000001,65.00000000000001,18,64.29268292682927,NA
5_Marini_UNIPD02 X_2019,27,41,0.7000000000000001,70,19,72.58536585365854,NA
5_Marini_UNIPD02 X_2019,27,41,0.7500000000000001,75.00000000000001,21,75.5609756097561,NA
5_Marini_UNIPD02 X_2019,27,41,0.8,80,22,73.46341463414635,NA
5_Marini_UNIPD02 X_2019,27,41,0.8500000000000001,85.00000000000001,23,80.6829268292683,NA
5_Marini_UNIPD02 X_2019,27,41,0.9000000000000001,90.00000000000001,25,84.53658536585367,NA
5_Marini_UNIPD02 X_2019,27,41,0.9500000000000001,95,26,86.39024390243902,NA
5_Marini_UNIPD02 X_2019,27,41,1,100,27,90.2439024390244,NA
5_Marini_UNIPD02 Y_2019,20,45,0.05,5,1,7.733333333333333,NA
5_Marini_UNIPD02 Y_2019,20,45,0.1,10,2,13.777777777777779,NA
5_Marini_UNIPD02 Y_2019,20,45,0.15000000000000002,15.000000000000002,4,26.711111111111112,NA
5_Marini_UNIPD02 Y_2019,20,45,0.2,20,4,27.066666666666666,NA
5_Marini_UNIPD02 Y_2019,20,45,0.25,25,5,33.422222222222224,NA
5_Marini_UNIPD02 Y_2019,20,45,0.3,30,6,40.31111111111111,NA
5_Marini_UNIPD02 Y_2019,20,45,0.35000000000000003,35,8,47.422222222222224,NA
5_Marini_UNIPD02 Y_2019,20,45,0.4,40,8,50.577777777777776,NA
5_Marini_UNIPD02 Y_2019,20,45,0.45,45,9,52.888888888888886,NA
5_Marini_UNIPD02 Y_2019,20,45,0.5,50,10,57.644444444444446,NA
5_Marini_UNIPD02 Y_2019,20,45,0.55,55.00000000000001,11,60.977777777777774,NA
5_Marini_UNIPD02 Y_2019,20,45,0.6000000000000001,60.00000000000001,13,69.82222222222222,NA
5_Marini_UNIPD02 Y_2019,20,45,0.6500000000000001,65.00000000000001,14,74.31111111111112,NA
5_Marini_UNIPD02 Y_2019,20,45,0.7000000000000001,70,15,78.62222222222222,NA
5_Marini_UNIPD02 Y_2019,20,45,0.7500000000000001,75.00000000000001,16,83.55555555555556,NA
5_Marini_UNIPD02 Y_2019,20,45,0.8,80,16,82.57777777777778,NA
5_Marini_UNIPD02 Y_2019,20,45,0.8500000000000001,85.00000000000001,17,87.73333333333333,NA
5_Marini_UNIPD02 Y_2019,20,45,0.9000000000000001,90.00000000000001,19,95.11111111111111,NA
5_Marini_UNIPD02 Y_2019,20,45,0.9500000000000001,95,19,95.64444444444445,NA
5_Marini_UNIPD02 Y_2019,20,45,1,100,20,100,NA
5_Marini_UNIPD02 Z_2019,15,27,0.05,5,1,8.37037037037037,NA
5_Marini_UNIPD02 Z_2019,15,27,0.1,10,2,16.814814814814817,NA
5_Marini_UNIPD02 Z_2019,15,27,0.15000000000000002,15.000000000000002,3,26.59259259259259,NA
5_Marini_UNIPD02 Z_2019,15,27,0.2,20,3,24.444444444444446,NA
5_Marini_UNIPD02 Z_2019,15,27,0.25,25,4,33.25925925925926,NA
5_Marini_UNIPD02 Z_2019,15,27,0.3,30,5,39.48148148148148,NA
5_Marini_UNIPD02 Z_2019,15,27,0.35000000000000003,35,6,47.111111111111114,NA
5_Marini_UNIPD02 Z_2019,15,27,0.4,40,6,43.111111111111114,NA
5_Marini_UNIPD02 Z_2019,15,27,0.45,45,7,59.111111111111114,NA
5_Marini_UNIPD02 Z_2019,15,27,0.5,50,8,64,NA
5_Marini_UNIPD02 Z_2019,15,27,0.55,55.00000000000001,9,66.22222222222223,NA
5_Marini_UNIPD02 Z_2019,15,27,0.6000000000000001,60.00000000000001,10,73.77777777777777,NA
5_Marini_UNIPD02 Z_2019,15,27,0.6500000000000001,65.00000000000001,10,73.85185185185185,NA
5_Marini_UNIPD02 Z_2019,15,27,0.7000000000000001,70,11,77.11111111111111,NA
5_Marini_UNIPD02 Z_2019,15,27,0.7500000000000001,75.00000000000001,12,79.92592592592592,NA
5_Marini_UNIPD02 Z_2019,15,27,0.8,80,12,83.11111111111111,NA
5_Marini_UNIPD02 Z_2019,15,27,0.8500000000000001,85.00000000000001,13,86.5925925925926,NA
5_Marini_UNIPD02 Z_2019,15,27,0.9000000000000001,90.00000000000001,14,93.55555555555556,NA
5_Marini_UNIPD02 Z_2019,15,27,0.9500000000000001,95,15,96.29629629629629,NA
5_Marini_UNIPD02 Z_2019,15,27,1,100,15,96.29629629629629,NA
6_Marini_UNIPD03 CD13_2020,13,25,0.05,5,1,13.68,NA
6_Marini_UNIPD03 CD13_2020,13,25,0.1,10,2,25.68,NA
6_Marini_UNIPD03 CD13_2020,13,25,0.15000000000000002,15.000000000000002,2,25.76,NA
6_Marini_UNIPD03 CD13_2020,13,25,0.2,20,3,37.2,NA
6_Marini_UNIPD03 CD13_2020,13,25,0.25,25,4,44.8,NA
6_Marini_UNIPD03 CD13_2020,13,25,0.3,30,4,48.16,NA
6_Marini_UNIPD03 CD13_2020,13,25,0.35000000000000003,35,5,55.12,NA
6_Marini_UNIPD03 CD13_2020,13,25,0.4,40,6,58.8,NA
6_Marini_UNIPD03 CD13_2020,13,25,0.45,45,6,60.48,NA
6_Marini_UNIPD03 CD13_2020,13,25,0.5,50,7,70.16,NA
6_Marini_UNIPD03 CD13_2020,13,25,0.55,55.00000000000001,8,72.48,NA
6_Marini_UNIPD03 CD13_2020,13,25,0.6000000000000001,60.00000000000001,8,73.76,NA
6_Marini_UNIPD03 CD13_2020,13,25,0.6500000000000001,65.00000000000001,9,71.76,NA
6_Marini_UNIPD03 CD13_2020,13,25,0.7000000000000001,70,10,85.76,NA
6_Marini_UNIPD03 CD13_2020,13,25,0.7500000000000001,75.00000000000001,10,87.28,NA
6_Marini_UNIPD03 CD13_2020,13,25,0.8,80,11,87.76,NA
6_Marini_UNIPD03 CD13_2020,13,25,0.8500000000000001,85.00000000000001,12,97.2,NA
6_Marini_UNIPD03 CD13_2020,13,25,0.9000000000000001,90.00000000000001,12,95.92,NA
6_Marini_UNIPD03 CD13_2020,13,25,0.9500000000000001,95,13,100,NA
6_Marini_UNIPD03 CD13_2020,13,25,1,100,13,100,NA
6_Marini_UNIPD03 CD14_2020,18,30,0.05,5,1,7.6000000000000005,NA
6_Marini_UNIPD03 CD14_2020,18,30,0.1,10,2,21,NA
6_Marini_UNIPD03 CD14_2020,18,30,0.15000000000000002,15.000000000000002,3,27.466666666666665,NA
6_Marini_UNIPD03 CD14_2020,18,30,0.2,20,4,36.46666666666667,NA
6_Marini_UNIPD03 CD14_2020,18,30,0.25,25,5,46.06666666666667,NA
6_Marini_UNIPD03 CD14_2020,18,30,0.3,30,6,51.8,NA
6_Marini_UNIPD03 CD14_2020,18,30,0.35000000000000003,35,7,58.46666666666667,NA
6_Marini_UNIPD03 CD14_2020,18,30,0.4,40,8,60.733333333333334,NA
6_Marini_UNIPD03 CD14_2020,18,30,0.45,45,9,69,NA
6_Marini_UNIPD03 CD14_2020,18,30,0.5,50,9,67.13333333333334,NA
6_Marini_UNIPD03 CD14_2020,18,30,0.55,55.00000000000001,10,73.8,NA
6_Marini_UNIPD03 CD14_2020,18,30,0.6000000000000001,60.00000000000001,11,78.93333333333334,NA
6_Marini_UNIPD03 CD14_2020,18,30,0.6500000000000001,65.00000000000001,12,80.6,NA
6_Marini_UNIPD03 CD14_2020,18,30,0.7000000000000001,70,13,87.86666666666667,NA
6_Marini_UNIPD03 CD14_2020,18,30,0.7500000000000001,75.00000000000001,14,84.06666666666666,NA
6_Marini_UNIPD03 CD14_2020,18,30,0.8,80,15,91.4,NA
6_Marini_UNIPD03 CD14_2020,18,30,0.8500000000000001,85.00000000000001,16,93.93333333333334,NA
6_Marini_UNIPD03 CD14_2020,18,30,0.9000000000000001,90.00000000000001,17,96.13333333333334,NA
6_Marini_UNIPD03 CD14_2020,18,30,0.9500000000000001,95,18,100,NA
6_Marini_UNIPD03 CD14_2020,18,30,1,100,18,100,NA
6_Marini_UNIPD03 CD15_2020,24,43,0.05,5,2,19.953488372093023,NA
6_Marini_UNIPD03 CD15_2020,24,43,0.1,10,3,27.767441860465116,NA
6_Marini_UNIPD03 CD15_2020,24,43,0.15000000000000002,15.000000000000002,4,33.95348837209302,NA
6_Marini_UNIPD03 CD15_2020,24,43,0.2,20,5,38.325581395348834,NA
6_Marini_UNIPD03 CD15_2020,24,43,0.25,25,6,46.55813953488372,NA
6_Marini_UNIPD03 CD15_2020,24,43,0.3,30,8,52.51162790697674,NA
6_Marini_UNIPD03 CD15_2020,24,43,0.35000000000000003,35,9,57.674418604651166,NA
6_Marini_UNIPD03 CD15_2020,24,43,0.4,40,10,63.81395348837209,NA
6_Marini_UNIPD03 CD15_2020,24,43,0.45,45,11,61.58139534883721,NA
6_Marini_UNIPD03 CD15_2020,24,43,0.5,50,12,66,NA
6_Marini_UNIPD03 CD15_2020,24,43,0.55,55.00000000000001,14,74.18604651162791,NA
6_Marini_UNIPD03 CD15_2020,24,43,0.6000000000000001,60.00000000000001,15,79.02325581395348,NA
6_Marini_UNIPD03 CD15_2020,24,43,0.6500000000000001,65.00000000000001,16,78.65116279069768,NA
6_Marini_UNIPD03 CD15_2020,24,43,0.7000000000000001,70,17,82.88372093023256,NA
6_Marini_UNIPD03 CD15_2020,24,43,0.7500000000000001,75.00000000000001,19,86.09302325581396,NA
6_Marini_UNIPD03 CD15_2020,24,43,0.8,80,20,90.18604651162791,NA
6_Marini_UNIPD03 CD15_2020,24,43,0.8500000000000001,85.00000000000001,21,92.97674418604652,NA
6_Marini_UNIPD03 CD15_2020,24,43,0.9000000000000001,90.00000000000001,22,94.74418604651163,NA
6_Marini_UNIPD03 CD15_2020,24,43,0.9500000000000001,95,23,94.69767441860465,NA
6_Marini_UNIPD03 CD15_2020,24,43,1,100,24,97.67441860465117,NA
6_Marini_UNIPD03 CD16_2020,26,52,0.05,5,2,16.96153846153846,NA
6_Marini_UNIPD03 CD16_2020,26,52,0.1,10,3,21.23076923076923,NA
6_Marini_UNIPD03 CD16_2020,26,52,0.15000000000000002,15.000000000000002,4,29.46153846153846,NA
6_Marini_UNIPD03 CD16_2020,26,52,0.2,20,6,39,NA
6_Marini_UNIPD03 CD16_2020,26,52,0.25,25,7,45.07692307692308,NA
6_Marini_UNIPD03 CD16_2020,26,52,0.3,30,8,50.96153846153846,NA
6_Marini_UNIPD03 CD16_2020,26,52,0.35000000000000003,35,10,56.88461538461539,NA
6_Marini_UNIPD03 CD16_2020,26,52,0.4,40,11,63.30769230769231,NA
6_Marini_UNIPD03 CD16_2020,26,52,0.45,45,12,66.26923076923077,NA
6_Marini_UNIPD03 CD16_2020,26,52,0.5,50,13,66.46153846153847,NA
6_Marini_UNIPD03 CD16_2020,26,52,0.55,55.00000000000001,15,72.96153846153847,NA
6_Marini_UNIPD03 CD16_2020,26,52,0.6000000000000001,60.00000000000001,16,79.76923076923077,NA
6_Marini_UNIPD03 CD16_2020,26,52,0.6500000000000001,65.00000000000001,17,82.23076923076923,NA
6_Marini_UNIPD03 CD16_2020,26,52,0.7000000000000001,70,19,83.57692307692308,NA
6_Marini_UNIPD03 CD16_2020,26,52,0.7500000000000001,75.00000000000001,20,86.07692307692308,NA
6_Marini_UNIPD03 CD16_2020,26,52,0.8,80,21,88.38461538461539,NA
6_Marini_UNIPD03 CD16_2020,26,52,0.8500000000000001,85.00000000000001,23,92.96153846153847,NA
6_Marini_UNIPD03 CD16_2020,26,52,0.9000000000000001,90.00000000000001,24,96.26923076923077,NA
6_Marini_UNIPD03 CD16_2020,26,52,0.9500000000000001,95,25,98.15384615384616,NA
6_Marini_UNIPD03 CD16_2020,26,52,1,100,26,100,NA
6_Marini_UNIPD03 CD17_2020,27,51,0.05,5,2,15.607843137254902,NA
6_Marini_UNIPD03 CD17_2020,27,51,0.1,10,3,24.235294117647058,NA
6_Marini_UNIPD03 CD17_2020,27,51,0.15000000000000002,15.000000000000002,5,34.19607843137255,NA
6_Marini_UNIPD03 CD17_2020,27,51,0.2,20,6,39.333333333333336,NA
6_Marini_UNIPD03 CD17_2020,27,51,0.25,25,7,45.411764705882355,NA
6_Marini_UNIPD03 CD17_2020,27,51,0.3,30,9,50.27450980392157,NA
6_Marini_UNIPD03 CD17_2020,27,51,0.35000000000000003,35,10,54.98039215686274,NA
6_Marini_UNIPD03 CD17_2020,27,51,0.4,40,11,57.92156862745098,NA
6_Marini_UNIPD03 CD17_2020,27,51,0.45,45,13,65.41176470588235,NA
6_Marini_UNIPD03 CD17_2020,27,51,0.5,50,14,69.9607843137255,NA
6_Marini_UNIPD03 CD17_2020,27,51,0.55,55.00000000000001,15,71.72549019607843,NA
6_Marini_UNIPD03 CD17_2020,27,51,0.6000000000000001,60.00000000000001,17,77.9607843137255,NA
6_Marini_UNIPD03 CD17_2020,27,51,0.6500000000000001,65.00000000000001,18,81.05882352941177,NA
6_Marini_UNIPD03 CD17_2020,27,51,0.7000000000000001,70,19,81.64705882352942,NA
6_Marini_UNIPD03 CD17_2020,27,51,0.7500000000000001,75.00000000000001,21,87.33333333333334,NA
6_Marini_UNIPD03 CD17_2020,27,51,0.8,80,22,90,NA
6_Marini_UNIPD03 CD17_2020,27,51,0.8500000000000001,85.00000000000001,23,92.7843137254902,NA
6_Marini_UNIPD03 CD17_2020,27,51,0.9000000000000001,90.00000000000001,25,96.31372549019608,NA
6_Marini_UNIPD03 CD17_2020,27,51,0.9500000000000001,95,26,97.6078431372549,NA
6_Marini_UNIPD03 CD17_2020,27,51,1,100,27,100,NA
6_Marini_UNIPD03 CD20_2020,17,44,0.05,5,1,12.454545454545455,NA
6_Marini_UNIPD03 CD20_2020,17,44,0.1,10,2,19.18181818181818,NA
6_Marini_UNIPD03 CD20_2020,17,44,0.15000000000000002,15.000000000000002,3,30.40909090909091,NA
6_Marini_UNIPD03 CD20_2020,17,44,0.2,20,4,35,NA
6_Marini_UNIPD03 CD20_2020,17,44,0.25,25,5,44,NA
6_Marini_UNIPD03 CD20_2020,17,44,0.3,30,6,52.31818181818182,NA
6_Marini_UNIPD03 CD20_2020,17,44,0.35000000000000003,35,6,48.54545454545455,NA
6_Marini_UNIPD03 CD20_2020,17,44,0.4,40,7,53.45454545454545,NA
6_Marini_UNIPD03 CD20_2020,17,44,0.45,45,8,62.45454545454545,NA
6_Marini_UNIPD03 CD20_2020,17,44,0.5,50,9,67.0909090909091,NA
6_Marini_UNIPD03 CD20_2020,17,44,0.55,55.00000000000001,10,68.9090909090909,NA
6_Marini_UNIPD03 CD20_2020,17,44,0.6000000000000001,60.00000000000001,11,71.81818181818181,NA
6_Marini_UNIPD03 CD20_2020,17,44,0.6500000000000001,65.00000000000001,12,81.9090909090909,NA
6_Marini_UNIPD03 CD20_2020,17,44,0.7000000000000001,70,12,76.54545454545455,NA
6_Marini_UNIPD03 CD20_2020,17,44,0.7500000000000001,75.00000000000001,13,81,NA
6_Marini_UNIPD03 CD20_2020,17,44,0.8,80,14,87.31818181818181,NA
6_Marini_UNIPD03 CD20_2020,17,44,0.8500000000000001,85.00000000000001,15,89.18181818181819,NA
6_Marini_UNIPD03 CD20_2020,17,44,0.9000000000000001,90.00000000000001,16,93.68181818181819,NA
6_Marini_UNIPD03 CD20_2020,17,44,0.9500000000000001,95,17,97.72727272727273,NA
6_Marini_UNIPD03 CD20_2020,17,44,1,100,17,97.72727272727273,NA
6_Marini_UNIPD03 CD22_2020,22,24,0.05,5,2,23.666666666666668,NA
6_Marini_UNIPD03 CD22_2020,22,24,0.1,10,3,33.5,NA
6_Marini_UNIPD03 CD22_2020,22,24,0.15000000000000002,15.000000000000002,4,38.833333333333336,NA
6_Marini_UNIPD03 CD22_2020,22,24,0.2,20,5,49.166666666666664,NA
6_Marini_UNIPD03 CD22_2020,22,24,0.25,25,6,51.166666666666664,NA
6_Marini_UNIPD03 CD22_2020,22,24,0.3,30,7,59.5,NA
6_Marini_UNIPD03 CD22_2020,22,24,0.35000000000000003,35,8,60.333333333333336,NA
6_Marini_UNIPD03 CD22_2020,22,24,0.4,40,9,67.91666666666667,NA
6_Marini_UNIPD03 CD22_2020,22,24,0.45,45,10,67.83333333333333,NA
6_Marini_UNIPD03 CD22_2020,22,24,0.5,50,11,73.33333333333333,NA
6_Marini_UNIPD03 CD22_2020,22,24,0.55,55.00000000000001,13,80.16666666666667,NA
6_Marini_UNIPD03 CD22_2020,22,24,0.6000000000000001,60.00000000000001,14,81.91666666666667,NA
6_Marini_UNIPD03 CD22_2020,22,24,0.6500000000000001,65.00000000000001,15,84.25,NA
6_Marini_UNIPD03 CD22_2020,22,24,0.7000000000000001,70,16,88,NA
6_Marini_UNIPD03 CD22_2020,22,24,0.7500000000000001,75.00000000000001,17,90.91666666666667,NA
6_Marini_UNIPD03 CD22_2020,22,24,0.8,80,18,92.33333333333333,NA
6_Marini_UNIPD03 CD22_2020,22,24,0.8500000000000001,85.00000000000001,19,95.33333333333333,NA
6_Marini_UNIPD03 CD22_2020,22,24,0.9000000000000001,90.00000000000001,20,97.16666666666667,NA
6_Marini_UNIPD03 CD22_2020,22,24,0.9500000000000001,95,21,98.25,NA
6_Marini_UNIPD03 CD22_2020,22,24,1,100,22,100,NA
6_Marini_UNIPD03 CD23_2020,23,39,0.05,5,2,22.461538461538463,NA
6_Marini_UNIPD03 CD23_2020,23,39,0.1,10,3,30.307692307692307,NA
6_Marini_UNIPD03 CD23_2020,23,39,0.15000000000000002,15.000000000000002,4,37.23076923076923,NA
6_Marini_UNIPD03 CD23_2020,23,39,0.2,20,5,40.41025641025641,NA
6_Marini_UNIPD03 CD23_2020,23,39,0.25,25,6,49.12820512820513,NA
6_Marini_UNIPD03 CD23_2020,23,39,0.3,30,7,50.76923076923077,NA
6_Marini_UNIPD03 CD23_2020,23,39,0.35000000000000003,35,9,61.743589743589745,NA
6_Marini_UNIPD03 CD23_2020,23,39,0.4,40,10,65.6923076923077,NA
6_Marini_UNIPD03 CD23_2020,23,39,0.45,45,11,69.8974358974359,NA
6_Marini_UNIPD03 CD23_2020,23,39,0.5,50,12,70.56410256410257,NA
6_Marini_UNIPD03 CD23_2020,23,39,0.55,55.00000000000001,13,76.66666666666667,NA
6_Marini_UNIPD03 CD23_2020,23,39,0.6000000000000001,60.00000000000001,14,77.7948717948718,NA
6_Marini_UNIPD03 CD23_2020,23,39,0.6500000000000001,65.00000000000001,15,81.33333333333333,NA
6_Marini_UNIPD03 CD23_2020,23,39,0.7000000000000001,70,17,86.87179487179488,NA
6_Marini_UNIPD03 CD23_2020,23,39,0.7500000000000001,75.00000000000001,18,88.97435897435898,NA
6_Marini_UNIPD03 CD23_2020,23,39,0.8,80,19,90.76923076923077,NA
6_Marini_UNIPD03 CD23_2020,23,39,0.8500000000000001,85.00000000000001,20,93.23076923076923,NA
6_Marini_UNIPD03 CD23_2020,23,39,0.9000000000000001,90.00000000000001,21,96,NA
6_Marini_UNIPD03 CD23_2020,23,39,0.9500000000000001,95,22,97.94871794871796,NA
6_Marini_UNIPD03 CD23_2020,23,39,1,100,23,100,NA
6_Marini_UNIPD03 CD26_2020,11,26,0.05,5,1,15.384615384615385,NA
6_Marini_UNIPD03 CD26_2020,11,26,0.1,10,2,25.846153846153847,NA
6_Marini_UNIPD03 CD26_2020,11,26,0.15000000000000002,15.000000000000002,2,28.538461538461537,NA
6_Marini_UNIPD03 CD26_2020,11,26,0.2,20,3,34.23076923076923,NA
6_Marini_UNIPD03 CD26_2020,11,26,0.25,25,3,37.23076923076923,NA
6_Marini_UNIPD03 CD26_2020,11,26,0.3,30,4,43.61538461538461,NA
6_Marini_UNIPD03 CD26_2020,11,26,0.35000000000000003,35,4,41.69230769230769,NA
6_Marini_UNIPD03 CD26_2020,11,26,0.4,40,5,52.07692307692308,NA
6_Marini_UNIPD03 CD26_2020,11,26,0.45,45,5,49.84615384615385,NA
6_Marini_UNIPD03 CD26_2020,11,26,0.5,50,6,57.53846153846154,NA
6_Marini_UNIPD03 CD26_2020,11,26,0.55,55.00000000000001,7,64,NA
6_Marini_UNIPD03 CD26_2020,11,26,0.6000000000000001,60.00000000000001,7,63.30769230769231,NA
6_Marini_UNIPD03 CD26_2020,11,26,0.6500000000000001,65.00000000000001,8,69.3076923076923,NA
6_Marini_UNIPD03 CD26_2020,11,26,0.7000000000000001,70,8,68.07692307692308,NA
6_Marini_UNIPD03 CD26_2020,11,26,0.7500000000000001,75.00000000000001,9,74.38461538461539,NA
6_Marini_UNIPD03 CD26_2020,11,26,0.8,80,9,73.53846153846153,NA
6_Marini_UNIPD03 CD26_2020,11,26,0.8500000000000001,85.00000000000001,10,79.23076923076923,NA
6_Marini_UNIPD03 CD26_2020,11,26,0.9000000000000001,90.00000000000001,10,79.84615384615384,NA
6_Marini_UNIPD03 CD26_2020,11,26,0.9500000000000001,95,11,84.61538461538461,NA
6_Marini_UNIPD03 CD26_2020,11,26,1,100,11,84.61538461538461,NA
6_Marini_UNIPD03 CD27_2020,23,34,0.05,5,2,23.764705882352942,NA
6_Marini_UNIPD03 CD27_2020,23,34,0.1,10,3,30.235294117647058,NA
6_Marini_UNIPD03 CD27_2020,23,34,0.15000000000000002,15.000000000000002,4,35.470588235294116,NA
6_Marini_UNIPD03 CD27_2020,23,34,0.2,20,5,44.76470588235294,NA
6_Marini_UNIPD03 CD27_2020,23,34,0.25,25,6,48.529411764705884,NA
6_Marini_UNIPD03 CD27_2020,23,34,0.3,30,7,50.470588235294116,NA
6_Marini_UNIPD03 CD27_2020,23,34,0.35000000000000003,35,9,61.76470588235294,NA
6_Marini_UNIPD03 CD27_2020,23,34,0.4,40,10,67.3529411764706,NA
6_Marini_UNIPD03 CD27_2020,23,34,0.45,45,11,66.17647058823529,NA
6_Marini_UNIPD03 CD27_2020,23,34,0.5,50,12,72.6470588235294,NA
6_Marini_UNIPD03 CD27_2020,23,34,0.55,55.00000000000001,13,77.17647058823529,NA
6_Marini_UNIPD03 CD27_2020,23,34,0.6000000000000001,60.00000000000001,14,79.58823529411765,NA
6_Marini_UNIPD03 CD27_2020,23,34,0.6500000000000001,65.00000000000001,15,84.23529411764706,NA
6_Marini_UNIPD03 CD27_2020,23,34,0.7000000000000001,70,17,89.3529411764706,NA
6_Marini_UNIPD03 CD27_2020,23,34,0.7500000000000001,75.00000000000001,18,90.11764705882354,NA
6_Marini_UNIPD03 CD27_2020,23,34,0.8,80,19,90.05882352941177,NA
6_Marini_UNIPD03 CD27_2020,23,34,0.8500000000000001,85.00000000000001,20,95.11764705882354,NA
6_Marini_UNIPD03 CD27_2020,23,34,0.9000000000000001,90.00000000000001,21,95.3529411764706,NA
6_Marini_UNIPD03 CD27_2020,23,34,0.9500000000000001,95,22,97.6470588235294,NA
6_Marini_UNIPD03 CD27_2020,23,34,1,100,23,100,NA
6_Marini_UNIPD03 CD28_2020,27,42,0.05,5,2,18.571428571428573,NA
6_Marini_UNIPD03 CD28_2020,27,42,0.1,10,3,25.80952380952381,NA
6_Marini_UNIPD03 CD28_2020,27,42,0.15000000000000002,15.000000000000002,5,36.904761904761905,NA
6_Marini_UNIPD03 CD28_2020,27,42,0.2,20,6,40.285714285714285,NA
6_Marini_UNIPD03 CD28_2020,27,42,0.25,25,7,48.80952380952381,NA
6_Marini_UNIPD03 CD28_2020,27,42,0.3,30,9,54.904761904761905,NA
6_Marini_UNIPD03 CD28_2020,27,42,0.35000000000000003,35,10,57.714285714285715,NA
6_Marini_UNIPD03 CD28_2020,27,42,0.4,40,11,61.761904761904766,NA
6_Marini_UNIPD03 CD28_2020,27,42,0.45,45,13,64.57142857142857,NA
6_Marini_UNIPD03 CD28_2020,27,42,0.5,50,14,70.28571428571429,NA
6_Marini_UNIPD03 CD28_2020,27,42,0.55,55.00000000000001,15,69.33333333333333,NA
6_Marini_UNIPD03 CD28_2020,27,42,0.6000000000000001,60.00000000000001,17,76.90476190476191,NA
6_Marini_UNIPD03 CD28_2020,27,42,0.6500000000000001,65.00000000000001,18,79.04761904761905,NA
6_Marini_UNIPD03 CD28_2020,27,42,0.7000000000000001,70,19,80.57142857142857,NA
6_Marini_UNIPD03 CD28_2020,27,42,0.7500000000000001,75.00000000000001,21,84.33333333333333,NA
6_Marini_UNIPD03 CD28_2020,27,42,0.8,80,22,87.52380952380952,NA
6_Marini_UNIPD03 CD28_2020,27,42,0.8500000000000001,85.00000000000001,23,88.52380952380953,NA
6_Marini_UNIPD03 CD28_2020,27,42,0.9000000000000001,90.00000000000001,25,92.95238095238096,NA
6_Marini_UNIPD03 CD28_2020,27,42,0.9500000000000001,95,26,94.28571428571429,NA
6_Marini_UNIPD03 CD28_2020,27,42,1,100,27,95.23809523809524,NA
6_Marini_UNIPD03 CD29_2020,21,35,0.05,5,2,22.17142857142857,NA
6_Marini_UNIPD03 CD29_2020,21,35,0.1,10,3,31.37142857142857,NA
6_Marini_UNIPD03 CD29_2020,21,35,0.15000000000000002,15.000000000000002,4,34.51428571428571,NA
6_Marini_UNIPD03 CD29_2020,21,35,0.2,20,5,43.65714285714286,NA
6_Marini_UNIPD03 CD29_2020,21,35,0.25,25,6,48.51428571428571,NA
6_Marini_UNIPD03 CD29_2020,21,35,0.3,30,7,55.542857142857144,NA
6_Marini_UNIPD03 CD29_2020,21,35,0.35000000000000003,35,8,60.05714285714286,NA
6_Marini_UNIPD03 CD29_2020,21,35,0.4,40,9,63.6,NA
6_Marini_UNIPD03 CD29_2020,21,35,0.45,45,10,67.31428571428572,NA
6_Marini_UNIPD03 CD29_2020,21,35,0.5,50,11,69.65714285714286,NA
6_Marini_UNIPD03 CD29_2020,21,35,0.55,55.00000000000001,12,74.85714285714286,NA
6_Marini_UNIPD03 CD29_2020,21,35,0.6000000000000001,60.00000000000001,13,75.65714285714286,NA
6_Marini_UNIPD03 CD29_2020,21,35,0.6500000000000001,65.00000000000001,14,83.31428571428572,NA
6_Marini_UNIPD03 CD29_2020,21,35,0.7000000000000001,70,15,84.28571428571429,NA
6_Marini_UNIPD03 CD29_2020,21,35,0.7500000000000001,75.00000000000001,16,87.54285714285714,NA
6_Marini_UNIPD03 CD29_2020,21,35,0.8,80,17,90.91428571428571,NA
6_Marini_UNIPD03 CD29_2020,21,35,0.8500000000000001,85.00000000000001,18,93.08571428571429,NA
6_Marini_UNIPD03 CD29_2020,21,35,0.9000000000000001,90.00000000000001,19,95.88571428571429,NA
6_Marini_UNIPD03 CD29_2020,21,35,0.9500000000000001,95,20,98.28571428571429,NA
6_Marini_UNIPD03 CD29_2020,21,35,1,100,21,100,NA
6_Marini_UNIPD03 CD2_2020,10,22,0.05,5,1,17.18181818181818,NA
6_Marini_UNIPD03 CD2_2020,10,22,0.1,10,1,18.545454545454547,NA
6_Marini_UNIPD03 CD2_2020,10,22,0.15000000000000002,15.000000000000002,2,31.09090909090909,NA
6_Marini_UNIPD03 CD2_2020,10,22,0.2,20,2,33.54545454545455,NA
6_Marini_UNIPD03 CD2_2020,10,22,0.25,25,3,45.27272727272727,NA
6_Marini_UNIPD03 CD2_2020,10,22,0.3,30,3,45,NA
6_Marini_UNIPD03 CD2_2020,10,22,0.35000000000000003,35,4,58.81818181818182,NA
6_Marini_UNIPD03 CD2_2020,10,22,0.4,40,4,57.54545454545455,NA
6_Marini_UNIPD03 CD2_2020,10,22,0.45,45,5,64.54545454545455,NA
6_Marini_UNIPD03 CD2_2020,10,22,0.5,50,5,67.18181818181819,NA
6_Marini_UNIPD03 CD2_2020,10,22,0.55,55.00000000000001,6,74.72727272727272,NA
6_Marini_UNIPD03 CD2_2020,10,22,0.6000000000000001,60.00000000000001,7,83.45454545454545,NA
6_Marini_UNIPD03 CD2_2020,10,22,0.6500000000000001,65.00000000000001,7,81.54545454545455,NA
6_Marini_UNIPD03 CD2_2020,10,22,0.7000000000000001,70,8,85.63636363636363,NA
6_Marini_UNIPD03 CD2_2020,10,22,0.7500000000000001,75.00000000000001,8,86.0909090909091,NA
6_Marini_UNIPD03 CD2_2020,10,22,0.8,80,8,87.81818181818181,NA
6_Marini_UNIPD03 CD2_2020,10,22,0.8500000000000001,85.00000000000001,9,91.72727272727272,NA
6_Marini_UNIPD03 CD2_2020,10,22,0.9000000000000001,90.00000000000001,10,95.45454545454545,NA
6_Marini_UNIPD03 CD2_2020,10,22,0.9500000000000001,95,10,95.45454545454545,NA
6_Marini_UNIPD03 CD2_2020,10,22,1,100,10,95.45454545454545,NA
6_Marini_UNIPD03 CD34_2020,14,45,0.05,5,1,12.133333333333333,NA
6_Marini_UNIPD03 CD34_2020,14,45,0.1,10,2,21.022222222222222,NA
6_Marini_UNIPD03 CD34_2020,14,45,0.15000000000000002,15.000000000000002,3,31.91111111111111,NA
6_Marini_UNIPD03 CD34_2020,14,45,0.2,20,3,28.88888888888889,NA
6_Marini_UNIPD03 CD34_2020,14,45,0.25,25,4,42.62222222222222,NA
6_Marini_UNIPD03 CD34_2020,14,45,0.3,30,5,49.644444444444446,NA
6_Marini_UNIPD03 CD34_2020,14,45,0.35000000000000003,35,5,52.266666666666666,NA
6_Marini_UNIPD03 CD34_2020,14,45,0.4,40,6,57.51111111111111,NA
6_Marini_UNIPD03 CD34_2020,14,45,0.45,45,7,65.46666666666667,NA
6_Marini_UNIPD03 CD34_2020,14,45,0.5,50,7,63.2,NA
6_Marini_UNIPD03 CD34_2020,14,45,0.55,55.00000000000001,8,70.4,NA
6_Marini_UNIPD03 CD34_2020,14,45,0.6000000000000001,60.00000000000001,9,75.33333333333333,NA
6_Marini_UNIPD03 CD34_2020,14,45,0.6500000000000001,65.00000000000001,10,81.77777777777777,NA
6_Marini_UNIPD03 CD34_2020,14,45,0.7000000000000001,70,10,82,NA
6_Marini_UNIPD03 CD34_2020,14,45,0.7500000000000001,75.00000000000001,11,82.97777777777777,NA
6_Marini_UNIPD03 CD34_2020,14,45,0.8,80,12,90.48888888888888,NA
6_Marini_UNIPD03 CD34_2020,14,45,0.8500000000000001,85.00000000000001,12,93.6,NA
6_Marini_UNIPD03 CD34_2020,14,45,0.9000000000000001,90.00000000000001,13,95.6,NA
6_Marini_UNIPD03 CD34_2020,14,45,0.9500000000000001,95,14,100,NA
6_Marini_UNIPD03 CD34_2020,14,45,1,100,14,100,NA
6_Marini_UNIPD03 D11_2020,13,28,0.05,5,1,16.642857142857142,NA
6_Marini_UNIPD03 D11_2020,13,28,0.1,10,2,28.642857142857142,NA
6_Marini_UNIPD03 D11_2020,13,28,0.15000000000000002,15.000000000000002,2,24.928571428571427,NA
6_Marini_UNIPD03 D11_2020,13,28,0.2,20,3,38.07142857142857,NA
6_Marini_UNIPD03 D11_2020,13,28,0.25,25,4,50.07142857142857,NA
6_Marini_UNIPD03 D11_2020,13,28,0.3,30,4,50.857142857142854,NA
6_Marini_UNIPD03 D11_2020,13,28,0.35000000000000003,35,5,59.42857142857143,NA
6_Marini_UNIPD03 D11_2020,13,28,0.4,40,6,61.07142857142857,NA
6_Marini_UNIPD03 D11_2020,13,28,0.45,45,6,66.85714285714286,NA
6_Marini_UNIPD03 D11_2020,13,28,0.5,50,7,76,NA
6_Marini_UNIPD03 D11_2020,13,28,0.55,55.00000000000001,8,77.21428571428572,NA
6_Marini_UNIPD03 D11_2020,13,28,0.6000000000000001,60.00000000000001,8,77.64285714285714,NA
6_Marini_UNIPD03 D11_2020,13,28,0.6500000000000001,65.00000000000001,9,83.21428571428571,NA
6_Marini_UNIPD03 D11_2020,13,28,0.7000000000000001,70,10,87.71428571428571,NA
6_Marini_UNIPD03 D11_2020,13,28,0.7500000000000001,75.00000000000001,10,88.14285714285714,NA
6_Marini_UNIPD03 D11_2020,13,28,0.8,80,11,93.28571428571429,NA
6_Marini_UNIPD03 D11_2020,13,28,0.8500000000000001,85.00000000000001,12,96.85714285714286,NA
6_Marini_UNIPD03 D11_2020,13,28,0.9000000000000001,90.00000000000001,12,96.57142857142857,NA
6_Marini_UNIPD03 D11_2020,13,28,0.9500000000000001,95,13,100,NA
6_Marini_UNIPD03 D11_2020,13,28,1,100,13,100,NA
6_Marini_UNIPD03 D17_2020,10,26,0.05,5,1,13.76923076923077,NA
6_Marini_UNIPD03 D17_2020,10,26,0.1,10,1,17.153846153846153,NA
6_Marini_UNIPD03 D17_2020,10,26,0.15000000000000002,15.000000000000002,2,30.307692307692307,NA
6_Marini_UNIPD03 D17_2020,10,26,0.2,20,2,31.46153846153846,NA
6_Marini_UNIPD03 D17_2020,10,26,0.25,25,3,46.07692307692308,NA
6_Marini_UNIPD03 D17_2020,10,26,0.3,30,3,43.76923076923077,NA
6_Marini_UNIPD03 D17_2020,10,26,0.35000000000000003,35,4,53.84615384615385,NA
6_Marini_UNIPD03 D17_2020,10,26,0.4,40,4,54.30769230769231,NA
6_Marini_UNIPD03 D17_2020,10,26,0.45,45,5,62.30769230769231,NA
6_Marini_UNIPD03 D17_2020,10,26,0.5,50,5,63.15384615384615,NA
6_Marini_UNIPD03 D17_2020,10,26,0.55,55.00000000000001,6,69.6923076923077,NA
6_Marini_UNIPD03 D17_2020,10,26,0.6000000000000001,60.00000000000001,7,77.23076923076923,NA
6_Marini_UNIPD03 D17_2020,10,26,0.6500000000000001,65.00000000000001,7,79.38461538461539,NA
6_Marini_UNIPD03 D17_2020,10,26,0.7000000000000001,70,8,83.53846153846155,NA
6_Marini_UNIPD03 D17_2020,10,26,0.7500000000000001,75.00000000000001,8,86.61538461538461,NA
6_Marini_UNIPD03 D17_2020,10,26,0.8,80,8,82.76923076923077,NA
6_Marini_UNIPD03 D17_2020,10,26,0.8500000000000001,85.00000000000001,9,95.07692307692308,NA
6_Marini_UNIPD03 D17_2020,10,26,0.9000000000000001,90.00000000000001,10,100,NA
6_Marini_UNIPD03 D17_2020,10,26,0.9500000000000001,95,10,100,NA
6_Marini_UNIPD03 D17_2020,10,26,1,100,10,100,NA
6_Marini_UNIPD03 D21_2020,11,23,0.05,5,1,18.08695652173913,NA
6_Marini_UNIPD03 D21_2020,11,23,0.1,10,2,34.08695652173913,NA
6_Marini_UNIPD03 D21_2020,11,23,0.15000000000000002,15.000000000000002,2,34.17391304347826,NA
6_Marini_UNIPD03 D21_2020,11,23,0.2,20,3,45.65217391304348,NA
6_Marini_UNIPD03 D21_2020,11,23,0.25,25,3,48.17391304347826,NA
6_Marini_UNIPD03 D21_2020,11,23,0.3,30,4,53.47826086956522,NA
6_Marini_UNIPD03 D21_2020,11,23,0.35000000000000003,35,4,52.43478260869565,NA
6_Marini_UNIPD03 D21_2020,11,23,0.4,40,5,66,NA
6_Marini_UNIPD03 D21_2020,11,23,0.45,45,5,60.34782608695652,NA
6_Marini_UNIPD03 D21_2020,11,23,0.5,50,6,70.17391304347827,NA
6_Marini_UNIPD03 D21_2020,11,23,0.55,55.00000000000001,7,76.8695652173913,NA
6_Marini_UNIPD03 D21_2020,11,23,0.6000000000000001,60.00000000000001,7,76.52173913043478,NA
6_Marini_UNIPD03 D21_2020,11,23,0.6500000000000001,65.00000000000001,8,83.30434782608695,NA
6_Marini_UNIPD03 D21_2020,11,23,0.7000000000000001,70,8,84.78260869565217,NA
6_Marini_UNIPD03 D21_2020,11,23,0.7500000000000001,75.00000000000001,9,86.26086956521739,NA
6_Marini_UNIPD03 D21_2020,11,23,0.8,80,9,86,NA
6_Marini_UNIPD03 D21_2020,11,23,0.8500000000000001,85.00000000000001,10,91.3913043478261,NA
6_Marini_UNIPD03 D21_2020,11,23,0.9000000000000001,90.00000000000001,10,91.30434782608695,NA
6_Marini_UNIPD03 D21_2020,11,23,0.9500000000000001,95,11,95.65217391304348,NA
6_Marini_UNIPD03 D21_2020,11,23,1,100,11,95.65217391304348,NA
6_Marini_UNIPD03 D24_2020,17,33,0.05,5,1,16.78787878787879,NA
6_Marini_UNIPD03 D24_2020,17,33,0.1,10,2,25.636363636363637,NA
6_Marini_UNIPD03 D24_2020,17,33,0.15000000000000002,15.000000000000002,3,39.63636363636363,NA
6_Marini_UNIPD03 D24_2020,17,33,0.2,20,4,45.87878787878788,NA
6_Marini_UNIPD03 D24_2020,17,33,0.25,25,5,51.45454545454545,NA
6_Marini_UNIPD03 D24_2020,17,33,0.3,30,6,58.06060606060606,NA
6_Marini_UNIPD03 D24_2020,17,33,0.35000000000000003,35,6,62.666666666666664,NA
6_Marini_UNIPD03 D24_2020,17,33,0.4,40,7,65.63636363636364,NA
6_Marini_UNIPD03 D24_2020,17,33,0.45,45,8,68.72727272727273,NA
6_Marini_UNIPD03 D24_2020,17,33,0.5,50,9,74.84848484848484,NA
6_Marini_UNIPD03 D24_2020,17,33,0.55,55.00000000000001,10,77.27272727272727,NA
6_Marini_UNIPD03 D24_2020,17,33,0.6000000000000001,60.00000000000001,11,80.18181818181819,NA
6_Marini_UNIPD03 D24_2020,17,33,0.6500000000000001,65.00000000000001,12,84.06060606060606,NA
6_Marini_UNIPD03 D24_2020,17,33,0.7000000000000001,70,12,85.0909090909091,NA
6_Marini_UNIPD03 D24_2020,17,33,0.7500000000000001,75.00000000000001,13,87.51515151515152,NA
6_Marini_UNIPD03 D24_2020,17,33,0.8,80,14,90.66666666666666,NA
6_Marini_UNIPD03 D24_2020,17,33,0.8500000000000001,85.00000000000001,15,94.72727272727272,NA
6_Marini_UNIPD03 D24_2020,17,33,0.9000000000000001,90.00000000000001,16,96.84848484848484,NA
6_Marini_UNIPD03 D24_2020,17,33,0.9500000000000001,95,17,100,NA
6_Marini_UNIPD03 D24_2020,17,33,1,100,17,100,NA
6_Marini_UNIPD03 D28_2020,19,32,0.05,5,1,9.4375,NA
6_Marini_UNIPD03 D28_2020,19,32,0.1,10,2,15.5,NA
6_Marini_UNIPD03 D28_2020,19,32,0.15000000000000002,15.000000000000002,3,27.875,NA
6_Marini_UNIPD03 D28_2020,19,32,0.2,20,4,30.6875,NA
6_Marini_UNIPD03 D28_2020,19,32,0.25,25,5,37.1875,NA
6_Marini_UNIPD03 D28_2020,19,32,0.3,30,6,42.625,NA
6_Marini_UNIPD03 D28_2020,19,32,0.35000000000000003,35,7,49.875,NA
6_Marini_UNIPD03 D28_2020,19,32,0.4,40,8,55.1875,NA
6_Marini_UNIPD03 D28_2020,19,32,0.45,45,9,55.625,NA
6_Marini_UNIPD03 D28_2020,19,32,0.5,50,10,61.3125,NA
6_Marini_UNIPD03 D28_2020,19,32,0.55,55.00000000000001,11,66.8125,NA
6_Marini_UNIPD03 D28_2020,19,32,0.6000000000000001,60.00000000000001,12,71.0625,NA
6_Marini_UNIPD03 D28_2020,19,32,0.6500000000000001,65.00000000000001,13,76.1875,NA
6_Marini_UNIPD03 D28_2020,19,32,0.7000000000000001,70,14,77.0625,NA
6_Marini_UNIPD03 D28_2020,19,32,0.7500000000000001,75.00000000000001,15,85,NA
6_Marini_UNIPD03 D28_2020,19,32,0.8,80,16,88.3125,NA
6_Marini_UNIPD03 D28_2020,19,32,0.8500000000000001,85.00000000000001,17,90.75,NA
6_Marini_UNIPD03 D28_2020,19,32,0.9000000000000001,90.00000000000001,18,93.125,NA
6_Marini_UNIPD03 D28_2020,19,32,0.9500000000000001,95,19,96.875,NA
6_Marini_UNIPD03 D28_2020,19,32,1,100,19,96.875,NA
6_Marini_UNIPD03 D29_2020,15,28,0.05,5,1,12.714285714285714,NA
6_Marini_UNIPD03 D29_2020,15,28,0.1,10,2,23.357142857142858,NA
6_Marini_UNIPD03 D29_2020,15,28,0.15000000000000002,15.000000000000002,3,34.92857142857143,NA
6_Marini_UNIPD03 D29_2020,15,28,0.2,20,3,33.57142857142857,NA
6_Marini_UNIPD03 D29_2020,15,28,0.25,25,4,45.5,NA
6_Marini_UNIPD03 D29_2020,15,28,0.3,30,5,52.5,NA
6_Marini_UNIPD03 D29_2020,15,28,0.35000000000000003,35,6,57.92857142857143,NA
6_Marini_UNIPD03 D29_2020,15,28,0.4,40,6,56.785714285714285,NA
6_Marini_UNIPD03 D29_2020,15,28,0.45,45,7,68.07142857142857,NA
6_Marini_UNIPD03 D29_2020,15,28,0.5,50,8,71.42857142857143,NA
6_Marini_UNIPD03 D29_2020,15,28,0.55,55.00000000000001,9,73.85714285714286,NA
6_Marini_UNIPD03 D29_2020,15,28,0.6000000000000001,60.00000000000001,10,80.14285714285714,NA
6_Marini_UNIPD03 D29_2020,15,28,0.6500000000000001,65.00000000000001,10,78.14285714285714,NA
6_Marini_UNIPD03 D29_2020,15,28,0.7000000000000001,70,11,83.35714285714286,NA
6_Marini_UNIPD03 D29_2020,15,28,0.7500000000000001,75.00000000000001,12,88.57142857142857,NA
6_Marini_UNIPD03 D29_2020,15,28,0.8,80,12,86.64285714285714,NA
6_Marini_UNIPD03 D29_2020,15,28,0.8500000000000001,85.00000000000001,13,91.21428571428572,NA
6_Marini_UNIPD03 D29_2020,15,28,0.9000000000000001,90.00000000000001,14,94.28571428571429,NA
6_Marini_UNIPD03 D29_2020,15,28,0.9500000000000001,95,15,96.42857142857143,NA
6_Marini_UNIPD03 D29_2020,15,28,1,100,15,96.42857142857143,NA
6_Marini_UNIPD03 D34_2020,13,37,0.05,5,1,12.594594594594595,NA
6_Marini_UNIPD03 D34_2020,13,37,0.1,10,2,26.91891891891892,NA
6_Marini_UNIPD03 D34_2020,13,37,0.15000000000000002,15.000000000000002,2,28.7027027027027,NA
6_Marini_UNIPD03 D34_2020,13,37,0.2,20,3,36.32432432432432,NA
6_Marini_UNIPD03 D34_2020,13,37,0.25,25,4,47.351351351351354,NA
6_Marini_UNIPD03 D34_2020,13,37,0.3,30,4,44.486486486486484,NA
6_Marini_UNIPD03 D34_2020,13,37,0.35000000000000003,35,5,52.972972972972975,NA
6_Marini_UNIPD03 D34_2020,13,37,0.4,40,6,61.67567567567568,NA
6_Marini_UNIPD03 D34_2020,13,37,0.45,45,6,62.21621621621622,NA
6_Marini_UNIPD03 D34_2020,13,37,0.5,50,7,66.75675675675676,NA
6_Marini_UNIPD03 D34_2020,13,37,0.55,55.00000000000001,8,74.54054054054055,NA
6_Marini_UNIPD03 D34_2020,13,37,0.6000000000000001,60.00000000000001,8,75.62162162162163,NA
6_Marini_UNIPD03 D34_2020,13,37,0.6500000000000001,65.00000000000001,9,80.70270270270271,NA
6_Marini_UNIPD03 D34_2020,13,37,0.7000000000000001,70,10,84.70270270270271,NA
6_Marini_UNIPD03 D34_2020,13,37,0.7500000000000001,75.00000000000001,10,84.27027027027027,NA
6_Marini_UNIPD03 D34_2020,13,37,0.8,80,11,88.70270270270271,NA
6_Marini_UNIPD03 D34_2020,13,37,0.8500000000000001,85.00000000000001,12,93.24324324324324,NA
6_Marini_UNIPD03 D34_2020,13,37,0.9000000000000001,90.00000000000001,12,93.72972972972973,NA
6_Marini_UNIPD03 D34_2020,13,37,0.9500000000000001,95,13,97.29729729729729,NA
6_Marini_UNIPD03 D34_2020,13,37,1,100,13,97.29729729729729,NA
6_Marini_UNIPD03 D35_2020,13,24,0.05,5,1,12.083333333333334,NA
6_Marini_UNIPD03 D35_2020,13,24,0.1,10,2,23.083333333333332,NA
6_Marini_UNIPD03 D35_2020,13,24,0.15000000000000002,15.000000000000002,2,21.916666666666668,NA
6_Marini_UNIPD03 D35_2020,13,24,0.2,20,3,34.083333333333336,NA
6_Marini_UNIPD03 D35_2020,13,24,0.25,25,4,41.666666666666664,NA
6_Marini_UNIPD03 D35_2020,13,24,0.3,30,4,44.166666666666664,NA
6_Marini_UNIPD03 D35_2020,13,24,0.35000000000000003,35,5,51.25,NA
6_Marini_UNIPD03 D35_2020,13,24,0.4,40,6,53.666666666666664,NA
6_Marini_UNIPD03 D35_2020,13,24,0.45,45,6,56.75,NA
6_Marini_UNIPD03 D35_2020,13,24,0.5,50,7,62.583333333333336,NA
6_Marini_UNIPD03 D35_2020,13,24,0.55,55.00000000000001,8,72.5,NA
6_Marini_UNIPD03 D35_2020,13,24,0.6000000000000001,60.00000000000001,8,72.5,NA
6_Marini_UNIPD03 D35_2020,13,24,0.6500000000000001,65.00000000000001,9,75.91666666666667,NA
6_Marini_UNIPD03 D35_2020,13,24,0.7000000000000001,70,10,82.41666666666667,NA
6_Marini_UNIPD03 D35_2020,13,24,0.7500000000000001,75.00000000000001,10,82.5,NA
6_Marini_UNIPD03 D35_2020,13,24,0.8,80,11,89.25,NA
6_Marini_UNIPD03 D35_2020,13,24,0.8500000000000001,85.00000000000001,12,96.41666666666667,NA
6_Marini_UNIPD03 D35_2020,13,24,0.9000000000000001,90.00000000000001,12,95.83333333333333,NA
6_Marini_UNIPD03 D35_2020,13,24,0.9500000000000001,95,13,100,NA
6_Marini_UNIPD03 D35_2020,13,24,1,100,13,100,NA
6_Marini_UNIPD03 D5_2020,17,30,0.05,5,1,11.4,NA
6_Marini_UNIPD03 D5_2020,17,30,0.1,10,2,22.333333333333332,NA
6_Marini_UNIPD03 D5_2020,17,30,0.15000000000000002,15.000000000000002,3,31.466666666666665,NA
6_Marini_UNIPD03 D5_2020,17,30,0.2,20,4,35.2,NA
6_Marini_UNIPD03 D5_2020,17,30,0.25,25,5,43.93333333333334,NA
6_Marini_UNIPD03 D5_2020,17,30,0.3,30,6,48.733333333333334,NA
6_Marini_UNIPD03 D5_2020,17,30,0.35000000000000003,35,6,48.13333333333333,NA
6_Marini_UNIPD03 D5_2020,17,30,0.4,40,7,56.06666666666667,NA
6_Marini_UNIPD03 D5_2020,17,30,0.45,45,8,60.666666666666664,NA
6_Marini_UNIPD03 D5_2020,17,30,0.5,50,9,69.13333333333334,NA
6_Marini_UNIPD03 D5_2020,17,30,0.55,55.00000000000001,10,72.73333333333333,NA
6_Marini_UNIPD03 D5_2020,17,30,0.6000000000000001,60.00000000000001,11,76,NA
6_Marini_UNIPD03 D5_2020,17,30,0.6500000000000001,65.00000000000001,12,83.26666666666667,NA
6_Marini_UNIPD03 D5_2020,17,30,0.7000000000000001,70,12,79,NA
6_Marini_UNIPD03 D5_2020,17,30,0.7500000000000001,75.00000000000001,13,85.46666666666667,NA
6_Marini_UNIPD03 D5_2020,17,30,0.8,80,14,89.93333333333334,NA
6_Marini_UNIPD03 D5_2020,17,30,0.8500000000000001,85.00000000000001,15,92.6,NA
6_Marini_UNIPD03 D5_2020,17,30,0.9000000000000001,90.00000000000001,16,96.8,NA
6_Marini_UNIPD03 D5_2020,17,30,0.9500000000000001,95,17,100,NA
6_Marini_UNIPD03 D5_2020,17,30,1,100,17,100,NA
6_Marini_UNIPD03 D8_2020,11,18,0.05,5,1,15.666666666666666,NA
6_Marini_UNIPD03 D8_2020,11,18,0.1,10,2,29.88888888888889,NA
6_Marini_UNIPD03 D8_2020,11,18,0.15000000000000002,15.000000000000002,2,29.22222222222222,NA
6_Marini_UNIPD03 D8_2020,11,18,0.2,20,3,35.44444444444444,NA
6_Marini_UNIPD03 D8_2020,11,18,0.25,25,3,41.55555555555556,NA
6_Marini_UNIPD03 D8_2020,11,18,0.3,30,4,44.111111111111114,NA
6_Marini_UNIPD03 D8_2020,11,18,0.35000000000000003,35,4,50.77777777777778,NA
6_Marini_UNIPD03 D8_2020,11,18,0.4,40,5,59.333333333333336,NA
6_Marini_UNIPD03 D8_2020,11,18,0.45,45,5,57.111111111111114,NA
6_Marini_UNIPD03 D8_2020,11,18,0.5,50,6,63.333333333333336,NA
6_Marini_UNIPD03 D8_2020,11,18,0.55,55.00000000000001,7,75.22222222222223,NA
6_Marini_UNIPD03 D8_2020,11,18,0.6000000000000001,60.00000000000001,7,78.44444444444444,NA
6_Marini_UNIPD03 D8_2020,11,18,0.6500000000000001,65.00000000000001,8,79.55555555555556,NA
6_Marini_UNIPD03 D8_2020,11,18,0.7000000000000001,70,8,82.11111111111111,NA
6_Marini_UNIPD03 D8_2020,11,18,0.7500000000000001,75.00000000000001,9,89,NA
6_Marini_UNIPD03 D8_2020,11,18,0.8,80,9,86.33333333333333,NA
6_Marini_UNIPD03 D8_2020,11,18,0.8500000000000001,85.00000000000001,10,93,NA
6_Marini_UNIPD03 D8_2020,11,18,0.9000000000000001,90.00000000000001,10,92.66666666666667,NA
6_Marini_UNIPD03 D8_2020,11,18,0.9500000000000001,95,11,100,NA
6_Marini_UNIPD03 D8_2020,11,18,1,100,11,100,NA
6_Marini_UNIPD03 E14_2020,19,34,0.05,5,1,9.588235294117647,NA
6_Marini_UNIPD03 E14_2020,19,34,0.1,10,2,22.764705882352942,NA
6_Marini_UNIPD03 E14_2020,19,34,0.15000000000000002,15.000000000000002,3,32.588235294117645,NA
6_Marini_UNIPD03 E14_2020,19,34,0.2,20,4,37.23529411764706,NA
6_Marini_UNIPD03 E14_2020,19,34,0.25,25,5,43.76470588235294,NA
6_Marini_UNIPD03 E14_2020,19,34,0.3,30,6,50.294117647058826,NA
6_Marini_UNIPD03 E14_2020,19,34,0.35000000000000003,35,7,55.705882352941174,NA
6_Marini_UNIPD03 E14_2020,19,34,0.4,40,8,60.705882352941174,NA
6_Marini_UNIPD03 E14_2020,19,34,0.45,45,9,64.11764705882354,NA
6_Marini_UNIPD03 E14_2020,19,34,0.5,50,10,70.11764705882352,NA
6_Marini_UNIPD03 E14_2020,19,34,0.55,55.00000000000001,11,72.52941176470588,NA
6_Marini_UNIPD03 E14_2020,19,34,0.6000000000000001,60.00000000000001,12,76.23529411764706,NA
6_Marini_UNIPD03 E14_2020,19,34,0.6500000000000001,65.00000000000001,13,80.05882352941177,NA
6_Marini_UNIPD03 E14_2020,19,34,0.7000000000000001,70,14,82.94117647058823,NA
6_Marini_UNIPD03 E14_2020,19,34,0.7500000000000001,75.00000000000001,15,86.88235294117646,NA
6_Marini_UNIPD03 E14_2020,19,34,0.8,80,16,90.3529411764706,NA
6_Marini_UNIPD03 E14_2020,19,34,0.8500000000000001,85.00000000000001,17,94.23529411764706,NA
6_Marini_UNIPD03 E14_2020,19,34,0.9000000000000001,90.00000000000001,18,97.11764705882354,NA
6_Marini_UNIPD03 E14_2020,19,34,0.9500000000000001,95,19,100,NA
6_Marini_UNIPD03 E14_2020,19,34,1,100,19,100,NA
6_Marini_UNIPD03 E19_2020,19,28,0.05,5,1,13.785714285714286,NA
6_Marini_UNIPD03 E19_2020,19,28,0.1,10,2,23.285714285714285,NA
6_Marini_UNIPD03 E19_2020,19,28,0.15000000000000002,15.000000000000002,3,31.214285714285715,NA
6_Marini_UNIPD03 E19_2020,19,28,0.2,20,4,38.92857142857143,NA
6_Marini_UNIPD03 E19_2020,19,28,0.25,25,5,46.214285714285715,NA
6_Marini_UNIPD03 E19_2020,19,28,0.3,30,6,52.57142857142857,NA
6_Marini_UNIPD03 E19_2020,19,28,0.35000000000000003,35,7,56.07142857142857,NA
6_Marini_UNIPD03 E19_2020,19,28,0.4,40,8,61.92857142857143,NA
6_Marini_UNIPD03 E19_2020,19,28,0.45,45,9,65.78571428571429,NA
6_Marini_UNIPD03 E19_2020,19,28,0.5,50,10,72.5,NA
6_Marini_UNIPD03 E19_2020,19,28,0.55,55.00000000000001,11,73.71428571428571,NA
6_Marini_UNIPD03 E19_2020,19,28,0.6000000000000001,60.00000000000001,12,78.28571428571429,NA
6_Marini_UNIPD03 E19_2020,19,28,0.6500000000000001,65.00000000000001,13,82.71428571428571,NA
6_Marini_UNIPD03 E19_2020,19,28,0.7000000000000001,70,14,84.64285714285714,NA
6_Marini_UNIPD03 E19_2020,19,28,0.7500000000000001,75.00000000000001,15,86.57142857142857,NA
6_Marini_UNIPD03 E19_2020,19,28,0.8,80,16,91.28571428571429,NA
6_Marini_UNIPD03 E19_2020,19,28,0.8500000000000001,85.00000000000001,17,95.35714285714286,NA
6_Marini_UNIPD03 E19_2020,19,28,0.9000000000000001,90.00000000000001,18,97.42857142857143,NA
6_Marini_UNIPD03 E19_2020,19,28,0.9500000000000001,95,19,100,NA
6_Marini_UNIPD03 E19_2020,19,28,1,100,19,100,NA
6_Marini_UNIPD03 E25_2020,17,24,0.05,5,1,9.333333333333334,NA
6_Marini_UNIPD03 E25_2020,17,24,0.1,10,2,21,NA
6_Marini_UNIPD03 E25_2020,17,24,0.15000000000000002,15.000000000000002,3,31.416666666666668,NA
6_Marini_UNIPD03 E25_2020,17,24,0.2,20,4,38.75,NA
6_Marini_UNIPD03 E25_2020,17,24,0.25,25,5,45.166666666666664,NA
6_Marini_UNIPD03 E25_2020,17,24,0.3,30,6,51,NA
6_Marini_UNIPD03 E25_2020,17,24,0.35000000000000003,35,6,56.91666666666667,NA
6_Marini_UNIPD03 E25_2020,17,24,0.4,40,7,54.25,NA
6_Marini_UNIPD03 E25_2020,17,24,0.45,45,8,57.5,NA
6_Marini_UNIPD03 E25_2020,17,24,0.5,50,9,70.08333333333333,NA
6_Marini_UNIPD03 E25_2020,17,24,0.55,55.00000000000001,10,69.66666666666667,NA
6_Marini_UNIPD03 E25_2020,17,24,0.6000000000000001,60.00000000000001,11,77.08333333333333,NA
6_Marini_UNIPD03 E25_2020,17,24,0.6500000000000001,65.00000000000001,12,83.5,NA
6_Marini_UNIPD03 E25_2020,17,24,0.7000000000000001,70,12,80.25,NA
6_Marini_UNIPD03 E25_2020,17,24,0.7500000000000001,75.00000000000001,13,85.83333333333333,NA
6_Marini_UNIPD03 E25_2020,17,24,0.8,80,14,89,NA
6_Marini_UNIPD03 E25_2020,17,24,0.8500000000000001,85.00000000000001,15,92.08333333333333,NA
6_Marini_UNIPD03 E25_2020,17,24,0.9000000000000001,90.00000000000001,16,98.83333333333333,NA
6_Marini_UNIPD03 E25_2020,17,24,0.9500000000000001,95,17,100,NA
6_Marini_UNIPD03 E25_2020,17,24,1,100,17,100,NA
6_Marini_UNIPD03 E26_2020,24,45,0.05,5,2,24.533333333333335,NA
6_Marini_UNIPD03 E26_2020,24,45,0.1,10,3,35.06666666666667,NA
6_Marini_UNIPD03 E26_2020,24,45,0.15000000000000002,15.000000000000002,4,41.24444444444445,NA
6_Marini_UNIPD03 E26_2020,24,45,0.2,20,5,46.22222222222222,NA
6_Marini_UNIPD03 E26_2020,24,45,0.25,25,6,48.97777777777778,NA
6_Marini_UNIPD03 E26_2020,24,45,0.3,30,8,63.91111111111111,NA
6_Marini_UNIPD03 E26_2020,24,45,0.35000000000000003,35,9,66.8,NA
6_Marini_UNIPD03 E26_2020,24,45,0.4,40,10,69.86666666666666,NA
6_Marini_UNIPD03 E26_2020,24,45,0.45,45,11,74.71111111111111,NA
6_Marini_UNIPD03 E26_2020,24,45,0.5,50,12,78.04444444444445,NA
6_Marini_UNIPD03 E26_2020,24,45,0.55,55.00000000000001,14,84.53333333333333,NA
6_Marini_UNIPD03 E26_2020,24,45,0.6000000000000001,60.00000000000001,15,84.44444444444444,NA
6_Marini_UNIPD03 E26_2020,24,45,0.6500000000000001,65.00000000000001,16,88,NA
6_Marini_UNIPD03 E26_2020,24,45,0.7000000000000001,70,17,88.13333333333333,NA
6_Marini_UNIPD03 E26_2020,24,45,0.7500000000000001,75.00000000000001,19,92.31111111111112,NA
6_Marini_UNIPD03 E26_2020,24,45,0.8,80,20,94.39999999999999,NA
6_Marini_UNIPD03 E26_2020,24,45,0.8500000000000001,85.00000000000001,21,96.08888888888889,NA
6_Marini_UNIPD03 E26_2020,24,45,0.9000000000000001,90.00000000000001,22,96.66666666666667,NA
6_Marini_UNIPD03 E26_2020,24,45,0.9500000000000001,95,23,98.88888888888889,NA
6_Marini_UNIPD03 E26_2020,24,45,1,100,24,100,NA
6_Marini_UNIPD03 E31_2020,13,22,0.05,5,1,16.09090909090909,NA
6_Marini_UNIPD03 E31_2020,13,22,0.1,10,2,34.63636363636364,NA
6_Marini_UNIPD03 E31_2020,13,22,0.15000000000000002,15.000000000000002,2,35.36363636363636,NA
6_Marini_UNIPD03 E31_2020,13,22,0.2,20,3,47.63636363636363,NA
6_Marini_UNIPD03 E31_2020,13,22,0.25,25,4,54.72727272727273,NA
6_Marini_UNIPD03 E31_2020,13,22,0.3,30,4,53.63636363636364,NA
6_Marini_UNIPD03 E31_2020,13,22,0.35000000000000003,35,5,60.45454545454545,NA
6_Marini_UNIPD03 E31_2020,13,22,0.4,40,6,69.63636363636364,NA
6_Marini_UNIPD03 E31_2020,13,22,0.45,45,6,64.63636363636364,NA
6_Marini_UNIPD03 E31_2020,13,22,0.5,50,7,74.63636363636364,NA
6_Marini_UNIPD03 E31_2020,13,22,0.55,55.00000000000001,8,80.45454545454545,NA
6_Marini_UNIPD03 E31_2020,13,22,0.6000000000000001,60.00000000000001,8,77.63636363636364,NA
6_Marini_UNIPD03 E31_2020,13,22,0.6500000000000001,65.00000000000001,9,83.81818181818181,NA
6_Marini_UNIPD03 E31_2020,13,22,0.7000000000000001,70,10,89.0909090909091,NA
6_Marini_UNIPD03 E31_2020,13,22,0.7500000000000001,75.00000000000001,10,87.18181818181817,NA
6_Marini_UNIPD03 E31_2020,13,22,0.8,80,11,90.9090909090909,NA
6_Marini_UNIPD03 E31_2020,13,22,0.8500000000000001,85.00000000000001,12,97,NA
6_Marini_UNIPD03 E31_2020,13,22,0.9000000000000001,90.00000000000001,12,96.45454545454545,NA
6_Marini_UNIPD03 E31_2020,13,22,0.9500000000000001,95,13,100,NA
6_Marini_UNIPD03 E31_2020,13,22,1,100,13,100,NA
6_Marini_UNIPD03 E32_2020,10,20,0.05,5,1,14,NA
6_Marini_UNIPD03 E32_2020,10,20,0.1,10,1,15.2,NA
6_Marini_UNIPD03 E32_2020,10,20,0.15000000000000002,15.000000000000002,2,25.2,NA
6_Marini_UNIPD03 E32_2020,10,20,0.2,20,2,23.1,NA
6_Marini_UNIPD03 E32_2020,10,20,0.25,25,3,35,NA
6_Marini_UNIPD03 E32_2020,10,20,0.3,30,3,36.6,NA
6_Marini_UNIPD03 E32_2020,10,20,0.35000000000000003,35,4,47.8,NA
6_Marini_UNIPD03 E32_2020,10,20,0.4,40,4,45.5,NA
6_Marini_UNIPD03 E32_2020,10,20,0.45,45,5,55.4,NA
6_Marini_UNIPD03 E32_2020,10,20,0.5,50,5,53.9,NA
6_Marini_UNIPD03 E32_2020,10,20,0.55,55.00000000000001,6,63,NA
6_Marini_UNIPD03 E32_2020,10,20,0.6000000000000001,60.00000000000001,7,74.8,NA
6_Marini_UNIPD03 E32_2020,10,20,0.6500000000000001,65.00000000000001,7,73.9,NA
6_Marini_UNIPD03 E32_2020,10,20,0.7000000000000001,70,8,81.5,NA
6_Marini_UNIPD03 E32_2020,10,20,0.7500000000000001,75.00000000000001,8,83.1,NA
6_Marini_UNIPD03 E32_2020,10,20,0.8,80,8,81.5,NA
6_Marini_UNIPD03 E32_2020,10,20,0.8500000000000001,85.00000000000001,9,90.2,NA
6_Marini_UNIPD03 E32_2020,10,20,0.9000000000000001,90.00000000000001,10,100,NA
6_Marini_UNIPD03 E32_2020,10,20,0.9500000000000001,95,10,100,NA
6_Marini_UNIPD03 E32_2020,10,20,1,100,10,100,NA
6_Marini_UNIPD03 E33_2020,13,40,0.05,5,1,10.6,NA
6_Marini_UNIPD03 E33_2020,13,40,0.1,10,2,21.85,NA
6_Marini_UNIPD03 E33_2020,13,40,0.15000000000000002,15.000000000000002,2,20.4,NA
6_Marini_UNIPD03 E33_2020,13,40,0.2,20,3,31.3,NA
6_Marini_UNIPD03 E33_2020,13,40,0.25,25,4,40.1,NA
6_Marini_UNIPD03 E33_2020,13,40,0.3,30,4,40.8,NA
6_Marini_UNIPD03 E33_2020,13,40,0.35000000000000003,35,5,51.35,NA
6_Marini_UNIPD03 E33_2020,13,40,0.4,40,6,54.2,NA
6_Marini_UNIPD03 E33_2020,13,40,0.45,45,6,53.9,NA
6_Marini_UNIPD03 E33_2020,13,40,0.5,50,7,63.15,NA
6_Marini_UNIPD03 E33_2020,13,40,0.55,55.00000000000001,8,72.6,NA
6_Marini_UNIPD03 E33_2020,13,40,0.6000000000000001,60.00000000000001,8,68.85,NA
6_Marini_UNIPD03 E33_2020,13,40,0.6500000000000001,65.00000000000001,9,79.5,NA
6_Marini_UNIPD03 E33_2020,13,40,0.7000000000000001,70,10,79.9,NA
6_Marini_UNIPD03 E33_2020,13,40,0.7500000000000001,75.00000000000001,10,84.5,NA
6_Marini_UNIPD03 E33_2020,13,40,0.8,80,11,88.25,NA
6_Marini_UNIPD03 E33_2020,13,40,0.8500000000000001,85.00000000000001,12,94.95,NA
6_Marini_UNIPD03 E33_2020,13,40,0.9000000000000001,90.00000000000001,12,92.65,NA
6_Marini_UNIPD03 E33_2020,13,40,0.9500000000000001,95,13,100,NA
6_Marini_UNIPD03 E33_2020,13,40,1,100,13,100,NA
6_Marini_UNIPD03 E35_2020,14,36,0.05,5,1,13.38888888888889,NA
6_Marini_UNIPD03 E35_2020,14,36,0.1,10,2,22.444444444444446,NA
6_Marini_UNIPD03 E35_2020,14,36,0.15000000000000002,15.000000000000002,3,33.111111111111114,NA
6_Marini_UNIPD03 E35_2020,14,36,0.2,20,3,33.666666666666664,NA
6_Marini_UNIPD03 E35_2020,14,36,0.25,25,4,43.333333333333336,NA
6_Marini_UNIPD03 E35_2020,14,36,0.3,30,5,53,NA
6_Marini_UNIPD03 E35_2020,14,36,0.35000000000000003,35,5,49.333333333333336,NA
6_Marini_UNIPD03 E35_2020,14,36,0.4,40,6,56.166666666666664,NA
6_Marini_UNIPD03 E35_2020,14,36,0.45,45,7,65.44444444444444,NA
6_Marini_UNIPD03 E35_2020,14,36,0.5,50,7,66.22222222222223,NA
6_Marini_UNIPD03 E35_2020,14,36,0.55,55.00000000000001,8,71.38888888888889,NA
6_Marini_UNIPD03 E35_2020,14,36,0.6000000000000001,60.00000000000001,9,77.33333333333333,NA
6_Marini_UNIPD03 E35_2020,14,36,0.6500000000000001,65.00000000000001,10,79.88888888888889,NA
6_Marini_UNIPD03 E35_2020,14,36,0.7000000000000001,70,10,81.72222222222223,NA
6_Marini_UNIPD03 E35_2020,14,36,0.7500000000000001,75.00000000000001,11,85.38888888888889,NA
6_Marini_UNIPD03 E35_2020,14,36,0.8,80,12,91.05555555555556,NA
6_Marini_UNIPD03 E35_2020,14,36,0.8500000000000001,85.00000000000001,12,91.33333333333334,NA
6_Marini_UNIPD03 E35_2020,14,36,0.9000000000000001,90.00000000000001,13,94.22222222222223,NA
6_Marini_UNIPD03 E35_2020,14,36,0.9500000000000001,95,14,100,NA
6_Marini_UNIPD03 E35_2020,14,36,1,100,14,100,NA
6_Marini_UNIPD03 E36_2020,11,42,0.05,5,1,20.571428571428573,NA
6_Marini_UNIPD03 E36_2020,11,42,0.1,10,2,31.333333333333336,NA
6_Marini_UNIPD03 E36_2020,11,42,0.15000000000000002,15.000000000000002,2,32.095238095238095,NA
6_Marini_UNIPD03 E36_2020,11,42,0.2,20,3,42.42857142857143,NA
6_Marini_UNIPD03 E36_2020,11,42,0.25,25,3,45.142857142857146,NA
6_Marini_UNIPD03 E36_2020,11,42,0.3,30,4,53.19047619047619,NA
6_Marini_UNIPD03 E36_2020,11,42,0.35000000000000003,35,4,49.23809523809524,NA
6_Marini_UNIPD03 E36_2020,11,42,0.4,40,5,63.142857142857146,NA
6_Marini_UNIPD03 E36_2020,11,42,0.45,45,5,63.19047619047619,NA
6_Marini_UNIPD03 E36_2020,11,42,0.5,50,6,74.57142857142857,NA
6_Marini_UNIPD03 E36_2020,11,42,0.55,55.00000000000001,7,76.04761904761905,NA
6_Marini_UNIPD03 E36_2020,11,42,0.6000000000000001,60.00000000000001,7,77.0952380952381,NA
6_Marini_UNIPD03 E36_2020,11,42,0.6500000000000001,65.00000000000001,8,84.14285714285714,NA
6_Marini_UNIPD03 E36_2020,11,42,0.7000000000000001,70,8,82.38095238095238,NA
6_Marini_UNIPD03 E36_2020,11,42,0.7500000000000001,75.00000000000001,9,90.90476190476191,NA
6_Marini_UNIPD03 E36_2020,11,42,0.8,80,9,91.52380952380953,NA
6_Marini_UNIPD03 E36_2020,11,42,0.8500000000000001,85.00000000000001,10,96,NA
6_Marini_UNIPD03 E36_2020,11,42,0.9000000000000001,90.00000000000001,10,95.61904761904762,NA
6_Marini_UNIPD03 E36_2020,11,42,0.9500000000000001,95,11,100,NA
6_Marini_UNIPD03 E36_2020,11,42,1,100,11,100,NA
7_Scheper_Chize_10_Field_boundary_2015,37,22,0.05,5,2,6.181818181818182,NA
7_Scheper_Chize_10_Field_boundary_2015,37,22,0.1,10,4,9.545454545454547,NA
7_Scheper_Chize_10_Field_boundary_2015,37,22,0.15000000000000002,15.000000000000002,6,15.545454545454547,NA
7_Scheper_Chize_10_Field_boundary_2015,37,22,0.2,20,8,20.272727272727273,NA
7_Scheper_Chize_10_Field_boundary_2015,37,22,0.25,25,10,22.90909090909091,NA
7_Scheper_Chize_10_Field_boundary_2015,37,22,0.3,30,12,23.81818181818182,NA
7_Scheper_Chize_10_Field_boundary_2015,37,22,0.35000000000000003,35,13,25.636363636363637,NA
7_Scheper_Chize_10_Field_boundary_2015,37,22,0.4,40,15,28.363636363636363,NA
7_Scheper_Chize_10_Field_boundary_2015,37,22,0.45,45,17,34.81818181818182,NA
7_Scheper_Chize_10_Field_boundary_2015,37,22,0.5,50,19,35.63636363636363,NA
7_Scheper_Chize_10_Field_boundary_2015,37,22,0.55,55.00000000000001,21,38.18181818181818,NA
7_Scheper_Chize_10_Field_boundary_2015,37,22,0.6000000000000001,60.00000000000001,23,38.81818181818182,NA
7_Scheper_Chize_10_Field_boundary_2015,37,22,0.6500000000000001,65.00000000000001,25,41.09090909090909,NA
7_Scheper_Chize_10_Field_boundary_2015,37,22,0.7000000000000001,70,26,45.81818181818182,NA
7_Scheper_Chize_10_Field_boundary_2015,37,22,0.7500000000000001,75.00000000000001,28,47.45454545454545,NA
7_Scheper_Chize_10_Field_boundary_2015,37,22,0.8,80,30,52.63636363636364,NA
7_Scheper_Chize_10_Field_boundary_2015,37,22,0.8500000000000001,85.00000000000001,32,52.909090909090914,NA
7_Scheper_Chize_10_Field_boundary_2015,37,22,0.9000000000000001,90.00000000000001,34,53.63636363636364,NA
7_Scheper_Chize_10_Field_boundary_2015,37,22,0.9500000000000001,95,36,57.81818181818182,NA
7_Scheper_Chize_10_Field_boundary_2015,37,22,1,100,37,59.09090909090909,NA
7_Scheper_Chize_12_Field_boundary_2015,34,34,0.05,5,2,8,NA
7_Scheper_Chize_12_Field_boundary_2015,34,34,0.1,10,4,18.352941176470587,NA
7_Scheper_Chize_12_Field_boundary_2015,34,34,0.15000000000000002,15.000000000000002,6,31.529411764705884,NA
7_Scheper_Chize_12_Field_boundary_2015,34,34,0.2,20,7,28,NA
7_Scheper_Chize_12_Field_boundary_2015,34,34,0.25,25,9,37.64705882352941,NA
7_Scheper_Chize_12_Field_boundary_2015,34,34,0.3,30,11,39.94117647058823,NA
7_Scheper_Chize_12_Field_boundary_2015,34,34,0.35000000000000003,35,12,36.94117647058823,NA
7_Scheper_Chize_12_Field_boundary_2015,34,34,0.4,40,14,45.64705882352941,NA
7_Scheper_Chize_12_Field_boundary_2015,34,34,0.45,45,16,50,NA
7_Scheper_Chize_12_Field_boundary_2015,34,34,0.5,50,17,51.88235294117647,NA
7_Scheper_Chize_12_Field_boundary_2015,34,34,0.55,55.00000000000001,19,53.1764705882353,NA
7_Scheper_Chize_12_Field_boundary_2015,34,34,0.6000000000000001,60.00000000000001,21,56.411764705882355,NA
7_Scheper_Chize_12_Field_boundary_2015,34,34,0.6500000000000001,65.00000000000001,23,60.8235294117647,NA
7_Scheper_Chize_12_Field_boundary_2015,34,34,0.7000000000000001,70,24,64.11764705882352,NA
7_Scheper_Chize_12_Field_boundary_2015,34,34,0.7500000000000001,75.00000000000001,26,63.64705882352941,NA
7_Scheper_Chize_12_Field_boundary_2015,34,34,0.8,80,28,69.05882352941177,NA
7_Scheper_Chize_12_Field_boundary_2015,34,34,0.8500000000000001,85.00000000000001,29,70.88235294117646,NA
7_Scheper_Chize_12_Field_boundary_2015,34,34,0.9000000000000001,90.00000000000001,31,72.41176470588235,NA
7_Scheper_Chize_12_Field_boundary_2015,34,34,0.9500000000000001,95,33,75.29411764705883,NA
7_Scheper_Chize_12_Field_boundary_2015,34,34,1,100,34,76.47058823529412,NA
7_Scheper_Chize_14_Field_boundary_2015,35,38,0.05,5,2,4.105263157894737,NA
7_Scheper_Chize_14_Field_boundary_2015,35,38,0.1,10,4,7.947368421052632,NA
7_Scheper_Chize_14_Field_boundary_2015,35,38,0.15000000000000002,15.000000000000002,6,11.421052631578947,NA
7_Scheper_Chize_14_Field_boundary_2015,35,38,0.2,20,7,12.578947368421053,NA
7_Scheper_Chize_14_Field_boundary_2015,35,38,0.25,25,9,14.578947368421053,NA
7_Scheper_Chize_14_Field_boundary_2015,35,38,0.3,30,11,19.05263157894737,NA
7_Scheper_Chize_14_Field_boundary_2015,35,38,0.35000000000000003,35,13,20.210526315789473,NA
7_Scheper_Chize_14_Field_boundary_2015,35,38,0.4,40,14,20.526315789473685,NA
7_Scheper_Chize_14_Field_boundary_2015,35,38,0.45,45,16,25.210526315789473,NA
7_Scheper_Chize_14_Field_boundary_2015,35,38,0.5,50,18,25.894736842105264,NA
7_Scheper_Chize_14_Field_boundary_2015,35,38,0.55,55.00000000000001,20,29.736842105263158,NA
7_Scheper_Chize_14_Field_boundary_2015,35,38,0.6000000000000001,60.00000000000001,22,30.31578947368421,NA
7_Scheper_Chize_14_Field_boundary_2015,35,38,0.6500000000000001,65.00000000000001,23,31.68421052631579,NA
7_Scheper_Chize_14_Field_boundary_2015,35,38,0.7000000000000001,70,25,32.8421052631579,NA
7_Scheper_Chize_14_Field_boundary_2015,35,38,0.7500000000000001,75.00000000000001,27,36.26315789473684,NA
7_Scheper_Chize_14_Field_boundary_2015,35,38,0.8,80,28,35.73684210526316,NA
7_Scheper_Chize_14_Field_boundary_2015,35,38,0.8500000000000001,85.00000000000001,30,38.73684210526316,NA
7_Scheper_Chize_14_Field_boundary_2015,35,38,0.9000000000000001,90.00000000000001,32,39.8421052631579,NA
7_Scheper_Chize_14_Field_boundary_2015,35,38,0.9500000000000001,95,34,41.473684210526315,NA
7_Scheper_Chize_14_Field_boundary_2015,35,38,1,100,35,42.10526315789474,NA
7_Scheper_Chize_19_Field_boundary_2015,32,22,0.05,5,2,9.636363636363637,NA
7_Scheper_Chize_19_Field_boundary_2015,32,22,0.1,10,4,21,NA
7_Scheper_Chize_19_Field_boundary_2015,32,22,0.15000000000000002,15.000000000000002,5,27.272727272727273,NA
7_Scheper_Chize_19_Field_boundary_2015,32,22,0.2,20,7,31.09090909090909,NA
7_Scheper_Chize_19_Field_boundary_2015,32,22,0.25,25,8,47.72727272727273,NA
7_Scheper_Chize_19_Field_boundary_2015,32,22,0.3,30,10,46.09090909090909,NA
7_Scheper_Chize_19_Field_boundary_2015,32,22,0.35000000000000003,35,12,50.90909090909091,NA
7_Scheper_Chize_19_Field_boundary_2015,32,22,0.4,40,13,51.72727272727273,NA
7_Scheper_Chize_19_Field_boundary_2015,32,22,0.45,45,15,62.36363636363636,NA
7_Scheper_Chize_19_Field_boundary_2015,32,22,0.5,50,16,65.18181818181819,NA
7_Scheper_Chize_19_Field_boundary_2015,32,22,0.55,55.00000000000001,18,68.63636363636364,NA
7_Scheper_Chize_19_Field_boundary_2015,32,22,0.6000000000000001,60.00000000000001,20,74,NA
7_Scheper_Chize_19_Field_boundary_2015,32,22,0.6500000000000001,65.00000000000001,21,77.81818181818181,NA
7_Scheper_Chize_19_Field_boundary_2015,32,22,0.7000000000000001,70,23,74.81818181818181,NA
7_Scheper_Chize_19_Field_boundary_2015,32,22,0.7500000000000001,75.00000000000001,25,80,NA
7_Scheper_Chize_19_Field_boundary_2015,32,22,0.8,80,26,82.27272727272727,NA
7_Scheper_Chize_19_Field_boundary_2015,32,22,0.8500000000000001,85.00000000000001,28,86.81818181818181,NA
7_Scheper_Chize_19_Field_boundary_2015,32,22,0.9000000000000001,90.00000000000001,29,86.81818181818181,NA
7_Scheper_Chize_19_Field_boundary_2015,32,22,0.9500000000000001,95,31,90,NA
7_Scheper_Chize_19_Field_boundary_2015,32,22,1,100,32,90.9090909090909,NA
7_Scheper_Chize_1_Field_boundary_2015,25,22,0.05,5,2,12.363636363636363,NA
7_Scheper_Chize_1_Field_boundary_2015,25,22,0.1,10,3,20.636363636363637,NA
7_Scheper_Chize_1_Field_boundary_2015,25,22,0.15000000000000002,15.000000000000002,4,24.272727272727273,NA
7_Scheper_Chize_1_Field_boundary_2015,25,22,0.2,20,5,25.272727272727273,NA
7_Scheper_Chize_1_Field_boundary_2015,25,22,0.25,25,7,43.45454545454545,NA
7_Scheper_Chize_1_Field_boundary_2015,25,22,0.3,30,8,45.63636363636363,NA
7_Scheper_Chize_1_Field_boundary_2015,25,22,0.35000000000000003,35,9,51.27272727272727,NA
7_Scheper_Chize_1_Field_boundary_2015,25,22,0.4,40,10,49.45454545454545,NA
7_Scheper_Chize_1_Field_boundary_2015,25,22,0.45,45,12,52,NA
7_Scheper_Chize_1_Field_boundary_2015,25,22,0.5,50,13,62.63636363636363,NA
7_Scheper_Chize_1_Field_boundary_2015,25,22,0.55,55.00000000000001,14,63.090909090909086,NA
7_Scheper_Chize_1_Field_boundary_2015,25,22,0.6000000000000001,60.00000000000001,16,69.9090909090909,NA
7_Scheper_Chize_1_Field_boundary_2015,25,22,0.6500000000000001,65.00000000000001,17,66.36363636363636,NA
7_Scheper_Chize_1_Field_boundary_2015,25,22,0.7000000000000001,70,18,69.18181818181819,NA
7_Scheper_Chize_1_Field_boundary_2015,25,22,0.7500000000000001,75.00000000000001,19,74.36363636363636,NA
7_Scheper_Chize_1_Field_boundary_2015,25,22,0.8,80,20,75.0909090909091,NA
7_Scheper_Chize_1_Field_boundary_2015,25,22,0.8500000000000001,85.00000000000001,22,78.36363636363636,NA
7_Scheper_Chize_1_Field_boundary_2015,25,22,0.9000000000000001,90.00000000000001,23,82.54545454545455,NA
7_Scheper_Chize_1_Field_boundary_2015,25,22,0.9500000000000001,95,24,85.0909090909091,NA
7_Scheper_Chize_1_Field_boundary_2015,25,22,1,100,25,86.36363636363636,NA
7_Scheper_Chize_1_Grassland_2015,14,22,0.05,5,1,15,NA
7_Scheper_Chize_1_Grassland_2015,14,22,0.1,10,2,22,NA
7_Scheper_Chize_1_Grassland_2015,14,22,0.15000000000000002,15.000000000000002,3,26.727272727272727,NA
7_Scheper_Chize_1_Grassland_2015,14,22,0.2,20,3,26.272727272727273,NA
7_Scheper_Chize_1_Grassland_2015,14,22,0.25,25,4,38.90909090909091,NA
7_Scheper_Chize_1_Grassland_2015,14,22,0.3,30,5,44.63636363636364,NA
7_Scheper_Chize_1_Grassland_2015,14,22,0.35000000000000003,35,5,45.18181818181818,NA
7_Scheper_Chize_1_Grassland_2015,14,22,0.4,40,6,48.36363636363637,NA
7_Scheper_Chize_1_Grassland_2015,14,22,0.45,45,7,51.81818181818182,NA
7_Scheper_Chize_1_Grassland_2015,14,22,0.5,50,7,55.27272727272727,NA
7_Scheper_Chize_1_Grassland_2015,14,22,0.55,55.00000000000001,8,61.18181818181818,NA
7_Scheper_Chize_1_Grassland_2015,14,22,0.6000000000000001,60.00000000000001,9,63.63636363636363,NA
7_Scheper_Chize_1_Grassland_2015,14,22,0.6500000000000001,65.00000000000001,10,72.18181818181819,NA
7_Scheper_Chize_1_Grassland_2015,14,22,0.7000000000000001,70,10,67,NA
7_Scheper_Chize_1_Grassland_2015,14,22,0.7500000000000001,75.00000000000001,11,72.9090909090909,NA
7_Scheper_Chize_1_Grassland_2015,14,22,0.8,80,12,76.45454545454545,NA
7_Scheper_Chize_1_Grassland_2015,14,22,0.8500000000000001,85.00000000000001,12,74.54545454545455,NA
7_Scheper_Chize_1_Grassland_2015,14,22,0.9000000000000001,90.00000000000001,13,78.27272727272727,NA
7_Scheper_Chize_1_Grassland_2015,14,22,0.9500000000000001,95,14,81.81818181818181,NA
7_Scheper_Chize_1_Grassland_2015,14,22,1,100,14,81.81818181818181,NA
7_Scheper_Chize_25_Field_boundary_2015,31,27,0.05,5,2,6.222222222222222,NA
7_Scheper_Chize_25_Field_boundary_2015,31,27,0.1,10,4,13.25925925925926,NA
7_Scheper_Chize_25_Field_boundary_2015,31,27,0.15000000000000002,15.000000000000002,5,16.51851851851852,NA
7_Scheper_Chize_25_Field_boundary_2015,31,27,0.2,20,7,24.296296296296298,NA
7_Scheper_Chize_25_Field_boundary_2015,31,27,0.25,25,8,24.962962962962962,NA
7_Scheper_Chize_25_Field_boundary_2015,31,27,0.3,30,10,30.444444444444443,NA
7_Scheper_Chize_25_Field_boundary_2015,31,27,0.35000000000000003,35,11,35.62962962962963,NA
7_Scheper_Chize_25_Field_boundary_2015,31,27,0.4,40,13,41.03703703703704,NA
7_Scheper_Chize_25_Field_boundary_2015,31,27,0.45,45,14,36.666666666666664,NA
7_Scheper_Chize_25_Field_boundary_2015,31,27,0.5,50,16,45.111111111111114,NA
7_Scheper_Chize_25_Field_boundary_2015,31,27,0.55,55.00000000000001,18,51.851851851851855,NA
7_Scheper_Chize_25_Field_boundary_2015,31,27,0.6000000000000001,60.00000000000001,19,51.77777777777778,NA
7_Scheper_Chize_25_Field_boundary_2015,31,27,0.6500000000000001,65.00000000000001,21,53.925925925925924,NA
7_Scheper_Chize_25_Field_boundary_2015,31,27,0.7000000000000001,70,22,56.44444444444444,NA
7_Scheper_Chize_25_Field_boundary_2015,31,27,0.7500000000000001,75.00000000000001,24,61.55555555555556,NA
7_Scheper_Chize_25_Field_boundary_2015,31,27,0.8,80,25,61.03703703703704,NA
7_Scheper_Chize_25_Field_boundary_2015,31,27,0.8500000000000001,85.00000000000001,27,65.03703703703704,NA
7_Scheper_Chize_25_Field_boundary_2015,31,27,0.9000000000000001,90.00000000000001,28,68.5925925925926,NA
7_Scheper_Chize_25_Field_boundary_2015,31,27,0.9500000000000001,95,30,72.2962962962963,NA
7_Scheper_Chize_25_Field_boundary_2015,31,27,1,100,31,74.07407407407408,NA
7_Scheper_Chize_4_Field_boundary_2015,25,21,0.05,5,2,7.904761904761904,NA
7_Scheper_Chize_4_Field_boundary_2015,25,21,0.1,10,3,16.571428571428573,NA
7_Scheper_Chize_4_Field_boundary_2015,25,21,0.15000000000000002,15.000000000000002,4,15.619047619047619,NA
7_Scheper_Chize_4_Field_boundary_2015,25,21,0.2,20,5,23.714285714285715,NA
7_Scheper_Chize_4_Field_boundary_2015,25,21,0.25,25,7,34.38095238095238,NA
7_Scheper_Chize_4_Field_boundary_2015,25,21,0.3,30,8,33.714285714285715,NA
7_Scheper_Chize_4_Field_boundary_2015,25,21,0.35000000000000003,35,9,38.285714285714285,NA
7_Scheper_Chize_4_Field_boundary_2015,25,21,0.4,40,10,43.23809523809524,NA
7_Scheper_Chize_4_Field_boundary_2015,25,21,0.45,45,12,52.476190476190474,NA
7_Scheper_Chize_4_Field_boundary_2015,25,21,0.5,50,13,52.285714285714285,NA
7_Scheper_Chize_4_Field_boundary_2015,25,21,0.55,55.00000000000001,14,54.952380952380956,NA
7_Scheper_Chize_4_Field_boundary_2015,25,21,0.6000000000000001,60.00000000000001,16,59.904761904761905,NA
7_Scheper_Chize_4_Field_boundary_2015,25,21,0.6500000000000001,65.00000000000001,17,63.23809523809524,NA
7_Scheper_Chize_4_Field_boundary_2015,25,21,0.7000000000000001,70,18,65.71428571428571,NA
7_Scheper_Chize_4_Field_boundary_2015,25,21,0.7500000000000001,75.00000000000001,19,66.95238095238095,NA
7_Scheper_Chize_4_Field_boundary_2015,25,21,0.8,80,20,69.42857142857143,NA
7_Scheper_Chize_4_Field_boundary_2015,25,21,0.8500000000000001,85.00000000000001,22,72.09523809523809,NA
7_Scheper_Chize_4_Field_boundary_2015,25,21,0.9000000000000001,90.00000000000001,23,78,NA
7_Scheper_Chize_4_Field_boundary_2015,25,21,0.9500000000000001,95,24,77.9047619047619,NA
7_Scheper_Chize_4_Field_boundary_2015,25,21,1,100,25,80.95238095238095,NA
7_Scheper_Chize_5_Field_boundary_2015,32,21,0.05,5,2,9.714285714285715,NA
7_Scheper_Chize_5_Field_boundary_2015,32,21,0.1,10,4,16,NA
7_Scheper_Chize_5_Field_boundary_2015,32,21,0.15000000000000002,15.000000000000002,5,18.571428571428573,NA
7_Scheper_Chize_5_Field_boundary_2015,32,21,0.2,20,7,25.42857142857143,NA
7_Scheper_Chize_5_Field_boundary_2015,32,21,0.25,25,8,30.857142857142858,NA
7_Scheper_Chize_5_Field_boundary_2015,32,21,0.3,30,10,35.23809523809524,NA
7_Scheper_Chize_5_Field_boundary_2015,32,21,0.35000000000000003,35,12,41.142857142857146,NA
7_Scheper_Chize_5_Field_boundary_2015,32,21,0.4,40,13,48.285714285714285,NA
7_Scheper_Chize_5_Field_boundary_2015,32,21,0.45,45,15,50.57142857142857,NA
7_Scheper_Chize_5_Field_boundary_2015,32,21,0.5,50,16,53.523809523809526,NA
7_Scheper_Chize_5_Field_boundary_2015,32,21,0.55,55.00000000000001,18,58.19047619047619,NA
7_Scheper_Chize_5_Field_boundary_2015,32,21,0.6000000000000001,60.00000000000001,20,61.61904761904762,NA
7_Scheper_Chize_5_Field_boundary_2015,32,21,0.6500000000000001,65.00000000000001,21,64.66666666666667,NA
7_Scheper_Chize_5_Field_boundary_2015,32,21,0.7000000000000001,70,23,70.57142857142857,NA
7_Scheper_Chize_5_Field_boundary_2015,32,21,0.7500000000000001,75.00000000000001,25,74.38095238095238,NA
7_Scheper_Chize_5_Field_boundary_2015,32,21,0.8,80,26,74.38095238095238,NA
7_Scheper_Chize_5_Field_boundary_2015,32,21,0.8500000000000001,85.00000000000001,28,75.42857142857143,NA
7_Scheper_Chize_5_Field_boundary_2015,32,21,0.9000000000000001,90.00000000000001,29,77.61904761904762,NA
7_Scheper_Chize_5_Field_boundary_2015,32,21,0.9500000000000001,95,31,79.9047619047619,NA
7_Scheper_Chize_5_Field_boundary_2015,32,21,1,100,32,80.95238095238095,NA
7_Scheper_Chize_6_Field_boundary_2015,31,35,0.05,5,2,10.4,NA
7_Scheper_Chize_6_Field_boundary_2015,31,35,0.1,10,4,19.42857142857143,NA
7_Scheper_Chize_6_Field_boundary_2015,31,35,0.15000000000000002,15.000000000000002,5,20.45714285714286,NA
7_Scheper_Chize_6_Field_boundary_2015,31,35,0.2,20,7,27.257142857142856,NA
7_Scheper_Chize_6_Field_boundary_2015,31,35,0.25,25,8,31.2,NA
7_Scheper_Chize_6_Field_boundary_2015,31,35,0.3,30,10,36.285714285714285,NA
7_Scheper_Chize_6_Field_boundary_2015,31,35,0.35000000000000003,35,11,43.028571428571425,NA
7_Scheper_Chize_6_Field_boundary_2015,31,35,0.4,40,13,44.457142857142856,NA
7_Scheper_Chize_6_Field_boundary_2015,31,35,0.45,45,14,51.08571428571429,NA
7_Scheper_Chize_6_Field_boundary_2015,31,35,0.5,50,16,56.74285714285714,NA
7_Scheper_Chize_6_Field_boundary_2015,31,35,0.55,55.00000000000001,18,60.34285714285714,NA
7_Scheper_Chize_6_Field_boundary_2015,31,35,0.6000000000000001,60.00000000000001,19,64.57142857142857,NA
7_Scheper_Chize_6_Field_boundary_2015,31,35,0.6500000000000001,65.00000000000001,21,67.54285714285714,NA
7_Scheper_Chize_6_Field_boundary_2015,31,35,0.7000000000000001,70,22,70.11428571428571,NA
7_Scheper_Chize_6_Field_boundary_2015,31,35,0.7500000000000001,75.00000000000001,24,73.65714285714286,NA
7_Scheper_Chize_6_Field_boundary_2015,31,35,0.8,80,25,75.14285714285714,NA
7_Scheper_Chize_6_Field_boundary_2015,31,35,0.8500000000000001,85.00000000000001,27,78.8,NA
7_Scheper_Chize_6_Field_boundary_2015,31,35,0.9000000000000001,90.00000000000001,28,80.8,NA
7_Scheper_Chize_6_Field_boundary_2015,31,35,0.9500000000000001,95,30,84.5142857142857,NA
7_Scheper_Chize_6_Field_boundary_2015,31,35,1,100,31,85.71428571428571,NA
