Study_Network_id,n_plants_total,total_pollinator_richness,n_plants_sampled,captured_pollinator_richness,sampling_proportion,sampling_percent,pollinator_richness_captured_percent
11_Clough_ASK_2021_2021,16,19,1,2,0.05,5,10.526315789473685
11_Clough_HAM_2021_2021,24,38,2,7,0.05,5,18.42105263157895
11_Clough_KOM_2021_2021,22,23,2,1,0.05,5,4.3478260869565215
11_Clough_LOB_2021_2021,21,19,2,9,0.05,5,47.36842105263158
11_Clough_PET_2021_2021,30,36,2,2,0.05,5,5.555555555555555
11_Clough_TAG_2021_2021,28,35,2,1,0.05,5,2.857142857142857
12_Ockinger_Norrang_Ryckelsby_Og,25,21,2,4,0.05,5,19.047619047619047
12_Ockinger_Sattra_Og,26,11,2,2,0.05,5,18.181818181818183
12_Ockinger_St_Tadinge,28,18,2,9,0.05,5,50
12_Ockinger_Tjalinge_Skogstibble,35,18,2,5,0.05,5,27.77777777777778
20_Hoiss_H5_2010,25,81,2,15,0.05,5,18.51851851851852
20_Hoiss_H6_2010,36,36,2,1,0.05,5,2.7777777777777777
20_Hoiss_H7_2010,31,38,2,7,0.05,5,18.42105263157895
20_Hoiss_HO1_2010,30,52,2,6,0.05,5,11.538461538461538
20_Hoiss_HO5_2010,50,57,3,30,0.05,5,52.63157894736842
20_Hoiss_T4_2010,32,61,2,22,0.05,5,36.0655737704918
22_Kallnik_h1_2012,87,11,5,6,0.05,5,54.54545454545455
22_Kallnik_h2_2011,54,11,3,10,0.05,5,90.9090909090909
22_Kallnik_h3_2011,71,10,4,8,0.05,5,80
22_Kallnik_h4_2010,96,10,5,5,0.05,5,50
22_Kallnik_h4_2011,85,10,5,8,0.05,5,80
22_Kallnik_h5_2011,54,11,3,9,0.05,5,81.81818181818181
22_Kallnik_h5_2012,78,11,4,5,0.05,5,45.45454545454545
22_Kallnik_h6_2011,69,10,4,4,0.05,5,40
22_Kallnik_h7_2011,63,10,4,6,0.05,5,60
22_Kallnik_ho2_2011,68,10,4,4,0.05,5,40
22_Kallnik_ho3_2011,49,12,3,5,0.05,5,41.666666666666664
22_Kallnik_ho3_2012,61,10,4,2,0.05,5,20
22_Kallnik_ho4_2010,76,10,4,5,0.05,5,50
22_Kallnik_ho4_2011,71,13,4,12,0.05,5,92.3076923076923
22_Kallnik_ho4_2012,79,12,4,9,0.05,5,75
22_Kallnik_ho5_2011,59,12,3,3,0.05,5,25
22_Kallnik_wma3_2011,53,10,3,1,0.05,5,10
22_Kallnik_wma3_2012,71,10,4,2,0.05,5,20
22_Kallnik_wma4_2011,50,11,3,4,0.05,5,36.36363636363637
22_Kallnik_wma5_2011,55,10,3,5,0.05,5,50
22_Kallnik_wmb1_2012,92,11,5,8,0.05,5,72.72727272727273
22_Kallnik_wmb2_2011,89,12,5,4,0.05,5,33.333333333333336
22_Kallnik_wmb2_2012,108,11,6,4,0.05,5,36.36363636363637
22_Kallnik_wmb3_2011,90,10,5,8,0.05,5,80
22_Kallnik_wmb3_2012,106,10,6,6,0.05,5,60
22_Kallnik_wmb4_2010,84,12,5,9,0.05,5,75
22_Kallnik_wmb4_2011,78,13,4,8,0.05,5,61.53846153846154
22_Kallnik_wmb4_2012,87,11,5,7,0.05,5,63.63636363636363
22_Kallnik_wmb5_2010,91,11,5,9,0.05,5,81.81818181818181
22_Kallnik_wmb5_2011,82,11,5,6,0.05,5,54.54545454545455
22_Kallnik_wmb5_2012,90,11,5,6,0.05,5,54.54545454545455
28_Sutter_10_2013,44,16,3,5,0.05,5,31.25
28_Sutter_11_2013,38,14,2,2,0.05,5,14.285714285714286
28_Sutter_12_2013,34,12,2,2,0.05,5,16.666666666666668
28_Sutter_13_2013,45,13,3,3,0.05,5,23.076923076923077
28_Sutter_13_2014,30,11,2,1,0.05,5,9.090909090909092
28_Sutter_14_2013,20,12,1,1,0.05,5,8.333333333333334
28_Sutter_17_2013,47,17,3,3,0.05,5,17.647058823529413
28_Sutter_19_2013,35,20,2,9,0.05,5,45
28_Sutter_1_2013,46,14,3,5,0.05,5,35.714285714285715
28_Sutter_20_2013,24,15,2,8,0.05,5,53.333333333333336
28_Sutter_21_2013,43,16,3,11,0.05,5,68.75
28_Sutter_2_2013,29,15,2,2,0.05,5,13.333333333333334
28_Sutter_3_2013,34,21,2,1,0.05,5,4.761904761904762
28_Sutter_5_2013,50,23,3,16,0.05,5,69.56521739130434
28_Sutter_8_2013,34,17,2,3,0.05,5,17.647058823529413
28_Sutter_8_2014,22,18,2,15,0.05,5,83.33333333333333
29_Magrach_Gibraleon_2011,16,27,1,6,0.05,5,22.22222222222222
29_Magrach_Gravera_2011,18,25,1,3,0.05,5,12
29_Magrach_Niebla_2011,18,31,1,7,0.05,5,22.580645161290324
29_Magrach_Niebla_2012,21,26,2,12,0.05,5,46.15384615384615
29_Magrach_Villablanca_2011,18,22,1,8,0.05,5,36.36363636363637
2_Petanidou_Armolia_2015,37,73,2,35,0.05,5,47.945205479452056
2_Petanidou_Emborios_2015,21,80,2,40,0.05,5,50
2_Petanidou_Gridia_2015,38,73,2,15,0.05,5,20.54794520547945
2_Petanidou_Kato Fana_2015,14,60,1,32,0.05,5,53.333333333333336
2_Petanidou_Palios Katarraktis_2015,39,73,2,21,0.05,5,28.767123287671232
2_Petanidou_Vessa 2_2015,28,98,2,24,0.05,5,24.489795918367346
30_Smith_lsk48_2012,30,22,2,7,0.05,5,31.818181818181817
30_Smith_lsk57_2011,33,20,2,4,0.05,5,20
30_Smith_lsk73_2012,28,19,2,6,0.05,5,31.57894736842105
30_Smith_lsk74_2012,27,26,2,8,0.05,5,30.76923076923077
30_Smith_lsk77_2011,22,19,2,5,0.05,5,26.31578947368421
30_Smith_lsk77_2012,42,25,3,5,0.05,5,20
31_Roberts_Hunt_2013,44,12,3,9,0.05,5,75
31_Roberts_Jefferies_2013,31,13,2,6,0.05,5,46.15384615384615
31_Roberts_Livingstone_far_2012,30,12,2,4,0.05,5,33.333333333333336
31_Roberts_Livingstone_house_2012,30,14,2,3,0.05,5,21.428571428571427
31_Roberts_Mearns_2013,32,19,2,15,0.05,5,78.94736842105263
31_Roberts_White_left_2012,42,19,3,3,0.05,5,15.789473684210526
36_Larkin_Barracks.Lyan.Co.Clare_13.2017_GS1,13,11,1,1,0.05,5,9.090909090909092
36_Larkin_Glencolumbkille.South.Carron.Co.Clare_20.2017_GS1,12,13,1,3,0.05,5,23.076923076923077
37_White_An,15,23,1,1,0.05,5,4.3478260869565215
37_White_Bl,19,27,1,10,0.05,5,37.03703703703704
37_White_Bn,20,26,1,2,0.05,5,7.6923076923076925
37_White_CW,26,33,2,16,0.05,5,48.484848484848484
37_White_Ce,18,20,1,2,0.05,5,10
37_White_Cn,29,34,2,7,0.05,5,20.58823529411765
37_White_ED,13,19,1,3,0.05,5,15.789473684210526
37_White_Fs,22,21,2,7,0.05,5,33.333333333333336
37_White_JK,25,24,2,4,0.05,5,16.666666666666668
37_White_Kr,29,17,2,5,0.05,5,29.41176470588235
37_White_ND,25,22,2,10,0.05,5,45.45454545454545
37_White_NG,21,25,2,4,0.05,5,16
37_White_Pn,12,17,1,2,0.05,5,11.764705882352942
37_White_WD,15,23,1,3,0.05,5,13.043478260869565
38_Maurer_A1,47,27,3,17,0.05,5,62.96296296296296
38_Maurer_A2,76,40,4,7,0.05,5,17.5
38_Maurer_A3,69,31,4,3,0.05,5,9.67741935483871
38_Maurer_A4,58,31,3,8,0.05,5,25.806451612903224
38_Maurer_R1,72,42,4,10,0.05,5,23.80952380952381
38_Maurer_R2,54,51,3,2,0.05,5,3.9215686274509802
38_Maurer_R3,95,48,5,17,0.05,5,35.416666666666664
38_Maurer_R4,66,37,4,7,0.05,5,18.91891891891892
38_Maurer_U2,113,64,6,11,0.05,5,17.1875
38_Maurer_U3,92,49,5,14,0.05,5,28.571428571428573
39_Schweiger_I1_ruderal_1_2021,23,20,2,1,0.05,5,5
39_Schweiger_I2_semi.natural.grass_5_2021,18,27,1,0,0.05,5,0
39_Schweiger_I2_woodland.scrub_1_2021,23,22,2,2,0.05,5,9.090909090909092
39_Schweiger_I4_woodland.scrub_3_2021,22,21,2,4,0.05,5,19.047619047619047
39_Schweiger_R1_semi.natural.grass_4_2021,15,23,1,0,0.05,5,0
39_Schweiger_R4_semi.natural.grass_2_2021,11,25,1,0,0.05,5,0
40_Knight_Ghe_ari_2017,30,129,2,41,0.05,5,31.782945736434108
41_Knight_1 wooded meadow_2018,39,37,2,27,0.05,5,72.97297297297297
41_Knight_2 alvar pasture_2018,32,17,2,7,0.05,5,41.1764705882353
41_Knight_3 alvar pasture_2018,21,34,2,22,0.05,5,64.70588235294117
41_Knight_4 wooded meadow_2018,30,23,2,20,0.05,5,86.95652173913044
41_Knight_5 wooded meadow_2018,27,47,2,13,0.05,5,27.659574468085108
41_Knight_6 alvar pasture_2018,37,23,2,8,0.05,5,34.78260869565217
42_Knight_M1Restored_2019,45,25,3,17,0.05,5,68
42_Knight_M2Natural_2019,31,19,2,5,0.05,5,26.31578947368421
42_Knight_M3Natural_2019,37,17,2,7,0.05,5,41.1764705882353
42_Knight_M4Restored_2019,33,19,2,7,0.05,5,36.8421052631579
42_Knight_M5Restored_2019,37,21,2,9,0.05,5,42.857142857142854
42_Knight_M6Natural_2019,47,35,3,21,0.05,5,60
42_Knight_M8Restored_2019,32,15,2,8,0.05,5,53.333333333333336
44_Knight_M11_2018,46,33,3,13,0.05,5,39.39393939393939
44_Knight_M12_2018,43,55,3,16,0.05,5,29.09090909090909
44_Knight_M13_2018,32,23,2,15,0.05,5,65.21739130434783
44_Knight_M15_2018,45,58,3,34,0.05,5,58.62068965517241
44_Knight_M16_2018,50,50,3,25,0.05,5,50
44_Knight_M17_2018,33,48,2,9,0.05,5,18.75
44_Knight_M18_2018,39,44,2,19,0.05,5,43.18181818181818
44_Knight_M1_2018,23,37,2,15,0.05,5,40.54054054054054
44_Knight_M3_2018,57,63,3,18,0.05,5,28.571428571428573
44_Knight_M4_2018,46,56,3,36,0.05,5,64.28571428571429
44_Knight_M6_2018,69,33,4,6,0.05,5,18.181818181818183
44_Knight_M8_2018,67,41,4,21,0.05,5,51.21951219512195
45_Knight_Hermanovice_meadow_2018,32,47,2,23,0.05,5,48.93617021276596
45_Knight_HorniGrunt_meadow_2018,26,38,2,19,0.05,5,50
45_Knight_Mnichov_meadow_2018,29,53,2,24,0.05,5,45.283018867924525
46_Knight_Gora_Gipsowa_2018,37,41,2,6,0.05,5,14.634146341463415
47_Benadi_1,81,190,5,90,0.05,5,47.36842105263158
47_Benadi_2,54,162,3,68,0.05,5,41.97530864197531
47_Benadi_3,67,150,4,83,0.05,5,55.333333333333336
47_Benadi_4,55,144,3,68,0.05,5,47.22222222222222
47_Benadi_5,68,131,4,65,0.05,5,49.61832061068702
47_Benadi_6,63,96,4,63,0.05,5,65.625
4_Marini_UNIPD01 A_2018,23,69,2,30,0.05,5,43.47826086956522
4_Marini_UNIPD01 An_2018,27,54,2,15,0.05,5,27.77777777777778
4_Marini_UNIPD01 B_2018,29,58,2,30,0.05,5,51.724137931034484
4_Marini_UNIPD01 Bn_2018,32,90,2,10,0.05,5,11.11111111111111
4_Marini_UNIPD01 C_2018,37,67,2,10,0.05,5,14.925373134328359
4_Marini_UNIPD01 Cn_2018,30,65,2,12,0.05,5,18.46153846153846
4_Marini_UNIPD01 E_2018,46,73,3,15,0.05,5,20.54794520547945
4_Marini_UNIPD01 En_2018,40,67,2,12,0.05,5,17.91044776119403
4_Marini_UNIPD01 F_2018,25,32,2,9,0.05,5,28.125
4_Marini_UNIPD01 Fn_2018,29,31,2,10,0.05,5,32.25806451612903
4_Marini_UNIPD01 G_2018,25,56,2,27,0.05,5,48.214285714285715
4_Marini_UNIPD01 Gn_2018,28,45,2,27,0.05,5,60
4_Marini_UNIPD01 H_2018,50,98,3,21,0.05,5,21.428571428571427
4_Marini_UNIPD01 Hn_2018,38,82,2,15,0.05,5,18.29268292682927
4_Marini_UNIPD01 I_2018,33,74,2,13,0.05,5,17.56756756756757
4_Marini_UNIPD01 In_2018,44,93,3,29,0.05,5,31.182795698924732
50_Hervias-Parejo_Cala Tirant_2021,18,77,1,1,0.05,5,1.2987012987012987
50_Hervias-Parejo_Llucalari_2021,11,62,1,6,0.05,5,9.67741935483871
50_Hervias-Parejo_Sa Bassa_2021,15,81,1,8,0.05,5,9.876543209876543
50_Hervias-Parejo_Salinas_2021,27,95,2,2,0.05,5,2.1052631578947367
50_Hervias-Parejo_Torre Fornells_2021,21,83,2,21,0.05,5,25.301204819277107
50_Hervias-Parejo_coast Son Bou_2021,10,46,1,1,0.05,5,2.1739130434782608
51_Petanidou_Pyrgos_2013,39,66,2,9,0.05,5,13.636363636363637
51_Petanidou_Sigri 3_2012,28,51,2,20,0.05,5,39.21568627450981
54_Lazaro_AloeVera_2018_2018,11,60,1,2,0.05,5,3.3333333333333335
54_Lazaro_SonBaco_2018_2018,14,73,1,11,0.05,5,15.068493150684931
54_Lazaro_SonMutNou_2018_2018,12,69,1,4,0.05,5,5.797101449275362
54_Lazaro_UIB_2018_2018,20,72,1,2,0.05,5,2.7777777777777777
5_Marini_UNIPD02 AA_2019,24,24,2,5,0.05,5,20.833333333333332
5_Marini_UNIPD02 AB_2019,26,16,2,5,0.05,5,31.25
5_Marini_UNIPD02 AC_2019,31,23,2,3,0.05,5,13.043478260869565
5_Marini_UNIPD02 AD_2019,20,14,1,5,0.05,5,35.714285714285715
5_Marini_UNIPD02 AE_2019,19,35,1,7,0.05,5,20
5_Marini_UNIPD02 AF_2019,16,24,1,5,0.05,5,20.833333333333332
5_Marini_UNIPD02 AG_2019,25,52,2,7,0.05,5,13.461538461538462
5_Marini_UNIPD02 AH_2019,22,35,2,10,0.05,5,28.571428571428573
5_Marini_UNIPD02 AI_2019,21,16,2,11,0.05,5,68.75
5_Marini_UNIPD02 AJ_2019,10,31,1,8,0.05,5,25.806451612903224
5_Marini_UNIPD02 AK_2019,10,21,1,0,0.05,5,0
5_Marini_UNIPD02 AL_2019,27,39,2,5,0.05,5,12.820512820512821
5_Marini_UNIPD02 AM_2019,31,34,2,8,0.05,5,23.529411764705884
5_Marini_UNIPD02 AN_2019,12,20,1,3,0.05,5,15
5_Marini_UNIPD02 AO_2019,18,29,1,3,0.05,5,10.344827586206897
5_Marini_UNIPD02 AP_2019,16,18,1,7,0.05,5,38.888888888888886
5_Marini_UNIPD02 AQ_2019,15,24,1,8,0.05,5,33.333333333333336
5_Marini_UNIPD02 AS_2019,14,22,1,6,0.05,5,27.272727272727273
5_Marini_UNIPD02 AT_2019,16,26,1,3,0.05,5,11.538461538461538
5_Marini_UNIPD02 AV_2019,10,13,1,6,0.05,5,46.15384615384615
5_Marini_UNIPD02 A_2019,17,35,1,11,0.05,5,31.428571428571427
5_Marini_UNIPD02 B_2019,21,32,2,2,0.05,5,6.25
5_Marini_UNIPD02 C_2019,19,35,1,2,0.05,5,5.714285714285714
5_Marini_UNIPD02 D_2019,17,32,1,1,0.05,5,3.125
5_Marini_UNIPD02 E_2019,12,32,1,12,0.05,5,37.5
5_Marini_UNIPD02 G_2019,19,27,1,5,0.05,5,18.51851851851852
5_Marini_UNIPD02 H_2019,15,21,1,5,0.05,5,23.80952380952381
5_Marini_UNIPD02 I_2019,16,35,1,4,0.05,5,11.428571428571429
5_Marini_UNIPD02 K_2019,16,31,1,3,0.05,5,9.67741935483871
5_Marini_UNIPD02 L_2019,13,20,1,11,0.05,5,55
5_Marini_UNIPD02 M_2019,26,35,2,9,0.05,5,25.714285714285715
5_Marini_UNIPD02 N_2019,17,20,1,3,0.05,5,15
5_Marini_UNIPD02 O_2019,19,31,1,10,0.05,5,32.25806451612903
5_Marini_UNIPD02 P_2019,15,24,1,7,0.05,5,29.166666666666668
5_Marini_UNIPD02 Q_2019,18,22,1,6,0.05,5,27.272727272727273
5_Marini_UNIPD02 S_2019,22,31,2,9,0.05,5,29.032258064516128
5_Marini_UNIPD02 T_2019,21,18,2,9,0.05,5,50
5_Marini_UNIPD02 U_2019,28,23,2,4,0.05,5,17.391304347826086
5_Marini_UNIPD02 V_2019,29,39,2,11,0.05,5,28.205128205128204
5_Marini_UNIPD02 W_2019,21,36,2,18,0.05,5,50
5_Marini_UNIPD02 X_2019,27,41,2,11,0.05,5,26.829268292682926
5_Marini_UNIPD02 Y_2019,20,45,1,9,0.05,5,20
5_Marini_UNIPD02 Z_2019,15,27,1,4,0.05,5,14.814814814814815
6_Marini_UNIPD03 CD13_2020,13,25,1,4,0.05,5,16
6_Marini_UNIPD03 CD14_2020,18,30,1,8,0.05,5,26.666666666666668
6_Marini_UNIPD03 CD15_2020,24,43,2,21,0.05,5,48.83720930232558
6_Marini_UNIPD03 CD16_2020,26,52,2,19,0.05,5,36.53846153846154
6_Marini_UNIPD03 CD17_2020,27,51,2,17,0.05,5,33.333333333333336
6_Marini_UNIPD03 CD20_2020,17,44,1,12,0.05,5,27.272727272727273
6_Marini_UNIPD03 CD22_2020,22,24,2,6,0.05,5,25
6_Marini_UNIPD03 CD23_2020,23,39,2,10,0.05,5,25.641025641025642
6_Marini_UNIPD03 CD26_2020,11,26,1,11,0.05,5,42.30769230769231
6_Marini_UNIPD03 CD27_2020,23,34,2,18,0.05,5,52.94117647058823
6_Marini_UNIPD03 CD28_2020,27,42,2,16,0.05,5,38.095238095238095
6_Marini_UNIPD03 CD29_2020,21,35,2,9,0.05,5,25.714285714285715
6_Marini_UNIPD03 CD2_2020,10,22,1,3,0.05,5,13.636363636363637
6_Marini_UNIPD03 CD34_2020,14,45,1,22,0.05,5,48.888888888888886
6_Marini_UNIPD03 D11_2020,13,28,1,14,0.05,5,50
6_Marini_UNIPD03 D17_2020,10,26,1,15,0.05,5,57.69230769230769
6_Marini_UNIPD03 D21_2020,11,23,1,3,0.05,5,13.043478260869565
6_Marini_UNIPD03 D24_2020,17,33,1,15,0.05,5,45.45454545454545
6_Marini_UNIPD03 D28_2020,19,32,1,4,0.05,5,12.5
6_Marini_UNIPD03 D29_2020,15,28,1,4,0.05,5,14.285714285714286
6_Marini_UNIPD03 D34_2020,13,37,1,11,0.05,5,29.72972972972973
6_Marini_UNIPD03 D35_2020,13,24,1,5,0.05,5,20.833333333333332
6_Marini_UNIPD03 D5_2020,17,30,1,6,0.05,5,20
6_Marini_UNIPD03 D8_2020,11,18,1,4,0.05,5,22.22222222222222
6_Marini_UNIPD03 E14_2020,19,34,1,9,0.05,5,26.470588235294116
6_Marini_UNIPD03 E19_2020,19,28,1,9,0.05,5,32.142857142857146
6_Marini_UNIPD03 E25_2020,17,24,1,3,0.05,5,12.5
6_Marini_UNIPD03 E26_2020,24,45,2,17,0.05,5,37.77777777777778
6_Marini_UNIPD03 E31_2020,13,22,1,3,0.05,5,13.636363636363637
6_Marini_UNIPD03 E32_2020,10,20,1,2,0.05,5,10
6_Marini_UNIPD03 E33_2020,13,40,1,3,0.05,5,7.5
6_Marini_UNIPD03 E35_2020,14,36,1,4,0.05,5,11.11111111111111
6_Marini_UNIPD03 E36_2020,11,42,1,24,0.05,5,57.142857142857146
7_Scheper_Chize_10_Field_boundary_2015,37,22,2,5,0.05,5,22.727272727272727
7_Scheper_Chize_12_Field_boundary_2015,34,34,2,15,0.05,5,44.11764705882353
7_Scheper_Chize_14_Field_boundary_2015,35,38,2,5,0.05,5,13.157894736842104
7_Scheper_Chize_19_Field_boundary_2015,32,22,2,16,0.05,5,72.72727272727273
7_Scheper_Chize_1_Field_boundary_2015,25,22,2,15,0.05,5,68.18181818181819
7_Scheper_Chize_1_Grassland_2015,14,22,1,9,0.05,5,40.90909090909091
7_Scheper_Chize_25_Field_boundary_2015,31,27,2,12,0.05,5,44.44444444444444
7_Scheper_Chize_4_Field_boundary_2015,25,21,2,10,0.05,5,47.61904761904762
7_Scheper_Chize_5_Field_boundary_2015,32,21,2,10,0.05,5,47.61904761904762
7_Scheper_Chize_6_Field_boundary_2015,31,35,2,10,0.05,5,28.571428571428573
11_Clough_ASK_2021_2021,16,19,2,2,0.1,10,10.526315789473685
11_Clough_HAM_2021_2021,24,38,3,7,0.1,10,18.42105263157895
11_Clough_KOM_2021_2021,22,23,3,9,0.1,10,39.130434782608695
11_Clough_LOB_2021_2021,21,19,3,9,0.1,10,47.36842105263158
11_Clough_PET_2021_2021,30,36,3,5,0.1,10,13.88888888888889
11_Clough_TAG_2021_2021,28,35,3,1,0.1,10,2.857142857142857
12_Ockinger_Norrang_Ryckelsby_Og,25,21,3,4,0.1,10,19.047619047619047
12_Ockinger_Sattra_Og,26,11,3,3,0.1,10,27.272727272727273
12_Ockinger_St_Tadinge,28,18,3,10,0.1,10,55.55555555555556
12_Ockinger_Tjalinge_Skogstibble,35,18,4,5,0.1,10,27.77777777777778
20_Hoiss_H5_2010,25,81,3,29,0.1,10,35.80246913580247
20_Hoiss_H6_2010,36,36,4,16,0.1,10,44.44444444444444
20_Hoiss_H7_2010,31,38,4,17,0.1,10,44.73684210526316
20_Hoiss_HO1_2010,30,52,3,6,0.1,10,11.538461538461538
20_Hoiss_HO5_2010,50,57,5,36,0.1,10,63.1578947368421
20_Hoiss_T4_2010,32,61,4,23,0.1,10,37.704918032786885
22_Kallnik_h1_2012,87,11,9,6,0.1,10,54.54545454545455
22_Kallnik_h2_2011,54,11,6,10,0.1,10,90.9090909090909
22_Kallnik_h3_2011,71,10,8,8,0.1,10,80
22_Kallnik_h4_2010,96,10,10,6,0.1,10,60
22_Kallnik_h4_2011,85,10,9,9,0.1,10,90
22_Kallnik_h5_2011,54,11,6,10,0.1,10,90.9090909090909
22_Kallnik_h5_2012,78,11,8,11,0.1,10,100
22_Kallnik_h6_2011,69,10,7,6,0.1,10,60
22_Kallnik_h7_2011,63,10,7,7,0.1,10,70
22_Kallnik_ho2_2011,68,10,7,7,0.1,10,70
22_Kallnik_ho3_2011,49,12,5,8,0.1,10,66.66666666666667
22_Kallnik_ho3_2012,61,10,7,7,0.1,10,70
22_Kallnik_ho4_2010,76,10,8,9,0.1,10,90
22_Kallnik_ho4_2011,71,13,8,12,0.1,10,92.3076923076923
22_Kallnik_ho4_2012,79,12,8,10,0.1,10,83.33333333333333
22_Kallnik_ho5_2011,59,12,6,6,0.1,10,50
22_Kallnik_wma3_2011,53,10,6,5,0.1,10,50
22_Kallnik_wma3_2012,71,10,8,3,0.1,10,30
22_Kallnik_wma4_2011,50,11,5,5,0.1,10,45.45454545454545
22_Kallnik_wma5_2011,55,10,6,8,0.1,10,80
22_Kallnik_wmb1_2012,92,11,10,10,0.1,10,90.9090909090909
22_Kallnik_wmb2_2011,89,12,9,9,0.1,10,75
22_Kallnik_wmb2_2012,108,11,11,8,0.1,10,72.72727272727273
22_Kallnik_wmb3_2011,90,10,9,9,0.1,10,90
22_Kallnik_wmb3_2012,106,10,11,9,0.1,10,90
22_Kallnik_wmb4_2010,84,12,9,9,0.1,10,75
22_Kallnik_wmb4_2011,78,13,8,8,0.1,10,61.53846153846154
22_Kallnik_wmb4_2012,87,11,9,10,0.1,10,90.9090909090909
22_Kallnik_wmb5_2010,91,11,10,9,0.1,10,81.81818181818181
22_Kallnik_wmb5_2011,82,11,9,9,0.1,10,81.81818181818181
22_Kallnik_wmb5_2012,90,11,9,6,0.1,10,54.54545454545455
28_Sutter_10_2013,44,16,5,5,0.1,10,31.25
28_Sutter_11_2013,38,14,4,5,0.1,10,35.714285714285715
28_Sutter_12_2013,34,12,4,3,0.1,10,25
28_Sutter_13_2013,45,13,5,4,0.1,10,30.76923076923077
28_Sutter_13_2014,30,11,3,1,0.1,10,9.090909090909092
28_Sutter_14_2013,20,12,2,3,0.1,10,25
28_Sutter_17_2013,47,17,5,7,0.1,10,41.1764705882353
28_Sutter_19_2013,35,20,4,16,0.1,10,80
28_Sutter_1_2013,46,14,5,8,0.1,10,57.142857142857146
28_Sutter_20_2013,24,15,3,8,0.1,10,53.333333333333336
28_Sutter_21_2013,43,16,5,11,0.1,10,68.75
28_Sutter_2_2013,29,15,3,3,0.1,10,20
28_Sutter_3_2013,34,21,4,9,0.1,10,42.857142857142854
28_Sutter_5_2013,50,23,5,16,0.1,10,69.56521739130434
28_Sutter_8_2013,34,17,4,4,0.1,10,23.529411764705884
28_Sutter_8_2014,22,18,3,15,0.1,10,83.33333333333333
29_Magrach_Gibraleon_2011,16,27,2,9,0.1,10,33.333333333333336
29_Magrach_Gravera_2011,18,25,2,5,0.1,10,20
29_Magrach_Niebla_2011,18,31,2,18,0.1,10,58.064516129032256
29_Magrach_Niebla_2012,21,26,3,16,0.1,10,61.53846153846154
29_Magrach_Villablanca_2011,18,22,2,8,0.1,10,36.36363636363637
2_Petanidou_Armolia_2015,37,73,4,40,0.1,10,54.794520547945204
2_Petanidou_Emborios_2015,21,80,3,44,0.1,10,55
2_Petanidou_Gridia_2015,38,73,4,30,0.1,10,41.0958904109589
2_Petanidou_Kato Fana_2015,14,60,2,39,0.1,10,65
2_Petanidou_Palios Katarraktis_2015,39,73,4,25,0.1,10,34.24657534246575
2_Petanidou_Vessa 2_2015,28,98,3,46,0.1,10,46.93877551020408
30_Smith_lsk48_2012,30,22,3,7,0.1,10,31.818181818181817
30_Smith_lsk57_2011,33,20,4,8,0.1,10,40
30_Smith_lsk73_2012,28,19,3,7,0.1,10,36.8421052631579
30_Smith_lsk74_2012,27,26,3,9,0.1,10,34.61538461538461
30_Smith_lsk77_2011,22,19,3,5,0.1,10,26.31578947368421
30_Smith_lsk77_2012,42,25,5,12,0.1,10,48
31_Roberts_Hunt_2013,44,12,5,9,0.1,10,75
31_Roberts_Jefferies_2013,31,13,4,6,0.1,10,46.15384615384615
31_Roberts_Livingstone_far_2012,30,12,3,5,0.1,10,41.666666666666664
31_Roberts_Livingstone_house_2012,30,14,3,3,0.1,10,21.428571428571427
31_Roberts_Mearns_2013,32,19,4,16,0.1,10,84.21052631578948
31_Roberts_White_left_2012,42,19,5,5,0.1,10,26.31578947368421
36_Larkin_Barracks.Lyan.Co.Clare_13.2017_GS1,13,11,2,2,0.1,10,18.181818181818183
36_Larkin_Glencolumbkille.South.Carron.Co.Clare_20.2017_GS1,12,13,2,7,0.1,10,53.84615384615385
37_White_An,15,23,2,3,0.1,10,13.043478260869565
37_White_Bl,19,27,2,14,0.1,10,51.851851851851855
37_White_Bn,20,26,2,3,0.1,10,11.538461538461538
37_White_CW,26,33,3,18,0.1,10,54.54545454545455
37_White_Ce,18,20,2,3,0.1,10,15
37_White_Cn,29,34,3,7,0.1,10,20.58823529411765
37_White_ED,13,19,2,3,0.1,10,15.789473684210526
37_White_Fs,22,21,3,9,0.1,10,42.857142857142854
37_White_JK,25,24,3,4,0.1,10,16.666666666666668
37_White_Kr,29,17,3,5,0.1,10,29.41176470588235
37_White_ND,25,22,3,11,0.1,10,50
37_White_NG,21,25,3,5,0.1,10,20
37_White_Pn,12,17,2,3,0.1,10,17.647058823529413
37_White_WD,15,23,2,5,0.1,10,21.73913043478261
38_Maurer_A1,47,27,5,20,0.1,10,74.07407407407408
38_Maurer_A2,76,40,8,13,0.1,10,32.5
38_Maurer_A3,69,31,7,9,0.1,10,29.032258064516128
38_Maurer_A4,58,31,6,16,0.1,10,51.61290322580645
38_Maurer_R1,72,42,8,21,0.1,10,50
38_Maurer_R2,54,51,6,12,0.1,10,23.529411764705884
38_Maurer_R3,95,48,10,21,0.1,10,43.75
38_Maurer_R4,66,37,7,11,0.1,10,29.72972972972973
38_Maurer_U2,113,64,12,18,0.1,10,28.125
38_Maurer_U3,92,49,10,20,0.1,10,40.816326530612244
39_Schweiger_I1_ruderal_1_2021,23,20,3,1,0.1,10,5
39_Schweiger_I2_semi.natural.grass_5_2021,18,27,2,1,0.1,10,3.7037037037037037
39_Schweiger_I2_woodland.scrub_1_2021,23,22,3,2,0.1,10,9.090909090909092
39_Schweiger_I4_woodland.scrub_3_2021,22,21,3,4,0.1,10,19.047619047619047
39_Schweiger_R1_semi.natural.grass_4_2021,15,23,2,12,0.1,10,52.17391304347826
39_Schweiger_R4_semi.natural.grass_2_2021,11,25,2,3,0.1,10,12
40_Knight_Ghe_ari_2017,30,129,3,58,0.1,10,44.96124031007752
41_Knight_1 wooded meadow_2018,39,37,4,33,0.1,10,89.1891891891892
41_Knight_2 alvar pasture_2018,32,17,4,11,0.1,10,64.70588235294117
41_Knight_3 alvar pasture_2018,21,34,3,24,0.1,10,70.58823529411765
41_Knight_4 wooded meadow_2018,30,23,3,20,0.1,10,86.95652173913044
41_Knight_5 wooded meadow_2018,27,47,3,13,0.1,10,27.659574468085108
41_Knight_6 alvar pasture_2018,37,23,4,8,0.1,10,34.78260869565217
42_Knight_M1Restored_2019,45,25,5,21,0.1,10,84
42_Knight_M2Natural_2019,31,19,4,14,0.1,10,73.6842105263158
42_Knight_M3Natural_2019,37,17,4,11,0.1,10,64.70588235294117
42_Knight_M4Restored_2019,33,19,4,8,0.1,10,42.10526315789474
42_Knight_M5Restored_2019,37,21,4,13,0.1,10,61.904761904761905
42_Knight_M6Natural_2019,47,35,5,24,0.1,10,68.57142857142857
42_Knight_M8Restored_2019,32,15,4,8,0.1,10,53.333333333333336
44_Knight_M11_2018,46,33,5,21,0.1,10,63.63636363636363
44_Knight_M12_2018,43,55,5,18,0.1,10,32.72727272727273
44_Knight_M13_2018,32,23,4,18,0.1,10,78.26086956521739
44_Knight_M15_2018,45,58,5,40,0.1,10,68.96551724137932
44_Knight_M16_2018,50,50,5,30,0.1,10,60
44_Knight_M17_2018,33,48,4,18,0.1,10,37.5
44_Knight_M18_2018,39,44,4,26,0.1,10,59.09090909090909
44_Knight_M1_2018,23,37,3,22,0.1,10,59.45945945945946
44_Knight_M3_2018,57,63,6,26,0.1,10,41.26984126984127
44_Knight_M4_2018,46,56,5,43,0.1,10,76.78571428571429
44_Knight_M6_2018,69,33,7,9,0.1,10,27.272727272727273
44_Knight_M8_2018,67,41,7,23,0.1,10,56.09756097560975
45_Knight_Hermanovice_meadow_2018,32,47,4,25,0.1,10,53.191489361702125
45_Knight_HorniGrunt_meadow_2018,26,38,3,27,0.1,10,71.05263157894737
45_Knight_Mnichov_meadow_2018,29,53,3,31,0.1,10,58.490566037735846
46_Knight_Gora_Gipsowa_2018,37,41,4,8,0.1,10,19.51219512195122
47_Benadi_1,81,190,9,113,0.1,10,59.473684210526315
47_Benadi_2,54,162,6,118,0.1,10,72.8395061728395
47_Benadi_3,67,150,7,122,0.1,10,81.33333333333333
47_Benadi_4,55,144,6,88,0.1,10,61.111111111111114
47_Benadi_5,68,131,7,85,0.1,10,64.8854961832061
47_Benadi_6,63,96,7,71,0.1,10,73.95833333333333
4_Marini_UNIPD01 A_2018,23,69,3,36,0.1,10,52.17391304347826
4_Marini_UNIPD01 An_2018,27,54,3,19,0.1,10,35.18518518518518
4_Marini_UNIPD01 B_2018,29,58,3,40,0.1,10,68.96551724137932
4_Marini_UNIPD01 Bn_2018,32,90,4,37,0.1,10,41.111111111111114
4_Marini_UNIPD01 C_2018,37,67,4,23,0.1,10,34.32835820895522
4_Marini_UNIPD01 Cn_2018,30,65,3,15,0.1,10,23.076923076923077
4_Marini_UNIPD01 E_2018,46,73,5,31,0.1,10,42.465753424657535
4_Marini_UNIPD01 En_2018,40,67,4,15,0.1,10,22.388059701492537
4_Marini_UNIPD01 F_2018,25,32,3,17,0.1,10,53.125
4_Marini_UNIPD01 Fn_2018,29,31,3,13,0.1,10,41.935483870967744
4_Marini_UNIPD01 G_2018,25,56,3,30,0.1,10,53.57142857142857
4_Marini_UNIPD01 Gn_2018,28,45,3,30,0.1,10,66.66666666666667
4_Marini_UNIPD01 H_2018,50,98,5,26,0.1,10,26.53061224489796
4_Marini_UNIPD01 Hn_2018,38,82,4,22,0.1,10,26.829268292682926
4_Marini_UNIPD01 I_2018,33,74,4,37,0.1,10,50
4_Marini_UNIPD01 In_2018,44,93,5,61,0.1,10,65.59139784946237
50_Hervias-Parejo_Cala Tirant_2021,18,77,2,5,0.1,10,6.4935064935064934
50_Hervias-Parejo_Llucalari_2021,11,62,2,18,0.1,10,29.032258064516128
50_Hervias-Parejo_Sa Bassa_2021,15,81,2,15,0.1,10,18.51851851851852
50_Hervias-Parejo_Salinas_2021,27,95,3,3,0.1,10,3.1578947368421053
50_Hervias-Parejo_Torre Fornells_2021,21,83,3,22,0.1,10,26.50602409638554
50_Hervias-Parejo_coast Son Bou_2021,10,46,1,1,0.1,10,2.1739130434782608
51_Petanidou_Pyrgos_2013,39,66,4,26,0.1,10,39.39393939393939
51_Petanidou_Sigri 3_2012,28,51,3,21,0.1,10,41.1764705882353
54_Lazaro_AloeVera_2018_2018,11,60,2,3,0.1,10,5
54_Lazaro_SonBaco_2018_2018,14,73,2,16,0.1,10,21.91780821917808
54_Lazaro_SonMutNou_2018_2018,12,69,2,45,0.1,10,65.21739130434783
54_Lazaro_UIB_2018_2018,20,72,2,5,0.1,10,6.944444444444445
5_Marini_UNIPD02 AA_2019,24,24,3,9,0.1,10,37.5
5_Marini_UNIPD02 AB_2019,26,16,3,8,0.1,10,50
5_Marini_UNIPD02 AC_2019,31,23,4,4,0.1,10,17.391304347826086
5_Marini_UNIPD02 AD_2019,20,14,2,7,0.1,10,50
5_Marini_UNIPD02 AE_2019,19,35,2,7,0.1,10,20
5_Marini_UNIPD02 AF_2019,16,24,2,8,0.1,10,33.333333333333336
5_Marini_UNIPD02 AG_2019,25,52,3,14,0.1,10,26.923076923076923
5_Marini_UNIPD02 AH_2019,22,35,3,14,0.1,10,40
5_Marini_UNIPD02 AI_2019,21,16,3,11,0.1,10,68.75
5_Marini_UNIPD02 AJ_2019,10,31,1,8,0.1,10,25.806451612903224
5_Marini_UNIPD02 AK_2019,10,21,1,0,0.1,10,0
5_Marini_UNIPD02 AL_2019,27,39,3,8,0.1,10,20.512820512820515
5_Marini_UNIPD02 AM_2019,31,34,4,15,0.1,10,44.11764705882353
5_Marini_UNIPD02 AN_2019,12,20,2,5,0.1,10,25
5_Marini_UNIPD02 AO_2019,18,29,2,11,0.1,10,37.93103448275862
5_Marini_UNIPD02 AP_2019,16,18,2,9,0.1,10,50
5_Marini_UNIPD02 AQ_2019,15,24,2,11,0.1,10,45.833333333333336
5_Marini_UNIPD02 AS_2019,14,22,2,11,0.1,10,50
5_Marini_UNIPD02 AT_2019,16,26,2,5,0.1,10,19.23076923076923
5_Marini_UNIPD02 AV_2019,10,13,1,6,0.1,10,46.15384615384615
5_Marini_UNIPD02 A_2019,17,35,2,14,0.1,10,40
5_Marini_UNIPD02 B_2019,21,32,3,6,0.1,10,18.75
5_Marini_UNIPD02 C_2019,19,35,2,12,0.1,10,34.285714285714285
5_Marini_UNIPD02 D_2019,17,32,2,5,0.1,10,15.625
5_Marini_UNIPD02 E_2019,12,32,2,14,0.1,10,43.75
5_Marini_UNIPD02 G_2019,19,27,2,9,0.1,10,33.333333333333336
5_Marini_UNIPD02 H_2019,15,21,2,8,0.1,10,38.095238095238095
5_Marini_UNIPD02 I_2019,16,35,2,7,0.1,10,20
5_Marini_UNIPD02 K_2019,16,31,2,11,0.1,10,35.483870967741936
5_Marini_UNIPD02 L_2019,13,20,2,14,0.1,10,70
5_Marini_UNIPD02 M_2019,26,35,3,13,0.1,10,37.142857142857146
5_Marini_UNIPD02 N_2019,17,20,2,7,0.1,10,35
5_Marini_UNIPD02 O_2019,19,31,2,15,0.1,10,48.38709677419355
5_Marini_UNIPD02 P_2019,15,24,2,9,0.1,10,37.5
5_Marini_UNIPD02 Q_2019,18,22,2,12,0.1,10,54.54545454545455
5_Marini_UNIPD02 S_2019,22,31,3,9,0.1,10,29.032258064516128
5_Marini_UNIPD02 T_2019,21,18,3,11,0.1,10,61.111111111111114
5_Marini_UNIPD02 U_2019,28,23,3,5,0.1,10,21.73913043478261
5_Marini_UNIPD02 V_2019,29,39,3,12,0.1,10,30.76923076923077
5_Marini_UNIPD02 W_2019,21,36,3,19,0.1,10,52.77777777777778
5_Marini_UNIPD02 X_2019,27,41,3,25,0.1,10,60.97560975609756
5_Marini_UNIPD02 Y_2019,20,45,2,20,0.1,10,44.44444444444444
5_Marini_UNIPD02 Z_2019,15,27,2,8,0.1,10,29.62962962962963
6_Marini_UNIPD03 CD13_2020,13,25,2,17,0.1,10,68
6_Marini_UNIPD03 CD14_2020,18,30,2,13,0.1,10,43.333333333333336
6_Marini_UNIPD03 CD15_2020,24,43,3,29,0.1,10,67.44186046511628
6_Marini_UNIPD03 CD16_2020,26,52,3,21,0.1,10,40.38461538461539
6_Marini_UNIPD03 CD17_2020,27,51,3,21,0.1,10,41.1764705882353
6_Marini_UNIPD03 CD20_2020,17,44,2,15,0.1,10,34.09090909090909
6_Marini_UNIPD03 CD22_2020,22,24,3,11,0.1,10,45.833333333333336
6_Marini_UNIPD03 CD23_2020,23,39,3,19,0.1,10,48.717948717948715
6_Marini_UNIPD03 CD26_2020,11,26,2,14,0.1,10,53.84615384615385
6_Marini_UNIPD03 CD27_2020,23,34,3,24,0.1,10,70.58823529411765
6_Marini_UNIPD03 CD28_2020,27,42,3,18,0.1,10,42.857142857142854
6_Marini_UNIPD03 CD29_2020,21,35,3,13,0.1,10,37.142857142857146
6_Marini_UNIPD03 CD2_2020,10,22,1,3,0.1,10,13.636363636363637
6_Marini_UNIPD03 CD34_2020,14,45,2,33,0.1,10,73.33333333333333
6_Marini_UNIPD03 D11_2020,13,28,2,22,0.1,10,78.57142857142857
6_Marini_UNIPD03 D17_2020,10,26,1,15,0.1,10,57.69230769230769
6_Marini_UNIPD03 D21_2020,11,23,2,9,0.1,10,39.130434782608695
6_Marini_UNIPD03 D24_2020,17,33,2,21,0.1,10,63.63636363636363
6_Marini_UNIPD03 D28_2020,19,32,2,13,0.1,10,40.625
6_Marini_UNIPD03 D29_2020,15,28,2,15,0.1,10,53.57142857142857
6_Marini_UNIPD03 D34_2020,13,37,2,16,0.1,10,43.24324324324324
6_Marini_UNIPD03 D35_2020,13,24,2,14,0.1,10,58.333333333333336
6_Marini_UNIPD03 D5_2020,17,30,2,14,0.1,10,46.666666666666664
6_Marini_UNIPD03 D8_2020,11,18,2,5,0.1,10,27.77777777777778
6_Marini_UNIPD03 E14_2020,19,34,2,9,0.1,10,26.470588235294116
6_Marini_UNIPD03 E19_2020,19,28,2,10,0.1,10,35.714285714285715
6_Marini_UNIPD03 E25_2020,17,24,2,11,0.1,10,45.833333333333336
6_Marini_UNIPD03 E26_2020,24,45,3,23,0.1,10,51.111111111111114
6_Marini_UNIPD03 E31_2020,13,22,2,9,0.1,10,40.90909090909091
6_Marini_UNIPD03 E32_2020,10,20,1,2,0.1,10,10
6_Marini_UNIPD03 E33_2020,13,40,2,10,0.1,10,25
6_Marini_UNIPD03 E35_2020,14,36,2,8,0.1,10,22.22222222222222
6_Marini_UNIPD03 E36_2020,11,42,2,29,0.1,10,69.04761904761905
7_Scheper_Chize_10_Field_boundary_2015,37,22,4,6,0.1,10,27.272727272727273
7_Scheper_Chize_12_Field_boundary_2015,34,34,4,22,0.1,10,64.70588235294117
7_Scheper_Chize_14_Field_boundary_2015,35,38,4,10,0.1,10,26.31578947368421
7_Scheper_Chize_19_Field_boundary_2015,32,22,4,18,0.1,10,81.81818181818181
7_Scheper_Chize_1_Field_boundary_2015,25,22,3,15,0.1,10,68.18181818181819
7_Scheper_Chize_1_Grassland_2015,14,22,2,11,0.1,10,50
7_Scheper_Chize_25_Field_boundary_2015,31,27,4,17,0.1,10,62.96296296296296
7_Scheper_Chize_4_Field_boundary_2015,25,21,3,10,0.1,10,47.61904761904762
7_Scheper_Chize_5_Field_boundary_2015,32,21,4,11,0.1,10,52.38095238095238
7_Scheper_Chize_6_Field_boundary_2015,31,35,4,15,0.1,10,42.857142857142854
11_Clough_ASK_2021_2021,16,19,3,5,0.15000000000000002,15.000000000000002,26.31578947368421
11_Clough_HAM_2021_2021,24,38,4,7,0.15000000000000002,15.000000000000002,18.42105263157895
11_Clough_KOM_2021_2021,22,23,4,9,0.15000000000000002,15.000000000000002,39.130434782608695
11_Clough_LOB_2021_2021,21,19,4,12,0.15000000000000002,15.000000000000002,63.1578947368421
11_Clough_PET_2021_2021,30,36,5,5,0.15000000000000002,15.000000000000002,13.88888888888889
11_Clough_TAG_2021_2021,28,35,5,6,0.15000000000000002,15.000000000000002,17.142857142857142
12_Ockinger_Norrang_Ryckelsby_Og,25,21,4,10,0.15000000000000002,15.000000000000002,47.61904761904762
12_Ockinger_Sattra_Og,26,11,4,5,0.15000000000000002,15.000000000000002,45.45454545454545
12_Ockinger_St_Tadinge,28,18,5,13,0.15000000000000002,15.000000000000002,72.22222222222223
12_Ockinger_Tjalinge_Skogstibble,35,18,6,5,0.15000000000000002,15.000000000000002,27.77777777777778
20_Hoiss_H5_2010,25,81,4,29,0.15000000000000002,15.000000000000002,35.80246913580247
20_Hoiss_H6_2010,36,36,6,23,0.15000000000000002,15.000000000000002,63.888888888888886
20_Hoiss_H7_2010,31,38,5,17,0.15000000000000002,15.000000000000002,44.73684210526316
20_Hoiss_HO1_2010,30,52,5,15,0.15000000000000002,15.000000000000002,28.846153846153847
20_Hoiss_HO5_2010,50,57,8,41,0.15000000000000002,15.000000000000002,71.9298245614035
20_Hoiss_T4_2010,32,61,5,25,0.15000000000000002,15.000000000000002,40.98360655737705
22_Kallnik_h1_2012,87,11,14,11,0.15000000000000002,15.000000000000002,100
22_Kallnik_h2_2011,54,11,9,10,0.15000000000000002,15.000000000000002,90.9090909090909
22_Kallnik_h3_2011,71,10,11,8,0.15000000000000002,15.000000000000002,80
22_Kallnik_h4_2010,96,10,15,6,0.15000000000000002,15.000000000000002,60
22_Kallnik_h4_2011,85,10,13,10,0.15000000000000002,15.000000000000002,100
22_Kallnik_h5_2011,54,11,9,11,0.15000000000000002,15.000000000000002,100
22_Kallnik_h5_2012,78,11,12,11,0.15000000000000002,15.000000000000002,100
22_Kallnik_h6_2011,69,10,11,9,0.15000000000000002,15.000000000000002,90
22_Kallnik_h7_2011,63,10,10,7,0.15000000000000002,15.000000000000002,70
22_Kallnik_ho2_2011,68,10,11,8,0.15000000000000002,15.000000000000002,80
22_Kallnik_ho3_2011,49,12,8,11,0.15000000000000002,15.000000000000002,91.66666666666667
22_Kallnik_ho3_2012,61,10,10,8,0.15000000000000002,15.000000000000002,80
22_Kallnik_ho4_2010,76,10,12,9,0.15000000000000002,15.000000000000002,90
22_Kallnik_ho4_2011,71,13,11,12,0.15000000000000002,15.000000000000002,92.3076923076923
22_Kallnik_ho4_2012,79,12,12,11,0.15000000000000002,15.000000000000002,91.66666666666667
22_Kallnik_ho5_2011,59,12,9,6,0.15000000000000002,15.000000000000002,50
22_Kallnik_wma3_2011,53,10,8,5,0.15000000000000002,15.000000000000002,50
22_Kallnik_wma3_2012,71,10,11,5,0.15000000000000002,15.000000000000002,50
22_Kallnik_wma4_2011,50,11,8,8,0.15000000000000002,15.000000000000002,72.72727272727273
22_Kallnik_wma5_2011,55,10,9,9,0.15000000000000002,15.000000000000002,90
22_Kallnik_wmb1_2012,92,11,14,10,0.15000000000000002,15.000000000000002,90.9090909090909
22_Kallnik_wmb2_2011,89,12,14,12,0.15000000000000002,15.000000000000002,100
22_Kallnik_wmb2_2012,108,11,17,9,0.15000000000000002,15.000000000000002,81.81818181818181
22_Kallnik_wmb3_2011,90,10,14,9,0.15000000000000002,15.000000000000002,90
22_Kallnik_wmb3_2012,106,10,16,9,0.15000000000000002,15.000000000000002,90
22_Kallnik_wmb4_2010,84,12,13,10,0.15000000000000002,15.000000000000002,83.33333333333333
22_Kallnik_wmb4_2011,78,13,12,8,0.15000000000000002,15.000000000000002,61.53846153846154
22_Kallnik_wmb4_2012,87,11,14,10,0.15000000000000002,15.000000000000002,90.9090909090909
22_Kallnik_wmb5_2010,91,11,14,10,0.15000000000000002,15.000000000000002,90.9090909090909
22_Kallnik_wmb5_2011,82,11,13,10,0.15000000000000002,15.000000000000002,90.9090909090909
22_Kallnik_wmb5_2012,90,11,14,9,0.15000000000000002,15.000000000000002,81.81818181818181
28_Sutter_10_2013,44,16,7,7,0.15000000000000002,15.000000000000002,43.75
28_Sutter_11_2013,38,14,6,8,0.15000000000000002,15.000000000000002,57.142857142857146
28_Sutter_12_2013,34,12,6,9,0.15000000000000002,15.000000000000002,75
28_Sutter_13_2013,45,13,7,6,0.15000000000000002,15.000000000000002,46.15384615384615
28_Sutter_13_2014,30,11,5,2,0.15000000000000002,15.000000000000002,18.181818181818183
28_Sutter_14_2013,20,12,4,5,0.15000000000000002,15.000000000000002,41.666666666666664
28_Sutter_17_2013,47,17,8,7,0.15000000000000002,15.000000000000002,41.1764705882353
28_Sutter_19_2013,35,20,6,16,0.15000000000000002,15.000000000000002,80
28_Sutter_1_2013,46,14,7,8,0.15000000000000002,15.000000000000002,57.142857142857146
28_Sutter_20_2013,24,15,4,8,0.15000000000000002,15.000000000000002,53.333333333333336
28_Sutter_21_2013,43,16,7,11,0.15000000000000002,15.000000000000002,68.75
28_Sutter_2_2013,29,15,5,5,0.15000000000000002,15.000000000000002,33.333333333333336
28_Sutter_3_2013,34,21,6,9,0.15000000000000002,15.000000000000002,42.857142857142854
28_Sutter_5_2013,50,23,8,17,0.15000000000000002,15.000000000000002,73.91304347826087
28_Sutter_8_2013,34,17,6,4,0.15000000000000002,15.000000000000002,23.529411764705884
28_Sutter_8_2014,22,18,4,15,0.15000000000000002,15.000000000000002,83.33333333333333
29_Magrach_Gibraleon_2011,16,27,3,10,0.15000000000000002,15.000000000000002,37.03703703703704
29_Magrach_Gravera_2011,18,25,3,13,0.15000000000000002,15.000000000000002,52
29_Magrach_Niebla_2011,18,31,3,19,0.15000000000000002,15.000000000000002,61.29032258064516
29_Magrach_Niebla_2012,21,26,4,16,0.15000000000000002,15.000000000000002,61.53846153846154
29_Magrach_Villablanca_2011,18,22,3,9,0.15000000000000002,15.000000000000002,40.90909090909091
2_Petanidou_Armolia_2015,37,73,6,51,0.15000000000000002,15.000000000000002,69.86301369863014
2_Petanidou_Emborios_2015,21,80,4,58,0.15000000000000002,15.000000000000002,72.5
2_Petanidou_Gridia_2015,38,73,6,45,0.15000000000000002,15.000000000000002,61.64383561643836
2_Petanidou_Kato Fana_2015,14,60,3,39,0.15000000000000002,15.000000000000002,65
2_Petanidou_Palios Katarraktis_2015,39,73,6,35,0.15000000000000002,15.000000000000002,47.945205479452056
2_Petanidou_Vessa 2_2015,28,98,5,55,0.15000000000000002,15.000000000000002,56.12244897959184
30_Smith_lsk48_2012,30,22,5,8,0.15000000000000002,15.000000000000002,36.36363636363637
30_Smith_lsk57_2011,33,20,5,8,0.15000000000000002,15.000000000000002,40
30_Smith_lsk73_2012,28,19,5,10,0.15000000000000002,15.000000000000002,52.63157894736842
30_Smith_lsk74_2012,27,26,5,12,0.15000000000000002,15.000000000000002,46.15384615384615
30_Smith_lsk77_2011,22,19,4,5,0.15000000000000002,15.000000000000002,26.31578947368421
30_Smith_lsk77_2012,42,25,7,14,0.15000000000000002,15.000000000000002,56
31_Roberts_Hunt_2013,44,12,7,9,0.15000000000000002,15.000000000000002,75
31_Roberts_Jefferies_2013,31,13,5,8,0.15000000000000002,15.000000000000002,61.53846153846154
31_Roberts_Livingstone_far_2012,30,12,5,5,0.15000000000000002,15.000000000000002,41.666666666666664
31_Roberts_Livingstone_house_2012,30,14,5,5,0.15000000000000002,15.000000000000002,35.714285714285715
31_Roberts_Mearns_2013,32,19,5,16,0.15000000000000002,15.000000000000002,84.21052631578948
31_Roberts_White_left_2012,42,19,7,7,0.15000000000000002,15.000000000000002,36.8421052631579
36_Larkin_Barracks.Lyan.Co.Clare_13.2017_GS1,13,11,2,2,0.15000000000000002,15.000000000000002,18.181818181818183
36_Larkin_Glencolumbkille.South.Carron.Co.Clare_20.2017_GS1,12,13,2,7,0.15000000000000002,15.000000000000002,53.84615384615385
37_White_An,15,23,3,6,0.15000000000000002,15.000000000000002,26.08695652173913
37_White_Bl,19,27,3,16,0.15000000000000002,15.000000000000002,59.25925925925926
37_White_Bn,20,26,4,12,0.15000000000000002,15.000000000000002,46.15384615384615
37_White_CW,26,33,4,19,0.15000000000000002,15.000000000000002,57.57575757575758
37_White_Ce,18,20,3,6,0.15000000000000002,15.000000000000002,30
37_White_Cn,29,34,5,19,0.15000000000000002,15.000000000000002,55.88235294117647
37_White_ED,13,19,2,3,0.15000000000000002,15.000000000000002,15.789473684210526
37_White_Fs,22,21,4,9,0.15000000000000002,15.000000000000002,42.857142857142854
37_White_JK,25,24,4,5,0.15000000000000002,15.000000000000002,20.833333333333332
37_White_Kr,29,17,5,11,0.15000000000000002,15.000000000000002,64.70588235294117
37_White_ND,25,22,4,11,0.15000000000000002,15.000000000000002,50
37_White_NG,21,25,4,5,0.15000000000000002,15.000000000000002,20
37_White_Pn,12,17,2,3,0.15000000000000002,15.000000000000002,17.647058823529413
37_White_WD,15,23,3,12,0.15000000000000002,15.000000000000002,52.17391304347826
38_Maurer_A1,47,27,8,20,0.15000000000000002,15.000000000000002,74.07407407407408
38_Maurer_A2,76,40,12,16,0.15000000000000002,15.000000000000002,40
38_Maurer_A3,69,31,11,11,0.15000000000000002,15.000000000000002,35.483870967741936
38_Maurer_A4,58,31,9,16,0.15000000000000002,15.000000000000002,51.61290322580645
38_Maurer_R1,72,42,11,21,0.15000000000000002,15.000000000000002,50
38_Maurer_R2,54,51,9,12,0.15000000000000002,15.000000000000002,23.529411764705884
38_Maurer_R3,95,48,15,23,0.15000000000000002,15.000000000000002,47.916666666666664
38_Maurer_R4,66,37,10,11,0.15000000000000002,15.000000000000002,29.72972972972973
38_Maurer_U2,113,64,17,20,0.15000000000000002,15.000000000000002,31.25
38_Maurer_U3,92,49,14,21,0.15000000000000002,15.000000000000002,42.857142857142854
39_Schweiger_I1_ruderal_1_2021,23,20,4,1,0.15000000000000002,15.000000000000002,5
39_Schweiger_I2_semi.natural.grass_5_2021,18,27,3,11,0.15000000000000002,15.000000000000002,40.74074074074074
39_Schweiger_I2_woodland.scrub_1_2021,23,22,4,3,0.15000000000000002,15.000000000000002,13.636363636363637
39_Schweiger_I4_woodland.scrub_3_2021,22,21,4,9,0.15000000000000002,15.000000000000002,42.857142857142854
39_Schweiger_R1_semi.natural.grass_4_2021,15,23,3,15,0.15000000000000002,15.000000000000002,65.21739130434783
39_Schweiger_R4_semi.natural.grass_2_2021,11,25,2,3,0.15000000000000002,15.000000000000002,12
40_Knight_Ghe_ari_2017,30,129,5,75,0.15000000000000002,15.000000000000002,58.13953488372093
41_Knight_1 wooded meadow_2018,39,37,6,33,0.15000000000000002,15.000000000000002,89.1891891891892
41_Knight_2 alvar pasture_2018,32,17,5,13,0.15000000000000002,15.000000000000002,76.47058823529412
41_Knight_3 alvar pasture_2018,21,34,4,25,0.15000000000000002,15.000000000000002,73.52941176470588
41_Knight_4 wooded meadow_2018,30,23,5,20,0.15000000000000002,15.000000000000002,86.95652173913044
41_Knight_5 wooded meadow_2018,27,47,5,32,0.15000000000000002,15.000000000000002,68.08510638297872
41_Knight_6 alvar pasture_2018,37,23,6,10,0.15000000000000002,15.000000000000002,43.47826086956522
42_Knight_M1Restored_2019,45,25,7,25,0.15000000000000002,15.000000000000002,100
42_Knight_M2Natural_2019,31,19,5,15,0.15000000000000002,15.000000000000002,78.94736842105263
42_Knight_M3Natural_2019,37,17,6,12,0.15000000000000002,15.000000000000002,70.58823529411765
42_Knight_M4Restored_2019,33,19,5,8,0.15000000000000002,15.000000000000002,42.10526315789474
42_Knight_M5Restored_2019,37,21,6,13,0.15000000000000002,15.000000000000002,61.904761904761905
42_Knight_M6Natural_2019,47,35,8,24,0.15000000000000002,15.000000000000002,68.57142857142857
42_Knight_M8Restored_2019,32,15,5,8,0.15000000000000002,15.000000000000002,53.333333333333336
44_Knight_M11_2018,46,33,7,23,0.15000000000000002,15.000000000000002,69.6969696969697
44_Knight_M12_2018,43,55,7,34,0.15000000000000002,15.000000000000002,61.81818181818182
44_Knight_M13_2018,32,23,5,18,0.15000000000000002,15.000000000000002,78.26086956521739
44_Knight_M15_2018,45,58,7,42,0.15000000000000002,15.000000000000002,72.41379310344827
44_Knight_M16_2018,50,50,8,40,0.15000000000000002,15.000000000000002,80
44_Knight_M17_2018,33,48,5,20,0.15000000000000002,15.000000000000002,41.666666666666664
44_Knight_M18_2018,39,44,6,33,0.15000000000000002,15.000000000000002,75
44_Knight_M1_2018,23,37,4,22,0.15000000000000002,15.000000000000002,59.45945945945946
44_Knight_M3_2018,57,63,9,34,0.15000000000000002,15.000000000000002,53.96825396825397
44_Knight_M4_2018,46,56,7,44,0.15000000000000002,15.000000000000002,78.57142857142857
44_Knight_M6_2018,69,33,11,14,0.15000000000000002,15.000000000000002,42.42424242424242
44_Knight_M8_2018,67,41,11,26,0.15000000000000002,15.000000000000002,63.41463414634146
45_Knight_Hermanovice_meadow_2018,32,47,5,28,0.15000000000000002,15.000000000000002,59.57446808510638
45_Knight_HorniGrunt_meadow_2018,26,38,4,28,0.15000000000000002,15.000000000000002,73.6842105263158
45_Knight_Mnichov_meadow_2018,29,53,5,37,0.15000000000000002,15.000000000000002,69.81132075471699
46_Knight_Gora_Gipsowa_2018,37,41,6,9,0.15000000000000002,15.000000000000002,21.951219512195124
47_Benadi_1,81,190,13,144,0.15000000000000002,15.000000000000002,75.78947368421052
47_Benadi_2,54,162,9,124,0.15000000000000002,15.000000000000002,76.54320987654322
47_Benadi_3,67,150,11,130,0.15000000000000002,15.000000000000002,86.66666666666667
47_Benadi_4,55,144,9,105,0.15000000000000002,15.000000000000002,72.91666666666667
47_Benadi_5,68,131,11,101,0.15000000000000002,15.000000000000002,77.09923664122137
47_Benadi_6,63,96,10,76,0.15000000000000002,15.000000000000002,79.16666666666667
4_Marini_UNIPD01 A_2018,23,69,4,37,0.15000000000000002,15.000000000000002,53.6231884057971
4_Marini_UNIPD01 An_2018,27,54,5,30,0.15000000000000002,15.000000000000002,55.55555555555556
4_Marini_UNIPD01 B_2018,29,58,5,44,0.15000000000000002,15.000000000000002,75.86206896551724
4_Marini_UNIPD01 Bn_2018,32,90,5,41,0.15000000000000002,15.000000000000002,45.55555555555556
4_Marini_UNIPD01 C_2018,37,67,6,34,0.15000000000000002,15.000000000000002,50.74626865671642
4_Marini_UNIPD01 Cn_2018,30,65,5,23,0.15000000000000002,15.000000000000002,35.38461538461539
4_Marini_UNIPD01 E_2018,46,73,7,37,0.15000000000000002,15.000000000000002,50.68493150684932
4_Marini_UNIPD01 En_2018,40,67,7,22,0.15000000000000002,15.000000000000002,32.83582089552239
4_Marini_UNIPD01 F_2018,25,32,4,19,0.15000000000000002,15.000000000000002,59.375
4_Marini_UNIPD01 Fn_2018,29,31,5,15,0.15000000000000002,15.000000000000002,48.38709677419355
4_Marini_UNIPD01 G_2018,25,56,4,37,0.15000000000000002,15.000000000000002,66.07142857142857
4_Marini_UNIPD01 Gn_2018,28,45,5,30,0.15000000000000002,15.000000000000002,66.66666666666667
4_Marini_UNIPD01 H_2018,50,98,8,32,0.15000000000000002,15.000000000000002,32.6530612244898
4_Marini_UNIPD01 Hn_2018,38,82,6,28,0.15000000000000002,15.000000000000002,34.146341463414636
4_Marini_UNIPD01 I_2018,33,74,5,39,0.15000000000000002,15.000000000000002,52.7027027027027
4_Marini_UNIPD01 In_2018,44,93,7,64,0.15000000000000002,15.000000000000002,68.81720430107526
50_Hervias-Parejo_Cala Tirant_2021,18,77,3,12,0.15000000000000002,15.000000000000002,15.584415584415584
50_Hervias-Parejo_Llucalari_2021,11,62,2,18,0.15000000000000002,15.000000000000002,29.032258064516128
50_Hervias-Parejo_Sa Bassa_2021,15,81,3,17,0.15000000000000002,15.000000000000002,20.987654320987655
50_Hervias-Parejo_Salinas_2021,27,95,5,6,0.15000000000000002,15.000000000000002,6.315789473684211
50_Hervias-Parejo_Torre Fornells_2021,21,83,4,31,0.15000000000000002,15.000000000000002,37.34939759036145
50_Hervias-Parejo_coast Son Bou_2021,10,46,2,6,0.15000000000000002,15.000000000000002,13.043478260869565
51_Petanidou_Pyrgos_2013,39,66,6,43,0.15000000000000002,15.000000000000002,65.15151515151516
51_Petanidou_Sigri 3_2012,28,51,5,24,0.15000000000000002,15.000000000000002,47.05882352941177
54_Lazaro_AloeVera_2018_2018,11,60,2,3,0.15000000000000002,15.000000000000002,5
54_Lazaro_SonBaco_2018_2018,14,73,3,48,0.15000000000000002,15.000000000000002,65.75342465753425
54_Lazaro_SonMutNou_2018_2018,12,69,2,45,0.15000000000000002,15.000000000000002,65.21739130434783
54_Lazaro_UIB_2018_2018,20,72,4,10,0.15000000000000002,15.000000000000002,13.88888888888889
5_Marini_UNIPD02 AA_2019,24,24,4,9,0.15000000000000002,15.000000000000002,37.5
5_Marini_UNIPD02 AB_2019,26,16,4,9,0.15000000000000002,15.000000000000002,56.25
5_Marini_UNIPD02 AC_2019,31,23,5,5,0.15000000000000002,15.000000000000002,21.73913043478261
5_Marini_UNIPD02 AD_2019,20,14,4,7,0.15000000000000002,15.000000000000002,50
5_Marini_UNIPD02 AE_2019,19,35,3,11,0.15000000000000002,15.000000000000002,31.428571428571427
5_Marini_UNIPD02 AF_2019,16,24,3,9,0.15000000000000002,15.000000000000002,37.5
5_Marini_UNIPD02 AG_2019,25,52,4,17,0.15000000000000002,15.000000000000002,32.69230769230769
5_Marini_UNIPD02 AH_2019,22,35,4,16,0.15000000000000002,15.000000000000002,45.714285714285715
5_Marini_UNIPD02 AI_2019,21,16,4,11,0.15000000000000002,15.000000000000002,68.75
5_Marini_UNIPD02 AJ_2019,10,31,2,11,0.15000000000000002,15.000000000000002,35.483870967741936
5_Marini_UNIPD02 AK_2019,10,21,2,6,0.15000000000000002,15.000000000000002,28.571428571428573
5_Marini_UNIPD02 AL_2019,27,39,5,12,0.15000000000000002,15.000000000000002,30.76923076923077
5_Marini_UNIPD02 AM_2019,31,34,5,15,0.15000000000000002,15.000000000000002,44.11764705882353
5_Marini_UNIPD02 AN_2019,12,20,2,5,0.15000000000000002,15.000000000000002,25
5_Marini_UNIPD02 AO_2019,18,29,3,13,0.15000000000000002,15.000000000000002,44.827586206896555
5_Marini_UNIPD02 AP_2019,16,18,3,12,0.15000000000000002,15.000000000000002,66.66666666666667
5_Marini_UNIPD02 AQ_2019,15,24,3,16,0.15000000000000002,15.000000000000002,66.66666666666667
5_Marini_UNIPD02 AS_2019,14,22,3,13,0.15000000000000002,15.000000000000002,59.09090909090909
5_Marini_UNIPD02 AT_2019,16,26,3,15,0.15000000000000002,15.000000000000002,57.69230769230769
5_Marini_UNIPD02 AV_2019,10,13,2,8,0.15000000000000002,15.000000000000002,61.53846153846154
5_Marini_UNIPD02 A_2019,17,35,3,18,0.15000000000000002,15.000000000000002,51.42857142857143
5_Marini_UNIPD02 B_2019,21,32,4,7,0.15000000000000002,15.000000000000002,21.875
5_Marini_UNIPD02 C_2019,19,35,3,15,0.15000000000000002,15.000000000000002,42.857142857142854
5_Marini_UNIPD02 D_2019,17,32,3,7,0.15000000000000002,15.000000000000002,21.875
5_Marini_UNIPD02 E_2019,12,32,2,14,0.15000000000000002,15.000000000000002,43.75
5_Marini_UNIPD02 G_2019,19,27,3,12,0.15000000000000002,15.000000000000002,44.44444444444444
5_Marini_UNIPD02 H_2019,15,21,3,8,0.15000000000000002,15.000000000000002,38.095238095238095
5_Marini_UNIPD02 I_2019,16,35,3,19,0.15000000000000002,15.000000000000002,54.285714285714285
5_Marini_UNIPD02 K_2019,16,31,3,12,0.15000000000000002,15.000000000000002,38.70967741935484
5_Marini_UNIPD02 L_2019,13,20,2,14,0.15000000000000002,15.000000000000002,70
5_Marini_UNIPD02 M_2019,26,35,4,16,0.15000000000000002,15.000000000000002,45.714285714285715
5_Marini_UNIPD02 N_2019,17,20,3,7,0.15000000000000002,15.000000000000002,35
5_Marini_UNIPD02 O_2019,19,31,3,20,0.15000000000000002,15.000000000000002,64.51612903225806
5_Marini_UNIPD02 P_2019,15,24,3,10,0.15000000000000002,15.000000000000002,41.666666666666664
5_Marini_UNIPD02 Q_2019,18,22,3,16,0.15000000000000002,15.000000000000002,72.72727272727273
5_Marini_UNIPD02 S_2019,22,31,4,10,0.15000000000000002,15.000000000000002,32.25806451612903
5_Marini_UNIPD02 T_2019,21,18,4,11,0.15000000000000002,15.000000000000002,61.111111111111114
5_Marini_UNIPD02 U_2019,28,23,5,9,0.15000000000000002,15.000000000000002,39.130434782608695
5_Marini_UNIPD02 V_2019,29,39,5,17,0.15000000000000002,15.000000000000002,43.58974358974359
5_Marini_UNIPD02 W_2019,21,36,4,20,0.15000000000000002,15.000000000000002,55.55555555555556
5_Marini_UNIPD02 X_2019,27,41,5,31,0.15000000000000002,15.000000000000002,75.60975609756098
5_Marini_UNIPD02 Y_2019,20,45,4,29,0.15000000000000002,15.000000000000002,64.44444444444444
5_Marini_UNIPD02 Z_2019,15,27,3,18,0.15000000000000002,15.000000000000002,66.66666666666667
6_Marini_UNIPD03 CD13_2020,13,25,2,17,0.15000000000000002,15.000000000000002,68
6_Marini_UNIPD03 CD14_2020,18,30,3,14,0.15000000000000002,15.000000000000002,46.666666666666664
6_Marini_UNIPD03 CD15_2020,24,43,4,33,0.15000000000000002,15.000000000000002,76.74418604651163
6_Marini_UNIPD03 CD16_2020,26,52,4,22,0.15000000000000002,15.000000000000002,42.30769230769231
6_Marini_UNIPD03 CD17_2020,27,51,5,25,0.15000000000000002,15.000000000000002,49.01960784313726
6_Marini_UNIPD03 CD20_2020,17,44,3,27,0.15000000000000002,15.000000000000002,61.36363636363637
6_Marini_UNIPD03 CD22_2020,22,24,4,11,0.15000000000000002,15.000000000000002,45.833333333333336
6_Marini_UNIPD03 CD23_2020,23,39,4,19,0.15000000000000002,15.000000000000002,48.717948717948715
6_Marini_UNIPD03 CD26_2020,11,26,2,14,0.15000000000000002,15.000000000000002,53.84615384615385
6_Marini_UNIPD03 CD27_2020,23,34,4,24,0.15000000000000002,15.000000000000002,70.58823529411765
6_Marini_UNIPD03 CD28_2020,27,42,5,24,0.15000000000000002,15.000000000000002,57.142857142857146
6_Marini_UNIPD03 CD29_2020,21,35,4,16,0.15000000000000002,15.000000000000002,45.714285714285715
6_Marini_UNIPD03 CD2_2020,10,22,2,9,0.15000000000000002,15.000000000000002,40.90909090909091
6_Marini_UNIPD03 CD34_2020,14,45,3,37,0.15000000000000002,15.000000000000002,82.22222222222223
6_Marini_UNIPD03 D11_2020,13,28,2,22,0.15000000000000002,15.000000000000002,78.57142857142857
6_Marini_UNIPD03 D17_2020,10,26,2,17,0.15000000000000002,15.000000000000002,65.38461538461539
6_Marini_UNIPD03 D21_2020,11,23,2,9,0.15000000000000002,15.000000000000002,39.130434782608695
6_Marini_UNIPD03 D24_2020,17,33,3,24,0.15000000000000002,15.000000000000002,72.72727272727273
6_Marini_UNIPD03 D28_2020,19,32,3,19,0.15000000000000002,15.000000000000002,59.375
6_Marini_UNIPD03 D29_2020,15,28,3,17,0.15000000000000002,15.000000000000002,60.714285714285715
6_Marini_UNIPD03 D34_2020,13,37,2,16,0.15000000000000002,15.000000000000002,43.24324324324324
6_Marini_UNIPD03 D35_2020,13,24,2,14,0.15000000000000002,15.000000000000002,58.333333333333336
6_Marini_UNIPD03 D5_2020,17,30,3,17,0.15000000000000002,15.000000000000002,56.666666666666664
6_Marini_UNIPD03 D8_2020,11,18,2,5,0.15000000000000002,15.000000000000002,27.77777777777778
6_Marini_UNIPD03 E14_2020,19,34,3,13,0.15000000000000002,15.000000000000002,38.23529411764706
6_Marini_UNIPD03 E19_2020,19,28,3,13,0.15000000000000002,15.000000000000002,46.42857142857143
6_Marini_UNIPD03 E25_2020,17,24,3,18,0.15000000000000002,15.000000000000002,75
6_Marini_UNIPD03 E26_2020,24,45,4,28,0.15000000000000002,15.000000000000002,62.22222222222222
6_Marini_UNIPD03 E31_2020,13,22,2,9,0.15000000000000002,15.000000000000002,40.90909090909091
6_Marini_UNIPD03 E32_2020,10,20,2,8,0.15000000000000002,15.000000000000002,40
6_Marini_UNIPD03 E33_2020,13,40,2,10,0.15000000000000002,15.000000000000002,25
6_Marini_UNIPD03 E35_2020,14,36,3,26,0.15000000000000002,15.000000000000002,72.22222222222223
6_Marini_UNIPD03 E36_2020,11,42,2,29,0.15000000000000002,15.000000000000002,69.04761904761905
7_Scheper_Chize_10_Field_boundary_2015,37,22,6,8,0.15000000000000002,15.000000000000002,36.36363636363637
7_Scheper_Chize_12_Field_boundary_2015,34,34,6,24,0.15000000000000002,15.000000000000002,70.58823529411765
7_Scheper_Chize_14_Field_boundary_2015,35,38,6,10,0.15000000000000002,15.000000000000002,26.31578947368421
7_Scheper_Chize_19_Field_boundary_2015,32,22,5,18,0.15000000000000002,15.000000000000002,81.81818181818181
7_Scheper_Chize_1_Field_boundary_2015,25,22,4,18,0.15000000000000002,15.000000000000002,81.81818181818181
7_Scheper_Chize_1_Grassland_2015,14,22,3,11,0.15000000000000002,15.000000000000002,50
7_Scheper_Chize_25_Field_boundary_2015,31,27,5,17,0.15000000000000002,15.000000000000002,62.96296296296296
7_Scheper_Chize_4_Field_boundary_2015,25,21,4,11,0.15000000000000002,15.000000000000002,52.38095238095238
7_Scheper_Chize_5_Field_boundary_2015,32,21,5,13,0.15000000000000002,15.000000000000002,61.904761904761905
7_Scheper_Chize_6_Field_boundary_2015,31,35,5,20,0.15000000000000002,15.000000000000002,57.142857142857146
11_Clough_ASK_2021_2021,16,19,4,5,0.2,20,26.31578947368421
11_Clough_HAM_2021_2021,24,38,5,7,0.2,20,18.42105263157895
11_Clough_KOM_2021_2021,22,23,5,10,0.2,20,43.47826086956522
11_Clough_LOB_2021_2021,21,19,5,12,0.2,20,63.1578947368421
11_Clough_PET_2021_2021,30,36,6,5,0.2,20,13.88888888888889
11_Clough_TAG_2021_2021,28,35,6,6,0.2,20,17.142857142857142
12_Ockinger_Norrang_Ryckelsby_Og,25,21,5,10,0.2,20,47.61904761904762
12_Ockinger_Sattra_Og,26,11,6,5,0.2,20,45.45454545454545
12_Ockinger_St_Tadinge,28,18,6,13,0.2,20,72.22222222222223
12_Ockinger_Tjalinge_Skogstibble,35,18,7,7,0.2,20,38.888888888888886
20_Hoiss_H5_2010,25,81,5,50,0.2,20,61.72839506172839
20_Hoiss_H6_2010,36,36,8,25,0.2,20,69.44444444444444
20_Hoiss_H7_2010,31,38,7,24,0.2,20,63.1578947368421
20_Hoiss_HO1_2010,30,52,6,19,0.2,20,36.53846153846154
20_Hoiss_HO5_2010,50,57,10,44,0.2,20,77.19298245614036
20_Hoiss_T4_2010,32,61,7,27,0.2,20,44.26229508196721
22_Kallnik_h1_2012,87,11,18,11,0.2,20,100
22_Kallnik_h2_2011,54,11,11,10,0.2,20,90.9090909090909
22_Kallnik_h3_2011,71,10,15,8,0.2,20,80
22_Kallnik_h4_2010,96,10,20,6,0.2,20,60
22_Kallnik_h4_2011,85,10,17,10,0.2,20,100
22_Kallnik_h5_2011,54,11,11,11,0.2,20,100
22_Kallnik_h5_2012,78,11,16,11,0.2,20,100
22_Kallnik_h6_2011,69,10,14,9,0.2,20,90
22_Kallnik_h7_2011,63,10,13,9,0.2,20,90
22_Kallnik_ho2_2011,68,10,14,8,0.2,20,80
22_Kallnik_ho3_2011,49,12,10,12,0.2,20,100
22_Kallnik_ho3_2012,61,10,13,8,0.2,20,80
22_Kallnik_ho4_2010,76,10,16,9,0.2,20,90
22_Kallnik_ho4_2011,71,13,15,12,0.2,20,92.3076923076923
22_Kallnik_ho4_2012,79,12,16,11,0.2,20,91.66666666666667
22_Kallnik_ho5_2011,59,12,12,7,0.2,20,58.333333333333336
22_Kallnik_wma3_2011,53,10,11,5,0.2,20,50
22_Kallnik_wma3_2012,71,10,15,5,0.2,20,50
22_Kallnik_wma4_2011,50,11,10,8,0.2,20,72.72727272727273
22_Kallnik_wma5_2011,55,10,11,10,0.2,20,100
22_Kallnik_wmb1_2012,92,11,19,10,0.2,20,90.9090909090909
22_Kallnik_wmb2_2011,89,12,18,12,0.2,20,100
22_Kallnik_wmb2_2012,108,11,22,9,0.2,20,81.81818181818181
22_Kallnik_wmb3_2011,90,10,18,9,0.2,20,90
22_Kallnik_wmb3_2012,106,10,22,9,0.2,20,90
22_Kallnik_wmb4_2010,84,12,17,11,0.2,20,91.66666666666667
22_Kallnik_wmb4_2011,78,13,16,11,0.2,20,84.61538461538461
22_Kallnik_wmb4_2012,87,11,18,10,0.2,20,90.9090909090909
22_Kallnik_wmb5_2010,91,11,19,10,0.2,20,90.9090909090909
22_Kallnik_wmb5_2011,82,11,17,11,0.2,20,100
22_Kallnik_wmb5_2012,90,11,18,9,0.2,20,81.81818181818181
28_Sutter_10_2013,44,16,9,8,0.2,20,50
28_Sutter_11_2013,38,14,8,9,0.2,20,64.28571428571429
28_Sutter_12_2013,34,12,7,9,0.2,20,75
28_Sutter_13_2013,45,13,9,6,0.2,20,46.15384615384615
28_Sutter_13_2014,30,11,6,2,0.2,20,18.181818181818183
28_Sutter_14_2013,20,12,4,5,0.2,20,41.666666666666664
28_Sutter_17_2013,47,17,10,7,0.2,20,41.1764705882353
28_Sutter_19_2013,35,20,7,16,0.2,20,80
28_Sutter_1_2013,46,14,10,8,0.2,20,57.142857142857146
28_Sutter_20_2013,24,15,5,9,0.2,20,60
28_Sutter_21_2013,43,16,9,11,0.2,20,68.75
28_Sutter_2_2013,29,15,6,6,0.2,20,40
28_Sutter_3_2013,34,21,7,11,0.2,20,52.38095238095238
28_Sutter_5_2013,50,23,10,17,0.2,20,73.91304347826087
28_Sutter_8_2013,34,17,7,4,0.2,20,23.529411764705884
28_Sutter_8_2014,22,18,5,15,0.2,20,83.33333333333333
29_Magrach_Gibraleon_2011,16,27,4,10,0.2,20,37.03703703703704
29_Magrach_Gravera_2011,18,25,4,15,0.2,20,60
29_Magrach_Niebla_2011,18,31,4,19,0.2,20,61.29032258064516
29_Magrach_Niebla_2012,21,26,5,23,0.2,20,88.46153846153847
29_Magrach_Villablanca_2011,18,22,4,9,0.2,20,40.90909090909091
2_Petanidou_Armolia_2015,37,73,8,55,0.2,20,75.34246575342466
2_Petanidou_Emborios_2015,21,80,5,68,0.2,20,85
2_Petanidou_Gridia_2015,38,73,8,52,0.2,20,71.23287671232876
2_Petanidou_Kato Fana_2015,14,60,3,39,0.2,20,65
2_Petanidou_Palios Katarraktis_2015,39,73,8,39,0.2,20,53.42465753424658
2_Petanidou_Vessa 2_2015,28,98,6,57,0.2,20,58.16326530612245
30_Smith_lsk48_2012,30,22,6,8,0.2,20,36.36363636363637
30_Smith_lsk57_2011,33,20,7,12,0.2,20,60
30_Smith_lsk73_2012,28,19,6,10,0.2,20,52.63157894736842
30_Smith_lsk74_2012,27,26,6,12,0.2,20,46.15384615384615
30_Smith_lsk77_2011,22,19,5,10,0.2,20,52.63157894736842
30_Smith_lsk77_2012,42,25,9,14,0.2,20,56
31_Roberts_Hunt_2013,44,12,9,10,0.2,20,83.33333333333333
31_Roberts_Jefferies_2013,31,13,7,9,0.2,20,69.23076923076923
31_Roberts_Livingstone_far_2012,30,12,6,6,0.2,20,50
31_Roberts_Livingstone_house_2012,30,14,6,10,0.2,20,71.42857142857143
31_Roberts_Mearns_2013,32,19,7,17,0.2,20,89.47368421052632
31_Roberts_White_left_2012,42,19,9,7,0.2,20,36.8421052631579
36_Larkin_Barracks.Lyan.Co.Clare_13.2017_GS1,13,11,3,3,0.2,20,27.272727272727273
36_Larkin_Glencolumbkille.South.Carron.Co.Clare_20.2017_GS1,12,13,3,10,0.2,20,76.92307692307692
37_White_An,15,23,3,6,0.2,20,26.08695652173913
37_White_Bl,19,27,4,16,0.2,20,59.25925925925926
37_White_Bn,20,26,4,12,0.2,20,46.15384615384615
37_White_CW,26,33,6,23,0.2,20,69.6969696969697
37_White_Ce,18,20,4,6,0.2,20,30
37_White_Cn,29,34,6,19,0.2,20,55.88235294117647
37_White_ED,13,19,3,5,0.2,20,26.31578947368421
37_White_Fs,22,21,5,13,0.2,20,61.904761904761905
37_White_JK,25,24,5,14,0.2,20,58.333333333333336
37_White_Kr,29,17,6,12,0.2,20,70.58823529411765
37_White_ND,25,22,5,15,0.2,20,68.18181818181819
37_White_NG,21,25,5,6,0.2,20,24
37_White_Pn,12,17,3,3,0.2,20,17.647058823529413
37_White_WD,15,23,3,12,0.2,20,52.17391304347826
38_Maurer_A1,47,27,10,20,0.2,20,74.07407407407408
38_Maurer_A2,76,40,16,16,0.2,20,40
38_Maurer_A3,69,31,14,15,0.2,20,48.38709677419355
38_Maurer_A4,58,31,12,18,0.2,20,58.064516129032256
38_Maurer_R1,72,42,15,23,0.2,20,54.76190476190476
38_Maurer_R2,54,51,11,27,0.2,20,52.94117647058823
38_Maurer_R3,95,48,19,23,0.2,20,47.916666666666664
38_Maurer_R4,66,37,14,11,0.2,20,29.72972972972973
38_Maurer_U2,113,64,23,25,0.2,20,39.0625
38_Maurer_U3,92,49,19,24,0.2,20,48.97959183673469
39_Schweiger_I1_ruderal_1_2021,23,20,5,1,0.2,20,5
39_Schweiger_I2_semi.natural.grass_5_2021,18,27,4,16,0.2,20,59.25925925925926
39_Schweiger_I2_woodland.scrub_1_2021,23,22,5,4,0.2,20,18.181818181818183
39_Schweiger_I4_woodland.scrub_3_2021,22,21,5,9,0.2,20,42.857142857142854
39_Schweiger_R1_semi.natural.grass_4_2021,15,23,3,15,0.2,20,65.21739130434783
39_Schweiger_R4_semi.natural.grass_2_2021,11,25,3,6,0.2,20,24
40_Knight_Ghe_ari_2017,30,129,6,75,0.2,20,58.13953488372093
41_Knight_1 wooded meadow_2018,39,37,8,33,0.2,20,89.1891891891892
41_Knight_2 alvar pasture_2018,32,17,7,13,0.2,20,76.47058823529412
41_Knight_3 alvar pasture_2018,21,34,5,25,0.2,20,73.52941176470588
41_Knight_4 wooded meadow_2018,30,23,6,20,0.2,20,86.95652173913044
41_Knight_5 wooded meadow_2018,27,47,6,32,0.2,20,68.08510638297872
41_Knight_6 alvar pasture_2018,37,23,8,14,0.2,20,60.869565217391305
42_Knight_M1Restored_2019,45,25,9,25,0.2,20,100
42_Knight_M2Natural_2019,31,19,7,15,0.2,20,78.94736842105263
42_Knight_M3Natural_2019,37,17,8,12,0.2,20,70.58823529411765
42_Knight_M4Restored_2019,33,19,7,14,0.2,20,73.6842105263158
42_Knight_M5Restored_2019,37,21,8,14,0.2,20,66.66666666666667
42_Knight_M6Natural_2019,47,35,10,24,0.2,20,68.57142857142857
42_Knight_M8Restored_2019,32,15,7,8,0.2,20,53.333333333333336
44_Knight_M11_2018,46,33,10,25,0.2,20,75.75757575757575
44_Knight_M12_2018,43,55,9,38,0.2,20,69.0909090909091
44_Knight_M13_2018,32,23,7,18,0.2,20,78.26086956521739
44_Knight_M15_2018,45,58,9,44,0.2,20,75.86206896551724
44_Knight_M16_2018,50,50,10,40,0.2,20,80
44_Knight_M17_2018,33,48,7,22,0.2,20,45.833333333333336
44_Knight_M18_2018,39,44,8,35,0.2,20,79.54545454545455
44_Knight_M1_2018,23,37,5,24,0.2,20,64.86486486486487
44_Knight_M3_2018,57,63,12,39,0.2,20,61.904761904761905
44_Knight_M4_2018,46,56,10,48,0.2,20,85.71428571428571
44_Knight_M6_2018,69,33,14,14,0.2,20,42.42424242424242
44_Knight_M8_2018,67,41,14,26,0.2,20,63.41463414634146
45_Knight_Hermanovice_meadow_2018,32,47,7,28,0.2,20,59.57446808510638
45_Knight_HorniGrunt_meadow_2018,26,38,6,30,0.2,20,78.94736842105263
45_Knight_Mnichov_meadow_2018,29,53,6,37,0.2,20,69.81132075471699
46_Knight_Gora_Gipsowa_2018,37,41,8,14,0.2,20,34.146341463414636
47_Benadi_1,81,190,17,165,0.2,20,86.84210526315789
47_Benadi_2,54,162,11,127,0.2,20,78.39506172839506
47_Benadi_3,67,150,14,131,0.2,20,87.33333333333333
47_Benadi_4,55,144,11,113,0.2,20,78.47222222222223
47_Benadi_5,68,131,14,113,0.2,20,86.25954198473282
47_Benadi_6,63,96,13,77,0.2,20,80.20833333333333
4_Marini_UNIPD01 A_2018,23,69,5,37,0.2,20,53.6231884057971
4_Marini_UNIPD01 An_2018,27,54,6,39,0.2,20,72.22222222222223
4_Marini_UNIPD01 B_2018,29,58,6,48,0.2,20,82.75862068965517
4_Marini_UNIPD01 Bn_2018,32,90,7,46,0.2,20,51.111111111111114
4_Marini_UNIPD01 C_2018,37,67,8,34,0.2,20,50.74626865671642
4_Marini_UNIPD01 Cn_2018,30,65,6,25,0.2,20,38.46153846153846
4_Marini_UNIPD01 E_2018,46,73,10,40,0.2,20,54.794520547945204
4_Marini_UNIPD01 En_2018,40,67,8,22,0.2,20,32.83582089552239
4_Marini_UNIPD01 F_2018,25,32,5,19,0.2,20,59.375
4_Marini_UNIPD01 Fn_2018,29,31,6,15,0.2,20,48.38709677419355
4_Marini_UNIPD01 G_2018,25,56,5,37,0.2,20,66.07142857142857
4_Marini_UNIPD01 Gn_2018,28,45,6,31,0.2,20,68.88888888888889
4_Marini_UNIPD01 H_2018,50,98,10,39,0.2,20,39.795918367346935
4_Marini_UNIPD01 Hn_2018,38,82,8,33,0.2,20,40.24390243902439
4_Marini_UNIPD01 I_2018,33,74,7,40,0.2,20,54.054054054054056
4_Marini_UNIPD01 In_2018,44,93,9,67,0.2,20,72.04301075268818
50_Hervias-Parejo_Cala Tirant_2021,18,77,4,15,0.2,20,19.48051948051948
50_Hervias-Parejo_Llucalari_2021,11,62,3,19,0.2,20,30.64516129032258
50_Hervias-Parejo_Sa Bassa_2021,15,81,3,17,0.2,20,20.987654320987655
50_Hervias-Parejo_Salinas_2021,27,95,6,6,0.2,20,6.315789473684211
50_Hervias-Parejo_Torre Fornells_2021,21,83,5,34,0.2,20,40.963855421686745
50_Hervias-Parejo_coast Son Bou_2021,10,46,2,6,0.2,20,13.043478260869565
51_Petanidou_Pyrgos_2013,39,66,8,46,0.2,20,69.6969696969697
51_Petanidou_Sigri 3_2012,28,51,6,28,0.2,20,54.90196078431372
54_Lazaro_AloeVera_2018_2018,11,60,3,5,0.2,20,8.333333333333334
54_Lazaro_SonBaco_2018_2018,14,73,3,48,0.2,20,65.75342465753425
54_Lazaro_SonMutNou_2018_2018,12,69,3,49,0.2,20,71.01449275362319
54_Lazaro_UIB_2018_2018,20,72,4,10,0.2,20,13.88888888888889
5_Marini_UNIPD02 AA_2019,24,24,5,10,0.2,20,41.666666666666664
5_Marini_UNIPD02 AB_2019,26,16,6,9,0.2,20,56.25
5_Marini_UNIPD02 AC_2019,31,23,7,8,0.2,20,34.78260869565217
5_Marini_UNIPD02 AD_2019,20,14,4,7,0.2,20,50
5_Marini_UNIPD02 AE_2019,19,35,4,13,0.2,20,37.142857142857146
5_Marini_UNIPD02 AF_2019,16,24,4,10,0.2,20,41.666666666666664
5_Marini_UNIPD02 AG_2019,25,52,5,18,0.2,20,34.61538461538461
5_Marini_UNIPD02 AH_2019,22,35,5,16,0.2,20,45.714285714285715
5_Marini_UNIPD02 AI_2019,21,16,5,12,0.2,20,75
5_Marini_UNIPD02 AJ_2019,10,31,2,11,0.2,20,35.483870967741936
5_Marini_UNIPD02 AK_2019,10,21,2,6,0.2,20,28.571428571428573
5_Marini_UNIPD02 AL_2019,27,39,6,13,0.2,20,33.333333333333336
5_Marini_UNIPD02 AM_2019,31,34,7,21,0.2,20,61.76470588235294
5_Marini_UNIPD02 AN_2019,12,20,3,7,0.2,20,35
5_Marini_UNIPD02 AO_2019,18,29,4,15,0.2,20,51.724137931034484
5_Marini_UNIPD02 AP_2019,16,18,4,13,0.2,20,72.22222222222223
5_Marini_UNIPD02 AQ_2019,15,24,3,16,0.2,20,66.66666666666667
5_Marini_UNIPD02 AS_2019,14,22,3,13,0.2,20,59.09090909090909
5_Marini_UNIPD02 AT_2019,16,26,4,19,0.2,20,73.07692307692308
5_Marini_UNIPD02 AV_2019,10,13,2,8,0.2,20,61.53846153846154
5_Marini_UNIPD02 A_2019,17,35,4,23,0.2,20,65.71428571428571
5_Marini_UNIPD02 B_2019,21,32,5,12,0.2,20,37.5
5_Marini_UNIPD02 C_2019,19,35,4,25,0.2,20,71.42857142857143
5_Marini_UNIPD02 D_2019,17,32,4,12,0.2,20,37.5
5_Marini_UNIPD02 E_2019,12,32,3,14,0.2,20,43.75
5_Marini_UNIPD02 G_2019,19,27,4,14,0.2,20,51.851851851851855
5_Marini_UNIPD02 H_2019,15,21,3,8,0.2,20,38.095238095238095
5_Marini_UNIPD02 I_2019,16,35,4,19,0.2,20,54.285714285714285
5_Marini_UNIPD02 K_2019,16,31,4,19,0.2,20,61.29032258064516
5_Marini_UNIPD02 L_2019,13,20,3,15,0.2,20,75
5_Marini_UNIPD02 M_2019,26,35,6,25,0.2,20,71.42857142857143
5_Marini_UNIPD02 N_2019,17,20,4,9,0.2,20,45
5_Marini_UNIPD02 O_2019,19,31,4,20,0.2,20,64.51612903225806
5_Marini_UNIPD02 P_2019,15,24,3,10,0.2,20,41.666666666666664
5_Marini_UNIPD02 Q_2019,18,22,4,16,0.2,20,72.72727272727273
5_Marini_UNIPD02 S_2019,22,31,5,14,0.2,20,45.16129032258065
5_Marini_UNIPD02 T_2019,21,18,5,12,0.2,20,66.66666666666667
5_Marini_UNIPD02 U_2019,28,23,6,9,0.2,20,39.130434782608695
5_Marini_UNIPD02 V_2019,29,39,6,17,0.2,20,43.58974358974359
5_Marini_UNIPD02 W_2019,21,36,5,21,0.2,20,58.333333333333336
5_Marini_UNIPD02 X_2019,27,41,6,31,0.2,20,75.60975609756098
5_Marini_UNIPD02 Y_2019,20,45,4,29,0.2,20,64.44444444444444
5_Marini_UNIPD02 Z_2019,15,27,3,18,0.2,20,66.66666666666667
6_Marini_UNIPD03 CD13_2020,13,25,3,20,0.2,20,80
6_Marini_UNIPD03 CD14_2020,18,30,4,15,0.2,20,50
6_Marini_UNIPD03 CD15_2020,24,43,5,35,0.2,20,81.3953488372093
6_Marini_UNIPD03 CD16_2020,26,52,6,33,0.2,20,63.46153846153846
6_Marini_UNIPD03 CD17_2020,27,51,6,26,0.2,20,50.98039215686274
6_Marini_UNIPD03 CD20_2020,17,44,4,33,0.2,20,75
6_Marini_UNIPD03 CD22_2020,22,24,5,13,0.2,20,54.166666666666664
6_Marini_UNIPD03 CD23_2020,23,39,5,24,0.2,20,61.53846153846154
6_Marini_UNIPD03 CD26_2020,11,26,3,15,0.2,20,57.69230769230769
6_Marini_UNIPD03 CD27_2020,23,34,5,24,0.2,20,70.58823529411765
6_Marini_UNIPD03 CD28_2020,27,42,6,25,0.2,20,59.523809523809526
6_Marini_UNIPD03 CD29_2020,21,35,5,17,0.2,20,48.57142857142857
6_Marini_UNIPD03 CD2_2020,10,22,2,9,0.2,20,40.90909090909091
6_Marini_UNIPD03 CD34_2020,14,45,3,37,0.2,20,82.22222222222223
6_Marini_UNIPD03 D11_2020,13,28,3,25,0.2,20,89.28571428571429
6_Marini_UNIPD03 D17_2020,10,26,2,17,0.2,20,65.38461538461539
6_Marini_UNIPD03 D21_2020,11,23,3,16,0.2,20,69.56521739130434
6_Marini_UNIPD03 D24_2020,17,33,4,27,0.2,20,81.81818181818181
6_Marini_UNIPD03 D28_2020,19,32,4,19,0.2,20,59.375
6_Marini_UNIPD03 D29_2020,15,28,3,17,0.2,20,60.714285714285715
6_Marini_UNIPD03 D34_2020,13,37,3,17,0.2,20,45.945945945945944
6_Marini_UNIPD03 D35_2020,13,24,3,16,0.2,20,66.66666666666667
6_Marini_UNIPD03 D5_2020,17,30,4,17,0.2,20,56.666666666666664
6_Marini_UNIPD03 D8_2020,11,18,3,7,0.2,20,38.888888888888886
6_Marini_UNIPD03 E14_2020,19,34,4,15,0.2,20,44.11764705882353
6_Marini_UNIPD03 E19_2020,19,28,4,16,0.2,20,57.142857142857146
6_Marini_UNIPD03 E25_2020,17,24,4,18,0.2,20,75
6_Marini_UNIPD03 E26_2020,24,45,5,28,0.2,20,62.22222222222222
6_Marini_UNIPD03 E31_2020,13,22,3,14,0.2,20,63.63636363636363
6_Marini_UNIPD03 E32_2020,10,20,2,8,0.2,20,40
6_Marini_UNIPD03 E33_2020,13,40,3,27,0.2,20,67.5
6_Marini_UNIPD03 E35_2020,14,36,3,26,0.2,20,72.22222222222223
6_Marini_UNIPD03 E36_2020,11,42,3,34,0.2,20,80.95238095238095
7_Scheper_Chize_10_Field_boundary_2015,37,22,8,8,0.2,20,36.36363636363637
7_Scheper_Chize_12_Field_boundary_2015,34,34,7,24,0.2,20,70.58823529411765
7_Scheper_Chize_14_Field_boundary_2015,35,38,7,10,0.2,20,26.31578947368421
7_Scheper_Chize_19_Field_boundary_2015,32,22,7,18,0.2,20,81.81818181818181
7_Scheper_Chize_1_Field_boundary_2015,25,22,5,19,0.2,20,86.36363636363636
7_Scheper_Chize_1_Grassland_2015,14,22,3,11,0.2,20,50
7_Scheper_Chize_25_Field_boundary_2015,31,27,7,18,0.2,20,66.66666666666667
7_Scheper_Chize_4_Field_boundary_2015,25,21,5,11,0.2,20,52.38095238095238
7_Scheper_Chize_5_Field_boundary_2015,32,21,7,13,0.2,20,61.904761904761905
7_Scheper_Chize_6_Field_boundary_2015,31,35,7,22,0.2,20,62.857142857142854
11_Clough_ASK_2021_2021,16,19,4,5,0.25,25,26.31578947368421
11_Clough_HAM_2021_2021,24,38,6,9,0.25,25,23.68421052631579
11_Clough_KOM_2021_2021,22,23,6,14,0.25,25,60.869565217391305
11_Clough_LOB_2021_2021,21,19,6,13,0.25,25,68.42105263157895
11_Clough_PET_2021_2021,30,36,8,17,0.25,25,47.22222222222222
11_Clough_TAG_2021_2021,28,35,7,16,0.25,25,45.714285714285715
12_Ockinger_Norrang_Ryckelsby_Og,25,21,7,14,0.25,25,66.66666666666667
12_Ockinger_Sattra_Og,26,11,7,5,0.25,25,45.45454545454545
12_Ockinger_St_Tadinge,28,18,7,13,0.25,25,72.22222222222223
12_Ockinger_Tjalinge_Skogstibble,35,18,9,8,0.25,25,44.44444444444444
20_Hoiss_H5_2010,25,81,7,57,0.25,25,70.37037037037037
20_Hoiss_H6_2010,36,36,9,25,0.25,25,69.44444444444444
20_Hoiss_H7_2010,31,38,8,25,0.25,25,65.78947368421052
20_Hoiss_HO1_2010,30,52,8,40,0.25,25,76.92307692307692
20_Hoiss_HO5_2010,50,57,13,50,0.25,25,87.71929824561404
20_Hoiss_T4_2010,32,61,8,27,0.25,25,44.26229508196721
22_Kallnik_h1_2012,87,11,22,11,0.25,25,100
22_Kallnik_h2_2011,54,11,14,10,0.25,25,90.9090909090909
22_Kallnik_h3_2011,71,10,18,8,0.25,25,80
22_Kallnik_h4_2010,96,10,24,6,0.25,25,60
22_Kallnik_h4_2011,85,10,22,10,0.25,25,100
22_Kallnik_h5_2011,54,11,14,11,0.25,25,100
22_Kallnik_h5_2012,78,11,20,11,0.25,25,100
22_Kallnik_h6_2011,69,10,18,9,0.25,25,90
22_Kallnik_h7_2011,63,10,16,9,0.25,25,90
22_Kallnik_ho2_2011,68,10,17,8,0.25,25,80
22_Kallnik_ho3_2011,49,12,13,12,0.25,25,100
22_Kallnik_ho3_2012,61,10,16,10,0.25,25,100
22_Kallnik_ho4_2010,76,10,19,9,0.25,25,90
22_Kallnik_ho4_2011,71,13,18,13,0.25,25,100
22_Kallnik_ho4_2012,79,12,20,11,0.25,25,91.66666666666667
22_Kallnik_ho5_2011,59,12,15,12,0.25,25,100
22_Kallnik_wma3_2011,53,10,14,10,0.25,25,100
22_Kallnik_wma3_2012,71,10,18,6,0.25,25,60
22_Kallnik_wma4_2011,50,11,13,9,0.25,25,81.81818181818181
22_Kallnik_wma5_2011,55,10,14,10,0.25,25,100
22_Kallnik_wmb1_2012,92,11,23,10,0.25,25,90.9090909090909
22_Kallnik_wmb2_2011,89,12,23,12,0.25,25,100
22_Kallnik_wmb2_2012,108,11,27,10,0.25,25,90.9090909090909
22_Kallnik_wmb3_2011,90,10,23,9,0.25,25,90
22_Kallnik_wmb3_2012,106,10,27,9,0.25,25,90
22_Kallnik_wmb4_2010,84,12,21,11,0.25,25,91.66666666666667
22_Kallnik_wmb4_2011,78,13,20,11,0.25,25,84.61538461538461
22_Kallnik_wmb4_2012,87,11,22,10,0.25,25,90.9090909090909
22_Kallnik_wmb5_2010,91,11,23,10,0.25,25,90.9090909090909
22_Kallnik_wmb5_2011,82,11,21,11,0.25,25,100
22_Kallnik_wmb5_2012,90,11,23,9,0.25,25,81.81818181818181
28_Sutter_10_2013,44,16,11,11,0.25,25,68.75
28_Sutter_11_2013,38,14,10,10,0.25,25,71.42857142857143
28_Sutter_12_2013,34,12,9,9,0.25,25,75
28_Sutter_13_2013,45,13,12,7,0.25,25,53.84615384615385
28_Sutter_13_2014,30,11,8,6,0.25,25,54.54545454545455
28_Sutter_14_2013,20,12,5,5,0.25,25,41.666666666666664
28_Sutter_17_2013,47,17,12,10,0.25,25,58.8235294117647
28_Sutter_19_2013,35,20,9,17,0.25,25,85
28_Sutter_1_2013,46,14,12,11,0.25,25,78.57142857142857
28_Sutter_20_2013,24,15,6,11,0.25,25,73.33333333333333
28_Sutter_21_2013,43,16,11,11,0.25,25,68.75
28_Sutter_2_2013,29,15,8,10,0.25,25,66.66666666666667
28_Sutter_3_2013,34,21,9,11,0.25,25,52.38095238095238
28_Sutter_5_2013,50,23,13,19,0.25,25,82.6086956521739
28_Sutter_8_2013,34,17,9,8,0.25,25,47.05882352941177
28_Sutter_8_2014,22,18,6,15,0.25,25,83.33333333333333
29_Magrach_Gibraleon_2011,16,27,4,10,0.25,25,37.03703703703704
29_Magrach_Gravera_2011,18,25,5,15,0.25,25,60
29_Magrach_Niebla_2011,18,31,5,23,0.25,25,74.19354838709677
29_Magrach_Niebla_2012,21,26,6,24,0.25,25,92.3076923076923
29_Magrach_Villablanca_2011,18,22,5,14,0.25,25,63.63636363636363
2_Petanidou_Armolia_2015,37,73,10,63,0.25,25,86.3013698630137
2_Petanidou_Emborios_2015,21,80,6,74,0.25,25,92.5
2_Petanidou_Gridia_2015,38,73,10,56,0.25,25,76.71232876712328
2_Petanidou_Kato Fana_2015,14,60,4,39,0.25,25,65
2_Petanidou_Palios Katarraktis_2015,39,73,10,52,0.25,25,71.23287671232876
2_Petanidou_Vessa 2_2015,28,98,7,58,0.25,25,59.183673469387756
30_Smith_lsk48_2012,30,22,8,12,0.25,25,54.54545454545455
30_Smith_lsk57_2011,33,20,9,13,0.25,25,65
30_Smith_lsk73_2012,28,19,7,13,0.25,25,68.42105263157895
30_Smith_lsk74_2012,27,26,7,12,0.25,25,46.15384615384615
30_Smith_lsk77_2011,22,19,6,12,0.25,25,63.1578947368421
30_Smith_lsk77_2012,42,25,11,15,0.25,25,60
31_Roberts_Hunt_2013,44,12,11,10,0.25,25,83.33333333333333
31_Roberts_Jefferies_2013,31,13,8,11,0.25,25,84.61538461538461
31_Roberts_Livingstone_far_2012,30,12,8,6,0.25,25,50
31_Roberts_Livingstone_house_2012,30,14,8,11,0.25,25,78.57142857142857
31_Roberts_Mearns_2013,32,19,8,17,0.25,25,89.47368421052632
31_Roberts_White_left_2012,42,19,11,8,0.25,25,42.10526315789474
36_Larkin_Barracks.Lyan.Co.Clare_13.2017_GS1,13,11,4,4,0.25,25,36.36363636363637
36_Larkin_Glencolumbkille.South.Carron.Co.Clare_20.2017_GS1,12,13,3,10,0.25,25,76.92307692307692
37_White_An,15,23,4,7,0.25,25,30.434782608695652
37_White_Bl,19,27,5,16,0.25,25,59.25925925925926
37_White_Bn,20,26,5,17,0.25,25,65.38461538461539
37_White_CW,26,33,7,24,0.25,25,72.72727272727273
37_White_Ce,18,20,5,7,0.25,25,35
37_White_Cn,29,34,8,20,0.25,25,58.8235294117647
37_White_ED,13,19,4,8,0.25,25,42.10526315789474
37_White_Fs,22,21,6,13,0.25,25,61.904761904761905
37_White_JK,25,24,7,14,0.25,25,58.333333333333336
37_White_Kr,29,17,8,13,0.25,25,76.47058823529412
37_White_ND,25,22,7,15,0.25,25,68.18181818181819
37_White_NG,21,25,6,7,0.25,25,28
37_White_Pn,12,17,3,3,0.25,25,17.647058823529413
37_White_WD,15,23,4,12,0.25,25,52.17391304347826
38_Maurer_A1,47,27,12,20,0.25,25,74.07407407407408
38_Maurer_A2,76,40,19,16,0.25,25,40
38_Maurer_A3,69,31,18,15,0.25,25,48.38709677419355
38_Maurer_A4,58,31,15,25,0.25,25,80.64516129032258
38_Maurer_R1,72,42,18,26,0.25,25,61.904761904761905
38_Maurer_R2,54,51,14,30,0.25,25,58.8235294117647
38_Maurer_R3,95,48,24,24,0.25,25,50
38_Maurer_R4,66,37,17,19,0.25,25,51.351351351351354
38_Maurer_U2,113,64,29,40,0.25,25,62.5
38_Maurer_U3,92,49,23,24,0.25,25,48.97959183673469
39_Schweiger_I1_ruderal_1_2021,23,20,6,3,0.25,25,15
39_Schweiger_I2_semi.natural.grass_5_2021,18,27,5,17,0.25,25,62.96296296296296
39_Schweiger_I2_woodland.scrub_1_2021,23,22,6,8,0.25,25,36.36363636363637
39_Schweiger_I4_woodland.scrub_3_2021,22,21,6,9,0.25,25,42.857142857142854
39_Schweiger_R1_semi.natural.grass_4_2021,15,23,4,15,0.25,25,65.21739130434783
39_Schweiger_R4_semi.natural.grass_2_2021,11,25,3,6,0.25,25,24
40_Knight_Ghe_ari_2017,30,129,8,90,0.25,25,69.76744186046511
41_Knight_1 wooded meadow_2018,39,37,10,33,0.25,25,89.1891891891892
41_Knight_2 alvar pasture_2018,32,17,8,14,0.25,25,82.3529411764706
41_Knight_3 alvar pasture_2018,21,34,6,26,0.25,25,76.47058823529412
41_Knight_4 wooded meadow_2018,30,23,8,20,0.25,25,86.95652173913044
41_Knight_5 wooded meadow_2018,27,47,7,32,0.25,25,68.08510638297872
41_Knight_6 alvar pasture_2018,37,23,10,14,0.25,25,60.869565217391305
42_Knight_M1Restored_2019,45,25,12,25,0.25,25,100
42_Knight_M2Natural_2019,31,19,8,16,0.25,25,84.21052631578948
42_Knight_M3Natural_2019,37,17,10,12,0.25,25,70.58823529411765
42_Knight_M4Restored_2019,33,19,9,15,0.25,25,78.94736842105263
42_Knight_M5Restored_2019,37,21,10,14,0.25,25,66.66666666666667
42_Knight_M6Natural_2019,47,35,12,28,0.25,25,80
42_Knight_M8Restored_2019,32,15,8,10,0.25,25,66.66666666666667
44_Knight_M11_2018,46,33,12,28,0.25,25,84.84848484848484
44_Knight_M12_2018,43,55,11,41,0.25,25,74.54545454545455
44_Knight_M13_2018,32,23,8,18,0.25,25,78.26086956521739
44_Knight_M15_2018,45,58,12,49,0.25,25,84.48275862068965
44_Knight_M16_2018,50,50,13,40,0.25,25,80
44_Knight_M17_2018,33,48,9,22,0.25,25,45.833333333333336
44_Knight_M18_2018,39,44,10,37,0.25,25,84.0909090909091
44_Knight_M1_2018,23,37,6,28,0.25,25,75.67567567567568
44_Knight_M3_2018,57,63,15,42,0.25,25,66.66666666666667
44_Knight_M4_2018,46,56,12,48,0.25,25,85.71428571428571
44_Knight_M6_2018,69,33,18,21,0.25,25,63.63636363636363
44_Knight_M8_2018,67,41,17,26,0.25,25,63.41463414634146
45_Knight_Hermanovice_meadow_2018,32,47,8,29,0.25,25,61.702127659574465
45_Knight_HorniGrunt_meadow_2018,26,38,7,30,0.25,25,78.94736842105263
45_Knight_Mnichov_meadow_2018,29,53,8,38,0.25,25,71.69811320754717
46_Knight_Gora_Gipsowa_2018,37,41,10,14,0.25,25,34.146341463414636
47_Benadi_1,81,190,21,170,0.25,25,89.47368421052632
47_Benadi_2,54,162,14,143,0.25,25,88.27160493827161
47_Benadi_3,67,150,17,131,0.25,25,87.33333333333333
47_Benadi_4,55,144,14,124,0.25,25,86.11111111111111
47_Benadi_5,68,131,17,116,0.25,25,88.54961832061069
47_Benadi_6,63,96,16,81,0.25,25,84.375
4_Marini_UNIPD01 A_2018,23,69,6,47,0.25,25,68.1159420289855
4_Marini_UNIPD01 An_2018,27,54,7,43,0.25,25,79.62962962962963
4_Marini_UNIPD01 B_2018,29,58,8,49,0.25,25,84.48275862068965
4_Marini_UNIPD01 Bn_2018,32,90,8,46,0.25,25,51.111111111111114
4_Marini_UNIPD01 C_2018,37,67,10,40,0.25,25,59.701492537313435
4_Marini_UNIPD01 Cn_2018,30,65,8,33,0.25,25,50.76923076923077
4_Marini_UNIPD01 E_2018,46,73,12,42,0.25,25,57.534246575342465
4_Marini_UNIPD01 En_2018,40,67,10,35,0.25,25,52.23880597014925
4_Marini_UNIPD01 F_2018,25,32,7,24,0.25,25,75
4_Marini_UNIPD01 Fn_2018,29,31,8,18,0.25,25,58.064516129032256
4_Marini_UNIPD01 G_2018,25,56,7,44,0.25,25,78.57142857142857
4_Marini_UNIPD01 Gn_2018,28,45,7,31,0.25,25,68.88888888888889
4_Marini_UNIPD01 H_2018,50,98,13,59,0.25,25,60.204081632653065
4_Marini_UNIPD01 Hn_2018,38,82,10,37,0.25,25,45.1219512195122
4_Marini_UNIPD01 I_2018,33,74,9,48,0.25,25,64.86486486486487
4_Marini_UNIPD01 In_2018,44,93,11,68,0.25,25,73.11827956989248
50_Hervias-Parejo_Cala Tirant_2021,18,77,5,26,0.25,25,33.76623376623377
50_Hervias-Parejo_Llucalari_2021,11,62,3,19,0.25,25,30.64516129032258
50_Hervias-Parejo_Sa Bassa_2021,15,81,4,20,0.25,25,24.691358024691358
50_Hervias-Parejo_Salinas_2021,27,95,7,7,0.25,25,7.368421052631579
50_Hervias-Parejo_Torre Fornells_2021,21,83,6,34,0.25,25,40.963855421686745
50_Hervias-Parejo_coast Son Bou_2021,10,46,3,23,0.25,25,50
51_Petanidou_Pyrgos_2013,39,66,10,47,0.25,25,71.21212121212122
51_Petanidou_Sigri 3_2012,28,51,7,32,0.25,25,62.745098039215684
54_Lazaro_AloeVera_2018_2018,11,60,3,5,0.25,25,8.333333333333334
54_Lazaro_SonBaco_2018_2018,14,73,4,63,0.25,25,86.3013698630137
54_Lazaro_SonMutNou_2018_2018,12,69,3,49,0.25,25,71.01449275362319
54_Lazaro_UIB_2018_2018,20,72,5,11,0.25,25,15.277777777777779
5_Marini_UNIPD02 AA_2019,24,24,6,10,0.25,25,41.666666666666664
5_Marini_UNIPD02 AB_2019,26,16,7,9,0.25,25,56.25
5_Marini_UNIPD02 AC_2019,31,23,8,8,0.25,25,34.78260869565217
5_Marini_UNIPD02 AD_2019,20,14,5,8,0.25,25,57.142857142857146
5_Marini_UNIPD02 AE_2019,19,35,5,14,0.25,25,40
5_Marini_UNIPD02 AF_2019,16,24,4,10,0.25,25,41.666666666666664
5_Marini_UNIPD02 AG_2019,25,52,7,28,0.25,25,53.84615384615385
5_Marini_UNIPD02 AH_2019,22,35,6,16,0.25,25,45.714285714285715
5_Marini_UNIPD02 AI_2019,21,16,6,12,0.25,25,75
5_Marini_UNIPD02 AJ_2019,10,31,3,15,0.25,25,48.38709677419355
5_Marini_UNIPD02 AK_2019,10,21,3,10,0.25,25,47.61904761904762
5_Marini_UNIPD02 AL_2019,27,39,7,13,0.25,25,33.333333333333336
5_Marini_UNIPD02 AM_2019,31,34,8,22,0.25,25,64.70588235294117
5_Marini_UNIPD02 AN_2019,12,20,3,7,0.25,25,35
5_Marini_UNIPD02 AO_2019,18,29,5,17,0.25,25,58.62068965517241
5_Marini_UNIPD02 AP_2019,16,18,4,13,0.25,25,72.22222222222223
5_Marini_UNIPD02 AQ_2019,15,24,4,16,0.25,25,66.66666666666667
5_Marini_UNIPD02 AS_2019,14,22,4,15,0.25,25,68.18181818181819
5_Marini_UNIPD02 AT_2019,16,26,4,19,0.25,25,73.07692307692308
5_Marini_UNIPD02 AV_2019,10,13,3,9,0.25,25,69.23076923076923
5_Marini_UNIPD02 A_2019,17,35,5,24,0.25,25,68.57142857142857
5_Marini_UNIPD02 B_2019,21,32,6,17,0.25,25,53.125
5_Marini_UNIPD02 C_2019,19,35,5,28,0.25,25,80
5_Marini_UNIPD02 D_2019,17,32,5,14,0.25,25,43.75
5_Marini_UNIPD02 E_2019,12,32,3,14,0.25,25,43.75
5_Marini_UNIPD02 G_2019,19,27,5,14,0.25,25,51.851851851851855
5_Marini_UNIPD02 H_2019,15,21,4,13,0.25,25,61.904761904761905
5_Marini_UNIPD02 I_2019,16,35,4,19,0.25,25,54.285714285714285
5_Marini_UNIPD02 K_2019,16,31,4,19,0.25,25,61.29032258064516
5_Marini_UNIPD02 L_2019,13,20,4,17,0.25,25,85
5_Marini_UNIPD02 M_2019,26,35,7,25,0.25,25,71.42857142857143
5_Marini_UNIPD02 N_2019,17,20,5,11,0.25,25,55
5_Marini_UNIPD02 O_2019,19,31,5,20,0.25,25,64.51612903225806
5_Marini_UNIPD02 P_2019,15,24,4,11,0.25,25,45.833333333333336
5_Marini_UNIPD02 Q_2019,18,22,5,17,0.25,25,77.27272727272727
5_Marini_UNIPD02 S_2019,22,31,6,14,0.25,25,45.16129032258065
5_Marini_UNIPD02 T_2019,21,18,6,13,0.25,25,72.22222222222223
5_Marini_UNIPD02 U_2019,28,23,7,9,0.25,25,39.130434782608695
5_Marini_UNIPD02 V_2019,29,39,8,21,0.25,25,53.84615384615385
5_Marini_UNIPD02 W_2019,21,36,6,21,0.25,25,58.333333333333336
5_Marini_UNIPD02 X_2019,27,41,7,31,0.25,25,75.60975609756098
5_Marini_UNIPD02 Y_2019,20,45,5,29,0.25,25,64.44444444444444
5_Marini_UNIPD02 Z_2019,15,27,4,18,0.25,25,66.66666666666667
6_Marini_UNIPD03 CD13_2020,13,25,4,21,0.25,25,84
6_Marini_UNIPD03 CD14_2020,18,30,5,20,0.25,25,66.66666666666667
6_Marini_UNIPD03 CD15_2020,24,43,6,37,0.25,25,86.04651162790698
6_Marini_UNIPD03 CD16_2020,26,52,7,34,0.25,25,65.38461538461539
6_Marini_UNIPD03 CD17_2020,27,51,7,26,0.25,25,50.98039215686274
6_Marini_UNIPD03 CD20_2020,17,44,5,34,0.25,25,77.27272727272727
6_Marini_UNIPD03 CD22_2020,22,24,6,16,0.25,25,66.66666666666667
6_Marini_UNIPD03 CD23_2020,23,39,6,27,0.25,25,69.23076923076923
6_Marini_UNIPD03 CD26_2020,11,26,3,15,0.25,25,57.69230769230769
6_Marini_UNIPD03 CD27_2020,23,34,6,27,0.25,25,79.41176470588235
6_Marini_UNIPD03 CD28_2020,27,42,7,26,0.25,25,61.904761904761905
6_Marini_UNIPD03 CD29_2020,21,35,6,19,0.25,25,54.285714285714285
6_Marini_UNIPD03 CD2_2020,10,22,3,13,0.25,25,59.09090909090909
6_Marini_UNIPD03 CD34_2020,14,45,4,39,0.25,25,86.66666666666667
6_Marini_UNIPD03 D11_2020,13,28,4,26,0.25,25,92.85714285714286
6_Marini_UNIPD03 D17_2020,10,26,3,18,0.25,25,69.23076923076923
6_Marini_UNIPD03 D21_2020,11,23,3,16,0.25,25,69.56521739130434
6_Marini_UNIPD03 D24_2020,17,33,5,30,0.25,25,90.9090909090909
6_Marini_UNIPD03 D28_2020,19,32,5,20,0.25,25,62.5
6_Marini_UNIPD03 D29_2020,15,28,4,23,0.25,25,82.14285714285714
6_Marini_UNIPD03 D34_2020,13,37,4,24,0.25,25,64.86486486486487
6_Marini_UNIPD03 D35_2020,13,24,4,16,0.25,25,66.66666666666667
6_Marini_UNIPD03 D5_2020,17,30,5,19,0.25,25,63.333333333333336
6_Marini_UNIPD03 D8_2020,11,18,3,7,0.25,25,38.888888888888886
6_Marini_UNIPD03 E14_2020,19,34,5,18,0.25,25,52.94117647058823
6_Marini_UNIPD03 E19_2020,19,28,5,20,0.25,25,71.42857142857143
6_Marini_UNIPD03 E25_2020,17,24,5,18,0.25,25,75
6_Marini_UNIPD03 E26_2020,24,45,6,31,0.25,25,68.88888888888889
6_Marini_UNIPD03 E31_2020,13,22,4,14,0.25,25,63.63636363636363
6_Marini_UNIPD03 E32_2020,10,20,3,8,0.25,25,40
6_Marini_UNIPD03 E33_2020,13,40,4,28,0.25,25,70
6_Marini_UNIPD03 E35_2020,14,36,4,26,0.25,25,72.22222222222223
6_Marini_UNIPD03 E36_2020,11,42,3,34,0.25,25,80.95238095238095
7_Scheper_Chize_10_Field_boundary_2015,37,22,10,9,0.25,25,40.90909090909091
7_Scheper_Chize_12_Field_boundary_2015,34,34,9,24,0.25,25,70.58823529411765
7_Scheper_Chize_14_Field_boundary_2015,35,38,9,14,0.25,25,36.8421052631579
7_Scheper_Chize_19_Field_boundary_2015,32,22,8,18,0.25,25,81.81818181818181
7_Scheper_Chize_1_Field_boundary_2015,25,22,7,19,0.25,25,86.36363636363636
7_Scheper_Chize_1_Grassland_2015,14,22,4,17,0.25,25,77.27272727272727
7_Scheper_Chize_25_Field_boundary_2015,31,27,8,18,0.25,25,66.66666666666667
7_Scheper_Chize_4_Field_boundary_2015,25,21,7,11,0.25,25,52.38095238095238
7_Scheper_Chize_5_Field_boundary_2015,32,21,8,17,0.25,25,80.95238095238095
7_Scheper_Chize_6_Field_boundary_2015,31,35,8,22,0.25,25,62.857142857142854
11_Clough_ASK_2021_2021,16,19,5,6,0.3,30,31.57894736842105
11_Clough_HAM_2021_2021,24,38,8,25,0.3,30,65.78947368421052
11_Clough_KOM_2021_2021,22,23,7,16,0.3,30,69.56521739130434
11_Clough_LOB_2021_2021,21,19,7,13,0.3,30,68.42105263157895
11_Clough_PET_2021_2021,30,36,9,17,0.3,30,47.22222222222222
11_Clough_TAG_2021_2021,28,35,9,20,0.3,30,57.142857142857146
12_Ockinger_Norrang_Ryckelsby_Og,25,21,8,15,0.3,30,71.42857142857143
12_Ockinger_Sattra_Og,26,11,8,5,0.3,30,45.45454545454545
12_Ockinger_St_Tadinge,28,18,9,13,0.3,30,72.22222222222223
12_Ockinger_Tjalinge_Skogstibble,35,18,11,10,0.3,30,55.55555555555556
20_Hoiss_H5_2010,25,81,8,61,0.3,30,75.30864197530865
20_Hoiss_H6_2010,36,36,11,25,0.3,30,69.44444444444444
20_Hoiss_H7_2010,31,38,10,26,0.3,30,68.42105263157895
20_Hoiss_HO1_2010,30,52,9,40,0.3,30,76.92307692307692
20_Hoiss_HO5_2010,50,57,15,52,0.3,30,91.2280701754386
20_Hoiss_T4_2010,32,61,10,30,0.3,30,49.18032786885246
22_Kallnik_h1_2012,87,11,27,11,0.3,30,100
22_Kallnik_h2_2011,54,11,17,10,0.3,30,90.9090909090909
22_Kallnik_h3_2011,71,10,22,10,0.3,30,100
22_Kallnik_h4_2010,96,10,29,6,0.3,30,60
22_Kallnik_h4_2011,85,10,26,10,0.3,30,100
22_Kallnik_h5_2011,54,11,17,11,0.3,30,100
22_Kallnik_h5_2012,78,11,24,11,0.3,30,100
22_Kallnik_h6_2011,69,10,21,10,0.3,30,100
22_Kallnik_h7_2011,63,10,19,9,0.3,30,90
22_Kallnik_ho2_2011,68,10,21,8,0.3,30,80
22_Kallnik_ho3_2011,49,12,15,12,0.3,30,100
22_Kallnik_ho3_2012,61,10,19,10,0.3,30,100
22_Kallnik_ho4_2010,76,10,23,9,0.3,30,90
22_Kallnik_ho4_2011,71,13,22,13,0.3,30,100
22_Kallnik_ho4_2012,79,12,24,12,0.3,30,100
22_Kallnik_ho5_2011,59,12,18,12,0.3,30,100
22_Kallnik_wma3_2011,53,10,16,10,0.3,30,100
22_Kallnik_wma3_2012,71,10,22,8,0.3,30,80
22_Kallnik_wma4_2011,50,11,15,9,0.3,30,81.81818181818181
22_Kallnik_wma5_2011,55,10,17,10,0.3,30,100
22_Kallnik_wmb1_2012,92,11,28,10,0.3,30,90.9090909090909
22_Kallnik_wmb2_2011,89,12,27,12,0.3,30,100
22_Kallnik_wmb2_2012,108,11,33,11,0.3,30,100
22_Kallnik_wmb3_2011,90,10,27,9,0.3,30,90
22_Kallnik_wmb3_2012,106,10,32,9,0.3,30,90
22_Kallnik_wmb4_2010,84,12,26,11,0.3,30,91.66666666666667
22_Kallnik_wmb4_2011,78,13,24,11,0.3,30,84.61538461538461
22_Kallnik_wmb4_2012,87,11,27,10,0.3,30,90.9090909090909
22_Kallnik_wmb5_2010,91,11,28,11,0.3,30,100
22_Kallnik_wmb5_2011,82,11,25,11,0.3,30,100
22_Kallnik_wmb5_2012,90,11,27,11,0.3,30,100
28_Sutter_10_2013,44,16,14,11,0.3,30,68.75
28_Sutter_11_2013,38,14,12,10,0.3,30,71.42857142857143
28_Sutter_12_2013,34,12,11,9,0.3,30,75
28_Sutter_13_2013,45,13,14,7,0.3,30,53.84615384615385
28_Sutter_13_2014,30,11,9,9,0.3,30,81.81818181818181
28_Sutter_14_2013,20,12,6,6,0.3,30,50
28_Sutter_17_2013,47,17,15,10,0.3,30,58.8235294117647
28_Sutter_19_2013,35,20,11,17,0.3,30,85
28_Sutter_1_2013,46,14,14,11,0.3,30,78.57142857142857
28_Sutter_20_2013,24,15,8,11,0.3,30,73.33333333333333
28_Sutter_21_2013,43,16,13,11,0.3,30,68.75
28_Sutter_2_2013,29,15,9,10,0.3,30,66.66666666666667
28_Sutter_3_2013,34,21,11,12,0.3,30,57.142857142857146
28_Sutter_5_2013,50,23,15,21,0.3,30,91.30434782608695
28_Sutter_8_2013,34,17,11,12,0.3,30,70.58823529411765
28_Sutter_8_2014,22,18,7,16,0.3,30,88.88888888888889
29_Magrach_Gibraleon_2011,16,27,5,13,0.3,30,48.148148148148145
29_Magrach_Gravera_2011,18,25,6,15,0.3,30,60
29_Magrach_Niebla_2011,18,31,6,27,0.3,30,87.09677419354838
29_Magrach_Niebla_2012,21,26,7,24,0.3,30,92.3076923076923
29_Magrach_Villablanca_2011,18,22,6,16,0.3,30,72.72727272727273
2_Petanidou_Armolia_2015,37,73,12,65,0.3,30,89.04109589041096
2_Petanidou_Emborios_2015,21,80,7,74,0.3,30,92.5
2_Petanidou_Gridia_2015,38,73,12,57,0.3,30,78.08219178082192
2_Petanidou_Kato Fana_2015,14,60,5,44,0.3,30,73.33333333333333
2_Petanidou_Palios Katarraktis_2015,39,73,12,53,0.3,30,72.6027397260274
2_Petanidou_Vessa 2_2015,28,98,9,69,0.3,30,70.40816326530613
30_Smith_lsk48_2012,30,22,9,12,0.3,30,54.54545454545455
30_Smith_lsk57_2011,33,20,10,13,0.3,30,65
30_Smith_lsk73_2012,28,19,9,13,0.3,30,68.42105263157895
30_Smith_lsk74_2012,27,26,9,12,0.3,30,46.15384615384615
30_Smith_lsk77_2011,22,19,7,13,0.3,30,68.42105263157895
30_Smith_lsk77_2012,42,25,13,15,0.3,30,60
31_Roberts_Hunt_2013,44,12,14,12,0.3,30,100
31_Roberts_Jefferies_2013,31,13,10,11,0.3,30,84.61538461538461
31_Roberts_Livingstone_far_2012,30,12,9,6,0.3,30,50
31_Roberts_Livingstone_house_2012,30,14,9,11,0.3,30,78.57142857142857
31_Roberts_Mearns_2013,32,19,10,17,0.3,30,89.47368421052632
31_Roberts_White_left_2012,42,19,13,10,0.3,30,52.63157894736842
36_Larkin_Barracks.Lyan.Co.Clare_13.2017_GS1,13,11,4,4,0.3,30,36.36363636363637
36_Larkin_Glencolumbkille.South.Carron.Co.Clare_20.2017_GS1,12,13,4,10,0.3,30,76.92307692307692
37_White_An,15,23,5,8,0.3,30,34.78260869565217
37_White_Bl,19,27,6,17,0.3,30,62.96296296296296
37_White_Bn,20,26,6,17,0.3,30,65.38461538461539
37_White_CW,26,33,8,25,0.3,30,75.75757575757575
37_White_Ce,18,20,6,8,0.3,30,40
37_White_Cn,29,34,9,21,0.3,30,61.76470588235294
37_White_ED,13,19,4,8,0.3,30,42.10526315789474
37_White_Fs,22,21,7,17,0.3,30,80.95238095238095
37_White_JK,25,24,8,14,0.3,30,58.333333333333336
37_White_Kr,29,17,9,13,0.3,30,76.47058823529412
37_White_ND,25,22,8,17,0.3,30,77.27272727272727
37_White_NG,21,25,7,18,0.3,30,72
37_White_Pn,12,17,4,6,0.3,30,35.294117647058826
37_White_WD,15,23,5,13,0.3,30,56.52173913043478
38_Maurer_A1,47,27,15,21,0.3,30,77.77777777777777
38_Maurer_A2,76,40,23,16,0.3,30,40
38_Maurer_A3,69,31,21,16,0.3,30,51.61290322580645
38_Maurer_A4,58,31,18,26,0.3,30,83.87096774193549
38_Maurer_R1,72,42,22,28,0.3,30,66.66666666666667
38_Maurer_R2,54,51,17,30,0.3,30,58.8235294117647
38_Maurer_R3,95,48,29,25,0.3,30,52.083333333333336
38_Maurer_R4,66,37,20,19,0.3,30,51.351351351351354
38_Maurer_U2,113,64,34,40,0.3,30,62.5
38_Maurer_U3,92,49,28,32,0.3,30,65.3061224489796
39_Schweiger_I1_ruderal_1_2021,23,20,7,6,0.3,30,30
39_Schweiger_I2_semi.natural.grass_5_2021,18,27,6,21,0.3,30,77.77777777777777
39_Schweiger_I2_woodland.scrub_1_2021,23,22,7,10,0.3,30,45.45454545454545
39_Schweiger_I4_woodland.scrub_3_2021,22,21,7,9,0.3,30,42.857142857142854
39_Schweiger_R1_semi.natural.grass_4_2021,15,23,5,18,0.3,30,78.26086956521739
39_Schweiger_R4_semi.natural.grass_2_2021,11,25,4,14,0.3,30,56
40_Knight_Ghe_ari_2017,30,129,9,92,0.3,30,71.31782945736434
41_Knight_1 wooded meadow_2018,39,37,12,33,0.3,30,89.1891891891892
41_Knight_2 alvar pasture_2018,32,17,10,16,0.3,30,94.11764705882354
41_Knight_3 alvar pasture_2018,21,34,7,27,0.3,30,79.41176470588235
41_Knight_4 wooded meadow_2018,30,23,9,21,0.3,30,91.30434782608695
41_Knight_5 wooded meadow_2018,27,47,9,35,0.3,30,74.46808510638297
41_Knight_6 alvar pasture_2018,37,23,12,14,0.3,30,60.869565217391305
42_Knight_M1Restored_2019,45,25,14,25,0.3,30,100
42_Knight_M2Natural_2019,31,19,10,16,0.3,30,84.21052631578948
42_Knight_M3Natural_2019,37,17,12,14,0.3,30,82.3529411764706
42_Knight_M4Restored_2019,33,19,10,15,0.3,30,78.94736842105263
42_Knight_M5Restored_2019,37,21,12,14,0.3,30,66.66666666666667
42_Knight_M6Natural_2019,47,35,15,29,0.3,30,82.85714285714286
42_Knight_M8Restored_2019,32,15,10,11,0.3,30,73.33333333333333
44_Knight_M11_2018,46,33,14,28,0.3,30,84.84848484848484
44_Knight_M12_2018,43,55,13,41,0.3,30,74.54545454545455
44_Knight_M13_2018,32,23,10,18,0.3,30,78.26086956521739
44_Knight_M15_2018,45,58,14,51,0.3,30,87.93103448275862
44_Knight_M16_2018,50,50,15,45,0.3,30,90
44_Knight_M17_2018,33,48,10,22,0.3,30,45.833333333333336
44_Knight_M18_2018,39,44,12,37,0.3,30,84.0909090909091
44_Knight_M1_2018,23,37,7,28,0.3,30,75.67567567567568
44_Knight_M3_2018,57,63,18,49,0.3,30,77.77777777777777
44_Knight_M4_2018,46,56,14,53,0.3,30,94.64285714285714
44_Knight_M6_2018,69,33,21,21,0.3,30,63.63636363636363
44_Knight_M8_2018,67,41,21,32,0.3,30,78.04878048780488
45_Knight_Hermanovice_meadow_2018,32,47,10,32,0.3,30,68.08510638297872
45_Knight_HorniGrunt_meadow_2018,26,38,8,30,0.3,30,78.94736842105263
45_Knight_Mnichov_meadow_2018,29,53,9,38,0.3,30,71.69811320754717
46_Knight_Gora_Gipsowa_2018,37,41,12,15,0.3,30,36.58536585365854
47_Benadi_1,81,190,25,175,0.3,30,92.10526315789474
47_Benadi_2,54,162,17,147,0.3,30,90.74074074074075
47_Benadi_3,67,150,21,137,0.3,30,91.33333333333333
47_Benadi_4,55,144,17,128,0.3,30,88.88888888888889
47_Benadi_5,68,131,21,118,0.3,30,90.07633587786259
47_Benadi_6,63,96,19,82,0.3,30,85.41666666666667
4_Marini_UNIPD01 A_2018,23,69,7,48,0.3,30,69.56521739130434
4_Marini_UNIPD01 An_2018,27,54,9,46,0.3,30,85.18518518518519
4_Marini_UNIPD01 B_2018,29,58,9,49,0.3,30,84.48275862068965
4_Marini_UNIPD01 Bn_2018,32,90,10,61,0.3,30,67.77777777777777
4_Marini_UNIPD01 C_2018,37,67,12,45,0.3,30,67.16417910447761
4_Marini_UNIPD01 Cn_2018,30,65,9,37,0.3,30,56.92307692307692
4_Marini_UNIPD01 E_2018,46,73,14,53,0.3,30,72.6027397260274
4_Marini_UNIPD01 En_2018,40,67,12,38,0.3,30,56.71641791044776
4_Marini_UNIPD01 F_2018,25,32,8,27,0.3,30,84.375
4_Marini_UNIPD01 Fn_2018,29,31,9,19,0.3,30,61.29032258064516
4_Marini_UNIPD01 G_2018,25,56,8,44,0.3,30,78.57142857142857
4_Marini_UNIPD01 Gn_2018,28,45,9,35,0.3,30,77.77777777777777
4_Marini_UNIPD01 H_2018,50,98,15,62,0.3,30,63.265306122448976
4_Marini_UNIPD01 Hn_2018,38,82,12,52,0.3,30,63.41463414634146
4_Marini_UNIPD01 I_2018,33,74,10,50,0.3,30,67.56756756756756
4_Marini_UNIPD01 In_2018,44,93,14,71,0.3,30,76.34408602150538
50_Hervias-Parejo_Cala Tirant_2021,18,77,6,32,0.3,30,41.55844155844156
50_Hervias-Parejo_Llucalari_2021,11,62,4,27,0.3,30,43.54838709677419
50_Hervias-Parejo_Sa Bassa_2021,15,81,5,41,0.3,30,50.617283950617285
50_Hervias-Parejo_Salinas_2021,27,95,9,29,0.3,30,30.526315789473685
50_Hervias-Parejo_Torre Fornells_2021,21,83,7,44,0.3,30,53.01204819277108
50_Hervias-Parejo_coast Son Bou_2021,10,46,3,23,0.3,30,50
51_Petanidou_Pyrgos_2013,39,66,12,49,0.3,30,74.24242424242425
51_Petanidou_Sigri 3_2012,28,51,9,38,0.3,30,74.50980392156863
54_Lazaro_AloeVera_2018_2018,11,60,4,31,0.3,30,51.666666666666664
54_Lazaro_SonBaco_2018_2018,14,73,5,63,0.3,30,86.3013698630137
54_Lazaro_SonMutNou_2018_2018,12,69,4,50,0.3,30,72.46376811594203
54_Lazaro_UIB_2018_2018,20,72,6,16,0.3,30,22.22222222222222
5_Marini_UNIPD02 AA_2019,24,24,8,14,0.3,30,58.333333333333336
5_Marini_UNIPD02 AB_2019,26,16,8,9,0.3,30,56.25
5_Marini_UNIPD02 AC_2019,31,23,10,12,0.3,30,52.17391304347826
5_Marini_UNIPD02 AD_2019,20,14,6,9,0.3,30,64.28571428571429
5_Marini_UNIPD02 AE_2019,19,35,6,18,0.3,30,51.42857142857143
5_Marini_UNIPD02 AF_2019,16,24,5,15,0.3,30,62.5
5_Marini_UNIPD02 AG_2019,25,52,8,32,0.3,30,61.53846153846154
5_Marini_UNIPD02 AH_2019,22,35,7,16,0.3,30,45.714285714285715
5_Marini_UNIPD02 AI_2019,21,16,7,12,0.3,30,75
5_Marini_UNIPD02 AJ_2019,10,31,3,15,0.3,30,48.38709677419355
5_Marini_UNIPD02 AK_2019,10,21,3,10,0.3,30,47.61904761904762
5_Marini_UNIPD02 AL_2019,27,39,9,19,0.3,30,48.717948717948715
5_Marini_UNIPD02 AM_2019,31,34,10,22,0.3,30,64.70588235294117
5_Marini_UNIPD02 AN_2019,12,20,4,12,0.3,30,60
5_Marini_UNIPD02 AO_2019,18,29,6,20,0.3,30,68.96551724137932
5_Marini_UNIPD02 AP_2019,16,18,5,13,0.3,30,72.22222222222223
5_Marini_UNIPD02 AQ_2019,15,24,5,19,0.3,30,79.16666666666667
5_Marini_UNIPD02 AS_2019,14,22,5,16,0.3,30,72.72727272727273
5_Marini_UNIPD02 AT_2019,16,26,5,19,0.3,30,73.07692307692308
5_Marini_UNIPD02 AV_2019,10,13,3,9,0.3,30,69.23076923076923
5_Marini_UNIPD02 A_2019,17,35,6,26,0.3,30,74.28571428571429
5_Marini_UNIPD02 B_2019,21,32,7,19,0.3,30,59.375
5_Marini_UNIPD02 C_2019,19,35,6,30,0.3,30,85.71428571428571
5_Marini_UNIPD02 D_2019,17,32,6,15,0.3,30,46.875
5_Marini_UNIPD02 E_2019,12,32,4,15,0.3,30,46.875
5_Marini_UNIPD02 G_2019,19,27,6,16,0.3,30,59.25925925925926
5_Marini_UNIPD02 H_2019,15,21,5,13,0.3,30,61.904761904761905
5_Marini_UNIPD02 I_2019,16,35,5,20,0.3,30,57.142857142857146
5_Marini_UNIPD02 K_2019,16,31,5,21,0.3,30,67.74193548387096
5_Marini_UNIPD02 L_2019,13,20,4,17,0.3,30,85
5_Marini_UNIPD02 M_2019,26,35,8,30,0.3,30,85.71428571428571
5_Marini_UNIPD02 N_2019,17,20,6,11,0.3,30,55
5_Marini_UNIPD02 O_2019,19,31,6,21,0.3,30,67.74193548387096
5_Marini_UNIPD02 P_2019,15,24,5,12,0.3,30,50
5_Marini_UNIPD02 Q_2019,18,22,6,19,0.3,30,86.36363636363636
5_Marini_UNIPD02 S_2019,22,31,7,15,0.3,30,48.38709677419355
5_Marini_UNIPD02 T_2019,21,18,7,13,0.3,30,72.22222222222223
5_Marini_UNIPD02 U_2019,28,23,9,14,0.3,30,60.869565217391305
5_Marini_UNIPD02 V_2019,29,39,9,23,0.3,30,58.97435897435897
5_Marini_UNIPD02 W_2019,21,36,7,22,0.3,30,61.111111111111114
5_Marini_UNIPD02 X_2019,27,41,9,31,0.3,30,75.60975609756098
5_Marini_UNIPD02 Y_2019,20,45,6,29,0.3,30,64.44444444444444
5_Marini_UNIPD02 Z_2019,15,27,5,19,0.3,30,70.37037037037037
6_Marini_UNIPD03 CD13_2020,13,25,4,21,0.3,30,84
6_Marini_UNIPD03 CD14_2020,18,30,6,25,0.3,30,83.33333333333333
6_Marini_UNIPD03 CD15_2020,24,43,8,40,0.3,30,93.02325581395348
6_Marini_UNIPD03 CD16_2020,26,52,8,40,0.3,30,76.92307692307692
6_Marini_UNIPD03 CD17_2020,27,51,9,36,0.3,30,70.58823529411765
6_Marini_UNIPD03 CD20_2020,17,44,6,34,0.3,30,77.27272727272727
6_Marini_UNIPD03 CD22_2020,22,24,7,18,0.3,30,75
6_Marini_UNIPD03 CD23_2020,23,39,7,28,0.3,30,71.7948717948718
6_Marini_UNIPD03 CD26_2020,11,26,4,16,0.3,30,61.53846153846154
6_Marini_UNIPD03 CD27_2020,23,34,7,27,0.3,30,79.41176470588235
6_Marini_UNIPD03 CD28_2020,27,42,9,32,0.3,30,76.19047619047619
6_Marini_UNIPD03 CD29_2020,21,35,7,31,0.3,30,88.57142857142857
6_Marini_UNIPD03 CD2_2020,10,22,3,13,0.3,30,59.09090909090909
6_Marini_UNIPD03 CD34_2020,14,45,5,39,0.3,30,86.66666666666667
6_Marini_UNIPD03 D11_2020,13,28,4,26,0.3,30,92.85714285714286
6_Marini_UNIPD03 D17_2020,10,26,3,18,0.3,30,69.23076923076923
6_Marini_UNIPD03 D21_2020,11,23,4,18,0.3,30,78.26086956521739
6_Marini_UNIPD03 D24_2020,17,33,6,30,0.3,30,90.9090909090909
6_Marini_UNIPD03 D28_2020,19,32,6,24,0.3,30,75
6_Marini_UNIPD03 D29_2020,15,28,5,23,0.3,30,82.14285714285714
6_Marini_UNIPD03 D34_2020,13,37,4,24,0.3,30,64.86486486486487
6_Marini_UNIPD03 D35_2020,13,24,4,16,0.3,30,66.66666666666667
6_Marini_UNIPD03 D5_2020,17,30,6,22,0.3,30,73.33333333333333
6_Marini_UNIPD03 D8_2020,11,18,4,13,0.3,30,72.22222222222223
6_Marini_UNIPD03 E14_2020,19,34,6,18,0.3,30,52.94117647058823
6_Marini_UNIPD03 E19_2020,19,28,6,20,0.3,30,71.42857142857143
6_Marini_UNIPD03 E25_2020,17,24,6,18,0.3,30,75
6_Marini_UNIPD03 E26_2020,24,45,8,32,0.3,30,71.11111111111111
6_Marini_UNIPD03 E31_2020,13,22,4,14,0.3,30,63.63636363636363
6_Marini_UNIPD03 E32_2020,10,20,3,8,0.3,30,40
6_Marini_UNIPD03 E33_2020,13,40,4,28,0.3,30,70
6_Marini_UNIPD03 E35_2020,14,36,5,28,0.3,30,77.77777777777777
6_Marini_UNIPD03 E36_2020,11,42,4,35,0.3,30,83.33333333333333
7_Scheper_Chize_10_Field_boundary_2015,37,22,12,9,0.3,30,40.90909090909091
7_Scheper_Chize_12_Field_boundary_2015,34,34,11,26,0.3,30,76.47058823529412
7_Scheper_Chize_14_Field_boundary_2015,35,38,11,14,0.3,30,36.8421052631579
7_Scheper_Chize_19_Field_boundary_2015,32,22,10,18,0.3,30,81.81818181818181
7_Scheper_Chize_1_Field_boundary_2015,25,22,8,19,0.3,30,86.36363636363636
7_Scheper_Chize_1_Grassland_2015,14,22,5,17,0.3,30,77.27272727272727
7_Scheper_Chize_25_Field_boundary_2015,31,27,10,18,0.3,30,66.66666666666667
7_Scheper_Chize_4_Field_boundary_2015,25,21,8,11,0.3,30,52.38095238095238
7_Scheper_Chize_5_Field_boundary_2015,32,21,10,17,0.3,30,80.95238095238095
7_Scheper_Chize_6_Field_boundary_2015,31,35,10,26,0.3,30,74.28571428571429
11_Clough_ASK_2021_2021,16,19,6,7,0.35000000000000003,35,36.8421052631579
11_Clough_HAM_2021_2021,24,38,9,25,0.35000000000000003,35,65.78947368421052
11_Clough_KOM_2021_2021,22,23,8,16,0.35000000000000003,35,69.56521739130434
11_Clough_LOB_2021_2021,21,19,8,13,0.35000000000000003,35,68.42105263157895
11_Clough_PET_2021_2021,30,36,11,20,0.35000000000000003,35,55.55555555555556
11_Clough_TAG_2021_2021,28,35,10,21,0.35000000000000003,35,60
12_Ockinger_Norrang_Ryckelsby_Og,25,21,9,15,0.35000000000000003,35,71.42857142857143
12_Ockinger_Sattra_Og,26,11,10,6,0.35000000000000003,35,54.54545454545455
12_Ockinger_St_Tadinge,28,18,10,13,0.35000000000000003,35,72.22222222222223
12_Ockinger_Tjalinge_Skogstibble,35,18,13,10,0.35000000000000003,35,55.55555555555556
20_Hoiss_H5_2010,25,81,9,64,0.35000000000000003,35,79.01234567901234
20_Hoiss_H6_2010,36,36,13,26,0.35000000000000003,35,72.22222222222223
20_Hoiss_H7_2010,31,38,11,28,0.35000000000000003,35,73.6842105263158
20_Hoiss_HO1_2010,30,52,11,40,0.35000000000000003,35,76.92307692307692
20_Hoiss_HO5_2010,50,57,18,52,0.35000000000000003,35,91.2280701754386
20_Hoiss_T4_2010,32,61,12,31,0.35000000000000003,35,50.81967213114754
22_Kallnik_h1_2012,87,11,31,11,0.35000000000000003,35,100
22_Kallnik_h2_2011,54,11,19,10,0.35000000000000003,35,90.9090909090909
22_Kallnik_h3_2011,71,10,25,10,0.35000000000000003,35,100
22_Kallnik_h4_2010,96,10,34,9,0.35000000000000003,35,90
22_Kallnik_h4_2011,85,10,30,10,0.35000000000000003,35,100
22_Kallnik_h5_2011,54,11,19,11,0.35000000000000003,35,100
22_Kallnik_h5_2012,78,11,28,11,0.35000000000000003,35,100
22_Kallnik_h6_2011,69,10,25,10,0.35000000000000003,35,100
22_Kallnik_h7_2011,63,10,23,9,0.35000000000000003,35,90
22_Kallnik_ho2_2011,68,10,24,8,0.35000000000000003,35,80
22_Kallnik_ho3_2011,49,12,18,12,0.35000000000000003,35,100
22_Kallnik_ho3_2012,61,10,22,10,0.35000000000000003,35,100
22_Kallnik_ho4_2010,76,10,27,9,0.35000000000000003,35,90
22_Kallnik_ho4_2011,71,13,25,13,0.35000000000000003,35,100
22_Kallnik_ho4_2012,79,12,28,12,0.35000000000000003,35,100
22_Kallnik_ho5_2011,59,12,21,12,0.35000000000000003,35,100
22_Kallnik_wma3_2011,53,10,19,10,0.35000000000000003,35,100
22_Kallnik_wma3_2012,71,10,25,8,0.35000000000000003,35,80
22_Kallnik_wma4_2011,50,11,18,9,0.35000000000000003,35,81.81818181818181
22_Kallnik_wma5_2011,55,10,20,10,0.35000000000000003,35,100
22_Kallnik_wmb1_2012,92,11,33,10,0.35000000000000003,35,90.9090909090909
22_Kallnik_wmb2_2011,89,12,32,12,0.35000000000000003,35,100
22_Kallnik_wmb2_2012,108,11,38,11,0.35000000000000003,35,100
22_Kallnik_wmb3_2011,90,10,32,9,0.35000000000000003,35,90
22_Kallnik_wmb3_2012,106,10,38,9,0.35000000000000003,35,90
22_Kallnik_wmb4_2010,84,12,30,11,0.35000000000000003,35,91.66666666666667
22_Kallnik_wmb4_2011,78,13,28,11,0.35000000000000003,35,84.61538461538461
22_Kallnik_wmb4_2012,87,11,31,10,0.35000000000000003,35,90.9090909090909
22_Kallnik_wmb5_2010,91,11,32,11,0.35000000000000003,35,100
22_Kallnik_wmb5_2011,82,11,29,11,0.35000000000000003,35,100
22_Kallnik_wmb5_2012,90,11,32,11,0.35000000000000003,35,100
28_Sutter_10_2013,44,16,16,11,0.35000000000000003,35,68.75
28_Sutter_11_2013,38,14,14,11,0.35000000000000003,35,78.57142857142857
28_Sutter_12_2013,34,12,12,9,0.35000000000000003,35,75
28_Sutter_13_2013,45,13,16,7,0.35000000000000003,35,53.84615384615385
28_Sutter_13_2014,30,11,11,9,0.35000000000000003,35,81.81818181818181
28_Sutter_14_2013,20,12,8,6,0.35000000000000003,35,50
28_Sutter_17_2013,47,17,17,10,0.35000000000000003,35,58.8235294117647
28_Sutter_19_2013,35,20,13,17,0.35000000000000003,35,85
28_Sutter_1_2013,46,14,17,12,0.35000000000000003,35,85.71428571428571
28_Sutter_20_2013,24,15,9,11,0.35000000000000003,35,73.33333333333333
28_Sutter_21_2013,43,16,16,11,0.35000000000000003,35,68.75
28_Sutter_2_2013,29,15,11,10,0.35000000000000003,35,66.66666666666667
28_Sutter_3_2013,34,21,12,14,0.35000000000000003,35,66.66666666666667
28_Sutter_5_2013,50,23,18,21,0.35000000000000003,35,91.30434782608695
28_Sutter_8_2013,34,17,12,14,0.35000000000000003,35,82.3529411764706
28_Sutter_8_2014,22,18,8,16,0.35000000000000003,35,88.88888888888889
29_Magrach_Gibraleon_2011,16,27,6,13,0.35000000000000003,35,48.148148148148145
29_Magrach_Gravera_2011,18,25,7,16,0.35000000000000003,35,64
29_Magrach_Niebla_2011,18,31,7,27,0.35000000000000003,35,87.09677419354838
29_Magrach_Niebla_2012,21,26,8,25,0.35000000000000003,35,96.15384615384616
29_Magrach_Villablanca_2011,18,22,7,18,0.35000000000000003,35,81.81818181818181
2_Petanidou_Armolia_2015,37,73,13,65,0.35000000000000003,35,89.04109589041096
2_Petanidou_Emborios_2015,21,80,8,74,0.35000000000000003,35,92.5
2_Petanidou_Gridia_2015,38,73,14,60,0.35000000000000003,35,82.1917808219178
2_Petanidou_Kato Fana_2015,14,60,5,44,0.35000000000000003,35,73.33333333333333
2_Petanidou_Palios Katarraktis_2015,39,73,14,53,0.35000000000000003,35,72.6027397260274
2_Petanidou_Vessa 2_2015,28,98,10,69,0.35000000000000003,35,70.40816326530613
30_Smith_lsk48_2012,30,22,11,12,0.35000000000000003,35,54.54545454545455
30_Smith_lsk57_2011,33,20,12,13,0.35000000000000003,35,65
30_Smith_lsk73_2012,28,19,10,13,0.35000000000000003,35,68.42105263157895
30_Smith_lsk74_2012,27,26,10,12,0.35000000000000003,35,46.15384615384615
30_Smith_lsk77_2011,22,19,8,14,0.35000000000000003,35,73.6842105263158
30_Smith_lsk77_2012,42,25,15,15,0.35000000000000003,35,60
31_Roberts_Hunt_2013,44,12,16,12,0.35000000000000003,35,100
31_Roberts_Jefferies_2013,31,13,11,11,0.35000000000000003,35,84.61538461538461
31_Roberts_Livingstone_far_2012,30,12,11,9,0.35000000000000003,35,75
31_Roberts_Livingstone_house_2012,30,14,11,11,0.35000000000000003,35,78.57142857142857
31_Roberts_Mearns_2013,32,19,12,18,0.35000000000000003,35,94.73684210526316
31_Roberts_White_left_2012,42,19,15,11,0.35000000000000003,35,57.89473684210526
36_Larkin_Barracks.Lyan.Co.Clare_13.2017_GS1,13,11,5,6,0.35000000000000003,35,54.54545454545455
36_Larkin_Glencolumbkille.South.Carron.Co.Clare_20.2017_GS1,12,13,5,11,0.35000000000000003,35,84.61538461538461
37_White_An,15,23,6,9,0.35000000000000003,35,39.130434782608695
37_White_Bl,19,27,7,17,0.35000000000000003,35,62.96296296296296
37_White_Bn,20,26,8,18,0.35000000000000003,35,69.23076923076923
37_White_CW,26,33,10,27,0.35000000000000003,35,81.81818181818181
37_White_Ce,18,20,7,11,0.35000000000000003,35,55
37_White_Cn,29,34,11,22,0.35000000000000003,35,64.70588235294117
37_White_ED,13,19,5,9,0.35000000000000003,35,47.36842105263158
37_White_Fs,22,21,8,17,0.35000000000000003,35,80.95238095238095
37_White_JK,25,24,9,15,0.35000000000000003,35,62.5
37_White_Kr,29,17,11,13,0.35000000000000003,35,76.47058823529412
37_White_ND,25,22,9,17,0.35000000000000003,35,77.27272727272727
37_White_NG,21,25,8,21,0.35000000000000003,35,84
37_White_Pn,12,17,5,9,0.35000000000000003,35,52.94117647058823
37_White_WD,15,23,6,15,0.35000000000000003,35,65.21739130434783
38_Maurer_A1,47,27,17,21,0.35000000000000003,35,77.77777777777777
38_Maurer_A2,76,40,27,16,0.35000000000000003,35,40
38_Maurer_A3,69,31,25,24,0.35000000000000003,35,77.41935483870968
38_Maurer_A4,58,31,21,26,0.35000000000000003,35,83.87096774193549
38_Maurer_R1,72,42,26,31,0.35000000000000003,35,73.80952380952381
38_Maurer_R2,54,51,19,32,0.35000000000000003,35,62.745098039215684
38_Maurer_R3,95,48,34,26,0.35000000000000003,35,54.166666666666664
38_Maurer_R4,66,37,24,23,0.35000000000000003,35,62.16216216216216
38_Maurer_U2,113,64,40,42,0.35000000000000003,35,65.625
38_Maurer_U3,92,49,33,36,0.35000000000000003,35,73.46938775510205
39_Schweiger_I1_ruderal_1_2021,23,20,9,9,0.35000000000000003,35,45
39_Schweiger_I2_semi.natural.grass_5_2021,18,27,7,22,0.35000000000000003,35,81.48148148148148
39_Schweiger_I2_woodland.scrub_1_2021,23,22,9,14,0.35000000000000003,35,63.63636363636363
39_Schweiger_I4_woodland.scrub_3_2021,22,21,8,9,0.35000000000000003,35,42.857142857142854
39_Schweiger_R1_semi.natural.grass_4_2021,15,23,6,18,0.35000000000000003,35,78.26086956521739
39_Schweiger_R4_semi.natural.grass_2_2021,11,25,4,14,0.35000000000000003,35,56
40_Knight_Ghe_ari_2017,30,129,11,102,0.35000000000000003,35,79.06976744186046
41_Knight_1 wooded meadow_2018,39,37,14,34,0.35000000000000003,35,91.89189189189189
41_Knight_2 alvar pasture_2018,32,17,12,16,0.35000000000000003,35,94.11764705882354
41_Knight_3 alvar pasture_2018,21,34,8,27,0.35000000000000003,35,79.41176470588235
41_Knight_4 wooded meadow_2018,30,23,11,21,0.35000000000000003,35,91.30434782608695
41_Knight_5 wooded meadow_2018,27,47,10,36,0.35000000000000003,35,76.59574468085107
41_Knight_6 alvar pasture_2018,37,23,13,15,0.35000000000000003,35,65.21739130434783
42_Knight_M1Restored_2019,45,25,16,25,0.35000000000000003,35,100
42_Knight_M2Natural_2019,31,19,11,16,0.35000000000000003,35,84.21052631578948
42_Knight_M3Natural_2019,37,17,13,15,0.35000000000000003,35,88.23529411764706
42_Knight_M4Restored_2019,33,19,12,16,0.35000000000000003,35,84.21052631578948
42_Knight_M5Restored_2019,37,21,13,14,0.35000000000000003,35,66.66666666666667
42_Knight_M6Natural_2019,47,35,17,31,0.35000000000000003,35,88.57142857142857
42_Knight_M8Restored_2019,32,15,12,11,0.35000000000000003,35,73.33333333333333
44_Knight_M11_2018,46,33,17,28,0.35000000000000003,35,84.84848484848484
44_Knight_M12_2018,43,55,16,43,0.35000000000000003,35,78.18181818181819
44_Knight_M13_2018,32,23,12,18,0.35000000000000003,35,78.26086956521739
44_Knight_M15_2018,45,58,16,52,0.35000000000000003,35,89.65517241379311
44_Knight_M16_2018,50,50,18,48,0.35000000000000003,35,96
44_Knight_M17_2018,33,48,12,26,0.35000000000000003,35,54.166666666666664
44_Knight_M18_2018,39,44,14,39,0.35000000000000003,35,88.63636363636364
44_Knight_M1_2018,23,37,9,29,0.35000000000000003,35,78.37837837837837
44_Knight_M3_2018,57,63,20,51,0.35000000000000003,35,80.95238095238095
44_Knight_M4_2018,46,56,17,53,0.35000000000000003,35,94.64285714285714
44_Knight_M6_2018,69,33,25,21,0.35000000000000003,35,63.63636363636363
44_Knight_M8_2018,67,41,24,32,0.35000000000000003,35,78.04878048780488
45_Knight_Hermanovice_meadow_2018,32,47,12,32,0.35000000000000003,35,68.08510638297872
45_Knight_HorniGrunt_meadow_2018,26,38,10,30,0.35000000000000003,35,78.94736842105263
45_Knight_Mnichov_meadow_2018,29,53,11,38,0.35000000000000003,35,71.69811320754717
46_Knight_Gora_Gipsowa_2018,37,41,13,15,0.35000000000000003,35,36.58536585365854
47_Benadi_1,81,190,29,182,0.35000000000000003,35,95.78947368421052
47_Benadi_2,54,162,19,147,0.35000000000000003,35,90.74074074074075
47_Benadi_3,67,150,24,143,0.35000000000000003,35,95.33333333333333
47_Benadi_4,55,144,20,129,0.35000000000000003,35,89.58333333333333
47_Benadi_5,68,131,24,121,0.35000000000000003,35,92.36641221374046
47_Benadi_6,63,96,23,88,0.35000000000000003,35,91.66666666666667
4_Marini_UNIPD01 A_2018,23,69,9,50,0.35000000000000003,35,72.46376811594203
4_Marini_UNIPD01 An_2018,27,54,10,47,0.35000000000000003,35,87.03703703703704
4_Marini_UNIPD01 B_2018,29,58,11,52,0.35000000000000003,35,89.65517241379311
4_Marini_UNIPD01 Bn_2018,32,90,12,64,0.35000000000000003,35,71.11111111111111
4_Marini_UNIPD01 C_2018,37,67,13,47,0.35000000000000003,35,70.14925373134328
4_Marini_UNIPD01 Cn_2018,30,65,11,42,0.35000000000000003,35,64.61538461538461
4_Marini_UNIPD01 E_2018,46,73,17,55,0.35000000000000003,35,75.34246575342466
4_Marini_UNIPD01 En_2018,40,67,15,47,0.35000000000000003,35,70.14925373134328
4_Marini_UNIPD01 F_2018,25,32,9,28,0.35000000000000003,35,87.5
4_Marini_UNIPD01 Fn_2018,29,31,11,20,0.35000000000000003,35,64.51612903225806
4_Marini_UNIPD01 G_2018,25,56,9,44,0.35000000000000003,35,78.57142857142857
4_Marini_UNIPD01 Gn_2018,28,45,10,35,0.35000000000000003,35,77.77777777777777
4_Marini_UNIPD01 H_2018,50,98,18,67,0.35000000000000003,35,68.36734693877551
4_Marini_UNIPD01 Hn_2018,38,82,14,52,0.35000000000000003,35,63.41463414634146
4_Marini_UNIPD01 I_2018,33,74,12,54,0.35000000000000003,35,72.97297297297297
4_Marini_UNIPD01 In_2018,44,93,16,76,0.35000000000000003,35,81.72043010752688
50_Hervias-Parejo_Cala Tirant_2021,18,77,7,39,0.35000000000000003,35,50.64935064935065
50_Hervias-Parejo_Llucalari_2021,11,62,4,27,0.35000000000000003,35,43.54838709677419
50_Hervias-Parejo_Sa Bassa_2021,15,81,6,42,0.35000000000000003,35,51.851851851851855
50_Hervias-Parejo_Salinas_2021,27,95,10,36,0.35000000000000003,35,37.89473684210526
50_Hervias-Parejo_Torre Fornells_2021,21,83,8,48,0.35000000000000003,35,57.83132530120482
50_Hervias-Parejo_coast Son Bou_2021,10,46,4,25,0.35000000000000003,35,54.34782608695652
51_Petanidou_Pyrgos_2013,39,66,14,49,0.35000000000000003,35,74.24242424242425
51_Petanidou_Sigri 3_2012,28,51,10,43,0.35000000000000003,35,84.31372549019608
54_Lazaro_AloeVera_2018_2018,11,60,4,31,0.35000000000000003,35,51.666666666666664
54_Lazaro_SonBaco_2018_2018,14,73,5,63,0.35000000000000003,35,86.3013698630137
54_Lazaro_SonMutNou_2018_2018,12,69,5,58,0.35000000000000003,35,84.05797101449275
54_Lazaro_UIB_2018_2018,20,72,8,20,0.35000000000000003,35,27.77777777777778
5_Marini_UNIPD02 AA_2019,24,24,9,15,0.35000000000000003,35,62.5
5_Marini_UNIPD02 AB_2019,26,16,10,11,0.35000000000000003,35,68.75
5_Marini_UNIPD02 AC_2019,31,23,11,12,0.35000000000000003,35,52.17391304347826
5_Marini_UNIPD02 AD_2019,20,14,8,10,0.35000000000000003,35,71.42857142857143
5_Marini_UNIPD02 AE_2019,19,35,7,19,0.35000000000000003,35,54.285714285714285
5_Marini_UNIPD02 AF_2019,16,24,6,16,0.35000000000000003,35,66.66666666666667
5_Marini_UNIPD02 AG_2019,25,52,9,32,0.35000000000000003,35,61.53846153846154
5_Marini_UNIPD02 AH_2019,22,35,8,20,0.35000000000000003,35,57.142857142857146
5_Marini_UNIPD02 AI_2019,21,16,8,12,0.35000000000000003,35,75
5_Marini_UNIPD02 AJ_2019,10,31,4,17,0.35000000000000003,35,54.83870967741935
5_Marini_UNIPD02 AK_2019,10,21,4,13,0.35000000000000003,35,61.904761904761905
5_Marini_UNIPD02 AL_2019,27,39,10,23,0.35000000000000003,35,58.97435897435897
5_Marini_UNIPD02 AM_2019,31,34,11,24,0.35000000000000003,35,70.58823529411765
5_Marini_UNIPD02 AN_2019,12,20,5,13,0.35000000000000003,35,65
5_Marini_UNIPD02 AO_2019,18,29,7,21,0.35000000000000003,35,72.41379310344827
5_Marini_UNIPD02 AP_2019,16,18,6,13,0.35000000000000003,35,72.22222222222223
5_Marini_UNIPD02 AQ_2019,15,24,6,19,0.35000000000000003,35,79.16666666666667
5_Marini_UNIPD02 AS_2019,14,22,5,16,0.35000000000000003,35,72.72727272727273
5_Marini_UNIPD02 AT_2019,16,26,6,22,0.35000000000000003,35,84.61538461538461
5_Marini_UNIPD02 AV_2019,10,13,4,9,0.35000000000000003,35,69.23076923076923
5_Marini_UNIPD02 A_2019,17,35,6,26,0.35000000000000003,35,74.28571428571429
5_Marini_UNIPD02 B_2019,21,32,8,19,0.35000000000000003,35,59.375
5_Marini_UNIPD02 C_2019,19,35,7,32,0.35000000000000003,35,91.42857142857143
5_Marini_UNIPD02 D_2019,17,32,6,15,0.35000000000000003,35,46.875
5_Marini_UNIPD02 E_2019,12,32,5,16,0.35000000000000003,35,50
5_Marini_UNIPD02 G_2019,19,27,7,19,0.35000000000000003,35,70.37037037037037
5_Marini_UNIPD02 H_2019,15,21,6,15,0.35000000000000003,35,71.42857142857143
5_Marini_UNIPD02 I_2019,16,35,6,21,0.35000000000000003,35,60
5_Marini_UNIPD02 K_2019,16,31,6,24,0.35000000000000003,35,77.41935483870968
5_Marini_UNIPD02 L_2019,13,20,5,17,0.35000000000000003,35,85
5_Marini_UNIPD02 M_2019,26,35,10,32,0.35000000000000003,35,91.42857142857143
5_Marini_UNIPD02 N_2019,17,20,6,11,0.35000000000000003,35,55
5_Marini_UNIPD02 O_2019,19,31,7,22,0.35000000000000003,35,70.96774193548387
5_Marini_UNIPD02 P_2019,15,24,6,13,0.35000000000000003,35,54.166666666666664
5_Marini_UNIPD02 Q_2019,18,22,7,20,0.35000000000000003,35,90.9090909090909
5_Marini_UNIPD02 S_2019,22,31,8,15,0.35000000000000003,35,48.38709677419355
5_Marini_UNIPD02 T_2019,21,18,8,14,0.35000000000000003,35,77.77777777777777
5_Marini_UNIPD02 U_2019,28,23,10,19,0.35000000000000003,35,82.6086956521739
5_Marini_UNIPD02 V_2019,29,39,11,26,0.35000000000000003,35,66.66666666666667
5_Marini_UNIPD02 W_2019,21,36,8,25,0.35000000000000003,35,69.44444444444444
5_Marini_UNIPD02 X_2019,27,41,10,31,0.35000000000000003,35,75.60975609756098
5_Marini_UNIPD02 Y_2019,20,45,8,30,0.35000000000000003,35,66.66666666666667
5_Marini_UNIPD02 Z_2019,15,27,6,19,0.35000000000000003,35,70.37037037037037
6_Marini_UNIPD03 CD13_2020,13,25,5,23,0.35000000000000003,35,92
6_Marini_UNIPD03 CD14_2020,18,30,7,25,0.35000000000000003,35,83.33333333333333
6_Marini_UNIPD03 CD15_2020,24,43,9,40,0.35000000000000003,35,93.02325581395348
6_Marini_UNIPD03 CD16_2020,26,52,10,40,0.35000000000000003,35,76.92307692307692
6_Marini_UNIPD03 CD17_2020,27,51,10,36,0.35000000000000003,35,70.58823529411765
6_Marini_UNIPD03 CD20_2020,17,44,6,34,0.35000000000000003,35,77.27272727272727
6_Marini_UNIPD03 CD22_2020,22,24,8,18,0.35000000000000003,35,75
6_Marini_UNIPD03 CD23_2020,23,39,9,28,0.35000000000000003,35,71.7948717948718
6_Marini_UNIPD03 CD26_2020,11,26,4,16,0.35000000000000003,35,61.53846153846154
6_Marini_UNIPD03 CD27_2020,23,34,9,31,0.35000000000000003,35,91.17647058823529
6_Marini_UNIPD03 CD28_2020,27,42,10,35,0.35000000000000003,35,83.33333333333333
6_Marini_UNIPD03 CD29_2020,21,35,8,31,0.35000000000000003,35,88.57142857142857
6_Marini_UNIPD03 CD2_2020,10,22,4,14,0.35000000000000003,35,63.63636363636363
6_Marini_UNIPD03 CD34_2020,14,45,5,39,0.35000000000000003,35,86.66666666666667
6_Marini_UNIPD03 D11_2020,13,28,5,27,0.35000000000000003,35,96.42857142857143
6_Marini_UNIPD03 D17_2020,10,26,4,24,0.35000000000000003,35,92.3076923076923
6_Marini_UNIPD03 D21_2020,11,23,4,18,0.35000000000000003,35,78.26086956521739
6_Marini_UNIPD03 D24_2020,17,33,6,30,0.35000000000000003,35,90.9090909090909
6_Marini_UNIPD03 D28_2020,19,32,7,26,0.35000000000000003,35,81.25
6_Marini_UNIPD03 D29_2020,15,28,6,24,0.35000000000000003,35,85.71428571428571
6_Marini_UNIPD03 D34_2020,13,37,5,26,0.35000000000000003,35,70.27027027027027
6_Marini_UNIPD03 D35_2020,13,24,5,17,0.35000000000000003,35,70.83333333333333
6_Marini_UNIPD03 D5_2020,17,30,6,22,0.35000000000000003,35,73.33333333333333
6_Marini_UNIPD03 D8_2020,11,18,4,13,0.35000000000000003,35,72.22222222222223
6_Marini_UNIPD03 E14_2020,19,34,7,18,0.35000000000000003,35,52.94117647058823
6_Marini_UNIPD03 E19_2020,19,28,7,22,0.35000000000000003,35,78.57142857142857
6_Marini_UNIPD03 E25_2020,17,24,6,18,0.35000000000000003,35,75
6_Marini_UNIPD03 E26_2020,24,45,9,35,0.35000000000000003,35,77.77777777777777
6_Marini_UNIPD03 E31_2020,13,22,5,18,0.35000000000000003,35,81.81818181818181
6_Marini_UNIPD03 E32_2020,10,20,4,11,0.35000000000000003,35,55
6_Marini_UNIPD03 E33_2020,13,40,5,29,0.35000000000000003,35,72.5
6_Marini_UNIPD03 E35_2020,14,36,5,28,0.35000000000000003,35,77.77777777777777
6_Marini_UNIPD03 E36_2020,11,42,4,35,0.35000000000000003,35,83.33333333333333
7_Scheper_Chize_10_Field_boundary_2015,37,22,13,9,0.35000000000000003,35,40.90909090909091
7_Scheper_Chize_12_Field_boundary_2015,34,34,12,26,0.35000000000000003,35,76.47058823529412
7_Scheper_Chize_14_Field_boundary_2015,35,38,13,15,0.35000000000000003,35,39.473684210526315
7_Scheper_Chize_19_Field_boundary_2015,32,22,12,18,0.35000000000000003,35,81.81818181818181
7_Scheper_Chize_1_Field_boundary_2015,25,22,9,19,0.35000000000000003,35,86.36363636363636
7_Scheper_Chize_1_Grassland_2015,14,22,5,17,0.35000000000000003,35,77.27272727272727
7_Scheper_Chize_25_Field_boundary_2015,31,27,11,19,0.35000000000000003,35,70.37037037037037
7_Scheper_Chize_4_Field_boundary_2015,25,21,9,15,0.35000000000000003,35,71.42857142857143
7_Scheper_Chize_5_Field_boundary_2015,32,21,12,17,0.35000000000000003,35,80.95238095238095
7_Scheper_Chize_6_Field_boundary_2015,31,35,11,26,0.35000000000000003,35,74.28571428571429
11_Clough_ASK_2021_2021,16,19,7,11,0.4,40,57.89473684210526
11_Clough_HAM_2021_2021,24,38,10,32,0.4,40,84.21052631578948
11_Clough_KOM_2021_2021,22,23,9,16,0.4,40,69.56521739130434
11_Clough_LOB_2021_2021,21,19,9,13,0.4,40,68.42105263157895
11_Clough_PET_2021_2021,30,36,12,22,0.4,40,61.111111111111114
11_Clough_TAG_2021_2021,28,35,12,22,0.4,40,62.857142857142854
12_Ockinger_Norrang_Ryckelsby_Og,25,21,10,15,0.4,40,71.42857142857143
12_Ockinger_Sattra_Og,26,11,11,7,0.4,40,63.63636363636363
12_Ockinger_St_Tadinge,28,18,12,14,0.4,40,77.77777777777777
12_Ockinger_Tjalinge_Skogstibble,35,18,14,10,0.4,40,55.55555555555556
20_Hoiss_H5_2010,25,81,10,64,0.4,40,79.01234567901234
20_Hoiss_H6_2010,36,36,15,29,0.4,40,80.55555555555556
20_Hoiss_H7_2010,31,38,13,28,0.4,40,73.6842105263158
20_Hoiss_HO1_2010,30,52,12,40,0.4,40,76.92307692307692
20_Hoiss_HO5_2010,50,57,20,52,0.4,40,91.2280701754386
20_Hoiss_T4_2010,32,61,13,34,0.4,40,55.73770491803279
22_Kallnik_h1_2012,87,11,35,11,0.4,40,100
22_Kallnik_h2_2011,54,11,22,10,0.4,40,90.9090909090909
22_Kallnik_h3_2011,71,10,29,10,0.4,40,100
22_Kallnik_h4_2010,96,10,39,9,0.4,40,90
22_Kallnik_h4_2011,85,10,34,10,0.4,40,100
22_Kallnik_h5_2011,54,11,22,11,0.4,40,100
22_Kallnik_h5_2012,78,11,32,11,0.4,40,100
22_Kallnik_h6_2011,69,10,28,10,0.4,40,100
22_Kallnik_h7_2011,63,10,26,10,0.4,40,100
22_Kallnik_ho2_2011,68,10,28,9,0.4,40,90
22_Kallnik_ho3_2011,49,12,20,12,0.4,40,100
22_Kallnik_ho3_2012,61,10,25,10,0.4,40,100
22_Kallnik_ho4_2010,76,10,31,9,0.4,40,90
22_Kallnik_ho4_2011,71,13,29,13,0.4,40,100
22_Kallnik_ho4_2012,79,12,32,12,0.4,40,100
22_Kallnik_ho5_2011,59,12,24,12,0.4,40,100
22_Kallnik_wma3_2011,53,10,22,10,0.4,40,100
22_Kallnik_wma3_2012,71,10,29,9,0.4,40,90
22_Kallnik_wma4_2011,50,11,20,9,0.4,40,81.81818181818181
22_Kallnik_wma5_2011,55,10,22,10,0.4,40,100
22_Kallnik_wmb1_2012,92,11,37,10,0.4,40,90.9090909090909
22_Kallnik_wmb2_2011,89,12,36,12,0.4,40,100
22_Kallnik_wmb2_2012,108,11,44,11,0.4,40,100
22_Kallnik_wmb3_2011,90,10,36,9,0.4,40,90
22_Kallnik_wmb3_2012,106,10,43,9,0.4,40,90
22_Kallnik_wmb4_2010,84,12,34,12,0.4,40,100
22_Kallnik_wmb4_2011,78,13,32,12,0.4,40,92.3076923076923
22_Kallnik_wmb4_2012,87,11,35,11,0.4,40,100
22_Kallnik_wmb5_2010,91,11,37,11,0.4,40,100
22_Kallnik_wmb5_2011,82,11,33,11,0.4,40,100
22_Kallnik_wmb5_2012,90,11,36,11,0.4,40,100
28_Sutter_10_2013,44,16,18,13,0.4,40,81.25
28_Sutter_11_2013,38,14,16,13,0.4,40,92.85714285714286
28_Sutter_12_2013,34,12,14,11,0.4,40,91.66666666666667
28_Sutter_13_2013,45,13,18,8,0.4,40,61.53846153846154
28_Sutter_13_2014,30,11,12,10,0.4,40,90.9090909090909
28_Sutter_14_2013,20,12,8,6,0.4,40,50
28_Sutter_17_2013,47,17,19,11,0.4,40,64.70588235294117
28_Sutter_19_2013,35,20,14,18,0.4,40,90
28_Sutter_1_2013,46,14,19,13,0.4,40,92.85714285714286
28_Sutter_20_2013,24,15,10,13,0.4,40,86.66666666666667
28_Sutter_21_2013,43,16,18,11,0.4,40,68.75
28_Sutter_2_2013,29,15,12,10,0.4,40,66.66666666666667
28_Sutter_3_2013,34,21,14,14,0.4,40,66.66666666666667
28_Sutter_5_2013,50,23,20,21,0.4,40,91.30434782608695
28_Sutter_8_2013,34,17,14,14,0.4,40,82.3529411764706
28_Sutter_8_2014,22,18,9,16,0.4,40,88.88888888888889
29_Magrach_Gibraleon_2011,16,27,7,14,0.4,40,51.851851851851855
29_Magrach_Gravera_2011,18,25,8,16,0.4,40,64
29_Magrach_Niebla_2011,18,31,8,29,0.4,40,93.54838709677419
29_Magrach_Niebla_2012,21,26,9,25,0.4,40,96.15384615384616
29_Magrach_Villablanca_2011,18,22,8,20,0.4,40,90.9090909090909
2_Petanidou_Armolia_2015,37,73,15,67,0.4,40,91.78082191780823
2_Petanidou_Emborios_2015,21,80,9,76,0.4,40,95
2_Petanidou_Gridia_2015,38,73,16,64,0.4,40,87.67123287671232
2_Petanidou_Kato Fana_2015,14,60,6,47,0.4,40,78.33333333333333
2_Petanidou_Palios Katarraktis_2015,39,73,16,55,0.4,40,75.34246575342466
2_Petanidou_Vessa 2_2015,28,98,12,79,0.4,40,80.61224489795919
30_Smith_lsk48_2012,30,22,12,12,0.4,40,54.54545454545455
30_Smith_lsk57_2011,33,20,14,13,0.4,40,65
30_Smith_lsk73_2012,28,19,12,14,0.4,40,73.6842105263158
30_Smith_lsk74_2012,27,26,11,12,0.4,40,46.15384615384615
30_Smith_lsk77_2011,22,19,9,14,0.4,40,73.6842105263158
30_Smith_lsk77_2012,42,25,17,15,0.4,40,60
31_Roberts_Hunt_2013,44,12,18,12,0.4,40,100
31_Roberts_Jefferies_2013,31,13,13,11,0.4,40,84.61538461538461
31_Roberts_Livingstone_far_2012,30,12,12,9,0.4,40,75
31_Roberts_Livingstone_house_2012,30,14,12,11,0.4,40,78.57142857142857
31_Roberts_Mearns_2013,32,19,13,18,0.4,40,94.73684210526316
31_Roberts_White_left_2012,42,19,17,13,0.4,40,68.42105263157895
36_Larkin_Barracks.Lyan.Co.Clare_13.2017_GS1,13,11,6,10,0.4,40,90.9090909090909
36_Larkin_Glencolumbkille.South.Carron.Co.Clare_20.2017_GS1,12,13,5,11,0.4,40,84.61538461538461
37_White_An,15,23,6,9,0.4,40,39.130434782608695
37_White_Bl,19,27,8,20,0.4,40,74.07407407407408
37_White_Bn,20,26,8,18,0.4,40,69.23076923076923
37_White_CW,26,33,11,27,0.4,40,81.81818181818181
37_White_Ce,18,20,8,13,0.4,40,65
37_White_Cn,29,34,12,23,0.4,40,67.6470588235294
37_White_ED,13,19,6,13,0.4,40,68.42105263157895
37_White_Fs,22,21,9,17,0.4,40,80.95238095238095
37_White_JK,25,24,10,15,0.4,40,62.5
37_White_Kr,29,17,12,13,0.4,40,76.47058823529412
37_White_ND,25,22,10,17,0.4,40,77.27272727272727
37_White_NG,21,25,9,22,0.4,40,88
37_White_Pn,12,17,5,9,0.4,40,52.94117647058823
37_White_WD,15,23,6,15,0.4,40,65.21739130434783
38_Maurer_A1,47,27,19,23,0.4,40,85.18518518518519
38_Maurer_A2,76,40,31,21,0.4,40,52.5
38_Maurer_A3,69,31,28,24,0.4,40,77.41935483870968
38_Maurer_A4,58,31,24,26,0.4,40,83.87096774193549
38_Maurer_R1,72,42,29,32,0.4,40,76.19047619047619
38_Maurer_R2,54,51,22,32,0.4,40,62.745098039215684
38_Maurer_R3,95,48,38,27,0.4,40,56.25
38_Maurer_R4,66,37,27,25,0.4,40,67.56756756756756
38_Maurer_U2,113,64,46,44,0.4,40,68.75
38_Maurer_U3,92,49,37,45,0.4,40,91.83673469387755
39_Schweiger_I1_ruderal_1_2021,23,20,10,12,0.4,40,60
39_Schweiger_I2_semi.natural.grass_5_2021,18,27,8,22,0.4,40,81.48148148148148
39_Schweiger_I2_woodland.scrub_1_2021,23,22,10,14,0.4,40,63.63636363636363
39_Schweiger_I4_woodland.scrub_3_2021,22,21,9,9,0.4,40,42.857142857142854
39_Schweiger_R1_semi.natural.grass_4_2021,15,23,6,18,0.4,40,78.26086956521739
39_Schweiger_R4_semi.natural.grass_2_2021,11,25,5,14,0.4,40,56
40_Knight_Ghe_ari_2017,30,129,12,104,0.4,40,80.62015503875969
41_Knight_1 wooded meadow_2018,39,37,16,34,0.4,40,91.89189189189189
41_Knight_2 alvar pasture_2018,32,17,13,16,0.4,40,94.11764705882354
41_Knight_3 alvar pasture_2018,21,34,9,27,0.4,40,79.41176470588235
41_Knight_4 wooded meadow_2018,30,23,12,21,0.4,40,91.30434782608695
41_Knight_5 wooded meadow_2018,27,47,11,37,0.4,40,78.72340425531915
41_Knight_6 alvar pasture_2018,37,23,15,16,0.4,40,69.56521739130434
42_Knight_M1Restored_2019,45,25,18,25,0.4,40,100
42_Knight_M2Natural_2019,31,19,13,16,0.4,40,84.21052631578948
42_Knight_M3Natural_2019,37,17,15,15,0.4,40,88.23529411764706
42_Knight_M4Restored_2019,33,19,14,16,0.4,40,84.21052631578948
42_Knight_M5Restored_2019,37,21,15,14,0.4,40,66.66666666666667
42_Knight_M6Natural_2019,47,35,19,31,0.4,40,88.57142857142857
42_Knight_M8Restored_2019,32,15,13,11,0.4,40,73.33333333333333
44_Knight_M11_2018,46,33,19,28,0.4,40,84.84848484848484
44_Knight_M12_2018,43,55,18,43,0.4,40,78.18181818181819
44_Knight_M13_2018,32,23,13,18,0.4,40,78.26086956521739
44_Knight_M15_2018,45,58,18,52,0.4,40,89.65517241379311
44_Knight_M16_2018,50,50,20,48,0.4,40,96
44_Knight_M17_2018,33,48,14,28,0.4,40,58.333333333333336
44_Knight_M18_2018,39,44,16,39,0.4,40,88.63636363636364
44_Knight_M1_2018,23,37,10,31,0.4,40,83.78378378378379
44_Knight_M3_2018,57,63,23,51,0.4,40,80.95238095238095
44_Knight_M4_2018,46,56,19,54,0.4,40,96.42857142857143
44_Knight_M6_2018,69,33,28,22,0.4,40,66.66666666666667
44_Knight_M8_2018,67,41,27,34,0.4,40,82.92682926829268
45_Knight_Hermanovice_meadow_2018,32,47,13,32,0.4,40,68.08510638297872
45_Knight_HorniGrunt_meadow_2018,26,38,11,30,0.4,40,78.94736842105263
45_Knight_Mnichov_meadow_2018,29,53,12,38,0.4,40,71.69811320754717
46_Knight_Gora_Gipsowa_2018,37,41,15,16,0.4,40,39.02439024390244
47_Benadi_1,81,190,33,184,0.4,40,96.84210526315789
47_Benadi_2,54,162,22,151,0.4,40,93.20987654320987
47_Benadi_3,67,150,27,143,0.4,40,95.33333333333333
47_Benadi_4,55,144,22,130,0.4,40,90.27777777777777
47_Benadi_5,68,131,28,122,0.4,40,93.12977099236642
47_Benadi_6,63,96,26,88,0.4,40,91.66666666666667
4_Marini_UNIPD01 A_2018,23,69,10,53,0.4,40,76.81159420289855
4_Marini_UNIPD01 An_2018,27,54,11,47,0.4,40,87.03703703703704
4_Marini_UNIPD01 B_2018,29,58,12,52,0.4,40,89.65517241379311
4_Marini_UNIPD01 Bn_2018,32,90,13,65,0.4,40,72.22222222222223
4_Marini_UNIPD01 C_2018,37,67,15,48,0.4,40,71.64179104477611
4_Marini_UNIPD01 Cn_2018,30,65,12,44,0.4,40,67.6923076923077
4_Marini_UNIPD01 E_2018,46,73,19,55,0.4,40,75.34246575342466
4_Marini_UNIPD01 En_2018,40,67,16,49,0.4,40,73.13432835820896
4_Marini_UNIPD01 F_2018,25,32,10,28,0.4,40,87.5
4_Marini_UNIPD01 Fn_2018,29,31,12,20,0.4,40,64.51612903225806
4_Marini_UNIPD01 G_2018,25,56,10,44,0.4,40,78.57142857142857
4_Marini_UNIPD01 Gn_2018,28,45,12,37,0.4,40,82.22222222222223
4_Marini_UNIPD01 H_2018,50,98,20,69,0.4,40,70.40816326530613
4_Marini_UNIPD01 Hn_2018,38,82,16,62,0.4,40,75.60975609756098
4_Marini_UNIPD01 I_2018,33,74,14,61,0.4,40,82.43243243243244
4_Marini_UNIPD01 In_2018,44,93,18,78,0.4,40,83.87096774193549
50_Hervias-Parejo_Cala Tirant_2021,18,77,8,65,0.4,40,84.41558441558442
50_Hervias-Parejo_Llucalari_2021,11,62,5,29,0.4,40,46.774193548387096
50_Hervias-Parejo_Sa Bassa_2021,15,81,6,42,0.4,40,51.851851851851855
50_Hervias-Parejo_Salinas_2021,27,95,11,51,0.4,40,53.68421052631579
50_Hervias-Parejo_Torre Fornells_2021,21,83,9,51,0.4,40,61.44578313253012
50_Hervias-Parejo_coast Son Bou_2021,10,46,4,25,0.4,40,54.34782608695652
51_Petanidou_Pyrgos_2013,39,66,16,52,0.4,40,78.78787878787878
51_Petanidou_Sigri 3_2012,28,51,12,43,0.4,40,84.31372549019608
54_Lazaro_AloeVera_2018_2018,11,60,5,31,0.4,40,51.666666666666664
54_Lazaro_SonBaco_2018_2018,14,73,6,63,0.4,40,86.3013698630137
54_Lazaro_SonMutNou_2018_2018,12,69,5,58,0.4,40,84.05797101449275
54_Lazaro_UIB_2018_2018,20,72,8,20,0.4,40,27.77777777777778
5_Marini_UNIPD02 AA_2019,24,24,10,16,0.4,40,66.66666666666667
5_Marini_UNIPD02 AB_2019,26,16,11,11,0.4,40,68.75
5_Marini_UNIPD02 AC_2019,31,23,13,14,0.4,40,60.869565217391305
5_Marini_UNIPD02 AD_2019,20,14,8,10,0.4,40,71.42857142857143
5_Marini_UNIPD02 AE_2019,19,35,8,20,0.4,40,57.142857142857146
5_Marini_UNIPD02 AF_2019,16,24,7,18,0.4,40,75
5_Marini_UNIPD02 AG_2019,25,52,10,36,0.4,40,69.23076923076923
5_Marini_UNIPD02 AH_2019,22,35,9,21,0.4,40,60
5_Marini_UNIPD02 AI_2019,21,16,9,12,0.4,40,75
5_Marini_UNIPD02 AJ_2019,10,31,4,17,0.4,40,54.83870967741935
5_Marini_UNIPD02 AK_2019,10,21,4,13,0.4,40,61.904761904761905
5_Marini_UNIPD02 AL_2019,27,39,11,23,0.4,40,58.97435897435897
5_Marini_UNIPD02 AM_2019,31,34,13,24,0.4,40,70.58823529411765
5_Marini_UNIPD02 AN_2019,12,20,5,13,0.4,40,65
5_Marini_UNIPD02 AO_2019,18,29,8,21,0.4,40,72.41379310344827
5_Marini_UNIPD02 AP_2019,16,18,7,13,0.4,40,72.22222222222223
5_Marini_UNIPD02 AQ_2019,15,24,6,19,0.4,40,79.16666666666667
5_Marini_UNIPD02 AS_2019,14,22,6,19,0.4,40,86.36363636363636
5_Marini_UNIPD02 AT_2019,16,26,7,23,0.4,40,88.46153846153847
5_Marini_UNIPD02 AV_2019,10,13,4,9,0.4,40,69.23076923076923
5_Marini_UNIPD02 A_2019,17,35,7,27,0.4,40,77.14285714285714
5_Marini_UNIPD02 B_2019,21,32,9,19,0.4,40,59.375
5_Marini_UNIPD02 C_2019,19,35,8,33,0.4,40,94.28571428571429
5_Marini_UNIPD02 D_2019,17,32,7,16,0.4,40,50
5_Marini_UNIPD02 E_2019,12,32,5,16,0.4,40,50
5_Marini_UNIPD02 G_2019,19,27,8,19,0.4,40,70.37037037037037
5_Marini_UNIPD02 H_2019,15,21,6,15,0.4,40,71.42857142857143
5_Marini_UNIPD02 I_2019,16,35,7,21,0.4,40,60
5_Marini_UNIPD02 K_2019,16,31,7,24,0.4,40,77.41935483870968
5_Marini_UNIPD02 L_2019,13,20,6,17,0.4,40,85
5_Marini_UNIPD02 M_2019,26,35,11,32,0.4,40,91.42857142857143
5_Marini_UNIPD02 N_2019,17,20,7,12,0.4,40,60
5_Marini_UNIPD02 O_2019,19,31,8,23,0.4,40,74.19354838709677
5_Marini_UNIPD02 P_2019,15,24,6,13,0.4,40,54.166666666666664
5_Marini_UNIPD02 Q_2019,18,22,8,20,0.4,40,90.9090909090909
5_Marini_UNIPD02 S_2019,22,31,9,16,0.4,40,51.61290322580645
5_Marini_UNIPD02 T_2019,21,18,9,15,0.4,40,83.33333333333333
5_Marini_UNIPD02 U_2019,28,23,12,19,0.4,40,82.6086956521739
5_Marini_UNIPD02 V_2019,29,39,12,28,0.4,40,71.7948717948718
5_Marini_UNIPD02 W_2019,21,36,9,28,0.4,40,77.77777777777777
5_Marini_UNIPD02 X_2019,27,41,11,32,0.4,40,78.04878048780488
5_Marini_UNIPD02 Y_2019,20,45,8,30,0.4,40,66.66666666666667
5_Marini_UNIPD02 Z_2019,15,27,6,19,0.4,40,70.37037037037037
6_Marini_UNIPD03 CD13_2020,13,25,6,23,0.4,40,92
6_Marini_UNIPD03 CD14_2020,18,30,8,25,0.4,40,83.33333333333333
6_Marini_UNIPD03 CD15_2020,24,43,10,40,0.4,40,93.02325581395348
6_Marini_UNIPD03 CD16_2020,26,52,11,48,0.4,40,92.3076923076923
6_Marini_UNIPD03 CD17_2020,27,51,11,37,0.4,40,72.54901960784314
6_Marini_UNIPD03 CD20_2020,17,44,7,34,0.4,40,77.27272727272727
6_Marini_UNIPD03 CD22_2020,22,24,9,18,0.4,40,75
6_Marini_UNIPD03 CD23_2020,23,39,10,31,0.4,40,79.48717948717949
6_Marini_UNIPD03 CD26_2020,11,26,5,16,0.4,40,61.53846153846154
6_Marini_UNIPD03 CD27_2020,23,34,10,31,0.4,40,91.17647058823529
6_Marini_UNIPD03 CD28_2020,27,42,11,37,0.4,40,88.0952380952381
6_Marini_UNIPD03 CD29_2020,21,35,9,31,0.4,40,88.57142857142857
6_Marini_UNIPD03 CD2_2020,10,22,4,14,0.4,40,63.63636363636363
6_Marini_UNIPD03 CD34_2020,14,45,6,39,0.4,40,86.66666666666667
6_Marini_UNIPD03 D11_2020,13,28,6,27,0.4,40,96.42857142857143
6_Marini_UNIPD03 D17_2020,10,26,4,24,0.4,40,92.3076923076923
6_Marini_UNIPD03 D21_2020,11,23,5,21,0.4,40,91.30434782608695
6_Marini_UNIPD03 D24_2020,17,33,7,31,0.4,40,93.93939393939394
6_Marini_UNIPD03 D28_2020,19,32,8,26,0.4,40,81.25
6_Marini_UNIPD03 D29_2020,15,28,6,24,0.4,40,85.71428571428571
6_Marini_UNIPD03 D34_2020,13,37,6,29,0.4,40,78.37837837837837
6_Marini_UNIPD03 D35_2020,13,24,6,19,0.4,40,79.16666666666667
6_Marini_UNIPD03 D5_2020,17,30,7,25,0.4,40,83.33333333333333
6_Marini_UNIPD03 D8_2020,11,18,5,17,0.4,40,94.44444444444444
6_Marini_UNIPD03 E14_2020,19,34,8,18,0.4,40,52.94117647058823
6_Marini_UNIPD03 E19_2020,19,28,8,23,0.4,40,82.14285714285714
6_Marini_UNIPD03 E25_2020,17,24,7,21,0.4,40,87.5
6_Marini_UNIPD03 E26_2020,24,45,10,38,0.4,40,84.44444444444444
6_Marini_UNIPD03 E31_2020,13,22,6,20,0.4,40,90.9090909090909
6_Marini_UNIPD03 E32_2020,10,20,4,11,0.4,40,55
6_Marini_UNIPD03 E33_2020,13,40,6,29,0.4,40,72.5
6_Marini_UNIPD03 E35_2020,14,36,6,31,0.4,40,86.11111111111111
6_Marini_UNIPD03 E36_2020,11,42,5,38,0.4,40,90.47619047619048
7_Scheper_Chize_10_Field_boundary_2015,37,22,15,9,0.4,40,40.90909090909091
7_Scheper_Chize_12_Field_boundary_2015,34,34,14,26,0.4,40,76.47058823529412
7_Scheper_Chize_14_Field_boundary_2015,35,38,14,15,0.4,40,39.473684210526315
7_Scheper_Chize_19_Field_boundary_2015,32,22,13,18,0.4,40,81.81818181818181
7_Scheper_Chize_1_Field_boundary_2015,25,22,10,19,0.4,40,86.36363636363636
7_Scheper_Chize_1_Grassland_2015,14,22,6,17,0.4,40,77.27272727272727
7_Scheper_Chize_25_Field_boundary_2015,31,27,13,19,0.4,40,70.37037037037037
7_Scheper_Chize_4_Field_boundary_2015,25,21,10,16,0.4,40,76.19047619047619
7_Scheper_Chize_5_Field_boundary_2015,32,21,13,17,0.4,40,80.95238095238095
7_Scheper_Chize_6_Field_boundary_2015,31,35,13,26,0.4,40,74.28571428571429
11_Clough_ASK_2021_2021,16,19,8,11,0.45,45,57.89473684210526
11_Clough_HAM_2021_2021,24,38,11,33,0.45,45,86.84210526315789
11_Clough_KOM_2021_2021,22,23,10,16,0.45,45,69.56521739130434
11_Clough_LOB_2021_2021,21,19,10,13,0.45,45,68.42105263157895
11_Clough_PET_2021_2021,30,36,14,26,0.45,45,72.22222222222223
11_Clough_TAG_2021_2021,28,35,13,22,0.45,45,62.857142857142854
12_Ockinger_Norrang_Ryckelsby_Og,25,21,12,15,0.45,45,71.42857142857143
12_Ockinger_Sattra_Og,26,11,12,7,0.45,45,63.63636363636363
12_Ockinger_St_Tadinge,28,18,13,14,0.45,45,77.77777777777777
12_Ockinger_Tjalinge_Skogstibble,35,18,16,12,0.45,45,66.66666666666667
20_Hoiss_H5_2010,25,81,12,68,0.45,45,83.95061728395062
20_Hoiss_H6_2010,36,36,17,31,0.45,45,86.11111111111111
20_Hoiss_H7_2010,31,38,14,28,0.45,45,73.6842105263158
20_Hoiss_HO1_2010,30,52,14,40,0.45,45,76.92307692307692
20_Hoiss_HO5_2010,50,57,23,52,0.45,45,91.2280701754386
20_Hoiss_T4_2010,32,61,15,43,0.45,45,70.49180327868852
22_Kallnik_h1_2012,87,11,40,11,0.45,45,100
22_Kallnik_h2_2011,54,11,25,11,0.45,45,100
22_Kallnik_h3_2011,71,10,32,10,0.45,45,100
22_Kallnik_h4_2010,96,10,44,9,0.45,45,90
22_Kallnik_h4_2011,85,10,39,10,0.45,45,100
22_Kallnik_h5_2011,54,11,25,11,0.45,45,100
22_Kallnik_h5_2012,78,11,36,11,0.45,45,100
22_Kallnik_h6_2011,69,10,32,10,0.45,45,100
22_Kallnik_h7_2011,63,10,29,10,0.45,45,100
22_Kallnik_ho2_2011,68,10,31,10,0.45,45,100
22_Kallnik_ho3_2011,49,12,23,12,0.45,45,100
22_Kallnik_ho3_2012,61,10,28,10,0.45,45,100
22_Kallnik_ho4_2010,76,10,35,9,0.45,45,90
22_Kallnik_ho4_2011,71,13,32,13,0.45,45,100
22_Kallnik_ho4_2012,79,12,36,12,0.45,45,100
22_Kallnik_ho5_2011,59,12,27,12,0.45,45,100
22_Kallnik_wma3_2011,53,10,24,10,0.45,45,100
22_Kallnik_wma3_2012,71,10,32,9,0.45,45,90
22_Kallnik_wma4_2011,50,11,23,10,0.45,45,90.9090909090909
22_Kallnik_wma5_2011,55,10,25,10,0.45,45,100
22_Kallnik_wmb1_2012,92,11,42,10,0.45,45,90.9090909090909
22_Kallnik_wmb2_2011,89,12,41,12,0.45,45,100
22_Kallnik_wmb2_2012,108,11,49,11,0.45,45,100
22_Kallnik_wmb3_2011,90,10,41,10,0.45,45,100
22_Kallnik_wmb3_2012,106,10,48,10,0.45,45,100
22_Kallnik_wmb4_2010,84,12,38,12,0.45,45,100
22_Kallnik_wmb4_2011,78,13,36,12,0.45,45,92.3076923076923
22_Kallnik_wmb4_2012,87,11,40,11,0.45,45,100
22_Kallnik_wmb5_2010,91,11,41,11,0.45,45,100
22_Kallnik_wmb5_2011,82,11,37,11,0.45,45,100
22_Kallnik_wmb5_2012,90,11,41,11,0.45,45,100
28_Sutter_10_2013,44,16,20,13,0.45,45,81.25
28_Sutter_11_2013,38,14,18,13,0.45,45,92.85714285714286
28_Sutter_12_2013,34,12,16,11,0.45,45,91.66666666666667
28_Sutter_13_2013,45,13,21,10,0.45,45,76.92307692307692
28_Sutter_13_2014,30,11,14,10,0.45,45,90.9090909090909
28_Sutter_14_2013,20,12,9,6,0.45,45,50
28_Sutter_17_2013,47,17,22,13,0.45,45,76.47058823529412
28_Sutter_19_2013,35,20,16,18,0.45,45,90
28_Sutter_1_2013,46,14,21,13,0.45,45,92.85714285714286
28_Sutter_20_2013,24,15,11,14,0.45,45,93.33333333333333
28_Sutter_21_2013,43,16,20,11,0.45,45,68.75
28_Sutter_2_2013,29,15,14,13,0.45,45,86.66666666666667
28_Sutter_3_2013,34,21,16,17,0.45,45,80.95238095238095
28_Sutter_5_2013,50,23,23,22,0.45,45,95.65217391304348
28_Sutter_8_2013,34,17,16,14,0.45,45,82.3529411764706
28_Sutter_8_2014,22,18,10,17,0.45,45,94.44444444444444
29_Magrach_Gibraleon_2011,16,27,8,15,0.45,45,55.55555555555556
29_Magrach_Gravera_2011,18,25,9,16,0.45,45,64
29_Magrach_Niebla_2011,18,31,9,29,0.45,45,93.54838709677419
29_Magrach_Niebla_2012,21,26,10,25,0.45,45,96.15384615384616
29_Magrach_Villablanca_2011,18,22,9,20,0.45,45,90.9090909090909
2_Petanidou_Armolia_2015,37,73,17,67,0.45,45,91.78082191780823
2_Petanidou_Emborios_2015,21,80,10,76,0.45,45,95
2_Petanidou_Gridia_2015,38,73,18,64,0.45,45,87.67123287671232
2_Petanidou_Kato Fana_2015,14,60,7,49,0.45,45,81.66666666666667
2_Petanidou_Palios Katarraktis_2015,39,73,18,55,0.45,45,75.34246575342466
2_Petanidou_Vessa 2_2015,28,98,13,80,0.45,45,81.63265306122449
30_Smith_lsk48_2012,30,22,14,12,0.45,45,54.54545454545455
30_Smith_lsk57_2011,33,20,15,13,0.45,45,65
30_Smith_lsk73_2012,28,19,13,14,0.45,45,73.6842105263158
30_Smith_lsk74_2012,27,26,13,15,0.45,45,57.69230769230769
30_Smith_lsk77_2011,22,19,10,15,0.45,45,78.94736842105263
30_Smith_lsk77_2012,42,25,19,15,0.45,45,60
31_Roberts_Hunt_2013,44,12,20,12,0.45,45,100
31_Roberts_Jefferies_2013,31,13,14,11,0.45,45,84.61538461538461
31_Roberts_Livingstone_far_2012,30,12,14,9,0.45,45,75
31_Roberts_Livingstone_house_2012,30,14,14,12,0.45,45,85.71428571428571
31_Roberts_Mearns_2013,32,19,15,18,0.45,45,94.73684210526316
31_Roberts_White_left_2012,42,19,19,13,0.45,45,68.42105263157895
36_Larkin_Barracks.Lyan.Co.Clare_13.2017_GS1,13,11,6,10,0.45,45,90.9090909090909
36_Larkin_Glencolumbkille.South.Carron.Co.Clare_20.2017_GS1,12,13,6,11,0.45,45,84.61538461538461
37_White_An,15,23,7,12,0.45,45,52.17391304347826
37_White_Bl,19,27,9,20,0.45,45,74.07407407407408
37_White_Bn,20,26,9,18,0.45,45,69.23076923076923
37_White_CW,26,33,12,28,0.45,45,84.84848484848484
37_White_Ce,18,20,9,16,0.45,45,80
37_White_Cn,29,34,14,31,0.45,45,91.17647058823529
37_White_ED,13,19,6,13,0.45,45,68.42105263157895
37_White_Fs,22,21,10,17,0.45,45,80.95238095238095
37_White_JK,25,24,12,16,0.45,45,66.66666666666667
37_White_Kr,29,17,14,13,0.45,45,76.47058823529412
37_White_ND,25,22,12,17,0.45,45,77.27272727272727
37_White_NG,21,25,10,22,0.45,45,88
37_White_Pn,12,17,6,9,0.45,45,52.94117647058823
37_White_WD,15,23,7,15,0.45,45,65.21739130434783
38_Maurer_A1,47,27,22,23,0.45,45,85.18518518518519
38_Maurer_A2,76,40,35,22,0.45,45,55
38_Maurer_A3,69,31,32,24,0.45,45,77.41935483870968
38_Maurer_A4,58,31,27,26,0.45,45,83.87096774193549
38_Maurer_R1,72,42,33,32,0.45,45,76.19047619047619
38_Maurer_R2,54,51,25,34,0.45,45,66.66666666666667
38_Maurer_R3,95,48,43,27,0.45,45,56.25
38_Maurer_R4,66,37,30,25,0.45,45,67.56756756756756
38_Maurer_U2,113,64,51,50,0.45,45,78.125
38_Maurer_U3,92,49,42,47,0.45,45,95.91836734693878
39_Schweiger_I1_ruderal_1_2021,23,20,11,14,0.45,45,70
39_Schweiger_I2_semi.natural.grass_5_2021,18,27,9,22,0.45,45,81.48148148148148
39_Schweiger_I2_woodland.scrub_1_2021,23,22,11,14,0.45,45,63.63636363636363
39_Schweiger_I4_woodland.scrub_3_2021,22,21,10,14,0.45,45,66.66666666666667
39_Schweiger_R1_semi.natural.grass_4_2021,15,23,7,18,0.45,45,78.26086956521739
39_Schweiger_R4_semi.natural.grass_2_2021,11,25,5,14,0.45,45,56
40_Knight_Ghe_ari_2017,30,129,14,107,0.45,45,82.94573643410853
41_Knight_1 wooded meadow_2018,39,37,18,34,0.45,45,91.89189189189189
41_Knight_2 alvar pasture_2018,32,17,15,16,0.45,45,94.11764705882354
41_Knight_3 alvar pasture_2018,21,34,10,29,0.45,45,85.29411764705883
41_Knight_4 wooded meadow_2018,30,23,14,21,0.45,45,91.30434782608695
41_Knight_5 wooded meadow_2018,27,47,13,37,0.45,45,78.72340425531915
41_Knight_6 alvar pasture_2018,37,23,17,16,0.45,45,69.56521739130434
42_Knight_M1Restored_2019,45,25,21,25,0.45,45,100
42_Knight_M2Natural_2019,31,19,14,16,0.45,45,84.21052631578948
42_Knight_M3Natural_2019,37,17,17,16,0.45,45,94.11764705882354
42_Knight_M4Restored_2019,33,19,15,16,0.45,45,84.21052631578948
42_Knight_M5Restored_2019,37,21,17,15,0.45,45,71.42857142857143
42_Knight_M6Natural_2019,47,35,22,31,0.45,45,88.57142857142857
42_Knight_M8Restored_2019,32,15,15,12,0.45,45,80
44_Knight_M11_2018,46,33,21,28,0.45,45,84.84848484848484
44_Knight_M12_2018,43,55,20,44,0.45,45,80
44_Knight_M13_2018,32,23,15,21,0.45,45,91.30434782608695
44_Knight_M15_2018,45,58,21,52,0.45,45,89.65517241379311
44_Knight_M16_2018,50,50,23,48,0.45,45,96
44_Knight_M17_2018,33,48,15,29,0.45,45,60.416666666666664
44_Knight_M18_2018,39,44,18,39,0.45,45,88.63636363636364
44_Knight_M1_2018,23,37,11,31,0.45,45,83.78378378378379
44_Knight_M3_2018,57,63,26,51,0.45,45,80.95238095238095
44_Knight_M4_2018,46,56,21,54,0.45,45,96.42857142857143
44_Knight_M6_2018,69,33,32,24,0.45,45,72.72727272727273
44_Knight_M8_2018,67,41,31,36,0.45,45,87.8048780487805
45_Knight_Hermanovice_meadow_2018,32,47,15,37,0.45,45,78.72340425531915
45_Knight_HorniGrunt_meadow_2018,26,38,12,31,0.45,45,81.57894736842105
45_Knight_Mnichov_meadow_2018,29,53,14,38,0.45,45,71.69811320754717
46_Knight_Gora_Gipsowa_2018,37,41,17,17,0.45,45,41.46341463414634
47_Benadi_1,81,190,37,185,0.45,45,97.36842105263158
47_Benadi_2,54,162,25,153,0.45,45,94.44444444444444
47_Benadi_3,67,150,31,143,0.45,45,95.33333333333333
47_Benadi_4,55,144,25,132,0.45,45,91.66666666666667
47_Benadi_5,68,131,31,130,0.45,45,99.23664122137404
47_Benadi_6,63,96,29,88,0.45,45,91.66666666666667
4_Marini_UNIPD01 A_2018,23,69,11,54,0.45,45,78.26086956521739
4_Marini_UNIPD01 An_2018,27,54,13,50,0.45,45,92.5925925925926
4_Marini_UNIPD01 B_2018,29,58,14,54,0.45,45,93.10344827586206
4_Marini_UNIPD01 Bn_2018,32,90,15,69,0.45,45,76.66666666666667
4_Marini_UNIPD01 C_2018,37,67,17,48,0.45,45,71.64179104477611
4_Marini_UNIPD01 Cn_2018,30,65,14,47,0.45,45,72.3076923076923
4_Marini_UNIPD01 E_2018,46,73,21,55,0.45,45,75.34246575342466
4_Marini_UNIPD01 En_2018,40,67,18,56,0.45,45,83.58208955223881
4_Marini_UNIPD01 F_2018,25,32,12,28,0.45,45,87.5
4_Marini_UNIPD01 Fn_2018,29,31,14,26,0.45,45,83.87096774193549
4_Marini_UNIPD01 G_2018,25,56,12,48,0.45,45,85.71428571428571
4_Marini_UNIPD01 Gn_2018,28,45,13,40,0.45,45,88.88888888888889
4_Marini_UNIPD01 H_2018,50,98,23,71,0.45,45,72.44897959183673
4_Marini_UNIPD01 Hn_2018,38,82,18,63,0.45,45,76.82926829268293
4_Marini_UNIPD01 I_2018,33,74,15,65,0.45,45,87.83783783783784
4_Marini_UNIPD01 In_2018,44,93,20,80,0.45,45,86.02150537634408
50_Hervias-Parejo_Cala Tirant_2021,18,77,9,66,0.45,45,85.71428571428571
50_Hervias-Parejo_Llucalari_2021,11,62,5,29,0.45,45,46.774193548387096
50_Hervias-Parejo_Sa Bassa_2021,15,81,7,59,0.45,45,72.8395061728395
50_Hervias-Parejo_Salinas_2021,27,95,13,52,0.45,45,54.73684210526316
50_Hervias-Parejo_Torre Fornells_2021,21,83,10,53,0.45,45,63.855421686746986
50_Hervias-Parejo_coast Son Bou_2021,10,46,5,26,0.45,45,56.52173913043478
51_Petanidou_Pyrgos_2013,39,66,18,53,0.45,45,80.3030303030303
51_Petanidou_Sigri 3_2012,28,51,13,43,0.45,45,84.31372549019608
54_Lazaro_AloeVera_2018_2018,11,60,5,31,0.45,45,51.666666666666664
54_Lazaro_SonBaco_2018_2018,14,73,7,63,0.45,45,86.3013698630137
54_Lazaro_SonMutNou_2018_2018,12,69,6,63,0.45,45,91.30434782608695
54_Lazaro_UIB_2018_2018,20,72,9,35,0.45,45,48.611111111111114
5_Marini_UNIPD02 AA_2019,24,24,11,18,0.45,45,75
5_Marini_UNIPD02 AB_2019,26,16,12,11,0.45,45,68.75
5_Marini_UNIPD02 AC_2019,31,23,14,14,0.45,45,60.869565217391305
5_Marini_UNIPD02 AD_2019,20,14,9,10,0.45,45,71.42857142857143
5_Marini_UNIPD02 AE_2019,19,35,9,21,0.45,45,60
5_Marini_UNIPD02 AF_2019,16,24,8,18,0.45,45,75
5_Marini_UNIPD02 AG_2019,25,52,12,41,0.45,45,78.84615384615384
5_Marini_UNIPD02 AH_2019,22,35,10,22,0.45,45,62.857142857142854
5_Marini_UNIPD02 AI_2019,21,16,10,13,0.45,45,81.25
5_Marini_UNIPD02 AJ_2019,10,31,5,19,0.45,45,61.29032258064516
5_Marini_UNIPD02 AK_2019,10,21,5,16,0.45,45,76.19047619047619
5_Marini_UNIPD02 AL_2019,27,39,13,30,0.45,45,76.92307692307692
5_Marini_UNIPD02 AM_2019,31,34,14,24,0.45,45,70.58823529411765
5_Marini_UNIPD02 AN_2019,12,20,6,16,0.45,45,80
5_Marini_UNIPD02 AO_2019,18,29,9,21,0.45,45,72.41379310344827
5_Marini_UNIPD02 AP_2019,16,18,8,14,0.45,45,77.77777777777777
5_Marini_UNIPD02 AQ_2019,15,24,7,19,0.45,45,79.16666666666667
5_Marini_UNIPD02 AS_2019,14,22,7,20,0.45,45,90.9090909090909
5_Marini_UNIPD02 AT_2019,16,26,8,24,0.45,45,92.3076923076923
5_Marini_UNIPD02 AV_2019,10,13,5,11,0.45,45,84.61538461538461
5_Marini_UNIPD02 A_2019,17,35,8,27,0.45,45,77.14285714285714
5_Marini_UNIPD02 B_2019,21,32,10,19,0.45,45,59.375
5_Marini_UNIPD02 C_2019,19,35,9,34,0.45,45,97.14285714285714
5_Marini_UNIPD02 D_2019,17,32,8,18,0.45,45,56.25
5_Marini_UNIPD02 E_2019,12,32,6,18,0.45,45,56.25
5_Marini_UNIPD02 G_2019,19,27,9,19,0.45,45,70.37037037037037
5_Marini_UNIPD02 H_2019,15,21,7,15,0.45,45,71.42857142857143
5_Marini_UNIPD02 I_2019,16,35,8,26,0.45,45,74.28571428571429
5_Marini_UNIPD02 K_2019,16,31,8,25,0.45,45,80.64516129032258
5_Marini_UNIPD02 L_2019,13,20,6,17,0.45,45,85
5_Marini_UNIPD02 M_2019,26,35,12,33,0.45,45,94.28571428571429
5_Marini_UNIPD02 N_2019,17,20,8,14,0.45,45,70
5_Marini_UNIPD02 O_2019,19,31,9,23,0.45,45,74.19354838709677
5_Marini_UNIPD02 P_2019,15,24,7,16,0.45,45,66.66666666666667
5_Marini_UNIPD02 Q_2019,18,22,9,22,0.45,45,100
5_Marini_UNIPD02 S_2019,22,31,10,19,0.45,45,61.29032258064516
5_Marini_UNIPD02 T_2019,21,18,10,16,0.45,45,88.88888888888889
5_Marini_UNIPD02 U_2019,28,23,13,19,0.45,45,82.6086956521739
5_Marini_UNIPD02 V_2019,29,39,14,30,0.45,45,76.92307692307692
5_Marini_UNIPD02 W_2019,21,36,10,28,0.45,45,77.77777777777777
5_Marini_UNIPD02 X_2019,27,41,13,34,0.45,45,82.92682926829268
5_Marini_UNIPD02 Y_2019,20,45,9,31,0.45,45,68.88888888888889
5_Marini_UNIPD02 Z_2019,15,27,7,20,0.45,45,74.07407407407408
6_Marini_UNIPD03 CD13_2020,13,25,6,23,0.45,45,92
6_Marini_UNIPD03 CD14_2020,18,30,9,26,0.45,45,86.66666666666667
6_Marini_UNIPD03 CD15_2020,24,43,11,40,0.45,45,93.02325581395348
6_Marini_UNIPD03 CD16_2020,26,52,12,48,0.45,45,92.3076923076923
6_Marini_UNIPD03 CD17_2020,27,51,13,43,0.45,45,84.31372549019608
6_Marini_UNIPD03 CD20_2020,17,44,8,37,0.45,45,84.0909090909091
6_Marini_UNIPD03 CD22_2020,22,24,10,20,0.45,45,83.33333333333333
6_Marini_UNIPD03 CD23_2020,23,39,11,33,0.45,45,84.61538461538461
6_Marini_UNIPD03 CD26_2020,11,26,5,16,0.45,45,61.53846153846154
6_Marini_UNIPD03 CD27_2020,23,34,11,33,0.45,45,97.05882352941177
6_Marini_UNIPD03 CD28_2020,27,42,13,37,0.45,45,88.0952380952381
6_Marini_UNIPD03 CD29_2020,21,35,10,31,0.45,45,88.57142857142857
6_Marini_UNIPD03 CD2_2020,10,22,5,14,0.45,45,63.63636363636363
6_Marini_UNIPD03 CD34_2020,14,45,7,42,0.45,45,93.33333333333333
6_Marini_UNIPD03 D11_2020,13,28,6,27,0.45,45,96.42857142857143
6_Marini_UNIPD03 D17_2020,10,26,5,25,0.45,45,96.15384615384616
6_Marini_UNIPD03 D21_2020,11,23,5,21,0.45,45,91.30434782608695
6_Marini_UNIPD03 D24_2020,17,33,8,32,0.45,45,96.96969696969697
6_Marini_UNIPD03 D28_2020,19,32,9,27,0.45,45,84.375
6_Marini_UNIPD03 D29_2020,15,28,7,24,0.45,45,85.71428571428571
6_Marini_UNIPD03 D34_2020,13,37,6,29,0.45,45,78.37837837837837
6_Marini_UNIPD03 D35_2020,13,24,6,19,0.45,45,79.16666666666667
6_Marini_UNIPD03 D5_2020,17,30,8,26,0.45,45,86.66666666666667
6_Marini_UNIPD03 D8_2020,11,18,5,17,0.45,45,94.44444444444444
6_Marini_UNIPD03 E14_2020,19,34,9,19,0.45,45,55.88235294117647
6_Marini_UNIPD03 E19_2020,19,28,9,24,0.45,45,85.71428571428571
6_Marini_UNIPD03 E25_2020,17,24,8,22,0.45,45,91.66666666666667
6_Marini_UNIPD03 E26_2020,24,45,11,40,0.45,45,88.88888888888889
6_Marini_UNIPD03 E31_2020,13,22,6,20,0.45,45,90.9090909090909
6_Marini_UNIPD03 E32_2020,10,20,5,12,0.45,45,60
6_Marini_UNIPD03 E33_2020,13,40,6,29,0.45,45,72.5
6_Marini_UNIPD03 E35_2020,14,36,7,32,0.45,45,88.88888888888889
6_Marini_UNIPD03 E36_2020,11,42,5,38,0.45,45,90.47619047619048
7_Scheper_Chize_10_Field_boundary_2015,37,22,17,9,0.45,45,40.90909090909091
7_Scheper_Chize_12_Field_boundary_2015,34,34,16,26,0.45,45,76.47058823529412
7_Scheper_Chize_14_Field_boundary_2015,35,38,16,15,0.45,45,39.473684210526315
7_Scheper_Chize_19_Field_boundary_2015,32,22,15,18,0.45,45,81.81818181818181
7_Scheper_Chize_1_Field_boundary_2015,25,22,12,19,0.45,45,86.36363636363636
7_Scheper_Chize_1_Grassland_2015,14,22,7,17,0.45,45,77.27272727272727
7_Scheper_Chize_25_Field_boundary_2015,31,27,14,20,0.45,45,74.07407407407408
7_Scheper_Chize_4_Field_boundary_2015,25,21,12,16,0.45,45,76.19047619047619
7_Scheper_Chize_5_Field_boundary_2015,32,21,15,17,0.45,45,80.95238095238095
7_Scheper_Chize_6_Field_boundary_2015,31,35,14,27,0.45,45,77.14285714285714
11_Clough_ASK_2021_2021,16,19,8,11,0.5,50,57.89473684210526
11_Clough_HAM_2021_2021,24,38,12,33,0.5,50,86.84210526315789
11_Clough_KOM_2021_2021,22,23,11,17,0.5,50,73.91304347826087
11_Clough_LOB_2021_2021,21,19,11,14,0.5,50,73.6842105263158
11_Clough_PET_2021_2021,30,36,15,30,0.5,50,83.33333333333333
11_Clough_TAG_2021_2021,28,35,14,22,0.5,50,62.857142857142854
12_Ockinger_Norrang_Ryckelsby_Og,25,21,13,15,0.5,50,71.42857142857143
12_Ockinger_Sattra_Og,26,11,13,8,0.5,50,72.72727272727273
12_Ockinger_St_Tadinge,28,18,14,14,0.5,50,77.77777777777777
12_Ockinger_Tjalinge_Skogstibble,35,18,18,14,0.5,50,77.77777777777777
20_Hoiss_H5_2010,25,81,13,71,0.5,50,87.65432098765432
20_Hoiss_H6_2010,36,36,18,31,0.5,50,86.11111111111111
20_Hoiss_H7_2010,31,38,16,32,0.5,50,84.21052631578948
20_Hoiss_HO1_2010,30,52,15,40,0.5,50,76.92307692307692
20_Hoiss_HO5_2010,50,57,25,52,0.5,50,91.2280701754386
20_Hoiss_T4_2010,32,61,16,44,0.5,50,72.1311475409836
22_Kallnik_h1_2012,87,11,44,11,0.5,50,100
22_Kallnik_h2_2011,54,11,27,11,0.5,50,100
22_Kallnik_h3_2011,71,10,36,10,0.5,50,100
22_Kallnik_h4_2010,96,10,48,9,0.5,50,90
22_Kallnik_h4_2011,85,10,43,10,0.5,50,100
22_Kallnik_h5_2011,54,11,27,11,0.5,50,100
22_Kallnik_h5_2012,78,11,39,11,0.5,50,100
22_Kallnik_h6_2011,69,10,35,10,0.5,50,100
22_Kallnik_h7_2011,63,10,32,10,0.5,50,100
22_Kallnik_ho2_2011,68,10,34,10,0.5,50,100
22_Kallnik_ho3_2011,49,12,25,12,0.5,50,100
22_Kallnik_ho3_2012,61,10,31,10,0.5,50,100
22_Kallnik_ho4_2010,76,10,38,9,0.5,50,90
22_Kallnik_ho4_2011,71,13,36,13,0.5,50,100
22_Kallnik_ho4_2012,79,12,40,12,0.5,50,100
22_Kallnik_ho5_2011,59,12,30,12,0.5,50,100
22_Kallnik_wma3_2011,53,10,27,10,0.5,50,100
22_Kallnik_wma3_2012,71,10,36,9,0.5,50,90
22_Kallnik_wma4_2011,50,11,25,11,0.5,50,100
22_Kallnik_wma5_2011,55,10,28,10,0.5,50,100
22_Kallnik_wmb1_2012,92,11,46,10,0.5,50,90.9090909090909
22_Kallnik_wmb2_2011,89,12,45,12,0.5,50,100
22_Kallnik_wmb2_2012,108,11,54,11,0.5,50,100
22_Kallnik_wmb3_2011,90,10,45,10,0.5,50,100
22_Kallnik_wmb3_2012,106,10,53,10,0.5,50,100
22_Kallnik_wmb4_2010,84,12,42,12,0.5,50,100
22_Kallnik_wmb4_2011,78,13,39,12,0.5,50,92.3076923076923
22_Kallnik_wmb4_2012,87,11,44,11,0.5,50,100
22_Kallnik_wmb5_2010,91,11,46,11,0.5,50,100
22_Kallnik_wmb5_2011,82,11,41,11,0.5,50,100
22_Kallnik_wmb5_2012,90,11,45,11,0.5,50,100
28_Sutter_10_2013,44,16,22,13,0.5,50,81.25
28_Sutter_11_2013,38,14,19,13,0.5,50,92.85714285714286
28_Sutter_12_2013,34,12,17,11,0.5,50,91.66666666666667
28_Sutter_13_2013,45,13,23,10,0.5,50,76.92307692307692
28_Sutter_13_2014,30,11,15,10,0.5,50,90.9090909090909
28_Sutter_14_2013,20,12,10,6,0.5,50,50
28_Sutter_17_2013,47,17,24,13,0.5,50,76.47058823529412
28_Sutter_19_2013,35,20,18,18,0.5,50,90
28_Sutter_1_2013,46,14,23,13,0.5,50,92.85714285714286
28_Sutter_20_2013,24,15,12,14,0.5,50,93.33333333333333
28_Sutter_21_2013,43,16,22,12,0.5,50,75
28_Sutter_2_2013,29,15,15,13,0.5,50,86.66666666666667
28_Sutter_3_2013,34,21,17,17,0.5,50,80.95238095238095
28_Sutter_5_2013,50,23,25,22,0.5,50,95.65217391304348
28_Sutter_8_2013,34,17,17,14,0.5,50,82.3529411764706
28_Sutter_8_2014,22,18,11,17,0.5,50,94.44444444444444
29_Magrach_Gibraleon_2011,16,27,8,15,0.5,50,55.55555555555556
29_Magrach_Gravera_2011,18,25,9,16,0.5,50,64
29_Magrach_Niebla_2011,18,31,9,29,0.5,50,93.54838709677419
29_Magrach_Niebla_2012,21,26,11,25,0.5,50,96.15384615384616
29_Magrach_Villablanca_2011,18,22,9,20,0.5,50,90.9090909090909
2_Petanidou_Armolia_2015,37,73,19,67,0.5,50,91.78082191780823
2_Petanidou_Emborios_2015,21,80,11,77,0.5,50,96.25
2_Petanidou_Gridia_2015,38,73,19,64,0.5,50,87.67123287671232
2_Petanidou_Kato Fana_2015,14,60,7,49,0.5,50,81.66666666666667
2_Petanidou_Palios Katarraktis_2015,39,73,20,60,0.5,50,82.1917808219178
2_Petanidou_Vessa 2_2015,28,98,14,80,0.5,50,81.63265306122449
30_Smith_lsk48_2012,30,22,15,13,0.5,50,59.09090909090909
30_Smith_lsk57_2011,33,20,17,14,0.5,50,70
30_Smith_lsk73_2012,28,19,14,14,0.5,50,73.6842105263158
30_Smith_lsk74_2012,27,26,14,16,0.5,50,61.53846153846154
30_Smith_lsk77_2011,22,19,11,15,0.5,50,78.94736842105263
30_Smith_lsk77_2012,42,25,21,15,0.5,50,60
31_Roberts_Hunt_2013,44,12,22,12,0.5,50,100
31_Roberts_Jefferies_2013,31,13,16,11,0.5,50,84.61538461538461
31_Roberts_Livingstone_far_2012,30,12,15,9,0.5,50,75
31_Roberts_Livingstone_house_2012,30,14,15,13,0.5,50,92.85714285714286
31_Roberts_Mearns_2013,32,19,16,18,0.5,50,94.73684210526316
31_Roberts_White_left_2012,42,19,21,13,0.5,50,68.42105263157895
36_Larkin_Barracks.Lyan.Co.Clare_13.2017_GS1,13,11,7,10,0.5,50,90.9090909090909
36_Larkin_Glencolumbkille.South.Carron.Co.Clare_20.2017_GS1,12,13,6,11,0.5,50,84.61538461538461
37_White_An,15,23,8,13,0.5,50,56.52173913043478
37_White_Bl,19,27,10,21,0.5,50,77.77777777777777
37_White_Bn,20,26,10,21,0.5,50,80.76923076923077
37_White_CW,26,33,13,28,0.5,50,84.84848484848484
37_White_Ce,18,20,9,16,0.5,50,80
37_White_Cn,29,34,15,32,0.5,50,94.11764705882354
37_White_ED,13,19,7,17,0.5,50,89.47368421052632
37_White_Fs,22,21,11,17,0.5,50,80.95238095238095
37_White_JK,25,24,13,17,0.5,50,70.83333333333333
37_White_Kr,29,17,15,13,0.5,50,76.47058823529412
37_White_ND,25,22,13,17,0.5,50,77.27272727272727
37_White_NG,21,25,11,22,0.5,50,88
37_White_Pn,12,17,6,9,0.5,50,52.94117647058823
37_White_WD,15,23,8,19,0.5,50,82.6086956521739
38_Maurer_A1,47,27,24,24,0.5,50,88.88888888888889
38_Maurer_A2,76,40,38,22,0.5,50,55
38_Maurer_A3,69,31,35,24,0.5,50,77.41935483870968
38_Maurer_A4,58,31,29,26,0.5,50,83.87096774193549
38_Maurer_R1,72,42,36,33,0.5,50,78.57142857142857
38_Maurer_R2,54,51,27,37,0.5,50,72.54901960784314
38_Maurer_R3,95,48,48,31,0.5,50,64.58333333333333
38_Maurer_R4,66,37,33,26,0.5,50,70.27027027027027
38_Maurer_U2,113,64,57,51,0.5,50,79.6875
38_Maurer_U3,92,49,46,47,0.5,50,95.91836734693878
39_Schweiger_I1_ruderal_1_2021,23,20,12,14,0.5,50,70
39_Schweiger_I2_semi.natural.grass_5_2021,18,27,9,22,0.5,50,81.48148148148148
39_Schweiger_I2_woodland.scrub_1_2021,23,22,12,14,0.5,50,63.63636363636363
39_Schweiger_I4_woodland.scrub_3_2021,22,21,11,18,0.5,50,85.71428571428571
39_Schweiger_R1_semi.natural.grass_4_2021,15,23,8,18,0.5,50,78.26086956521739
39_Schweiger_R4_semi.natural.grass_2_2021,11,25,6,14,0.5,50,56
40_Knight_Ghe_ari_2017,30,129,15,108,0.5,50,83.72093023255815
41_Knight_1 wooded meadow_2018,39,37,20,34,0.5,50,91.89189189189189
41_Knight_2 alvar pasture_2018,32,17,16,16,0.5,50,94.11764705882354
41_Knight_3 alvar pasture_2018,21,34,11,30,0.5,50,88.23529411764706
41_Knight_4 wooded meadow_2018,30,23,15,21,0.5,50,91.30434782608695
41_Knight_5 wooded meadow_2018,27,47,14,37,0.5,50,78.72340425531915
41_Knight_6 alvar pasture_2018,37,23,19,17,0.5,50,73.91304347826087
42_Knight_M1Restored_2019,45,25,23,25,0.5,50,100
42_Knight_M2Natural_2019,31,19,16,17,0.5,50,89.47368421052632
42_Knight_M3Natural_2019,37,17,19,16,0.5,50,94.11764705882354
42_Knight_M4Restored_2019,33,19,17,16,0.5,50,84.21052631578948
42_Knight_M5Restored_2019,37,21,19,15,0.5,50,71.42857142857143
42_Knight_M6Natural_2019,47,35,24,31,0.5,50,88.57142857142857
42_Knight_M8Restored_2019,32,15,16,12,0.5,50,80
44_Knight_M11_2018,46,33,23,28,0.5,50,84.84848484848484
44_Knight_M12_2018,43,55,22,45,0.5,50,81.81818181818181
44_Knight_M13_2018,32,23,16,21,0.5,50,91.30434782608695
44_Knight_M15_2018,45,58,23,52,0.5,50,89.65517241379311
44_Knight_M16_2018,50,50,25,48,0.5,50,96
44_Knight_M17_2018,33,48,17,33,0.5,50,68.75
44_Knight_M18_2018,39,44,20,40,0.5,50,90.9090909090909
44_Knight_M1_2018,23,37,12,31,0.5,50,83.78378378378379
44_Knight_M3_2018,57,63,29,51,0.5,50,80.95238095238095
44_Knight_M4_2018,46,56,23,54,0.5,50,96.42857142857143
44_Knight_M6_2018,69,33,35,24,0.5,50,72.72727272727273
44_Knight_M8_2018,67,41,34,36,0.5,50,87.8048780487805
45_Knight_Hermanovice_meadow_2018,32,47,16,38,0.5,50,80.85106382978724
45_Knight_HorniGrunt_meadow_2018,26,38,13,33,0.5,50,86.84210526315789
45_Knight_Mnichov_meadow_2018,29,53,15,38,0.5,50,71.69811320754717
46_Knight_Gora_Gipsowa_2018,37,41,19,17,0.5,50,41.46341463414634
47_Benadi_1,81,190,41,187,0.5,50,98.42105263157895
47_Benadi_2,54,162,27,156,0.5,50,96.29629629629629
47_Benadi_3,67,150,34,144,0.5,50,96
47_Benadi_4,55,144,28,137,0.5,50,95.13888888888889
47_Benadi_5,68,131,34,130,0.5,50,99.23664122137404
47_Benadi_6,63,96,32,89,0.5,50,92.70833333333333
4_Marini_UNIPD01 A_2018,23,69,12,57,0.5,50,82.6086956521739
4_Marini_UNIPD01 An_2018,27,54,14,51,0.5,50,94.44444444444444
4_Marini_UNIPD01 B_2018,29,58,15,55,0.5,50,94.82758620689656
4_Marini_UNIPD01 Bn_2018,32,90,16,71,0.5,50,78.88888888888889
4_Marini_UNIPD01 C_2018,37,67,19,55,0.5,50,82.08955223880596
4_Marini_UNIPD01 Cn_2018,30,65,15,49,0.5,50,75.38461538461539
4_Marini_UNIPD01 E_2018,46,73,23,55,0.5,50,75.34246575342466
4_Marini_UNIPD01 En_2018,40,67,20,57,0.5,50,85.07462686567165
4_Marini_UNIPD01 F_2018,25,32,13,28,0.5,50,87.5
4_Marini_UNIPD01 Fn_2018,29,31,15,26,0.5,50,83.87096774193549
4_Marini_UNIPD01 G_2018,25,56,13,49,0.5,50,87.5
4_Marini_UNIPD01 Gn_2018,28,45,14,41,0.5,50,91.11111111111111
4_Marini_UNIPD01 H_2018,50,98,25,76,0.5,50,77.55102040816327
4_Marini_UNIPD01 Hn_2018,38,82,19,63,0.5,50,76.82926829268293
4_Marini_UNIPD01 I_2018,33,74,17,65,0.5,50,87.83783783783784
4_Marini_UNIPD01 In_2018,44,93,22,81,0.5,50,87.09677419354838
50_Hervias-Parejo_Cala Tirant_2021,18,77,9,66,0.5,50,85.71428571428571
50_Hervias-Parejo_Llucalari_2021,11,62,6,30,0.5,50,48.38709677419355
50_Hervias-Parejo_Sa Bassa_2021,15,81,8,61,0.5,50,75.30864197530865
50_Hervias-Parejo_Salinas_2021,27,95,14,55,0.5,50,57.89473684210526
50_Hervias-Parejo_Torre Fornells_2021,21,83,11,55,0.5,50,66.26506024096386
50_Hervias-Parejo_coast Son Bou_2021,10,46,5,26,0.5,50,56.52173913043478
51_Petanidou_Pyrgos_2013,39,66,20,62,0.5,50,93.93939393939394
51_Petanidou_Sigri 3_2012,28,51,14,43,0.5,50,84.31372549019608
54_Lazaro_AloeVera_2018_2018,11,60,6,54,0.5,50,90
54_Lazaro_SonBaco_2018_2018,14,73,7,63,0.5,50,86.3013698630137
54_Lazaro_SonMutNou_2018_2018,12,69,6,63,0.5,50,91.30434782608695
54_Lazaro_UIB_2018_2018,20,72,10,37,0.5,50,51.388888888888886
5_Marini_UNIPD02 AA_2019,24,24,12,19,0.5,50,79.16666666666667
5_Marini_UNIPD02 AB_2019,26,16,13,11,0.5,50,68.75
5_Marini_UNIPD02 AC_2019,31,23,16,14,0.5,50,60.869565217391305
5_Marini_UNIPD02 AD_2019,20,14,10,10,0.5,50,71.42857142857143
5_Marini_UNIPD02 AE_2019,19,35,10,23,0.5,50,65.71428571428571
5_Marini_UNIPD02 AF_2019,16,24,8,18,0.5,50,75
5_Marini_UNIPD02 AG_2019,25,52,13,42,0.5,50,80.76923076923077
5_Marini_UNIPD02 AH_2019,22,35,11,22,0.5,50,62.857142857142854
5_Marini_UNIPD02 AI_2019,21,16,11,13,0.5,50,81.25
5_Marini_UNIPD02 AJ_2019,10,31,5,19,0.5,50,61.29032258064516
5_Marini_UNIPD02 AK_2019,10,21,5,16,0.5,50,76.19047619047619
5_Marini_UNIPD02 AL_2019,27,39,14,33,0.5,50,84.61538461538461
5_Marini_UNIPD02 AM_2019,31,34,16,26,0.5,50,76.47058823529412
5_Marini_UNIPD02 AN_2019,12,20,6,16,0.5,50,80
5_Marini_UNIPD02 AO_2019,18,29,9,21,0.5,50,72.41379310344827
5_Marini_UNIPD02 AP_2019,16,18,8,14,0.5,50,77.77777777777777
5_Marini_UNIPD02 AQ_2019,15,24,8,19,0.5,50,79.16666666666667
5_Marini_UNIPD02 AS_2019,14,22,7,20,0.5,50,90.9090909090909
5_Marini_UNIPD02 AT_2019,16,26,8,24,0.5,50,92.3076923076923
5_Marini_UNIPD02 AV_2019,10,13,5,11,0.5,50,84.61538461538461
5_Marini_UNIPD02 A_2019,17,35,9,29,0.5,50,82.85714285714286
5_Marini_UNIPD02 B_2019,21,32,11,25,0.5,50,78.125
5_Marini_UNIPD02 C_2019,19,35,10,34,0.5,50,97.14285714285714
5_Marini_UNIPD02 D_2019,17,32,9,22,0.5,50,68.75
5_Marini_UNIPD02 E_2019,12,32,6,18,0.5,50,56.25
5_Marini_UNIPD02 G_2019,19,27,10,20,0.5,50,74.07407407407408
5_Marini_UNIPD02 H_2019,15,21,8,15,0.5,50,71.42857142857143
5_Marini_UNIPD02 I_2019,16,35,8,26,0.5,50,74.28571428571429
5_Marini_UNIPD02 K_2019,16,31,8,25,0.5,50,80.64516129032258
5_Marini_UNIPD02 L_2019,13,20,7,17,0.5,50,85
5_Marini_UNIPD02 M_2019,26,35,13,33,0.5,50,94.28571428571429
5_Marini_UNIPD02 N_2019,17,20,9,16,0.5,50,80
5_Marini_UNIPD02 O_2019,19,31,10,24,0.5,50,77.41935483870968
5_Marini_UNIPD02 P_2019,15,24,8,16,0.5,50,66.66666666666667
5_Marini_UNIPD02 Q_2019,18,22,9,22,0.5,50,100
5_Marini_UNIPD02 S_2019,22,31,11,25,0.5,50,80.64516129032258
5_Marini_UNIPD02 T_2019,21,18,11,16,0.5,50,88.88888888888889
5_Marini_UNIPD02 U_2019,28,23,14,21,0.5,50,91.30434782608695
5_Marini_UNIPD02 V_2019,29,39,15,30,0.5,50,76.92307692307692
5_Marini_UNIPD02 W_2019,21,36,11,28,0.5,50,77.77777777777777
5_Marini_UNIPD02 X_2019,27,41,14,35,0.5,50,85.36585365853658
5_Marini_UNIPD02 Y_2019,20,45,10,37,0.5,50,82.22222222222223
5_Marini_UNIPD02 Z_2019,15,27,8,22,0.5,50,81.48148148148148
6_Marini_UNIPD03 CD13_2020,13,25,7,24,0.5,50,96
6_Marini_UNIPD03 CD14_2020,18,30,9,26,0.5,50,86.66666666666667
6_Marini_UNIPD03 CD15_2020,24,43,12,41,0.5,50,95.34883720930233
6_Marini_UNIPD03 CD16_2020,26,52,13,48,0.5,50,92.3076923076923
6_Marini_UNIPD03 CD17_2020,27,51,14,45,0.5,50,88.23529411764706
6_Marini_UNIPD03 CD20_2020,17,44,9,38,0.5,50,86.36363636363636
6_Marini_UNIPD03 CD22_2020,22,24,11,21,0.5,50,87.5
6_Marini_UNIPD03 CD23_2020,23,39,12,34,0.5,50,87.17948717948718
6_Marini_UNIPD03 CD26_2020,11,26,6,18,0.5,50,69.23076923076923
6_Marini_UNIPD03 CD27_2020,23,34,12,33,0.5,50,97.05882352941177
6_Marini_UNIPD03 CD28_2020,27,42,14,38,0.5,50,90.47619047619048
6_Marini_UNIPD03 CD29_2020,21,35,11,32,0.5,50,91.42857142857143
6_Marini_UNIPD03 CD2_2020,10,22,5,14,0.5,50,63.63636363636363
6_Marini_UNIPD03 CD34_2020,14,45,7,42,0.5,50,93.33333333333333
6_Marini_UNIPD03 D11_2020,13,28,7,28,0.5,50,100
6_Marini_UNIPD03 D17_2020,10,26,5,25,0.5,50,96.15384615384616
6_Marini_UNIPD03 D21_2020,11,23,6,22,0.5,50,95.65217391304348
6_Marini_UNIPD03 D24_2020,17,33,9,32,0.5,50,96.96969696969697
6_Marini_UNIPD03 D28_2020,19,32,10,27,0.5,50,84.375
6_Marini_UNIPD03 D29_2020,15,28,8,25,0.5,50,89.28571428571429
6_Marini_UNIPD03 D34_2020,13,37,7,29,0.5,50,78.37837837837837
6_Marini_UNIPD03 D35_2020,13,24,7,21,0.5,50,87.5
6_Marini_UNIPD03 D5_2020,17,30,9,26,0.5,50,86.66666666666667
6_Marini_UNIPD03 D8_2020,11,18,6,17,0.5,50,94.44444444444444
6_Marini_UNIPD03 E14_2020,19,34,10,19,0.5,50,55.88235294117647
6_Marini_UNIPD03 E19_2020,19,28,10,24,0.5,50,85.71428571428571
6_Marini_UNIPD03 E25_2020,17,24,9,22,0.5,50,91.66666666666667
6_Marini_UNIPD03 E26_2020,24,45,12,40,0.5,50,88.88888888888889
6_Marini_UNIPD03 E31_2020,13,22,7,21,0.5,50,95.45454545454545
6_Marini_UNIPD03 E32_2020,10,20,5,12,0.5,50,60
6_Marini_UNIPD03 E33_2020,13,40,7,31,0.5,50,77.5
6_Marini_UNIPD03 E35_2020,14,36,7,32,0.5,50,88.88888888888889
6_Marini_UNIPD03 E36_2020,11,42,6,40,0.5,50,95.23809523809524
7_Scheper_Chize_10_Field_boundary_2015,37,22,19,10,0.5,50,45.45454545454545
7_Scheper_Chize_12_Field_boundary_2015,34,34,17,26,0.5,50,76.47058823529412
7_Scheper_Chize_14_Field_boundary_2015,35,38,18,15,0.5,50,39.473684210526315
7_Scheper_Chize_19_Field_boundary_2015,32,22,16,18,0.5,50,81.81818181818181
7_Scheper_Chize_1_Field_boundary_2015,25,22,13,19,0.5,50,86.36363636363636
7_Scheper_Chize_1_Grassland_2015,14,22,7,17,0.5,50,77.27272727272727
7_Scheper_Chize_25_Field_boundary_2015,31,27,16,20,0.5,50,74.07407407407408
7_Scheper_Chize_4_Field_boundary_2015,25,21,13,16,0.5,50,76.19047619047619
7_Scheper_Chize_5_Field_boundary_2015,32,21,16,17,0.5,50,80.95238095238095
7_Scheper_Chize_6_Field_boundary_2015,31,35,16,30,0.5,50,85.71428571428571
11_Clough_ASK_2021_2021,16,19,9,14,0.55,55.00000000000001,73.6842105263158
11_Clough_HAM_2021_2021,24,38,14,37,0.55,55.00000000000001,97.36842105263158
11_Clough_KOM_2021_2021,22,23,13,17,0.55,55.00000000000001,73.91304347826087
11_Clough_LOB_2021_2021,21,19,12,15,0.55,55.00000000000001,78.94736842105263
11_Clough_PET_2021_2021,30,36,17,34,0.55,55.00000000000001,94.44444444444444
11_Clough_TAG_2021_2021,28,35,16,22,0.55,55.00000000000001,62.857142857142854
12_Ockinger_Norrang_Ryckelsby_Og,25,21,14,15,0.55,55.00000000000001,71.42857142857143
12_Ockinger_Sattra_Og,26,11,15,8,0.55,55.00000000000001,72.72727272727273
12_Ockinger_St_Tadinge,28,18,16,14,0.55,55.00000000000001,77.77777777777777
12_Ockinger_Tjalinge_Skogstibble,35,18,20,14,0.55,55.00000000000001,77.77777777777777
20_Hoiss_H5_2010,25,81,14,72,0.55,55.00000000000001,88.88888888888889
20_Hoiss_H6_2010,36,36,20,31,0.55,55.00000000000001,86.11111111111111
20_Hoiss_H7_2010,31,38,18,32,0.55,55.00000000000001,84.21052631578948
20_Hoiss_HO1_2010,30,52,17,40,0.55,55.00000000000001,76.92307692307692
20_Hoiss_HO5_2010,50,57,28,52,0.55,55.00000000000001,91.2280701754386
20_Hoiss_T4_2010,32,61,18,45,0.55,55.00000000000001,73.77049180327869
22_Kallnik_h1_2012,87,11,48,11,0.55,55.00000000000001,100
22_Kallnik_h2_2011,54,11,30,11,0.55,55.00000000000001,100
22_Kallnik_h3_2011,71,10,40,10,0.55,55.00000000000001,100
22_Kallnik_h4_2010,96,10,53,9,0.55,55.00000000000001,90
22_Kallnik_h4_2011,85,10,47,10,0.55,55.00000000000001,100
22_Kallnik_h5_2011,54,11,30,11,0.55,55.00000000000001,100
22_Kallnik_h5_2012,78,11,43,11,0.55,55.00000000000001,100
22_Kallnik_h6_2011,69,10,38,10,0.55,55.00000000000001,100
22_Kallnik_h7_2011,63,10,35,10,0.55,55.00000000000001,100
22_Kallnik_ho2_2011,68,10,38,10,0.55,55.00000000000001,100
22_Kallnik_ho3_2011,49,12,27,12,0.55,55.00000000000001,100
22_Kallnik_ho3_2012,61,10,34,10,0.55,55.00000000000001,100
22_Kallnik_ho4_2010,76,10,42,9,0.55,55.00000000000001,90
22_Kallnik_ho4_2011,71,13,40,13,0.55,55.00000000000001,100
22_Kallnik_ho4_2012,79,12,44,12,0.55,55.00000000000001,100
22_Kallnik_ho5_2011,59,12,33,12,0.55,55.00000000000001,100
22_Kallnik_wma3_2011,53,10,30,10,0.55,55.00000000000001,100
22_Kallnik_wma3_2012,71,10,40,9,0.55,55.00000000000001,90
22_Kallnik_wma4_2011,50,11,28,11,0.55,55.00000000000001,100
22_Kallnik_wma5_2011,55,10,31,10,0.55,55.00000000000001,100
22_Kallnik_wmb1_2012,92,11,51,11,0.55,55.00000000000001,100
22_Kallnik_wmb2_2011,89,12,49,12,0.55,55.00000000000001,100
22_Kallnik_wmb2_2012,108,11,60,11,0.55,55.00000000000001,100
22_Kallnik_wmb3_2011,90,10,50,10,0.55,55.00000000000001,100
22_Kallnik_wmb3_2012,106,10,59,10,0.55,55.00000000000001,100
22_Kallnik_wmb4_2010,84,12,47,12,0.55,55.00000000000001,100
22_Kallnik_wmb4_2011,78,13,43,13,0.55,55.00000000000001,100
22_Kallnik_wmb4_2012,87,11,48,11,0.55,55.00000000000001,100
22_Kallnik_wmb5_2010,91,11,51,11,0.55,55.00000000000001,100
22_Kallnik_wmb5_2011,82,11,46,11,0.55,55.00000000000001,100
22_Kallnik_wmb5_2012,90,11,50,11,0.55,55.00000000000001,100
28_Sutter_10_2013,44,16,25,15,0.55,55.00000000000001,93.75
28_Sutter_11_2013,38,14,21,13,0.55,55.00000000000001,92.85714285714286
28_Sutter_12_2013,34,12,19,11,0.55,55.00000000000001,91.66666666666667
28_Sutter_13_2013,45,13,25,10,0.55,55.00000000000001,76.92307692307692
28_Sutter_13_2014,30,11,17,11,0.55,55.00000000000001,100
28_Sutter_14_2013,20,12,11,6,0.55,55.00000000000001,50
28_Sutter_17_2013,47,17,26,13,0.55,55.00000000000001,76.47058823529412
28_Sutter_19_2013,35,20,20,18,0.55,55.00000000000001,90
28_Sutter_1_2013,46,14,26,13,0.55,55.00000000000001,92.85714285714286
28_Sutter_20_2013,24,15,14,14,0.55,55.00000000000001,93.33333333333333
28_Sutter_21_2013,43,16,24,12,0.55,55.00000000000001,75
28_Sutter_2_2013,29,15,16,13,0.55,55.00000000000001,86.66666666666667
28_Sutter_3_2013,34,21,19,17,0.55,55.00000000000001,80.95238095238095
28_Sutter_5_2013,50,23,28,22,0.55,55.00000000000001,95.65217391304348
28_Sutter_8_2013,34,17,19,14,0.55,55.00000000000001,82.3529411764706
28_Sutter_8_2014,22,18,13,17,0.55,55.00000000000001,94.44444444444444
29_Magrach_Gibraleon_2011,16,27,9,17,0.55,55.00000000000001,62.96296296296296
29_Magrach_Gravera_2011,18,25,10,16,0.55,55.00000000000001,64
29_Magrach_Niebla_2011,18,31,10,29,0.55,55.00000000000001,93.54838709677419
29_Magrach_Niebla_2012,21,26,12,25,0.55,55.00000000000001,96.15384615384616
29_Magrach_Villablanca_2011,18,22,10,20,0.55,55.00000000000001,90.9090909090909
2_Petanidou_Armolia_2015,37,73,21,68,0.55,55.00000000000001,93.15068493150685
2_Petanidou_Emborios_2015,21,80,12,77,0.55,55.00000000000001,96.25
2_Petanidou_Gridia_2015,38,73,21,66,0.55,55.00000000000001,90.41095890410959
2_Petanidou_Kato Fana_2015,14,60,8,49,0.55,55.00000000000001,81.66666666666667
2_Petanidou_Palios Katarraktis_2015,39,73,22,60,0.55,55.00000000000001,82.1917808219178
2_Petanidou_Vessa 2_2015,28,98,16,81,0.55,55.00000000000001,82.65306122448979
30_Smith_lsk48_2012,30,22,17,14,0.55,55.00000000000001,63.63636363636363
30_Smith_lsk57_2011,33,20,19,14,0.55,55.00000000000001,70
30_Smith_lsk73_2012,28,19,16,15,0.55,55.00000000000001,78.94736842105263
30_Smith_lsk74_2012,27,26,15,16,0.55,55.00000000000001,61.53846153846154
30_Smith_lsk77_2011,22,19,13,16,0.55,55.00000000000001,84.21052631578948
30_Smith_lsk77_2012,42,25,24,15,0.55,55.00000000000001,60
31_Roberts_Hunt_2013,44,12,25,12,0.55,55.00000000000001,100
31_Roberts_Jefferies_2013,31,13,18,11,0.55,55.00000000000001,84.61538461538461
31_Roberts_Livingstone_far_2012,30,12,17,9,0.55,55.00000000000001,75
31_Roberts_Livingstone_house_2012,30,14,17,13,0.55,55.00000000000001,92.85714285714286
31_Roberts_Mearns_2013,32,19,18,18,0.55,55.00000000000001,94.73684210526316
31_Roberts_White_left_2012,42,19,24,13,0.55,55.00000000000001,68.42105263157895
36_Larkin_Barracks.Lyan.Co.Clare_13.2017_GS1,13,11,8,10,0.55,55.00000000000001,90.9090909090909
36_Larkin_Glencolumbkille.South.Carron.Co.Clare_20.2017_GS1,12,13,7,11,0.55,55.00000000000001,84.61538461538461
37_White_An,15,23,9,20,0.55,55.00000000000001,86.95652173913044
37_White_Bl,19,27,11,23,0.55,55.00000000000001,85.18518518518519
37_White_Bn,20,26,11,21,0.55,55.00000000000001,80.76923076923077
37_White_CW,26,33,15,28,0.55,55.00000000000001,84.84848484848484
37_White_Ce,18,20,10,17,0.55,55.00000000000001,85
37_White_Cn,29,34,16,32,0.55,55.00000000000001,94.11764705882354
37_White_ED,13,19,8,18,0.55,55.00000000000001,94.73684210526316
37_White_Fs,22,21,13,17,0.55,55.00000000000001,80.95238095238095
37_White_JK,25,24,14,18,0.55,55.00000000000001,75
37_White_Kr,29,17,16,13,0.55,55.00000000000001,76.47058823529412
37_White_ND,25,22,14,17,0.55,55.00000000000001,77.27272727272727
37_White_NG,21,25,12,22,0.55,55.00000000000001,88
37_White_Pn,12,17,7,10,0.55,55.00000000000001,58.8235294117647
37_White_WD,15,23,9,20,0.55,55.00000000000001,86.95652173913044
38_Maurer_A1,47,27,26,27,0.55,55.00000000000001,100
38_Maurer_A2,76,40,42,23,0.55,55.00000000000001,57.5
38_Maurer_A3,69,31,38,25,0.55,55.00000000000001,80.64516129032258
38_Maurer_A4,58,31,32,26,0.55,55.00000000000001,83.87096774193549
38_Maurer_R1,72,42,40,33,0.55,55.00000000000001,78.57142857142857
38_Maurer_R2,54,51,30,44,0.55,55.00000000000001,86.27450980392157
38_Maurer_R3,95,48,53,32,0.55,55.00000000000001,66.66666666666667
38_Maurer_R4,66,37,37,26,0.55,55.00000000000001,70.27027027027027
38_Maurer_U2,113,64,63,52,0.55,55.00000000000001,81.25
38_Maurer_U3,92,49,51,48,0.55,55.00000000000001,97.95918367346938
39_Schweiger_I1_ruderal_1_2021,23,20,13,17,0.55,55.00000000000001,85
39_Schweiger_I2_semi.natural.grass_5_2021,18,27,10,23,0.55,55.00000000000001,85.18518518518519
39_Schweiger_I2_woodland.scrub_1_2021,23,22,13,15,0.55,55.00000000000001,68.18181818181819
39_Schweiger_I4_woodland.scrub_3_2021,22,21,13,18,0.55,55.00000000000001,85.71428571428571
39_Schweiger_R1_semi.natural.grass_4_2021,15,23,9,18,0.55,55.00000000000001,78.26086956521739
39_Schweiger_R4_semi.natural.grass_2_2021,11,25,7,23,0.55,55.00000000000001,92
40_Knight_Ghe_ari_2017,30,129,17,111,0.55,55.00000000000001,86.04651162790698
41_Knight_1 wooded meadow_2018,39,37,22,34,0.55,55.00000000000001,91.89189189189189
41_Knight_2 alvar pasture_2018,32,17,18,16,0.55,55.00000000000001,94.11764705882354
41_Knight_3 alvar pasture_2018,21,34,12,30,0.55,55.00000000000001,88.23529411764706
41_Knight_4 wooded meadow_2018,30,23,17,22,0.55,55.00000000000001,95.65217391304348
41_Knight_5 wooded meadow_2018,27,47,15,39,0.55,55.00000000000001,82.97872340425532
41_Knight_6 alvar pasture_2018,37,23,21,17,0.55,55.00000000000001,73.91304347826087
42_Knight_M1Restored_2019,45,25,25,25,0.55,55.00000000000001,100
42_Knight_M2Natural_2019,31,19,18,17,0.55,55.00000000000001,89.47368421052632
42_Knight_M3Natural_2019,37,17,21,16,0.55,55.00000000000001,94.11764705882354
42_Knight_M4Restored_2019,33,19,19,16,0.55,55.00000000000001,84.21052631578948
42_Knight_M5Restored_2019,37,21,21,15,0.55,55.00000000000001,71.42857142857143
42_Knight_M6Natural_2019,47,35,26,31,0.55,55.00000000000001,88.57142857142857
42_Knight_M8Restored_2019,32,15,18,13,0.55,55.00000000000001,86.66666666666667
44_Knight_M11_2018,46,33,26,29,0.55,55.00000000000001,87.87878787878788
44_Knight_M12_2018,43,55,24,45,0.55,55.00000000000001,81.81818181818181
44_Knight_M13_2018,32,23,18,21,0.55,55.00000000000001,91.30434782608695
44_Knight_M15_2018,45,58,25,52,0.55,55.00000000000001,89.65517241379311
44_Knight_M16_2018,50,50,28,49,0.55,55.00000000000001,98
44_Knight_M17_2018,33,48,19,34,0.55,55.00000000000001,70.83333333333333
44_Knight_M18_2018,39,44,22,40,0.55,55.00000000000001,90.9090909090909
44_Knight_M1_2018,23,37,13,31,0.55,55.00000000000001,83.78378378378379
44_Knight_M3_2018,57,63,32,53,0.55,55.00000000000001,84.12698412698413
44_Knight_M4_2018,46,56,26,54,0.55,55.00000000000001,96.42857142857143
44_Knight_M6_2018,69,33,38,25,0.55,55.00000000000001,75.75757575757575
44_Knight_M8_2018,67,41,37,36,0.55,55.00000000000001,87.8048780487805
45_Knight_Hermanovice_meadow_2018,32,47,18,41,0.55,55.00000000000001,87.23404255319149
45_Knight_HorniGrunt_meadow_2018,26,38,15,34,0.55,55.00000000000001,89.47368421052632
45_Knight_Mnichov_meadow_2018,29,53,16,38,0.55,55.00000000000001,71.69811320754717
46_Knight_Gora_Gipsowa_2018,37,41,21,17,0.55,55.00000000000001,41.46341463414634
47_Benadi_1,81,190,45,187,0.55,55.00000000000001,98.42105263157895
47_Benadi_2,54,162,30,156,0.55,55.00000000000001,96.29629629629629
47_Benadi_3,67,150,37,146,0.55,55.00000000000001,97.33333333333333
47_Benadi_4,55,144,31,137,0.55,55.00000000000001,95.13888888888889
47_Benadi_5,68,131,38,130,0.55,55.00000000000001,99.23664122137404
47_Benadi_6,63,96,35,92,0.55,55.00000000000001,95.83333333333333
4_Marini_UNIPD01 A_2018,23,69,13,57,0.55,55.00000000000001,82.6086956521739
4_Marini_UNIPD01 An_2018,27,54,15,51,0.55,55.00000000000001,94.44444444444444
4_Marini_UNIPD01 B_2018,29,58,16,55,0.55,55.00000000000001,94.82758620689656
4_Marini_UNIPD01 Bn_2018,32,90,18,77,0.55,55.00000000000001,85.55555555555556
4_Marini_UNIPD01 C_2018,37,67,21,56,0.55,55.00000000000001,83.58208955223881
4_Marini_UNIPD01 Cn_2018,30,65,17,49,0.55,55.00000000000001,75.38461538461539
4_Marini_UNIPD01 E_2018,46,73,26,61,0.55,55.00000000000001,83.56164383561644
4_Marini_UNIPD01 En_2018,40,67,22,61,0.55,55.00000000000001,91.04477611940298
4_Marini_UNIPD01 F_2018,25,32,14,28,0.55,55.00000000000001,87.5
4_Marini_UNIPD01 Fn_2018,29,31,16,26,0.55,55.00000000000001,83.87096774193549
4_Marini_UNIPD01 G_2018,25,56,14,49,0.55,55.00000000000001,87.5
4_Marini_UNIPD01 Gn_2018,28,45,16,41,0.55,55.00000000000001,91.11111111111111
4_Marini_UNIPD01 H_2018,50,98,28,81,0.55,55.00000000000001,82.65306122448979
4_Marini_UNIPD01 Hn_2018,38,82,21,65,0.55,55.00000000000001,79.26829268292683
4_Marini_UNIPD01 I_2018,33,74,19,66,0.55,55.00000000000001,89.1891891891892
4_Marini_UNIPD01 In_2018,44,93,25,88,0.55,55.00000000000001,94.6236559139785
50_Hervias-Parejo_Cala Tirant_2021,18,77,10,67,0.55,55.00000000000001,87.01298701298701
50_Hervias-Parejo_Llucalari_2021,11,62,7,37,0.55,55.00000000000001,59.67741935483871
50_Hervias-Parejo_Sa Bassa_2021,15,81,9,62,0.55,55.00000000000001,76.54320987654322
50_Hervias-Parejo_Salinas_2021,27,95,15,65,0.55,55.00000000000001,68.42105263157895
50_Hervias-Parejo_Torre Fornells_2021,21,83,12,55,0.55,55.00000000000001,66.26506024096386
50_Hervias-Parejo_coast Son Bou_2021,10,46,6,28,0.55,55.00000000000001,60.869565217391305
51_Petanidou_Pyrgos_2013,39,66,22,62,0.55,55.00000000000001,93.93939393939394
51_Petanidou_Sigri 3_2012,28,51,16,43,0.55,55.00000000000001,84.31372549019608
54_Lazaro_AloeVera_2018_2018,11,60,7,55,0.55,55.00000000000001,91.66666666666667
54_Lazaro_SonBaco_2018_2018,14,73,8,64,0.55,55.00000000000001,87.67123287671232
54_Lazaro_SonMutNou_2018_2018,12,69,7,65,0.55,55.00000000000001,94.20289855072464
54_Lazaro_UIB_2018_2018,20,72,11,38,0.55,55.00000000000001,52.77777777777778
5_Marini_UNIPD02 AA_2019,24,24,14,22,0.55,55.00000000000001,91.66666666666667
5_Marini_UNIPD02 AB_2019,26,16,15,13,0.55,55.00000000000001,81.25
5_Marini_UNIPD02 AC_2019,31,23,18,15,0.55,55.00000000000001,65.21739130434783
5_Marini_UNIPD02 AD_2019,20,14,11,10,0.55,55.00000000000001,71.42857142857143
5_Marini_UNIPD02 AE_2019,19,35,11,23,0.55,55.00000000000001,65.71428571428571
5_Marini_UNIPD02 AF_2019,16,24,9,20,0.55,55.00000000000001,83.33333333333333
5_Marini_UNIPD02 AG_2019,25,52,14,43,0.55,55.00000000000001,82.6923076923077
5_Marini_UNIPD02 AH_2019,22,35,13,24,0.55,55.00000000000001,68.57142857142857
5_Marini_UNIPD02 AI_2019,21,16,12,13,0.55,55.00000000000001,81.25
5_Marini_UNIPD02 AJ_2019,10,31,6,20,0.55,55.00000000000001,64.51612903225806
5_Marini_UNIPD02 AK_2019,10,21,6,16,0.55,55.00000000000001,76.19047619047619
5_Marini_UNIPD02 AL_2019,27,39,15,33,0.55,55.00000000000001,84.61538461538461
5_Marini_UNIPD02 AM_2019,31,34,18,29,0.55,55.00000000000001,85.29411764705883
5_Marini_UNIPD02 AN_2019,12,20,7,18,0.55,55.00000000000001,90
5_Marini_UNIPD02 AO_2019,18,29,10,22,0.55,55.00000000000001,75.86206896551724
5_Marini_UNIPD02 AP_2019,16,18,9,14,0.55,55.00000000000001,77.77777777777777
5_Marini_UNIPD02 AQ_2019,15,24,9,19,0.55,55.00000000000001,79.16666666666667
5_Marini_UNIPD02 AS_2019,14,22,8,20,0.55,55.00000000000001,90.9090909090909
5_Marini_UNIPD02 AT_2019,16,26,9,24,0.55,55.00000000000001,92.3076923076923
5_Marini_UNIPD02 AV_2019,10,13,6,12,0.55,55.00000000000001,92.3076923076923
5_Marini_UNIPD02 A_2019,17,35,10,32,0.55,55.00000000000001,91.42857142857143
5_Marini_UNIPD02 B_2019,21,32,12,26,0.55,55.00000000000001,81.25
5_Marini_UNIPD02 C_2019,19,35,11,34,0.55,55.00000000000001,97.14285714285714
5_Marini_UNIPD02 D_2019,17,32,10,28,0.55,55.00000000000001,87.5
5_Marini_UNIPD02 E_2019,12,32,7,21,0.55,55.00000000000001,65.625
5_Marini_UNIPD02 G_2019,19,27,11,20,0.55,55.00000000000001,74.07407407407408
5_Marini_UNIPD02 H_2019,15,21,9,17,0.55,55.00000000000001,80.95238095238095
5_Marini_UNIPD02 I_2019,16,35,9,28,0.55,55.00000000000001,80
5_Marini_UNIPD02 K_2019,16,31,9,26,0.55,55.00000000000001,83.87096774193549
5_Marini_UNIPD02 L_2019,13,20,8,17,0.55,55.00000000000001,85
5_Marini_UNIPD02 M_2019,26,35,15,34,0.55,55.00000000000001,97.14285714285714
5_Marini_UNIPD02 N_2019,17,20,10,16,0.55,55.00000000000001,80
5_Marini_UNIPD02 O_2019,19,31,11,26,0.55,55.00000000000001,83.87096774193549
5_Marini_UNIPD02 P_2019,15,24,9,16,0.55,55.00000000000001,66.66666666666667
5_Marini_UNIPD02 Q_2019,18,22,10,22,0.55,55.00000000000001,100
5_Marini_UNIPD02 S_2019,22,31,13,28,0.55,55.00000000000001,90.3225806451613
5_Marini_UNIPD02 T_2019,21,18,12,16,0.55,55.00000000000001,88.88888888888889
5_Marini_UNIPD02 U_2019,28,23,16,21,0.55,55.00000000000001,91.30434782608695
5_Marini_UNIPD02 V_2019,29,39,16,33,0.55,55.00000000000001,84.61538461538461
5_Marini_UNIPD02 W_2019,21,36,12,28,0.55,55.00000000000001,77.77777777777777
5_Marini_UNIPD02 X_2019,27,41,15,35,0.55,55.00000000000001,85.36585365853658
5_Marini_UNIPD02 Y_2019,20,45,11,38,0.55,55.00000000000001,84.44444444444444
5_Marini_UNIPD02 Z_2019,15,27,9,24,0.55,55.00000000000001,88.88888888888889
6_Marini_UNIPD03 CD13_2020,13,25,8,24,0.55,55.00000000000001,96
6_Marini_UNIPD03 CD14_2020,18,30,10,27,0.55,55.00000000000001,90
6_Marini_UNIPD03 CD15_2020,24,43,14,41,0.55,55.00000000000001,95.34883720930233
6_Marini_UNIPD03 CD16_2020,26,52,15,49,0.55,55.00000000000001,94.23076923076923
6_Marini_UNIPD03 CD17_2020,27,51,15,47,0.55,55.00000000000001,92.15686274509804
6_Marini_UNIPD03 CD20_2020,17,44,10,40,0.55,55.00000000000001,90.9090909090909
6_Marini_UNIPD03 CD22_2020,22,24,13,23,0.55,55.00000000000001,95.83333333333333
6_Marini_UNIPD03 CD23_2020,23,39,13,34,0.55,55.00000000000001,87.17948717948718
6_Marini_UNIPD03 CD26_2020,11,26,7,21,0.55,55.00000000000001,80.76923076923077
6_Marini_UNIPD03 CD27_2020,23,34,13,33,0.55,55.00000000000001,97.05882352941177
6_Marini_UNIPD03 CD28_2020,27,42,15,38,0.55,55.00000000000001,90.47619047619048
6_Marini_UNIPD03 CD29_2020,21,35,12,33,0.55,55.00000000000001,94.28571428571429
6_Marini_UNIPD03 CD2_2020,10,22,6,15,0.55,55.00000000000001,68.18181818181819
6_Marini_UNIPD03 CD34_2020,14,45,8,43,0.55,55.00000000000001,95.55555555555556
6_Marini_UNIPD03 D11_2020,13,28,8,28,0.55,55.00000000000001,100
6_Marini_UNIPD03 D17_2020,10,26,6,25,0.55,55.00000000000001,96.15384615384616
6_Marini_UNIPD03 D21_2020,11,23,7,22,0.55,55.00000000000001,95.65217391304348
6_Marini_UNIPD03 D24_2020,17,33,10,33,0.55,55.00000000000001,100
6_Marini_UNIPD03 D28_2020,19,32,11,28,0.55,55.00000000000001,87.5
6_Marini_UNIPD03 D29_2020,15,28,9,26,0.55,55.00000000000001,92.85714285714286
6_Marini_UNIPD03 D34_2020,13,37,8,30,0.55,55.00000000000001,81.08108108108108
6_Marini_UNIPD03 D35_2020,13,24,8,21,0.55,55.00000000000001,87.5
6_Marini_UNIPD03 D5_2020,17,30,10,28,0.55,55.00000000000001,93.33333333333333
6_Marini_UNIPD03 D8_2020,11,18,7,17,0.55,55.00000000000001,94.44444444444444
6_Marini_UNIPD03 E14_2020,19,34,11,21,0.55,55.00000000000001,61.76470588235294
6_Marini_UNIPD03 E19_2020,19,28,11,25,0.55,55.00000000000001,89.28571428571429
6_Marini_UNIPD03 E25_2020,17,24,10,22,0.55,55.00000000000001,91.66666666666667
6_Marini_UNIPD03 E26_2020,24,45,14,43,0.55,55.00000000000001,95.55555555555556
6_Marini_UNIPD03 E31_2020,13,22,8,22,0.55,55.00000000000001,100
6_Marini_UNIPD03 E32_2020,10,20,6,15,0.55,55.00000000000001,75
6_Marini_UNIPD03 E33_2020,13,40,8,33,0.55,55.00000000000001,82.5
6_Marini_UNIPD03 E35_2020,14,36,8,33,0.55,55.00000000000001,91.66666666666667
6_Marini_UNIPD03 E36_2020,11,42,7,42,0.55,55.00000000000001,100
7_Scheper_Chize_10_Field_boundary_2015,37,22,21,11,0.55,55.00000000000001,50
7_Scheper_Chize_12_Field_boundary_2015,34,34,19,26,0.55,55.00000000000001,76.47058823529412
7_Scheper_Chize_14_Field_boundary_2015,35,38,20,15,0.55,55.00000000000001,39.473684210526315
7_Scheper_Chize_19_Field_boundary_2015,32,22,18,19,0.55,55.00000000000001,86.36363636363636
7_Scheper_Chize_1_Field_boundary_2015,25,22,14,19,0.55,55.00000000000001,86.36363636363636
7_Scheper_Chize_1_Grassland_2015,14,22,8,17,0.55,55.00000000000001,77.27272727272727
7_Scheper_Chize_25_Field_boundary_2015,31,27,18,20,0.55,55.00000000000001,74.07407407407408
7_Scheper_Chize_4_Field_boundary_2015,25,21,14,16,0.55,55.00000000000001,76.19047619047619
7_Scheper_Chize_5_Field_boundary_2015,32,21,18,17,0.55,55.00000000000001,80.95238095238095
7_Scheper_Chize_6_Field_boundary_2015,31,35,18,30,0.55,55.00000000000001,85.71428571428571
11_Clough_ASK_2021_2021,16,19,10,15,0.6000000000000001,60.00000000000001,78.94736842105263
11_Clough_HAM_2021_2021,24,38,15,37,0.6000000000000001,60.00000000000001,97.36842105263158
11_Clough_KOM_2021_2021,22,23,14,22,0.6000000000000001,60.00000000000001,95.65217391304348
11_Clough_LOB_2021_2021,21,19,13,15,0.6000000000000001,60.00000000000001,78.94736842105263
11_Clough_PET_2021_2021,30,36,19,34,0.6000000000000001,60.00000000000001,94.44444444444444
11_Clough_TAG_2021_2021,28,35,17,22,0.6000000000000001,60.00000000000001,62.857142857142854
12_Ockinger_Norrang_Ryckelsby_Og,25,21,16,18,0.6000000000000001,60.00000000000001,85.71428571428571
12_Ockinger_Sattra_Og,26,11,16,8,0.6000000000000001,60.00000000000001,72.72727272727273
12_Ockinger_St_Tadinge,28,18,17,14,0.6000000000000001,60.00000000000001,77.77777777777777
12_Ockinger_Tjalinge_Skogstibble,35,18,22,14,0.6000000000000001,60.00000000000001,77.77777777777777
20_Hoiss_H5_2010,25,81,16,72,0.6000000000000001,60.00000000000001,88.88888888888889
20_Hoiss_H6_2010,36,36,22,32,0.6000000000000001,60.00000000000001,88.88888888888889
20_Hoiss_H7_2010,31,38,19,32,0.6000000000000001,60.00000000000001,84.21052631578948
20_Hoiss_HO1_2010,30,52,19,42,0.6000000000000001,60.00000000000001,80.76923076923077
20_Hoiss_HO5_2010,50,57,31,52,0.6000000000000001,60.00000000000001,91.2280701754386
20_Hoiss_T4_2010,32,61,20,45,0.6000000000000001,60.00000000000001,73.77049180327869
22_Kallnik_h1_2012,87,11,53,11,0.6000000000000001,60.00000000000001,100
22_Kallnik_h2_2011,54,11,33,11,0.6000000000000001,60.00000000000001,100
22_Kallnik_h3_2011,71,10,43,10,0.6000000000000001,60.00000000000001,100
22_Kallnik_h4_2010,96,10,58,9,0.6000000000000001,60.00000000000001,90
22_Kallnik_h4_2011,85,10,52,10,0.6000000000000001,60.00000000000001,100
22_Kallnik_h5_2011,54,11,33,11,0.6000000000000001,60.00000000000001,100
22_Kallnik_h5_2012,78,11,47,11,0.6000000000000001,60.00000000000001,100
22_Kallnik_h6_2011,69,10,42,10,0.6000000000000001,60.00000000000001,100
22_Kallnik_h7_2011,63,10,38,10,0.6000000000000001,60.00000000000001,100
22_Kallnik_ho2_2011,68,10,41,10,0.6000000000000001,60.00000000000001,100
22_Kallnik_ho3_2011,49,12,30,12,0.6000000000000001,60.00000000000001,100
22_Kallnik_ho3_2012,61,10,37,10,0.6000000000000001,60.00000000000001,100
22_Kallnik_ho4_2010,76,10,46,9,0.6000000000000001,60.00000000000001,90
22_Kallnik_ho4_2011,71,13,43,13,0.6000000000000001,60.00000000000001,100
22_Kallnik_ho4_2012,79,12,48,12,0.6000000000000001,60.00000000000001,100
22_Kallnik_ho5_2011,59,12,36,12,0.6000000000000001,60.00000000000001,100
22_Kallnik_wma3_2011,53,10,32,10,0.6000000000000001,60.00000000000001,100
22_Kallnik_wma3_2012,71,10,43,9,0.6000000000000001,60.00000000000001,90
22_Kallnik_wma4_2011,50,11,31,11,0.6000000000000001,60.00000000000001,100
22_Kallnik_wma5_2011,55,10,34,10,0.6000000000000001,60.00000000000001,100
22_Kallnik_wmb1_2012,92,11,56,11,0.6000000000000001,60.00000000000001,100
22_Kallnik_wmb2_2011,89,12,54,12,0.6000000000000001,60.00000000000001,100
22_Kallnik_wmb2_2012,108,11,65,11,0.6000000000000001,60.00000000000001,100
22_Kallnik_wmb3_2011,90,10,55,10,0.6000000000000001,60.00000000000001,100
22_Kallnik_wmb3_2012,106,10,64,10,0.6000000000000001,60.00000000000001,100
22_Kallnik_wmb4_2010,84,12,51,12,0.6000000000000001,60.00000000000001,100
22_Kallnik_wmb4_2011,78,13,47,13,0.6000000000000001,60.00000000000001,100
22_Kallnik_wmb4_2012,87,11,53,11,0.6000000000000001,60.00000000000001,100
22_Kallnik_wmb5_2010,91,11,55,11,0.6000000000000001,60.00000000000001,100
22_Kallnik_wmb5_2011,82,11,50,11,0.6000000000000001,60.00000000000001,100
22_Kallnik_wmb5_2012,90,11,55,11,0.6000000000000001,60.00000000000001,100
28_Sutter_10_2013,44,16,27,15,0.6000000000000001,60.00000000000001,93.75
28_Sutter_11_2013,38,14,23,13,0.6000000000000001,60.00000000000001,92.85714285714286
28_Sutter_12_2013,34,12,21,11,0.6000000000000001,60.00000000000001,91.66666666666667
28_Sutter_13_2013,45,13,28,11,0.6000000000000001,60.00000000000001,84.61538461538461
28_Sutter_13_2014,30,11,19,11,0.6000000000000001,60.00000000000001,100
28_Sutter_14_2013,20,12,13,6,0.6000000000000001,60.00000000000001,50
28_Sutter_17_2013,47,17,29,16,0.6000000000000001,60.00000000000001,94.11764705882354
28_Sutter_19_2013,35,20,22,18,0.6000000000000001,60.00000000000001,90
28_Sutter_1_2013,46,14,28,13,0.6000000000000001,60.00000000000001,92.85714285714286
28_Sutter_20_2013,24,15,15,14,0.6000000000000001,60.00000000000001,93.33333333333333
28_Sutter_21_2013,43,16,26,12,0.6000000000000001,60.00000000000001,75
28_Sutter_2_2013,29,15,18,14,0.6000000000000001,60.00000000000001,93.33333333333333
28_Sutter_3_2013,34,21,21,17,0.6000000000000001,60.00000000000001,80.95238095238095
28_Sutter_5_2013,50,23,31,22,0.6000000000000001,60.00000000000001,95.65217391304348
28_Sutter_8_2013,34,17,21,14,0.6000000000000001,60.00000000000001,82.3529411764706
28_Sutter_8_2014,22,18,14,17,0.6000000000000001,60.00000000000001,94.44444444444444
29_Magrach_Gibraleon_2011,16,27,10,19,0.6000000000000001,60.00000000000001,70.37037037037037
29_Magrach_Gravera_2011,18,25,11,16,0.6000000000000001,60.00000000000001,64
29_Magrach_Niebla_2011,18,31,11,29,0.6000000000000001,60.00000000000001,93.54838709677419
29_Magrach_Niebla_2012,21,26,13,26,0.6000000000000001,60.00000000000001,100
29_Magrach_Villablanca_2011,18,22,11,20,0.6000000000000001,60.00000000000001,90.9090909090909
2_Petanidou_Armolia_2015,37,73,23,69,0.6000000000000001,60.00000000000001,94.52054794520548
2_Petanidou_Emborios_2015,21,80,13,78,0.6000000000000001,60.00000000000001,97.5
2_Petanidou_Gridia_2015,38,73,23,67,0.6000000000000001,60.00000000000001,91.78082191780823
2_Petanidou_Kato Fana_2015,14,60,9,51,0.6000000000000001,60.00000000000001,85
2_Petanidou_Palios Katarraktis_2015,39,73,24,62,0.6000000000000001,60.00000000000001,84.93150684931507
2_Petanidou_Vessa 2_2015,28,98,17,87,0.6000000000000001,60.00000000000001,88.77551020408163
30_Smith_lsk48_2012,30,22,19,15,0.6000000000000001,60.00000000000001,68.18181818181819
30_Smith_lsk57_2011,33,20,20,14,0.6000000000000001,60.00000000000001,70
30_Smith_lsk73_2012,28,19,17,15,0.6000000000000001,60.00000000000001,78.94736842105263
30_Smith_lsk74_2012,27,26,17,16,0.6000000000000001,60.00000000000001,61.53846153846154
30_Smith_lsk77_2011,22,19,14,16,0.6000000000000001,60.00000000000001,84.21052631578948
30_Smith_lsk77_2012,42,25,26,15,0.6000000000000001,60.00000000000001,60
31_Roberts_Hunt_2013,44,12,27,12,0.6000000000000001,60.00000000000001,100
31_Roberts_Jefferies_2013,31,13,19,11,0.6000000000000001,60.00000000000001,84.61538461538461
31_Roberts_Livingstone_far_2012,30,12,19,12,0.6000000000000001,60.00000000000001,100
31_Roberts_Livingstone_house_2012,30,14,19,13,0.6000000000000001,60.00000000000001,92.85714285714286
31_Roberts_Mearns_2013,32,19,20,18,0.6000000000000001,60.00000000000001,94.73684210526316
31_Roberts_White_left_2012,42,19,26,13,0.6000000000000001,60.00000000000001,68.42105263157895
36_Larkin_Barracks.Lyan.Co.Clare_13.2017_GS1,13,11,8,10,0.6000000000000001,60.00000000000001,90.9090909090909
36_Larkin_Glencolumbkille.South.Carron.Co.Clare_20.2017_GS1,12,13,8,11,0.6000000000000001,60.00000000000001,84.61538461538461
37_White_An,15,23,10,22,0.6000000000000001,60.00000000000001,95.65217391304348
37_White_Bl,19,27,12,23,0.6000000000000001,60.00000000000001,85.18518518518519
37_White_Bn,20,26,13,22,0.6000000000000001,60.00000000000001,84.61538461538461
37_White_CW,26,33,16,28,0.6000000000000001,60.00000000000001,84.84848484848484
37_White_Ce,18,20,11,17,0.6000000000000001,60.00000000000001,85
37_White_Cn,29,34,18,32,0.6000000000000001,60.00000000000001,94.11764705882354
37_White_ED,13,19,8,18,0.6000000000000001,60.00000000000001,94.73684210526316
37_White_Fs,22,21,14,17,0.6000000000000001,60.00000000000001,80.95238095238095
37_White_JK,25,24,16,19,0.6000000000000001,60.00000000000001,79.16666666666667
37_White_Kr,29,17,18,15,0.6000000000000001,60.00000000000001,88.23529411764706
37_White_ND,25,22,16,21,0.6000000000000001,60.00000000000001,95.45454545454545
37_White_NG,21,25,13,23,0.6000000000000001,60.00000000000001,92
37_White_Pn,12,17,8,10,0.6000000000000001,60.00000000000001,58.8235294117647
37_White_WD,15,23,10,20,0.6000000000000001,60.00000000000001,86.95652173913044
38_Maurer_A1,47,27,29,27,0.6000000000000001,60.00000000000001,100
38_Maurer_A2,76,40,46,24,0.6000000000000001,60.00000000000001,60
38_Maurer_A3,69,31,42,26,0.6000000000000001,60.00000000000001,83.87096774193549
38_Maurer_A4,58,31,35,26,0.6000000000000001,60.00000000000001,83.87096774193549
38_Maurer_R1,72,42,44,33,0.6000000000000001,60.00000000000001,78.57142857142857
38_Maurer_R2,54,51,33,45,0.6000000000000001,60.00000000000001,88.23529411764706
38_Maurer_R3,95,48,58,38,0.6000000000000001,60.00000000000001,79.16666666666667
38_Maurer_R4,66,37,40,29,0.6000000000000001,60.00000000000001,78.37837837837837
38_Maurer_U2,113,64,68,56,0.6000000000000001,60.00000000000001,87.5
38_Maurer_U3,92,49,56,48,0.6000000000000001,60.00000000000001,97.95918367346938
39_Schweiger_I1_ruderal_1_2021,23,20,14,17,0.6000000000000001,60.00000000000001,85
39_Schweiger_I2_semi.natural.grass_5_2021,18,27,11,25,0.6000000000000001,60.00000000000001,92.5925925925926
39_Schweiger_I2_woodland.scrub_1_2021,23,22,14,15,0.6000000000000001,60.00000000000001,68.18181818181819
39_Schweiger_I4_woodland.scrub_3_2021,22,21,14,18,0.6000000000000001,60.00000000000001,85.71428571428571
39_Schweiger_R1_semi.natural.grass_4_2021,15,23,10,18,0.6000000000000001,60.00000000000001,78.26086956521739
39_Schweiger_R4_semi.natural.grass_2_2021,11,25,7,23,0.6000000000000001,60.00000000000001,92
40_Knight_Ghe_ari_2017,30,129,19,114,0.6000000000000001,60.00000000000001,88.37209302325581
41_Knight_1 wooded meadow_2018,39,37,24,34,0.6000000000000001,60.00000000000001,91.89189189189189
41_Knight_2 alvar pasture_2018,32,17,20,16,0.6000000000000001,60.00000000000001,94.11764705882354
41_Knight_3 alvar pasture_2018,21,34,13,30,0.6000000000000001,60.00000000000001,88.23529411764706
41_Knight_4 wooded meadow_2018,30,23,19,22,0.6000000000000001,60.00000000000001,95.65217391304348
41_Knight_5 wooded meadow_2018,27,47,17,39,0.6000000000000001,60.00000000000001,82.97872340425532
41_Knight_6 alvar pasture_2018,37,23,23,17,0.6000000000000001,60.00000000000001,73.91304347826087
42_Knight_M1Restored_2019,45,25,28,25,0.6000000000000001,60.00000000000001,100
42_Knight_M2Natural_2019,31,19,19,17,0.6000000000000001,60.00000000000001,89.47368421052632
42_Knight_M3Natural_2019,37,17,23,16,0.6000000000000001,60.00000000000001,94.11764705882354
42_Knight_M4Restored_2019,33,19,20,16,0.6000000000000001,60.00000000000001,84.21052631578948
42_Knight_M5Restored_2019,37,21,23,15,0.6000000000000001,60.00000000000001,71.42857142857143
42_Knight_M6Natural_2019,47,35,29,31,0.6000000000000001,60.00000000000001,88.57142857142857
42_Knight_M8Restored_2019,32,15,20,13,0.6000000000000001,60.00000000000001,86.66666666666667
44_Knight_M11_2018,46,33,28,29,0.6000000000000001,60.00000000000001,87.87878787878788
44_Knight_M12_2018,43,55,26,48,0.6000000000000001,60.00000000000001,87.27272727272727
44_Knight_M13_2018,32,23,20,21,0.6000000000000001,60.00000000000001,91.30434782608695
44_Knight_M15_2018,45,58,28,52,0.6000000000000001,60.00000000000001,89.65517241379311
44_Knight_M16_2018,50,50,31,49,0.6000000000000001,60.00000000000001,98
44_Knight_M17_2018,33,48,20,34,0.6000000000000001,60.00000000000001,70.83333333333333
44_Knight_M18_2018,39,44,24,40,0.6000000000000001,60.00000000000001,90.9090909090909
44_Knight_M1_2018,23,37,14,31,0.6000000000000001,60.00000000000001,83.78378378378379
44_Knight_M3_2018,57,63,35,53,0.6000000000000001,60.00000000000001,84.12698412698413
44_Knight_M4_2018,46,56,28,54,0.6000000000000001,60.00000000000001,96.42857142857143
44_Knight_M6_2018,69,33,42,27,0.6000000000000001,60.00000000000001,81.81818181818181
44_Knight_M8_2018,67,41,41,38,0.6000000000000001,60.00000000000001,92.6829268292683
45_Knight_Hermanovice_meadow_2018,32,47,20,42,0.6000000000000001,60.00000000000001,89.36170212765957
45_Knight_HorniGrunt_meadow_2018,26,38,16,34,0.6000000000000001,60.00000000000001,89.47368421052632
45_Knight_Mnichov_meadow_2018,29,53,18,38,0.6000000000000001,60.00000000000001,71.69811320754717
46_Knight_Gora_Gipsowa_2018,37,41,23,17,0.6000000000000001,60.00000000000001,41.46341463414634
47_Benadi_1,81,190,49,187,0.6000000000000001,60.00000000000001,98.42105263157895
47_Benadi_2,54,162,33,156,0.6000000000000001,60.00000000000001,96.29629629629629
47_Benadi_3,67,150,41,146,0.6000000000000001,60.00000000000001,97.33333333333333
47_Benadi_4,55,144,34,137,0.6000000000000001,60.00000000000001,95.13888888888889
47_Benadi_5,68,131,41,130,0.6000000000000001,60.00000000000001,99.23664122137404
47_Benadi_6,63,96,38,93,0.6000000000000001,60.00000000000001,96.875
4_Marini_UNIPD01 A_2018,23,69,14,57,0.6000000000000001,60.00000000000001,82.6086956521739
4_Marini_UNIPD01 An_2018,27,54,17,52,0.6000000000000001,60.00000000000001,96.29629629629629
4_Marini_UNIPD01 B_2018,29,58,18,55,0.6000000000000001,60.00000000000001,94.82758620689656
4_Marini_UNIPD01 Bn_2018,32,90,20,78,0.6000000000000001,60.00000000000001,86.66666666666667
4_Marini_UNIPD01 C_2018,37,67,23,61,0.6000000000000001,60.00000000000001,91.04477611940298
4_Marini_UNIPD01 Cn_2018,30,65,19,54,0.6000000000000001,60.00000000000001,83.07692307692308
4_Marini_UNIPD01 E_2018,46,73,28,62,0.6000000000000001,60.00000000000001,84.93150684931507
4_Marini_UNIPD01 En_2018,40,67,25,61,0.6000000000000001,60.00000000000001,91.04477611940298
4_Marini_UNIPD01 F_2018,25,32,16,28,0.6000000000000001,60.00000000000001,87.5
4_Marini_UNIPD01 Fn_2018,29,31,18,29,0.6000000000000001,60.00000000000001,93.54838709677419
4_Marini_UNIPD01 G_2018,25,56,16,50,0.6000000000000001,60.00000000000001,89.28571428571429
4_Marini_UNIPD01 Gn_2018,28,45,17,41,0.6000000000000001,60.00000000000001,91.11111111111111
4_Marini_UNIPD01 H_2018,50,98,31,82,0.6000000000000001,60.00000000000001,83.6734693877551
4_Marini_UNIPD01 Hn_2018,38,82,23,66,0.6000000000000001,60.00000000000001,80.48780487804878
4_Marini_UNIPD01 I_2018,33,74,20,67,0.6000000000000001,60.00000000000001,90.54054054054055
4_Marini_UNIPD01 In_2018,44,93,27,88,0.6000000000000001,60.00000000000001,94.6236559139785
50_Hervias-Parejo_Cala Tirant_2021,18,77,11,69,0.6000000000000001,60.00000000000001,89.6103896103896
50_Hervias-Parejo_Llucalari_2021,11,62,7,37,0.6000000000000001,60.00000000000001,59.67741935483871
50_Hervias-Parejo_Sa Bassa_2021,15,81,10,62,0.6000000000000001,60.00000000000001,76.54320987654322
50_Hervias-Parejo_Salinas_2021,27,95,17,65,0.6000000000000001,60.00000000000001,68.42105263157895
50_Hervias-Parejo_Torre Fornells_2021,21,83,13,65,0.6000000000000001,60.00000000000001,78.3132530120482
50_Hervias-Parejo_coast Son Bou_2021,10,46,7,28,0.6000000000000001,60.00000000000001,60.869565217391305
51_Petanidou_Pyrgos_2013,39,66,24,62,0.6000000000000001,60.00000000000001,93.93939393939394
51_Petanidou_Sigri 3_2012,28,51,17,44,0.6000000000000001,60.00000000000001,86.27450980392157
54_Lazaro_AloeVera_2018_2018,11,60,7,55,0.6000000000000001,60.00000000000001,91.66666666666667
54_Lazaro_SonBaco_2018_2018,14,73,9,66,0.6000000000000001,60.00000000000001,90.41095890410959
54_Lazaro_SonMutNou_2018_2018,12,69,8,65,0.6000000000000001,60.00000000000001,94.20289855072464
54_Lazaro_UIB_2018_2018,20,72,13,45,0.6000000000000001,60.00000000000001,62.5
5_Marini_UNIPD02 AA_2019,24,24,15,22,0.6000000000000001,60.00000000000001,91.66666666666667
5_Marini_UNIPD02 AB_2019,26,16,16,13,0.6000000000000001,60.00000000000001,81.25
5_Marini_UNIPD02 AC_2019,31,23,19,15,0.6000000000000001,60.00000000000001,65.21739130434783
5_Marini_UNIPD02 AD_2019,20,14,13,10,0.6000000000000001,60.00000000000001,71.42857142857143
5_Marini_UNIPD02 AE_2019,19,35,12,24,0.6000000000000001,60.00000000000001,68.57142857142857
5_Marini_UNIPD02 AF_2019,16,24,10,22,0.6000000000000001,60.00000000000001,91.66666666666667
5_Marini_UNIPD02 AG_2019,25,52,16,44,0.6000000000000001,60.00000000000001,84.61538461538461
5_Marini_UNIPD02 AH_2019,22,35,14,25,0.6000000000000001,60.00000000000001,71.42857142857143
5_Marini_UNIPD02 AI_2019,21,16,13,13,0.6000000000000001,60.00000000000001,81.25
5_Marini_UNIPD02 AJ_2019,10,31,7,29,0.6000000000000001,60.00000000000001,93.54838709677419
5_Marini_UNIPD02 AK_2019,10,21,7,16,0.6000000000000001,60.00000000000001,76.19047619047619
5_Marini_UNIPD02 AL_2019,27,39,17,36,0.6000000000000001,60.00000000000001,92.3076923076923
5_Marini_UNIPD02 AM_2019,31,34,19,29,0.6000000000000001,60.00000000000001,85.29411764705883
5_Marini_UNIPD02 AN_2019,12,20,8,19,0.6000000000000001,60.00000000000001,95
5_Marini_UNIPD02 AO_2019,18,29,11,23,0.6000000000000001,60.00000000000001,79.3103448275862
5_Marini_UNIPD02 AP_2019,16,18,10,14,0.6000000000000001,60.00000000000001,77.77777777777777
5_Marini_UNIPD02 AQ_2019,15,24,10,19,0.6000000000000001,60.00000000000001,79.16666666666667
5_Marini_UNIPD02 AS_2019,14,22,9,21,0.6000000000000001,60.00000000000001,95.45454545454545
5_Marini_UNIPD02 AT_2019,16,26,10,24,0.6000000000000001,60.00000000000001,92.3076923076923
5_Marini_UNIPD02 AV_2019,10,13,7,12,0.6000000000000001,60.00000000000001,92.3076923076923
5_Marini_UNIPD02 A_2019,17,35,11,32,0.6000000000000001,60.00000000000001,91.42857142857143
5_Marini_UNIPD02 B_2019,21,32,13,26,0.6000000000000001,60.00000000000001,81.25
5_Marini_UNIPD02 C_2019,19,35,12,34,0.6000000000000001,60.00000000000001,97.14285714285714
5_Marini_UNIPD02 D_2019,17,32,11,31,0.6000000000000001,60.00000000000001,96.875
5_Marini_UNIPD02 E_2019,12,32,8,22,0.6000000000000001,60.00000000000001,68.75
5_Marini_UNIPD02 G_2019,19,27,12,22,0.6000000000000001,60.00000000000001,81.48148148148148
5_Marini_UNIPD02 H_2019,15,21,10,18,0.6000000000000001,60.00000000000001,85.71428571428571
5_Marini_UNIPD02 I_2019,16,35,10,30,0.6000000000000001,60.00000000000001,85.71428571428571
5_Marini_UNIPD02 K_2019,16,31,10,27,0.6000000000000001,60.00000000000001,87.09677419354838
5_Marini_UNIPD02 L_2019,13,20,8,17,0.6000000000000001,60.00000000000001,85
5_Marini_UNIPD02 M_2019,26,35,16,34,0.6000000000000001,60.00000000000001,97.14285714285714
5_Marini_UNIPD02 N_2019,17,20,11,17,0.6000000000000001,60.00000000000001,85
5_Marini_UNIPD02 O_2019,19,31,12,26,0.6000000000000001,60.00000000000001,83.87096774193549
5_Marini_UNIPD02 P_2019,15,24,10,16,0.6000000000000001,60.00000000000001,66.66666666666667
5_Marini_UNIPD02 Q_2019,18,22,11,22,0.6000000000000001,60.00000000000001,100
5_Marini_UNIPD02 S_2019,22,31,14,28,0.6000000000000001,60.00000000000001,90.3225806451613
5_Marini_UNIPD02 T_2019,21,18,13,16,0.6000000000000001,60.00000000000001,88.88888888888889
5_Marini_UNIPD02 U_2019,28,23,17,21,0.6000000000000001,60.00000000000001,91.30434782608695
5_Marini_UNIPD02 V_2019,29,39,18,33,0.6000000000000001,60.00000000000001,84.61538461538461
5_Marini_UNIPD02 W_2019,21,36,13,28,0.6000000000000001,60.00000000000001,77.77777777777777
5_Marini_UNIPD02 X_2019,27,41,17,36,0.6000000000000001,60.00000000000001,87.8048780487805
5_Marini_UNIPD02 Y_2019,20,45,13,39,0.6000000000000001,60.00000000000001,86.66666666666667
5_Marini_UNIPD02 Z_2019,15,27,10,25,0.6000000000000001,60.00000000000001,92.5925925925926
6_Marini_UNIPD03 CD13_2020,13,25,8,24,0.6000000000000001,60.00000000000001,96
6_Marini_UNIPD03 CD14_2020,18,30,11,27,0.6000000000000001,60.00000000000001,90
6_Marini_UNIPD03 CD15_2020,24,43,15,41,0.6000000000000001,60.00000000000001,95.34883720930233
6_Marini_UNIPD03 CD16_2020,26,52,16,50,0.6000000000000001,60.00000000000001,96.15384615384616
6_Marini_UNIPD03 CD17_2020,27,51,17,49,0.6000000000000001,60.00000000000001,96.07843137254902
6_Marini_UNIPD03 CD20_2020,17,44,11,40,0.6000000000000001,60.00000000000001,90.9090909090909
6_Marini_UNIPD03 CD22_2020,22,24,14,23,0.6000000000000001,60.00000000000001,95.83333333333333
6_Marini_UNIPD03 CD23_2020,23,39,14,34,0.6000000000000001,60.00000000000001,87.17948717948718
6_Marini_UNIPD03 CD26_2020,11,26,7,21,0.6000000000000001,60.00000000000001,80.76923076923077
6_Marini_UNIPD03 CD27_2020,23,34,14,33,0.6000000000000001,60.00000000000001,97.05882352941177
6_Marini_UNIPD03 CD28_2020,27,42,17,38,0.6000000000000001,60.00000000000001,90.47619047619048
6_Marini_UNIPD03 CD29_2020,21,35,13,33,0.6000000000000001,60.00000000000001,94.28571428571429
6_Marini_UNIPD03 CD2_2020,10,22,7,19,0.6000000000000001,60.00000000000001,86.36363636363636
6_Marini_UNIPD03 CD34_2020,14,45,9,44,0.6000000000000001,60.00000000000001,97.77777777777777
6_Marini_UNIPD03 D11_2020,13,28,8,28,0.6000000000000001,60.00000000000001,100
6_Marini_UNIPD03 D17_2020,10,26,7,25,0.6000000000000001,60.00000000000001,96.15384615384616
6_Marini_UNIPD03 D21_2020,11,23,7,22,0.6000000000000001,60.00000000000001,95.65217391304348
6_Marini_UNIPD03 D24_2020,17,33,11,33,0.6000000000000001,60.00000000000001,100
6_Marini_UNIPD03 D28_2020,19,32,12,29,0.6000000000000001,60.00000000000001,90.625
6_Marini_UNIPD03 D29_2020,15,28,10,26,0.6000000000000001,60.00000000000001,92.85714285714286
6_Marini_UNIPD03 D34_2020,13,37,8,30,0.6000000000000001,60.00000000000001,81.08108108108108
6_Marini_UNIPD03 D35_2020,13,24,8,21,0.6000000000000001,60.00000000000001,87.5
6_Marini_UNIPD03 D5_2020,17,30,11,30,0.6000000000000001,60.00000000000001,100
6_Marini_UNIPD03 D8_2020,11,18,7,17,0.6000000000000001,60.00000000000001,94.44444444444444
6_Marini_UNIPD03 E14_2020,19,34,12,23,0.6000000000000001,60.00000000000001,67.6470588235294
6_Marini_UNIPD03 E19_2020,19,28,12,27,0.6000000000000001,60.00000000000001,96.42857142857143
6_Marini_UNIPD03 E25_2020,17,24,11,22,0.6000000000000001,60.00000000000001,91.66666666666667
6_Marini_UNIPD03 E26_2020,24,45,15,44,0.6000000000000001,60.00000000000001,97.77777777777777
6_Marini_UNIPD03 E31_2020,13,22,8,22,0.6000000000000001,60.00000000000001,100
6_Marini_UNIPD03 E32_2020,10,20,7,15,0.6000000000000001,60.00000000000001,75
6_Marini_UNIPD03 E33_2020,13,40,8,33,0.6000000000000001,60.00000000000001,82.5
6_Marini_UNIPD03 E35_2020,14,36,9,33,0.6000000000000001,60.00000000000001,91.66666666666667
6_Marini_UNIPD03 E36_2020,11,42,7,42,0.6000000000000001,60.00000000000001,100
7_Scheper_Chize_10_Field_boundary_2015,37,22,23,11,0.6000000000000001,60.00000000000001,50
7_Scheper_Chize_12_Field_boundary_2015,34,34,21,26,0.6000000000000001,60.00000000000001,76.47058823529412
7_Scheper_Chize_14_Field_boundary_2015,35,38,22,16,0.6000000000000001,60.00000000000001,42.10526315789474
7_Scheper_Chize_19_Field_boundary_2015,32,22,20,19,0.6000000000000001,60.00000000000001,86.36363636363636
7_Scheper_Chize_1_Field_boundary_2015,25,22,16,19,0.6000000000000001,60.00000000000001,86.36363636363636
7_Scheper_Chize_1_Grassland_2015,14,22,9,18,0.6000000000000001,60.00000000000001,81.81818181818181
7_Scheper_Chize_25_Field_boundary_2015,31,27,19,20,0.6000000000000001,60.00000000000001,74.07407407407408
7_Scheper_Chize_4_Field_boundary_2015,25,21,16,16,0.6000000000000001,60.00000000000001,76.19047619047619
7_Scheper_Chize_5_Field_boundary_2015,32,21,20,17,0.6000000000000001,60.00000000000001,80.95238095238095
7_Scheper_Chize_6_Field_boundary_2015,31,35,19,30,0.6000000000000001,60.00000000000001,85.71428571428571
11_Clough_ASK_2021_2021,16,19,11,18,0.6500000000000001,65.00000000000001,94.73684210526316
11_Clough_HAM_2021_2021,24,38,16,37,0.6500000000000001,65.00000000000001,97.36842105263158
11_Clough_KOM_2021_2021,22,23,15,23,0.6500000000000001,65.00000000000001,100
11_Clough_LOB_2021_2021,21,19,14,16,0.6500000000000001,65.00000000000001,84.21052631578948
11_Clough_PET_2021_2021,30,36,20,34,0.6500000000000001,65.00000000000001,94.44444444444444
11_Clough_TAG_2021_2021,28,35,19,29,0.6500000000000001,65.00000000000001,82.85714285714286
12_Ockinger_Norrang_Ryckelsby_Og,25,21,17,18,0.6500000000000001,65.00000000000001,85.71428571428571
12_Ockinger_Sattra_Og,26,11,17,9,0.6500000000000001,65.00000000000001,81.81818181818181
12_Ockinger_St_Tadinge,28,18,19,14,0.6500000000000001,65.00000000000001,77.77777777777777
12_Ockinger_Tjalinge_Skogstibble,35,18,23,14,0.6500000000000001,65.00000000000001,77.77777777777777
20_Hoiss_H5_2010,25,81,17,72,0.6500000000000001,65.00000000000001,88.88888888888889
20_Hoiss_H6_2010,36,36,24,32,0.6500000000000001,65.00000000000001,88.88888888888889
20_Hoiss_H7_2010,31,38,21,32,0.6500000000000001,65.00000000000001,84.21052631578948
20_Hoiss_HO1_2010,30,52,20,43,0.6500000000000001,65.00000000000001,82.6923076923077
20_Hoiss_HO5_2010,50,57,33,52,0.6500000000000001,65.00000000000001,91.2280701754386
20_Hoiss_T4_2010,32,61,21,46,0.6500000000000001,65.00000000000001,75.40983606557377
22_Kallnik_h1_2012,87,11,57,11,0.6500000000000001,65.00000000000001,100
22_Kallnik_h2_2011,54,11,36,11,0.6500000000000001,65.00000000000001,100
22_Kallnik_h3_2011,71,10,47,10,0.6500000000000001,65.00000000000001,100
22_Kallnik_h4_2010,96,10,63,9,0.6500000000000001,65.00000000000001,90
22_Kallnik_h4_2011,85,10,56,10,0.6500000000000001,65.00000000000001,100
22_Kallnik_h5_2011,54,11,36,11,0.6500000000000001,65.00000000000001,100
22_Kallnik_h5_2012,78,11,51,11,0.6500000000000001,65.00000000000001,100
22_Kallnik_h6_2011,69,10,45,10,0.6500000000000001,65.00000000000001,100
22_Kallnik_h7_2011,63,10,41,10,0.6500000000000001,65.00000000000001,100
22_Kallnik_ho2_2011,68,10,45,10,0.6500000000000001,65.00000000000001,100
22_Kallnik_ho3_2011,49,12,32,12,0.6500000000000001,65.00000000000001,100
22_Kallnik_ho3_2012,61,10,40,10,0.6500000000000001,65.00000000000001,100
22_Kallnik_ho4_2010,76,10,50,9,0.6500000000000001,65.00000000000001,90
22_Kallnik_ho4_2011,71,13,47,13,0.6500000000000001,65.00000000000001,100
22_Kallnik_ho4_2012,79,12,52,12,0.6500000000000001,65.00000000000001,100
22_Kallnik_ho5_2011,59,12,39,12,0.6500000000000001,65.00000000000001,100
22_Kallnik_wma3_2011,53,10,35,10,0.6500000000000001,65.00000000000001,100
22_Kallnik_wma3_2012,71,10,47,9,0.6500000000000001,65.00000000000001,90
22_Kallnik_wma4_2011,50,11,33,11,0.6500000000000001,65.00000000000001,100
22_Kallnik_wma5_2011,55,10,36,10,0.6500000000000001,65.00000000000001,100
22_Kallnik_wmb1_2012,92,11,60,11,0.6500000000000001,65.00000000000001,100
22_Kallnik_wmb2_2011,89,12,58,12,0.6500000000000001,65.00000000000001,100
22_Kallnik_wmb2_2012,108,11,71,11,0.6500000000000001,65.00000000000001,100
22_Kallnik_wmb3_2011,90,10,59,10,0.6500000000000001,65.00000000000001,100
22_Kallnik_wmb3_2012,106,10,69,10,0.6500000000000001,65.00000000000001,100
22_Kallnik_wmb4_2010,84,12,55,12,0.6500000000000001,65.00000000000001,100
22_Kallnik_wmb4_2011,78,13,51,13,0.6500000000000001,65.00000000000001,100
22_Kallnik_wmb4_2012,87,11,57,11,0.6500000000000001,65.00000000000001,100
22_Kallnik_wmb5_2010,91,11,60,11,0.6500000000000001,65.00000000000001,100
22_Kallnik_wmb5_2011,82,11,54,11,0.6500000000000001,65.00000000000001,100
22_Kallnik_wmb5_2012,90,11,59,11,0.6500000000000001,65.00000000000001,100
28_Sutter_10_2013,44,16,29,15,0.6500000000000001,65.00000000000001,93.75
28_Sutter_11_2013,38,14,25,13,0.6500000000000001,65.00000000000001,92.85714285714286
28_Sutter_12_2013,34,12,23,11,0.6500000000000001,65.00000000000001,91.66666666666667
28_Sutter_13_2013,45,13,30,11,0.6500000000000001,65.00000000000001,84.61538461538461
28_Sutter_13_2014,30,11,20,11,0.6500000000000001,65.00000000000001,100
28_Sutter_14_2013,20,12,14,6,0.6500000000000001,65.00000000000001,50
28_Sutter_17_2013,47,17,31,16,0.6500000000000001,65.00000000000001,94.11764705882354
28_Sutter_19_2013,35,20,23,18,0.6500000000000001,65.00000000000001,90
28_Sutter_1_2013,46,14,30,13,0.6500000000000001,65.00000000000001,92.85714285714286
28_Sutter_20_2013,24,15,16,14,0.6500000000000001,65.00000000000001,93.33333333333333
28_Sutter_21_2013,43,16,28,12,0.6500000000000001,65.00000000000001,75
28_Sutter_2_2013,29,15,19,14,0.6500000000000001,65.00000000000001,93.33333333333333
28_Sutter_3_2013,34,21,23,17,0.6500000000000001,65.00000000000001,80.95238095238095
28_Sutter_5_2013,50,23,33,22,0.6500000000000001,65.00000000000001,95.65217391304348
28_Sutter_8_2013,34,17,23,14,0.6500000000000001,65.00000000000001,82.3529411764706
28_Sutter_8_2014,22,18,15,17,0.6500000000000001,65.00000000000001,94.44444444444444
29_Magrach_Gibraleon_2011,16,27,11,19,0.6500000000000001,65.00000000000001,70.37037037037037
29_Magrach_Gravera_2011,18,25,12,16,0.6500000000000001,65.00000000000001,64
29_Magrach_Niebla_2011,18,31,12,29,0.6500000000000001,65.00000000000001,93.54838709677419
29_Magrach_Niebla_2012,21,26,14,26,0.6500000000000001,65.00000000000001,100
29_Magrach_Villablanca_2011,18,22,12,20,0.6500000000000001,65.00000000000001,90.9090909090909
2_Petanidou_Armolia_2015,37,73,25,69,0.6500000000000001,65.00000000000001,94.52054794520548
2_Petanidou_Emborios_2015,21,80,14,78,0.6500000000000001,65.00000000000001,97.5
2_Petanidou_Gridia_2015,38,73,25,69,0.6500000000000001,65.00000000000001,94.52054794520548
2_Petanidou_Kato Fana_2015,14,60,10,51,0.6500000000000001,65.00000000000001,85
2_Petanidou_Palios Katarraktis_2015,39,73,26,62,0.6500000000000001,65.00000000000001,84.93150684931507
2_Petanidou_Vessa 2_2015,28,98,19,96,0.6500000000000001,65.00000000000001,97.95918367346938
30_Smith_lsk48_2012,30,22,20,15,0.6500000000000001,65.00000000000001,68.18181818181819
30_Smith_lsk57_2011,33,20,22,14,0.6500000000000001,65.00000000000001,70
30_Smith_lsk73_2012,28,19,19,15,0.6500000000000001,65.00000000000001,78.94736842105263
30_Smith_lsk74_2012,27,26,18,17,0.6500000000000001,65.00000000000001,65.38461538461539
30_Smith_lsk77_2011,22,19,15,16,0.6500000000000001,65.00000000000001,84.21052631578948
30_Smith_lsk77_2012,42,25,28,15,0.6500000000000001,65.00000000000001,60
31_Roberts_Hunt_2013,44,12,29,12,0.6500000000000001,65.00000000000001,100
31_Roberts_Jefferies_2013,31,13,21,11,0.6500000000000001,65.00000000000001,84.61538461538461
31_Roberts_Livingstone_far_2012,30,12,20,12,0.6500000000000001,65.00000000000001,100
31_Roberts_Livingstone_house_2012,30,14,20,13,0.6500000000000001,65.00000000000001,92.85714285714286
31_Roberts_Mearns_2013,32,19,21,18,0.6500000000000001,65.00000000000001,94.73684210526316
31_Roberts_White_left_2012,42,19,28,15,0.6500000000000001,65.00000000000001,78.94736842105263
36_Larkin_Barracks.Lyan.Co.Clare_13.2017_GS1,13,11,9,10,0.6500000000000001,65.00000000000001,90.9090909090909
36_Larkin_Glencolumbkille.South.Carron.Co.Clare_20.2017_GS1,12,13,8,11,0.6500000000000001,65.00000000000001,84.61538461538461
37_White_An,15,23,10,22,0.6500000000000001,65.00000000000001,95.65217391304348
37_White_Bl,19,27,13,23,0.6500000000000001,65.00000000000001,85.18518518518519
37_White_Bn,20,26,14,22,0.6500000000000001,65.00000000000001,84.61538461538461
37_White_CW,26,33,17,29,0.6500000000000001,65.00000000000001,87.87878787878788
37_White_Ce,18,20,12,17,0.6500000000000001,65.00000000000001,85
37_White_Cn,29,34,19,34,0.6500000000000001,65.00000000000001,100
37_White_ED,13,19,9,18,0.6500000000000001,65.00000000000001,94.73684210526316
37_White_Fs,22,21,15,17,0.6500000000000001,65.00000000000001,80.95238095238095
37_White_JK,25,24,17,19,0.6500000000000001,65.00000000000001,79.16666666666667
37_White_Kr,29,17,19,15,0.6500000000000001,65.00000000000001,88.23529411764706
37_White_ND,25,22,17,21,0.6500000000000001,65.00000000000001,95.45454545454545
37_White_NG,21,25,14,23,0.6500000000000001,65.00000000000001,92
37_White_Pn,12,17,8,10,0.6500000000000001,65.00000000000001,58.8235294117647
37_White_WD,15,23,10,20,0.6500000000000001,65.00000000000001,86.95652173913044
38_Maurer_A1,47,27,31,27,0.6500000000000001,65.00000000000001,100
38_Maurer_A2,76,40,50,25,0.6500000000000001,65.00000000000001,62.5
38_Maurer_A3,69,31,45,27,0.6500000000000001,65.00000000000001,87.09677419354838
38_Maurer_A4,58,31,38,26,0.6500000000000001,65.00000000000001,83.87096774193549
38_Maurer_R1,72,42,47,35,0.6500000000000001,65.00000000000001,83.33333333333333
38_Maurer_R2,54,51,36,45,0.6500000000000001,65.00000000000001,88.23529411764706
38_Maurer_R3,95,48,62,40,0.6500000000000001,65.00000000000001,83.33333333333333
38_Maurer_R4,66,37,43,29,0.6500000000000001,65.00000000000001,78.37837837837837
38_Maurer_U2,113,64,74,58,0.6500000000000001,65.00000000000001,90.625
38_Maurer_U3,92,49,60,48,0.6500000000000001,65.00000000000001,97.95918367346938
39_Schweiger_I1_ruderal_1_2021,23,20,15,18,0.6500000000000001,65.00000000000001,90
39_Schweiger_I2_semi.natural.grass_5_2021,18,27,12,25,0.6500000000000001,65.00000000000001,92.5925925925926
39_Schweiger_I2_woodland.scrub_1_2021,23,22,15,15,0.6500000000000001,65.00000000000001,68.18181818181819
39_Schweiger_I4_woodland.scrub_3_2021,22,21,15,18,0.6500000000000001,65.00000000000001,85.71428571428571
39_Schweiger_R1_semi.natural.grass_4_2021,15,23,10,18,0.6500000000000001,65.00000000000001,78.26086956521739
39_Schweiger_R4_semi.natural.grass_2_2021,11,25,8,23,0.6500000000000001,65.00000000000001,92
40_Knight_Ghe_ari_2017,30,129,20,117,0.6500000000000001,65.00000000000001,90.69767441860465
41_Knight_1 wooded meadow_2018,39,37,26,34,0.6500000000000001,65.00000000000001,91.89189189189189
41_Knight_2 alvar pasture_2018,32,17,21,16,0.6500000000000001,65.00000000000001,94.11764705882354
41_Knight_3 alvar pasture_2018,21,34,14,30,0.6500000000000001,65.00000000000001,88.23529411764706
41_Knight_4 wooded meadow_2018,30,23,20,22,0.6500000000000001,65.00000000000001,95.65217391304348
41_Knight_5 wooded meadow_2018,27,47,18,39,0.6500000000000001,65.00000000000001,82.97872340425532
41_Knight_6 alvar pasture_2018,37,23,25,20,0.6500000000000001,65.00000000000001,86.95652173913044
42_Knight_M1Restored_2019,45,25,30,25,0.6500000000000001,65.00000000000001,100
42_Knight_M2Natural_2019,31,19,21,17,0.6500000000000001,65.00000000000001,89.47368421052632
42_Knight_M3Natural_2019,37,17,25,16,0.6500000000000001,65.00000000000001,94.11764705882354
42_Knight_M4Restored_2019,33,19,22,16,0.6500000000000001,65.00000000000001,84.21052631578948
42_Knight_M5Restored_2019,37,21,25,15,0.6500000000000001,65.00000000000001,71.42857142857143
42_Knight_M6Natural_2019,47,35,31,31,0.6500000000000001,65.00000000000001,88.57142857142857
42_Knight_M8Restored_2019,32,15,21,13,0.6500000000000001,65.00000000000001,86.66666666666667
44_Knight_M11_2018,46,33,30,29,0.6500000000000001,65.00000000000001,87.87878787878788
44_Knight_M12_2018,43,55,28,48,0.6500000000000001,65.00000000000001,87.27272727272727
44_Knight_M13_2018,32,23,21,21,0.6500000000000001,65.00000000000001,91.30434782608695
44_Knight_M15_2018,45,58,30,52,0.6500000000000001,65.00000000000001,89.65517241379311
44_Knight_M16_2018,50,50,33,49,0.6500000000000001,65.00000000000001,98
44_Knight_M17_2018,33,48,22,34,0.6500000000000001,65.00000000000001,70.83333333333333
44_Knight_M18_2018,39,44,26,40,0.6500000000000001,65.00000000000001,90.9090909090909
44_Knight_M1_2018,23,37,15,31,0.6500000000000001,65.00000000000001,83.78378378378379
44_Knight_M3_2018,57,63,38,53,0.6500000000000001,65.00000000000001,84.12698412698413
44_Knight_M4_2018,46,56,30,54,0.6500000000000001,65.00000000000001,96.42857142857143
44_Knight_M6_2018,69,33,45,27,0.6500000000000001,65.00000000000001,81.81818181818181
44_Knight_M8_2018,67,41,44,38,0.6500000000000001,65.00000000000001,92.6829268292683
45_Knight_Hermanovice_meadow_2018,32,47,21,42,0.6500000000000001,65.00000000000001,89.36170212765957
45_Knight_HorniGrunt_meadow_2018,26,38,17,35,0.6500000000000001,65.00000000000001,92.10526315789474
45_Knight_Mnichov_meadow_2018,29,53,19,40,0.6500000000000001,65.00000000000001,75.47169811320755
46_Knight_Gora_Gipsowa_2018,37,41,25,17,0.6500000000000001,65.00000000000001,41.46341463414634
47_Benadi_1,81,190,53,187,0.6500000000000001,65.00000000000001,98.42105263157895
47_Benadi_2,54,162,36,156,0.6500000000000001,65.00000000000001,96.29629629629629
47_Benadi_3,67,150,44,146,0.6500000000000001,65.00000000000001,97.33333333333333
47_Benadi_4,55,144,36,137,0.6500000000000001,65.00000000000001,95.13888888888889
47_Benadi_5,68,131,45,130,0.6500000000000001,65.00000000000001,99.23664122137404
47_Benadi_6,63,96,41,94,0.6500000000000001,65.00000000000001,97.91666666666667
4_Marini_UNIPD01 A_2018,23,69,15,58,0.6500000000000001,65.00000000000001,84.05797101449275
4_Marini_UNIPD01 An_2018,27,54,18,52,0.6500000000000001,65.00000000000001,96.29629629629629
4_Marini_UNIPD01 B_2018,29,58,19,55,0.6500000000000001,65.00000000000001,94.82758620689656
4_Marini_UNIPD01 Bn_2018,32,90,21,79,0.6500000000000001,65.00000000000001,87.77777777777777
4_Marini_UNIPD01 C_2018,37,67,25,62,0.6500000000000001,65.00000000000001,92.53731343283582
4_Marini_UNIPD01 Cn_2018,30,65,20,58,0.6500000000000001,65.00000000000001,89.23076923076923
4_Marini_UNIPD01 E_2018,46,73,30,68,0.6500000000000001,65.00000000000001,93.15068493150685
4_Marini_UNIPD01 En_2018,40,67,27,61,0.6500000000000001,65.00000000000001,91.04477611940298
4_Marini_UNIPD01 F_2018,25,32,17,28,0.6500000000000001,65.00000000000001,87.5
4_Marini_UNIPD01 Fn_2018,29,31,19,29,0.6500000000000001,65.00000000000001,93.54838709677419
4_Marini_UNIPD01 G_2018,25,56,17,53,0.6500000000000001,65.00000000000001,94.64285714285714
4_Marini_UNIPD01 Gn_2018,28,45,19,41,0.6500000000000001,65.00000000000001,91.11111111111111
4_Marini_UNIPD01 H_2018,50,98,33,83,0.6500000000000001,65.00000000000001,84.6938775510204
4_Marini_UNIPD01 Hn_2018,38,82,25,70,0.6500000000000001,65.00000000000001,85.36585365853658
4_Marini_UNIPD01 I_2018,33,74,22,68,0.6500000000000001,65.00000000000001,91.89189189189189
4_Marini_UNIPD01 In_2018,44,93,29,88,0.6500000000000001,65.00000000000001,94.6236559139785
50_Hervias-Parejo_Cala Tirant_2021,18,77,12,70,0.6500000000000001,65.00000000000001,90.9090909090909
50_Hervias-Parejo_Llucalari_2021,11,62,8,44,0.6500000000000001,65.00000000000001,70.96774193548387
50_Hervias-Parejo_Sa Bassa_2021,15,81,10,62,0.6500000000000001,65.00000000000001,76.54320987654322
50_Hervias-Parejo_Salinas_2021,27,95,18,67,0.6500000000000001,65.00000000000001,70.52631578947368
50_Hervias-Parejo_Torre Fornells_2021,21,83,14,66,0.6500000000000001,65.00000000000001,79.51807228915662
50_Hervias-Parejo_coast Son Bou_2021,10,46,7,28,0.6500000000000001,65.00000000000001,60.869565217391305
51_Petanidou_Pyrgos_2013,39,66,26,63,0.6500000000000001,65.00000000000001,95.45454545454545
51_Petanidou_Sigri 3_2012,28,51,19,45,0.6500000000000001,65.00000000000001,88.23529411764706
54_Lazaro_AloeVera_2018_2018,11,60,8,56,0.6500000000000001,65.00000000000001,93.33333333333333
54_Lazaro_SonBaco_2018_2018,14,73,10,66,0.6500000000000001,65.00000000000001,90.41095890410959
54_Lazaro_SonMutNou_2018_2018,12,69,8,65,0.6500000000000001,65.00000000000001,94.20289855072464
54_Lazaro_UIB_2018_2018,20,72,14,46,0.6500000000000001,65.00000000000001,63.888888888888886
5_Marini_UNIPD02 AA_2019,24,24,16,23,0.6500000000000001,65.00000000000001,95.83333333333333
5_Marini_UNIPD02 AB_2019,26,16,17,13,0.6500000000000001,65.00000000000001,81.25
5_Marini_UNIPD02 AC_2019,31,23,21,17,0.6500000000000001,65.00000000000001,73.91304347826087
5_Marini_UNIPD02 AD_2019,20,14,14,11,0.6500000000000001,65.00000000000001,78.57142857142857
5_Marini_UNIPD02 AE_2019,19,35,13,26,0.6500000000000001,65.00000000000001,74.28571428571429
5_Marini_UNIPD02 AF_2019,16,24,11,22,0.6500000000000001,65.00000000000001,91.66666666666667
5_Marini_UNIPD02 AG_2019,25,52,17,47,0.6500000000000001,65.00000000000001,90.38461538461539
5_Marini_UNIPD02 AH_2019,22,35,15,25,0.6500000000000001,65.00000000000001,71.42857142857143
5_Marini_UNIPD02 AI_2019,21,16,14,13,0.6500000000000001,65.00000000000001,81.25
5_Marini_UNIPD02 AJ_2019,10,31,7,29,0.6500000000000001,65.00000000000001,93.54838709677419
5_Marini_UNIPD02 AK_2019,10,21,7,16,0.6500000000000001,65.00000000000001,76.19047619047619
5_Marini_UNIPD02 AL_2019,27,39,18,38,0.6500000000000001,65.00000000000001,97.43589743589743
5_Marini_UNIPD02 AM_2019,31,34,21,29,0.6500000000000001,65.00000000000001,85.29411764705883
5_Marini_UNIPD02 AN_2019,12,20,8,19,0.6500000000000001,65.00000000000001,95
5_Marini_UNIPD02 AO_2019,18,29,12,25,0.6500000000000001,65.00000000000001,86.20689655172414
5_Marini_UNIPD02 AP_2019,16,18,11,14,0.6500000000000001,65.00000000000001,77.77777777777777
5_Marini_UNIPD02 AQ_2019,15,24,10,19,0.6500000000000001,65.00000000000001,79.16666666666667
5_Marini_UNIPD02 AS_2019,14,22,10,21,0.6500000000000001,65.00000000000001,95.45454545454545
5_Marini_UNIPD02 AT_2019,16,26,11,25,0.6500000000000001,65.00000000000001,96.15384615384616
5_Marini_UNIPD02 AV_2019,10,13,7,12,0.6500000000000001,65.00000000000001,92.3076923076923
5_Marini_UNIPD02 A_2019,17,35,12,32,0.6500000000000001,65.00000000000001,91.42857142857143
5_Marini_UNIPD02 B_2019,21,32,14,27,0.6500000000000001,65.00000000000001,84.375
5_Marini_UNIPD02 C_2019,19,35,13,35,0.6500000000000001,65.00000000000001,100
5_Marini_UNIPD02 D_2019,17,32,12,31,0.6500000000000001,65.00000000000001,96.875
5_Marini_UNIPD02 E_2019,12,32,8,22,0.6500000000000001,65.00000000000001,68.75
5_Marini_UNIPD02 G_2019,19,27,13,22,0.6500000000000001,65.00000000000001,81.48148148148148
5_Marini_UNIPD02 H_2019,15,21,10,18,0.6500000000000001,65.00000000000001,85.71428571428571
5_Marini_UNIPD02 I_2019,16,35,11,31,0.6500000000000001,65.00000000000001,88.57142857142857
5_Marini_UNIPD02 K_2019,16,31,11,28,0.6500000000000001,65.00000000000001,90.3225806451613
5_Marini_UNIPD02 L_2019,13,20,9,18,0.6500000000000001,65.00000000000001,90
5_Marini_UNIPD02 M_2019,26,35,17,34,0.6500000000000001,65.00000000000001,97.14285714285714
5_Marini_UNIPD02 N_2019,17,20,12,18,0.6500000000000001,65.00000000000001,90
5_Marini_UNIPD02 O_2019,19,31,13,26,0.6500000000000001,65.00000000000001,83.87096774193549
5_Marini_UNIPD02 P_2019,15,24,10,16,0.6500000000000001,65.00000000000001,66.66666666666667
5_Marini_UNIPD02 Q_2019,18,22,12,22,0.6500000000000001,65.00000000000001,100
5_Marini_UNIPD02 S_2019,22,31,15,28,0.6500000000000001,65.00000000000001,90.3225806451613
5_Marini_UNIPD02 T_2019,21,18,14,16,0.6500000000000001,65.00000000000001,88.88888888888889
5_Marini_UNIPD02 U_2019,28,23,19,22,0.6500000000000001,65.00000000000001,95.65217391304348
5_Marini_UNIPD02 V_2019,29,39,19,33,0.6500000000000001,65.00000000000001,84.61538461538461
5_Marini_UNIPD02 W_2019,21,36,14,29,0.6500000000000001,65.00000000000001,80.55555555555556
5_Marini_UNIPD02 X_2019,27,41,18,36,0.6500000000000001,65.00000000000001,87.8048780487805
5_Marini_UNIPD02 Y_2019,20,45,14,39,0.6500000000000001,65.00000000000001,86.66666666666667
5_Marini_UNIPD02 Z_2019,15,27,10,25,0.6500000000000001,65.00000000000001,92.5925925925926
6_Marini_UNIPD03 CD13_2020,13,25,9,25,0.6500000000000001,65.00000000000001,100
6_Marini_UNIPD03 CD14_2020,18,30,12,30,0.6500000000000001,65.00000000000001,100
6_Marini_UNIPD03 CD15_2020,24,43,16,41,0.6500000000000001,65.00000000000001,95.34883720930233
6_Marini_UNIPD03 CD16_2020,26,52,17,50,0.6500000000000001,65.00000000000001,96.15384615384616
6_Marini_UNIPD03 CD17_2020,27,51,18,49,0.6500000000000001,65.00000000000001,96.07843137254902
6_Marini_UNIPD03 CD20_2020,17,44,12,40,0.6500000000000001,65.00000000000001,90.9090909090909
6_Marini_UNIPD03 CD22_2020,22,24,15,23,0.6500000000000001,65.00000000000001,95.83333333333333
6_Marini_UNIPD03 CD23_2020,23,39,15,34,0.6500000000000001,65.00000000000001,87.17948717948718
6_Marini_UNIPD03 CD26_2020,11,26,8,21,0.6500000000000001,65.00000000000001,80.76923076923077
6_Marini_UNIPD03 CD27_2020,23,34,15,33,0.6500000000000001,65.00000000000001,97.05882352941177
6_Marini_UNIPD03 CD28_2020,27,42,18,38,0.6500000000000001,65.00000000000001,90.47619047619048
6_Marini_UNIPD03 CD29_2020,21,35,14,33,0.6500000000000001,65.00000000000001,94.28571428571429
6_Marini_UNIPD03 CD2_2020,10,22,7,19,0.6500000000000001,65.00000000000001,86.36363636363636
6_Marini_UNIPD03 CD34_2020,14,45,10,44,0.6500000000000001,65.00000000000001,97.77777777777777
6_Marini_UNIPD03 D11_2020,13,28,9,28,0.6500000000000001,65.00000000000001,100
6_Marini_UNIPD03 D17_2020,10,26,7,25,0.6500000000000001,65.00000000000001,96.15384615384616
6_Marini_UNIPD03 D21_2020,11,23,8,22,0.6500000000000001,65.00000000000001,95.65217391304348
6_Marini_UNIPD03 D24_2020,17,33,12,33,0.6500000000000001,65.00000000000001,100
6_Marini_UNIPD03 D28_2020,19,32,13,29,0.6500000000000001,65.00000000000001,90.625
6_Marini_UNIPD03 D29_2020,15,28,10,26,0.6500000000000001,65.00000000000001,92.85714285714286
6_Marini_UNIPD03 D34_2020,13,37,9,32,0.6500000000000001,65.00000000000001,86.48648648648648
6_Marini_UNIPD03 D35_2020,13,24,9,23,0.6500000000000001,65.00000000000001,95.83333333333333
6_Marini_UNIPD03 D5_2020,17,30,12,30,0.6500000000000001,65.00000000000001,100
6_Marini_UNIPD03 D8_2020,11,18,8,17,0.6500000000000001,65.00000000000001,94.44444444444444
6_Marini_UNIPD03 E14_2020,19,34,13,25,0.6500000000000001,65.00000000000001,73.52941176470588
6_Marini_UNIPD03 E19_2020,19,28,13,27,0.6500000000000001,65.00000000000001,96.42857142857143
6_Marini_UNIPD03 E25_2020,17,24,12,22,0.6500000000000001,65.00000000000001,91.66666666666667
6_Marini_UNIPD03 E26_2020,24,45,16,44,0.6500000000000001,65.00000000000001,97.77777777777777
6_Marini_UNIPD03 E31_2020,13,22,9,22,0.6500000000000001,65.00000000000001,100
6_Marini_UNIPD03 E32_2020,10,20,7,15,0.6500000000000001,65.00000000000001,75
6_Marini_UNIPD03 E33_2020,13,40,9,39,0.6500000000000001,65.00000000000001,97.5
6_Marini_UNIPD03 E35_2020,14,36,10,33,0.6500000000000001,65.00000000000001,91.66666666666667
6_Marini_UNIPD03 E36_2020,11,42,8,42,0.6500000000000001,65.00000000000001,100
7_Scheper_Chize_10_Field_boundary_2015,37,22,25,11,0.6500000000000001,65.00000000000001,50
7_Scheper_Chize_12_Field_boundary_2015,34,34,23,26,0.6500000000000001,65.00000000000001,76.47058823529412
7_Scheper_Chize_14_Field_boundary_2015,35,38,23,16,0.6500000000000001,65.00000000000001,42.10526315789474
7_Scheper_Chize_19_Field_boundary_2015,32,22,21,19,0.6500000000000001,65.00000000000001,86.36363636363636
7_Scheper_Chize_1_Field_boundary_2015,25,22,17,19,0.6500000000000001,65.00000000000001,86.36363636363636
7_Scheper_Chize_1_Grassland_2015,14,22,10,18,0.6500000000000001,65.00000000000001,81.81818181818181
7_Scheper_Chize_25_Field_boundary_2015,31,27,21,20,0.6500000000000001,65.00000000000001,74.07407407407408
7_Scheper_Chize_4_Field_boundary_2015,25,21,17,16,0.6500000000000001,65.00000000000001,76.19047619047619
7_Scheper_Chize_5_Field_boundary_2015,32,21,21,17,0.6500000000000001,65.00000000000001,80.95238095238095
7_Scheper_Chize_6_Field_boundary_2015,31,35,21,30,0.6500000000000001,65.00000000000001,85.71428571428571
11_Clough_ASK_2021_2021,16,19,12,18,0.7000000000000001,70,94.73684210526316
11_Clough_HAM_2021_2021,24,38,17,37,0.7000000000000001,70,97.36842105263158
11_Clough_KOM_2021_2021,22,23,16,23,0.7000000000000001,70,100
11_Clough_LOB_2021_2021,21,19,15,16,0.7000000000000001,70,84.21052631578948
11_Clough_PET_2021_2021,30,36,22,34,0.7000000000000001,70,94.44444444444444
11_Clough_TAG_2021_2021,28,35,20,29,0.7000000000000001,70,82.85714285714286
12_Ockinger_Norrang_Ryckelsby_Og,25,21,18,18,0.7000000000000001,70,85.71428571428571
12_Ockinger_Sattra_Og,26,11,19,10,0.7000000000000001,70,90.9090909090909
12_Ockinger_St_Tadinge,28,18,20,15,0.7000000000000001,70,83.33333333333333
12_Ockinger_Tjalinge_Skogstibble,35,18,25,14,0.7000000000000001,70,77.77777777777777
20_Hoiss_H5_2010,25,81,18,72,0.7000000000000001,70,88.88888888888889
20_Hoiss_H6_2010,36,36,26,32,0.7000000000000001,70,88.88888888888889
20_Hoiss_H7_2010,31,38,22,32,0.7000000000000001,70,84.21052631578948
20_Hoiss_HO1_2010,30,52,22,43,0.7000000000000001,70,82.6923076923077
20_Hoiss_HO5_2010,50,57,35,53,0.7000000000000001,70,92.98245614035088
20_Hoiss_T4_2010,32,61,23,46,0.7000000000000001,70,75.40983606557377
22_Kallnik_h1_2012,87,11,61,11,0.7000000000000001,70,100
22_Kallnik_h2_2011,54,11,38,11,0.7000000000000001,70,100
22_Kallnik_h3_2011,71,10,50,10,0.7000000000000001,70,100
22_Kallnik_h4_2010,96,10,68,9,0.7000000000000001,70,90
22_Kallnik_h4_2011,85,10,60,10,0.7000000000000001,70,100
22_Kallnik_h5_2011,54,11,38,11,0.7000000000000001,70,100
22_Kallnik_h5_2012,78,11,55,11,0.7000000000000001,70,100
22_Kallnik_h6_2011,69,10,49,10,0.7000000000000001,70,100
22_Kallnik_h7_2011,63,10,45,10,0.7000000000000001,70,100
22_Kallnik_ho2_2011,68,10,48,10,0.7000000000000001,70,100
22_Kallnik_ho3_2011,49,12,35,12,0.7000000000000001,70,100
22_Kallnik_ho3_2012,61,10,43,10,0.7000000000000001,70,100
22_Kallnik_ho4_2010,76,10,54,9,0.7000000000000001,70,90
22_Kallnik_ho4_2011,71,13,50,13,0.7000000000000001,70,100
22_Kallnik_ho4_2012,79,12,56,12,0.7000000000000001,70,100
22_Kallnik_ho5_2011,59,12,42,12,0.7000000000000001,70,100
22_Kallnik_wma3_2011,53,10,38,10,0.7000000000000001,70,100
22_Kallnik_wma3_2012,71,10,50,9,0.7000000000000001,70,90
22_Kallnik_wma4_2011,50,11,35,11,0.7000000000000001,70,100
22_Kallnik_wma5_2011,55,10,39,10,0.7000000000000001,70,100
22_Kallnik_wmb1_2012,92,11,65,11,0.7000000000000001,70,100
22_Kallnik_wmb2_2011,89,12,63,12,0.7000000000000001,70,100
22_Kallnik_wmb2_2012,108,11,76,11,0.7000000000000001,70,100
22_Kallnik_wmb3_2011,90,10,64,10,0.7000000000000001,70,100
22_Kallnik_wmb3_2012,106,10,75,10,0.7000000000000001,70,100
22_Kallnik_wmb4_2010,84,12,59,12,0.7000000000000001,70,100
22_Kallnik_wmb4_2011,78,13,55,13,0.7000000000000001,70,100
22_Kallnik_wmb4_2012,87,11,61,11,0.7000000000000001,70,100
22_Kallnik_wmb5_2010,91,11,64,11,0.7000000000000001,70,100
22_Kallnik_wmb5_2011,82,11,58,11,0.7000000000000001,70,100
22_Kallnik_wmb5_2012,90,11,64,11,0.7000000000000001,70,100
28_Sutter_10_2013,44,16,31,15,0.7000000000000001,70,93.75
28_Sutter_11_2013,38,14,27,13,0.7000000000000001,70,92.85714285714286
28_Sutter_12_2013,34,12,24,11,0.7000000000000001,70,91.66666666666667
28_Sutter_13_2013,45,13,32,11,0.7000000000000001,70,84.61538461538461
28_Sutter_13_2014,30,11,22,11,0.7000000000000001,70,100
28_Sutter_14_2013,20,12,15,6,0.7000000000000001,70,50
28_Sutter_17_2013,47,17,33,16,0.7000000000000001,70,94.11764705882354
28_Sutter_19_2013,35,20,25,19,0.7000000000000001,70,95
28_Sutter_1_2013,46,14,33,13,0.7000000000000001,70,92.85714285714286
28_Sutter_20_2013,24,15,17,14,0.7000000000000001,70,93.33333333333333
28_Sutter_21_2013,43,16,31,12,0.7000000000000001,70,75
28_Sutter_2_2013,29,15,21,15,0.7000000000000001,70,100
28_Sutter_3_2013,34,21,24,17,0.7000000000000001,70,80.95238095238095
28_Sutter_5_2013,50,23,35,22,0.7000000000000001,70,95.65217391304348
28_Sutter_8_2013,34,17,24,14,0.7000000000000001,70,82.3529411764706
28_Sutter_8_2014,22,18,16,17,0.7000000000000001,70,94.44444444444444
29_Magrach_Gibraleon_2011,16,27,12,19,0.7000000000000001,70,70.37037037037037
29_Magrach_Gravera_2011,18,25,13,17,0.7000000000000001,70,68
29_Magrach_Niebla_2011,18,31,13,29,0.7000000000000001,70,93.54838709677419
29_Magrach_Niebla_2012,21,26,15,26,0.7000000000000001,70,100
29_Magrach_Villablanca_2011,18,22,13,20,0.7000000000000001,70,90.9090909090909
2_Petanidou_Armolia_2015,37,73,26,69,0.7000000000000001,70,94.52054794520548
2_Petanidou_Emborios_2015,21,80,15,78,0.7000000000000001,70,97.5
2_Petanidou_Gridia_2015,38,73,27,69,0.7000000000000001,70,94.52054794520548
2_Petanidou_Kato Fana_2015,14,60,10,51,0.7000000000000001,70,85
2_Petanidou_Palios Katarraktis_2015,39,73,28,63,0.7000000000000001,70,86.3013698630137
2_Petanidou_Vessa 2_2015,28,98,20,96,0.7000000000000001,70,97.95918367346938
30_Smith_lsk48_2012,30,22,22,15,0.7000000000000001,70,68.18181818181819
30_Smith_lsk57_2011,33,20,24,14,0.7000000000000001,70,70
30_Smith_lsk73_2012,28,19,20,15,0.7000000000000001,70,78.94736842105263
30_Smith_lsk74_2012,27,26,19,17,0.7000000000000001,70,65.38461538461539
30_Smith_lsk77_2011,22,19,16,16,0.7000000000000001,70,84.21052631578948
30_Smith_lsk77_2012,42,25,30,15,0.7000000000000001,70,60
31_Roberts_Hunt_2013,44,12,31,12,0.7000000000000001,70,100
31_Roberts_Jefferies_2013,31,13,22,11,0.7000000000000001,70,84.61538461538461
31_Roberts_Livingstone_far_2012,30,12,22,12,0.7000000000000001,70,100
31_Roberts_Livingstone_house_2012,30,14,22,13,0.7000000000000001,70,92.85714285714286
31_Roberts_Mearns_2013,32,19,23,18,0.7000000000000001,70,94.73684210526316
31_Roberts_White_left_2012,42,19,30,15,0.7000000000000001,70,78.94736842105263
36_Larkin_Barracks.Lyan.Co.Clare_13.2017_GS1,13,11,10,10,0.7000000000000001,70,90.9090909090909
36_Larkin_Glencolumbkille.South.Carron.Co.Clare_20.2017_GS1,12,13,9,11,0.7000000000000001,70,84.61538461538461
37_White_An,15,23,11,22,0.7000000000000001,70,95.65217391304348
37_White_Bl,19,27,14,24,0.7000000000000001,70,88.88888888888889
37_White_Bn,20,26,15,22,0.7000000000000001,70,84.61538461538461
37_White_CW,26,33,19,31,0.7000000000000001,70,93.93939393939394
37_White_Ce,18,20,13,18,0.7000000000000001,70,90
37_White_Cn,29,34,21,34,0.7000000000000001,70,100
37_White_ED,13,19,10,18,0.7000000000000001,70,94.73684210526316
37_White_Fs,22,21,16,17,0.7000000000000001,70,80.95238095238095
37_White_JK,25,24,18,20,0.7000000000000001,70,83.33333333333333
37_White_Kr,29,17,21,16,0.7000000000000001,70,94.11764705882354
37_White_ND,25,22,18,21,0.7000000000000001,70,95.45454545454545
37_White_NG,21,25,15,23,0.7000000000000001,70,92
37_White_Pn,12,17,9,10,0.7000000000000001,70,58.8235294117647
37_White_WD,15,23,11,20,0.7000000000000001,70,86.95652173913044
38_Maurer_A1,47,27,33,27,0.7000000000000001,70,100
38_Maurer_A2,76,40,54,25,0.7000000000000001,70,62.5
38_Maurer_A3,69,31,49,27,0.7000000000000001,70,87.09677419354838
38_Maurer_A4,58,31,41,26,0.7000000000000001,70,83.87096774193549
38_Maurer_R1,72,42,51,37,0.7000000000000001,70,88.0952380952381
38_Maurer_R2,54,51,38,45,0.7000000000000001,70,88.23529411764706
38_Maurer_R3,95,48,67,41,0.7000000000000001,70,85.41666666666667
38_Maurer_R4,66,37,47,29,0.7000000000000001,70,78.37837837837837
38_Maurer_U2,113,64,80,60,0.7000000000000001,70,93.75
38_Maurer_U3,92,49,65,48,0.7000000000000001,70,97.95918367346938
39_Schweiger_I1_ruderal_1_2021,23,20,17,18,0.7000000000000001,70,90
39_Schweiger_I2_semi.natural.grass_5_2021,18,27,13,25,0.7000000000000001,70,92.5925925925926
39_Schweiger_I2_woodland.scrub_1_2021,23,22,17,15,0.7000000000000001,70,68.18181818181819
39_Schweiger_I4_woodland.scrub_3_2021,22,21,16,19,0.7000000000000001,70,90.47619047619048
39_Schweiger_R1_semi.natural.grass_4_2021,15,23,11,18,0.7000000000000001,70,78.26086956521739
39_Schweiger_R4_semi.natural.grass_2_2021,11,25,8,23,0.7000000000000001,70,92
40_Knight_Ghe_ari_2017,30,129,22,123,0.7000000000000001,70,95.34883720930233
41_Knight_1 wooded meadow_2018,39,37,28,34,0.7000000000000001,70,91.89189189189189
41_Knight_2 alvar pasture_2018,32,17,23,17,0.7000000000000001,70,100
41_Knight_3 alvar pasture_2018,21,34,15,32,0.7000000000000001,70,94.11764705882354
41_Knight_4 wooded meadow_2018,30,23,22,22,0.7000000000000001,70,95.65217391304348
41_Knight_5 wooded meadow_2018,27,47,19,39,0.7000000000000001,70,82.97872340425532
41_Knight_6 alvar pasture_2018,37,23,26,20,0.7000000000000001,70,86.95652173913044
42_Knight_M1Restored_2019,45,25,32,25,0.7000000000000001,70,100
42_Knight_M2Natural_2019,31,19,22,17,0.7000000000000001,70,89.47368421052632
42_Knight_M3Natural_2019,37,17,26,16,0.7000000000000001,70,94.11764705882354
42_Knight_M4Restored_2019,33,19,24,16,0.7000000000000001,70,84.21052631578948
42_Knight_M5Restored_2019,37,21,26,15,0.7000000000000001,70,71.42857142857143
42_Knight_M6Natural_2019,47,35,33,31,0.7000000000000001,70,88.57142857142857
42_Knight_M8Restored_2019,32,15,23,13,0.7000000000000001,70,86.66666666666667
44_Knight_M11_2018,46,33,33,29,0.7000000000000001,70,87.87878787878788
44_Knight_M12_2018,43,55,31,49,0.7000000000000001,70,89.0909090909091
44_Knight_M13_2018,32,23,23,21,0.7000000000000001,70,91.30434782608695
44_Knight_M15_2018,45,58,32,52,0.7000000000000001,70,89.65517241379311
44_Knight_M16_2018,50,50,35,49,0.7000000000000001,70,98
44_Knight_M17_2018,33,48,24,34,0.7000000000000001,70,70.83333333333333
44_Knight_M18_2018,39,44,28,40,0.7000000000000001,70,90.9090909090909
44_Knight_M1_2018,23,37,17,31,0.7000000000000001,70,83.78378378378379
44_Knight_M3_2018,57,63,40,53,0.7000000000000001,70,84.12698412698413
44_Knight_M4_2018,46,56,33,54,0.7000000000000001,70,96.42857142857143
44_Knight_M6_2018,69,33,49,27,0.7000000000000001,70,81.81818181818181
44_Knight_M8_2018,67,41,47,38,0.7000000000000001,70,92.6829268292683
45_Knight_Hermanovice_meadow_2018,32,47,23,42,0.7000000000000001,70,89.36170212765957
45_Knight_HorniGrunt_meadow_2018,26,38,19,35,0.7000000000000001,70,92.10526315789474
45_Knight_Mnichov_meadow_2018,29,53,21,40,0.7000000000000001,70,75.47169811320755
46_Knight_Gora_Gipsowa_2018,37,41,26,17,0.7000000000000001,70,41.46341463414634
47_Benadi_1,81,190,57,187,0.7000000000000001,70,98.42105263157895
47_Benadi_2,54,162,38,159,0.7000000000000001,70,98.14814814814815
47_Benadi_3,67,150,47,147,0.7000000000000001,70,98
47_Benadi_4,55,144,39,137,0.7000000000000001,70,95.13888888888889
47_Benadi_5,68,131,48,130,0.7000000000000001,70,99.23664122137404
47_Benadi_6,63,96,45,94,0.7000000000000001,70,97.91666666666667
4_Marini_UNIPD01 A_2018,23,69,17,60,0.7000000000000001,70,86.95652173913044
4_Marini_UNIPD01 An_2018,27,54,19,52,0.7000000000000001,70,96.29629629629629
4_Marini_UNIPD01 B_2018,29,58,21,55,0.7000000000000001,70,94.82758620689656
4_Marini_UNIPD01 Bn_2018,32,90,23,79,0.7000000000000001,70,87.77777777777777
4_Marini_UNIPD01 C_2018,37,67,26,63,0.7000000000000001,70,94.02985074626865
4_Marini_UNIPD01 Cn_2018,30,65,22,62,0.7000000000000001,70,95.38461538461539
4_Marini_UNIPD01 E_2018,46,73,33,68,0.7000000000000001,70,93.15068493150685
4_Marini_UNIPD01 En_2018,40,67,29,62,0.7000000000000001,70,92.53731343283582
4_Marini_UNIPD01 F_2018,25,32,18,28,0.7000000000000001,70,87.5
4_Marini_UNIPD01 Fn_2018,29,31,21,29,0.7000000000000001,70,93.54838709677419
4_Marini_UNIPD01 G_2018,25,56,18,54,0.7000000000000001,70,96.42857142857143
4_Marini_UNIPD01 Gn_2018,28,45,20,42,0.7000000000000001,70,93.33333333333333
4_Marini_UNIPD01 H_2018,50,98,35,84,0.7000000000000001,70,85.71428571428571
4_Marini_UNIPD01 Hn_2018,38,82,27,70,0.7000000000000001,70,85.36585365853658
4_Marini_UNIPD01 I_2018,33,74,24,69,0.7000000000000001,70,93.24324324324324
4_Marini_UNIPD01 In_2018,44,93,31,89,0.7000000000000001,70,95.6989247311828
50_Hervias-Parejo_Cala Tirant_2021,18,77,13,70,0.7000000000000001,70,90.9090909090909
50_Hervias-Parejo_Llucalari_2021,11,62,8,44,0.7000000000000001,70,70.96774193548387
50_Hervias-Parejo_Sa Bassa_2021,15,81,11,63,0.7000000000000001,70,77.77777777777777
50_Hervias-Parejo_Salinas_2021,27,95,19,67,0.7000000000000001,70,70.52631578947368
50_Hervias-Parejo_Torre Fornells_2021,21,83,15,67,0.7000000000000001,70,80.72289156626506
50_Hervias-Parejo_coast Son Bou_2021,10,46,8,28,0.7000000000000001,70,60.869565217391305
51_Petanidou_Pyrgos_2013,39,66,28,63,0.7000000000000001,70,95.45454545454545
51_Petanidou_Sigri 3_2012,28,51,20,45,0.7000000000000001,70,88.23529411764706
54_Lazaro_AloeVera_2018_2018,11,60,8,56,0.7000000000000001,70,93.33333333333333
54_Lazaro_SonBaco_2018_2018,14,73,10,66,0.7000000000000001,70,90.41095890410959
54_Lazaro_SonMutNou_2018_2018,12,69,9,66,0.7000000000000001,70,95.65217391304348
54_Lazaro_UIB_2018_2018,20,72,15,47,0.7000000000000001,70,65.27777777777777
5_Marini_UNIPD02 AA_2019,24,24,17,23,0.7000000000000001,70,95.83333333333333
5_Marini_UNIPD02 AB_2019,26,16,19,13,0.7000000000000001,70,81.25
5_Marini_UNIPD02 AC_2019,31,23,22,17,0.7000000000000001,70,73.91304347826087
5_Marini_UNIPD02 AD_2019,20,14,15,11,0.7000000000000001,70,78.57142857142857
5_Marini_UNIPD02 AE_2019,19,35,14,28,0.7000000000000001,70,80
5_Marini_UNIPD02 AF_2019,16,24,12,22,0.7000000000000001,70,91.66666666666667
5_Marini_UNIPD02 AG_2019,25,52,18,50,0.7000000000000001,70,96.15384615384616
5_Marini_UNIPD02 AH_2019,22,35,16,27,0.7000000000000001,70,77.14285714285714
5_Marini_UNIPD02 AI_2019,21,16,15,13,0.7000000000000001,70,81.25
5_Marini_UNIPD02 AJ_2019,10,31,8,30,0.7000000000000001,70,96.7741935483871
5_Marini_UNIPD02 AK_2019,10,21,8,17,0.7000000000000001,70,80.95238095238095
5_Marini_UNIPD02 AL_2019,27,39,19,38,0.7000000000000001,70,97.43589743589743
5_Marini_UNIPD02 AM_2019,31,34,22,29,0.7000000000000001,70,85.29411764705883
5_Marini_UNIPD02 AN_2019,12,20,9,19,0.7000000000000001,70,95
5_Marini_UNIPD02 AO_2019,18,29,13,27,0.7000000000000001,70,93.10344827586206
5_Marini_UNIPD02 AP_2019,16,18,12,14,0.7000000000000001,70,77.77777777777777
5_Marini_UNIPD02 AQ_2019,15,24,11,20,0.7000000000000001,70,83.33333333333333
5_Marini_UNIPD02 AS_2019,14,22,10,21,0.7000000000000001,70,95.45454545454545
5_Marini_UNIPD02 AT_2019,16,26,12,26,0.7000000000000001,70,100
5_Marini_UNIPD02 AV_2019,10,13,8,13,0.7000000000000001,70,100
5_Marini_UNIPD02 A_2019,17,35,12,32,0.7000000000000001,70,91.42857142857143
5_Marini_UNIPD02 B_2019,21,32,15,27,0.7000000000000001,70,84.375
5_Marini_UNIPD02 C_2019,19,35,14,35,0.7000000000000001,70,100
5_Marini_UNIPD02 D_2019,17,32,12,31,0.7000000000000001,70,96.875
5_Marini_UNIPD02 E_2019,12,32,9,26,0.7000000000000001,70,81.25
5_Marini_UNIPD02 G_2019,19,27,14,22,0.7000000000000001,70,81.48148148148148
5_Marini_UNIPD02 H_2019,15,21,11,18,0.7000000000000001,70,85.71428571428571
5_Marini_UNIPD02 I_2019,16,35,12,33,0.7000000000000001,70,94.28571428571429
5_Marini_UNIPD02 K_2019,16,31,12,30,0.7000000000000001,70,96.7741935483871
5_Marini_UNIPD02 L_2019,13,20,10,18,0.7000000000000001,70,90
5_Marini_UNIPD02 M_2019,26,35,19,34,0.7000000000000001,70,97.14285714285714
5_Marini_UNIPD02 N_2019,17,20,12,18,0.7000000000000001,70,90
5_Marini_UNIPD02 O_2019,19,31,14,26,0.7000000000000001,70,83.87096774193549
5_Marini_UNIPD02 P_2019,15,24,11,16,0.7000000000000001,70,66.66666666666667
5_Marini_UNIPD02 Q_2019,18,22,13,22,0.7000000000000001,70,100
5_Marini_UNIPD02 S_2019,22,31,16,30,0.7000000000000001,70,96.7741935483871
5_Marini_UNIPD02 T_2019,21,18,15,17,0.7000000000000001,70,94.44444444444444
5_Marini_UNIPD02 U_2019,28,23,20,22,0.7000000000000001,70,95.65217391304348
5_Marini_UNIPD02 V_2019,29,39,21,34,0.7000000000000001,70,87.17948717948718
5_Marini_UNIPD02 W_2019,21,36,15,31,0.7000000000000001,70,86.11111111111111
5_Marini_UNIPD02 X_2019,27,41,19,36,0.7000000000000001,70,87.8048780487805
5_Marini_UNIPD02 Y_2019,20,45,15,40,0.7000000000000001,70,88.88888888888889
5_Marini_UNIPD02 Z_2019,15,27,11,25,0.7000000000000001,70,92.5925925925926
6_Marini_UNIPD03 CD13_2020,13,25,10,25,0.7000000000000001,70,100
6_Marini_UNIPD03 CD14_2020,18,30,13,30,0.7000000000000001,70,100
6_Marini_UNIPD03 CD15_2020,24,43,17,41,0.7000000000000001,70,95.34883720930233
6_Marini_UNIPD03 CD16_2020,26,52,19,50,0.7000000000000001,70,96.15384615384616
6_Marini_UNIPD03 CD17_2020,27,51,19,49,0.7000000000000001,70,96.07843137254902
6_Marini_UNIPD03 CD20_2020,17,44,12,40,0.7000000000000001,70,90.9090909090909
6_Marini_UNIPD03 CD22_2020,22,24,16,23,0.7000000000000001,70,95.83333333333333
6_Marini_UNIPD03 CD23_2020,23,39,17,35,0.7000000000000001,70,89.74358974358974
6_Marini_UNIPD03 CD26_2020,11,26,8,21,0.7000000000000001,70,80.76923076923077
6_Marini_UNIPD03 CD27_2020,23,34,17,33,0.7000000000000001,70,97.05882352941177
6_Marini_UNIPD03 CD28_2020,27,42,19,40,0.7000000000000001,70,95.23809523809524
6_Marini_UNIPD03 CD29_2020,21,35,15,33,0.7000000000000001,70,94.28571428571429
6_Marini_UNIPD03 CD2_2020,10,22,8,20,0.7000000000000001,70,90.9090909090909
6_Marini_UNIPD03 CD34_2020,14,45,10,44,0.7000000000000001,70,97.77777777777777
6_Marini_UNIPD03 D11_2020,13,28,10,28,0.7000000000000001,70,100
6_Marini_UNIPD03 D17_2020,10,26,8,25,0.7000000000000001,70,96.15384615384616
6_Marini_UNIPD03 D21_2020,11,23,8,22,0.7000000000000001,70,95.65217391304348
6_Marini_UNIPD03 D24_2020,17,33,12,33,0.7000000000000001,70,100
6_Marini_UNIPD03 D28_2020,19,32,14,29,0.7000000000000001,70,90.625
6_Marini_UNIPD03 D29_2020,15,28,11,26,0.7000000000000001,70,92.85714285714286
6_Marini_UNIPD03 D34_2020,13,37,10,34,0.7000000000000001,70,91.89189189189189
6_Marini_UNIPD03 D35_2020,13,24,10,24,0.7000000000000001,70,100
6_Marini_UNIPD03 D5_2020,17,30,12,30,0.7000000000000001,70,100
6_Marini_UNIPD03 D8_2020,11,18,8,17,0.7000000000000001,70,94.44444444444444
6_Marini_UNIPD03 E14_2020,19,34,14,27,0.7000000000000001,70,79.41176470588235
6_Marini_UNIPD03 E19_2020,19,28,14,28,0.7000000000000001,70,100
6_Marini_UNIPD03 E25_2020,17,24,12,22,0.7000000000000001,70,91.66666666666667
6_Marini_UNIPD03 E26_2020,24,45,17,45,0.7000000000000001,70,100
6_Marini_UNIPD03 E31_2020,13,22,10,22,0.7000000000000001,70,100
6_Marini_UNIPD03 E32_2020,10,20,8,17,0.7000000000000001,70,85
6_Marini_UNIPD03 E33_2020,13,40,10,40,0.7000000000000001,70,100
6_Marini_UNIPD03 E35_2020,14,36,10,33,0.7000000000000001,70,91.66666666666667
6_Marini_UNIPD03 E36_2020,11,42,8,42,0.7000000000000001,70,100
7_Scheper_Chize_10_Field_boundary_2015,37,22,26,11,0.7000000000000001,70,50
7_Scheper_Chize_12_Field_boundary_2015,34,34,24,26,0.7000000000000001,70,76.47058823529412
7_Scheper_Chize_14_Field_boundary_2015,35,38,25,16,0.7000000000000001,70,42.10526315789474
7_Scheper_Chize_19_Field_boundary_2015,32,22,23,19,0.7000000000000001,70,86.36363636363636
7_Scheper_Chize_1_Field_boundary_2015,25,22,18,19,0.7000000000000001,70,86.36363636363636
7_Scheper_Chize_1_Grassland_2015,14,22,10,18,0.7000000000000001,70,81.81818181818181
7_Scheper_Chize_25_Field_boundary_2015,31,27,22,20,0.7000000000000001,70,74.07407407407408
7_Scheper_Chize_4_Field_boundary_2015,25,21,18,16,0.7000000000000001,70,76.19047619047619
7_Scheper_Chize_5_Field_boundary_2015,32,21,23,17,0.7000000000000001,70,80.95238095238095
7_Scheper_Chize_6_Field_boundary_2015,31,35,22,30,0.7000000000000001,70,85.71428571428571
11_Clough_ASK_2021_2021,16,19,13,18,0.7500000000000001,75.00000000000001,94.73684210526316
11_Clough_HAM_2021_2021,24,38,19,37,0.7500000000000001,75.00000000000001,97.36842105263158
11_Clough_KOM_2021_2021,22,23,17,23,0.7500000000000001,75.00000000000001,100
11_Clough_LOB_2021_2021,21,19,16,16,0.7500000000000001,75.00000000000001,84.21052631578948
11_Clough_PET_2021_2021,30,36,23,34,0.7500000000000001,75.00000000000001,94.44444444444444
11_Clough_TAG_2021_2021,28,35,22,32,0.7500000000000001,75.00000000000001,91.42857142857143
12_Ockinger_Norrang_Ryckelsby_Og,25,21,19,21,0.7500000000000001,75.00000000000001,100
12_Ockinger_Sattra_Og,26,11,20,10,0.7500000000000001,75.00000000000001,90.9090909090909
12_Ockinger_St_Tadinge,28,18,22,17,0.7500000000000001,75.00000000000001,94.44444444444444
12_Ockinger_Tjalinge_Skogstibble,35,18,27,15,0.7500000000000001,75.00000000000001,83.33333333333333
20_Hoiss_H5_2010,25,81,19,72,0.7500000000000001,75.00000000000001,88.88888888888889
20_Hoiss_H6_2010,36,36,28,34,0.7500000000000001,75.00000000000001,94.44444444444444
20_Hoiss_H7_2010,31,38,24,32,0.7500000000000001,75.00000000000001,84.21052631578948
20_Hoiss_HO1_2010,30,52,23,43,0.7500000000000001,75.00000000000001,82.6923076923077
20_Hoiss_HO5_2010,50,57,38,53,0.7500000000000001,75.00000000000001,92.98245614035088
20_Hoiss_T4_2010,32,61,25,47,0.7500000000000001,75.00000000000001,77.04918032786885
22_Kallnik_h1_2012,87,11,66,11,0.7500000000000001,75.00000000000001,100
22_Kallnik_h2_2011,54,11,41,11,0.7500000000000001,75.00000000000001,100
22_Kallnik_h3_2011,71,10,54,10,0.7500000000000001,75.00000000000001,100
22_Kallnik_h4_2010,96,10,73,9,0.7500000000000001,75.00000000000001,90
22_Kallnik_h4_2011,85,10,64,10,0.7500000000000001,75.00000000000001,100
22_Kallnik_h5_2011,54,11,41,11,0.7500000000000001,75.00000000000001,100
22_Kallnik_h5_2012,78,11,59,11,0.7500000000000001,75.00000000000001,100
22_Kallnik_h6_2011,69,10,52,10,0.7500000000000001,75.00000000000001,100
22_Kallnik_h7_2011,63,10,48,10,0.7500000000000001,75.00000000000001,100
22_Kallnik_ho2_2011,68,10,52,10,0.7500000000000001,75.00000000000001,100
22_Kallnik_ho3_2011,49,12,37,12,0.7500000000000001,75.00000000000001,100
22_Kallnik_ho3_2012,61,10,46,10,0.7500000000000001,75.00000000000001,100
22_Kallnik_ho4_2010,76,10,58,9,0.7500000000000001,75.00000000000001,90
22_Kallnik_ho4_2011,71,13,54,13,0.7500000000000001,75.00000000000001,100
22_Kallnik_ho4_2012,79,12,60,12,0.7500000000000001,75.00000000000001,100
22_Kallnik_ho5_2011,59,12,45,12,0.7500000000000001,75.00000000000001,100
22_Kallnik_wma3_2011,53,10,40,10,0.7500000000000001,75.00000000000001,100
22_Kallnik_wma3_2012,71,10,54,9,0.7500000000000001,75.00000000000001,90
22_Kallnik_wma4_2011,50,11,38,11,0.7500000000000001,75.00000000000001,100
22_Kallnik_wma5_2011,55,10,42,10,0.7500000000000001,75.00000000000001,100
22_Kallnik_wmb1_2012,92,11,70,11,0.7500000000000001,75.00000000000001,100
22_Kallnik_wmb2_2011,89,12,67,12,0.7500000000000001,75.00000000000001,100
22_Kallnik_wmb2_2012,108,11,82,11,0.7500000000000001,75.00000000000001,100
22_Kallnik_wmb3_2011,90,10,68,10,0.7500000000000001,75.00000000000001,100
22_Kallnik_wmb3_2012,106,10,80,10,0.7500000000000001,75.00000000000001,100
22_Kallnik_wmb4_2010,84,12,64,12,0.7500000000000001,75.00000000000001,100
22_Kallnik_wmb4_2011,78,13,59,13,0.7500000000000001,75.00000000000001,100
22_Kallnik_wmb4_2012,87,11,66,11,0.7500000000000001,75.00000000000001,100
22_Kallnik_wmb5_2010,91,11,69,11,0.7500000000000001,75.00000000000001,100
22_Kallnik_wmb5_2011,82,11,62,11,0.7500000000000001,75.00000000000001,100
22_Kallnik_wmb5_2012,90,11,68,11,0.7500000000000001,75.00000000000001,100
28_Sutter_10_2013,44,16,34,15,0.7500000000000001,75.00000000000001,93.75
28_Sutter_11_2013,38,14,29,13,0.7500000000000001,75.00000000000001,92.85714285714286
28_Sutter_12_2013,34,12,26,11,0.7500000000000001,75.00000000000001,91.66666666666667
28_Sutter_13_2013,45,13,34,11,0.7500000000000001,75.00000000000001,84.61538461538461
28_Sutter_13_2014,30,11,23,11,0.7500000000000001,75.00000000000001,100
28_Sutter_14_2013,20,12,16,6,0.7500000000000001,75.00000000000001,50
28_Sutter_17_2013,47,17,36,16,0.7500000000000001,75.00000000000001,94.11764705882354
28_Sutter_19_2013,35,20,27,19,0.7500000000000001,75.00000000000001,95
28_Sutter_1_2013,46,14,35,13,0.7500000000000001,75.00000000000001,92.85714285714286
28_Sutter_20_2013,24,15,19,14,0.7500000000000001,75.00000000000001,93.33333333333333
28_Sutter_21_2013,43,16,33,12,0.7500000000000001,75.00000000000001,75
28_Sutter_2_2013,29,15,22,15,0.7500000000000001,75.00000000000001,100
28_Sutter_3_2013,34,21,26,17,0.7500000000000001,75.00000000000001,80.95238095238095
28_Sutter_5_2013,50,23,38,22,0.7500000000000001,75.00000000000001,95.65217391304348
28_Sutter_8_2013,34,17,26,16,0.7500000000000001,75.00000000000001,94.11764705882354
28_Sutter_8_2014,22,18,17,17,0.7500000000000001,75.00000000000001,94.44444444444444
29_Magrach_Gibraleon_2011,16,27,13,19,0.7500000000000001,75.00000000000001,70.37037037037037
29_Magrach_Gravera_2011,18,25,14,17,0.7500000000000001,75.00000000000001,68
29_Magrach_Niebla_2011,18,31,14,29,0.7500000000000001,75.00000000000001,93.54838709677419
29_Magrach_Niebla_2012,21,26,16,26,0.7500000000000001,75.00000000000001,100
29_Magrach_Villablanca_2011,18,22,14,20,0.7500000000000001,75.00000000000001,90.9090909090909
2_Petanidou_Armolia_2015,37,73,28,69,0.7500000000000001,75.00000000000001,94.52054794520548
2_Petanidou_Emborios_2015,21,80,16,78,0.7500000000000001,75.00000000000001,97.5
2_Petanidou_Gridia_2015,38,73,29,70,0.7500000000000001,75.00000000000001,95.89041095890411
2_Petanidou_Kato Fana_2015,14,60,11,51,0.7500000000000001,75.00000000000001,85
2_Petanidou_Palios Katarraktis_2015,39,73,30,63,0.7500000000000001,75.00000000000001,86.3013698630137
2_Petanidou_Vessa 2_2015,28,98,22,96,0.7500000000000001,75.00000000000001,97.95918367346938
30_Smith_lsk48_2012,30,22,23,15,0.7500000000000001,75.00000000000001,68.18181818181819
30_Smith_lsk57_2011,33,20,25,14,0.7500000000000001,75.00000000000001,70
30_Smith_lsk73_2012,28,19,22,15,0.7500000000000001,75.00000000000001,78.94736842105263
30_Smith_lsk74_2012,27,26,21,17,0.7500000000000001,75.00000000000001,65.38461538461539
30_Smith_lsk77_2011,22,19,17,17,0.7500000000000001,75.00000000000001,89.47368421052632
30_Smith_lsk77_2012,42,25,32,15,0.7500000000000001,75.00000000000001,60
31_Roberts_Hunt_2013,44,12,34,12,0.7500000000000001,75.00000000000001,100
31_Roberts_Jefferies_2013,31,13,24,11,0.7500000000000001,75.00000000000001,84.61538461538461
31_Roberts_Livingstone_far_2012,30,12,23,12,0.7500000000000001,75.00000000000001,100
31_Roberts_Livingstone_house_2012,30,14,23,13,0.7500000000000001,75.00000000000001,92.85714285714286
31_Roberts_Mearns_2013,32,19,25,18,0.7500000000000001,75.00000000000001,94.73684210526316
31_Roberts_White_left_2012,42,19,32,15,0.7500000000000001,75.00000000000001,78.94736842105263
36_Larkin_Barracks.Lyan.Co.Clare_13.2017_GS1,13,11,10,10,0.7500000000000001,75.00000000000001,90.9090909090909
36_Larkin_Glencolumbkille.South.Carron.Co.Clare_20.2017_GS1,12,13,10,11,0.7500000000000001,75.00000000000001,84.61538461538461
37_White_An,15,23,12,23,0.7500000000000001,75.00000000000001,100
37_White_Bl,19,27,15,24,0.7500000000000001,75.00000000000001,88.88888888888889
37_White_Bn,20,26,16,22,0.7500000000000001,75.00000000000001,84.61538461538461
37_White_CW,26,33,20,31,0.7500000000000001,75.00000000000001,93.93939393939394
37_White_Ce,18,20,14,18,0.7500000000000001,75.00000000000001,90
37_White_Cn,29,34,22,34,0.7500000000000001,75.00000000000001,100
37_White_ED,13,19,10,18,0.7500000000000001,75.00000000000001,94.73684210526316
37_White_Fs,22,21,17,18,0.7500000000000001,75.00000000000001,85.71428571428571
37_White_JK,25,24,19,20,0.7500000000000001,75.00000000000001,83.33333333333333
37_White_Kr,29,17,22,16,0.7500000000000001,75.00000000000001,94.11764705882354
37_White_ND,25,22,19,21,0.7500000000000001,75.00000000000001,95.45454545454545
37_White_NG,21,25,16,23,0.7500000000000001,75.00000000000001,92
37_White_Pn,12,17,10,10,0.7500000000000001,75.00000000000001,58.8235294117647
37_White_WD,15,23,12,20,0.7500000000000001,75.00000000000001,86.95652173913044
38_Maurer_A1,47,27,36,27,0.7500000000000001,75.00000000000001,100
38_Maurer_A2,76,40,58,26,0.7500000000000001,75.00000000000001,65
38_Maurer_A3,69,31,52,29,0.7500000000000001,75.00000000000001,93.54838709677419
38_Maurer_A4,58,31,44,26,0.7500000000000001,75.00000000000001,83.87096774193549
38_Maurer_R1,72,42,55,37,0.7500000000000001,75.00000000000001,88.0952380952381
38_Maurer_R2,54,51,41,47,0.7500000000000001,75.00000000000001,92.15686274509804
38_Maurer_R3,95,48,72,41,0.7500000000000001,75.00000000000001,85.41666666666667
38_Maurer_R4,66,37,50,30,0.7500000000000001,75.00000000000001,81.08108108108108
38_Maurer_U2,113,64,85,60,0.7500000000000001,75.00000000000001,93.75
38_Maurer_U3,92,49,70,48,0.7500000000000001,75.00000000000001,97.95918367346938
39_Schweiger_I1_ruderal_1_2021,23,20,18,18,0.7500000000000001,75.00000000000001,90
39_Schweiger_I2_semi.natural.grass_5_2021,18,27,14,25,0.7500000000000001,75.00000000000001,92.5925925925926
39_Schweiger_I2_woodland.scrub_1_2021,23,22,18,16,0.7500000000000001,75.00000000000001,72.72727272727273
39_Schweiger_I4_woodland.scrub_3_2021,22,21,17,19,0.7500000000000001,75.00000000000001,90.47619047619048
39_Schweiger_R1_semi.natural.grass_4_2021,15,23,12,20,0.7500000000000001,75.00000000000001,86.95652173913044
39_Schweiger_R4_semi.natural.grass_2_2021,11,25,9,23,0.7500000000000001,75.00000000000001,92
40_Knight_Ghe_ari_2017,30,129,23,124,0.7500000000000001,75.00000000000001,96.12403100775194
41_Knight_1 wooded meadow_2018,39,37,30,34,0.7500000000000001,75.00000000000001,91.89189189189189
41_Knight_2 alvar pasture_2018,32,17,25,17,0.7500000000000001,75.00000000000001,100
41_Knight_3 alvar pasture_2018,21,34,16,32,0.7500000000000001,75.00000000000001,94.11764705882354
41_Knight_4 wooded meadow_2018,30,23,23,22,0.7500000000000001,75.00000000000001,95.65217391304348
41_Knight_5 wooded meadow_2018,27,47,21,39,0.7500000000000001,75.00000000000001,82.97872340425532
41_Knight_6 alvar pasture_2018,37,23,28,20,0.7500000000000001,75.00000000000001,86.95652173913044
42_Knight_M1Restored_2019,45,25,34,25,0.7500000000000001,75.00000000000001,100
42_Knight_M2Natural_2019,31,19,24,19,0.7500000000000001,75.00000000000001,100
42_Knight_M3Natural_2019,37,17,28,16,0.7500000000000001,75.00000000000001,94.11764705882354
42_Knight_M4Restored_2019,33,19,25,16,0.7500000000000001,75.00000000000001,84.21052631578948
42_Knight_M5Restored_2019,37,21,28,15,0.7500000000000001,75.00000000000001,71.42857142857143
42_Knight_M6Natural_2019,47,35,36,31,0.7500000000000001,75.00000000000001,88.57142857142857
42_Knight_M8Restored_2019,32,15,25,13,0.7500000000000001,75.00000000000001,86.66666666666667
44_Knight_M11_2018,46,33,35,29,0.7500000000000001,75.00000000000001,87.87878787878788
44_Knight_M12_2018,43,55,33,49,0.7500000000000001,75.00000000000001,89.0909090909091
44_Knight_M13_2018,32,23,25,21,0.7500000000000001,75.00000000000001,91.30434782608695
44_Knight_M15_2018,45,58,34,52,0.7500000000000001,75.00000000000001,89.65517241379311
44_Knight_M16_2018,50,50,38,49,0.7500000000000001,75.00000000000001,98
44_Knight_M17_2018,33,48,25,34,0.7500000000000001,75.00000000000001,70.83333333333333
44_Knight_M18_2018,39,44,30,40,0.7500000000000001,75.00000000000001,90.9090909090909
44_Knight_M1_2018,23,37,18,31,0.7500000000000001,75.00000000000001,83.78378378378379
44_Knight_M3_2018,57,63,43,53,0.7500000000000001,75.00000000000001,84.12698412698413
44_Knight_M4_2018,46,56,35,55,0.7500000000000001,75.00000000000001,98.21428571428571
44_Knight_M6_2018,69,33,52,27,0.7500000000000001,75.00000000000001,81.81818181818181
44_Knight_M8_2018,67,41,51,38,0.7500000000000001,75.00000000000001,92.6829268292683
45_Knight_Hermanovice_meadow_2018,32,47,25,42,0.7500000000000001,75.00000000000001,89.36170212765957
45_Knight_HorniGrunt_meadow_2018,26,38,20,35,0.7500000000000001,75.00000000000001,92.10526315789474
45_Knight_Mnichov_meadow_2018,29,53,22,40,0.7500000000000001,75.00000000000001,75.47169811320755
46_Knight_Gora_Gipsowa_2018,37,41,28,17,0.7500000000000001,75.00000000000001,41.46341463414634
47_Benadi_1,81,190,61,187,0.7500000000000001,75.00000000000001,98.42105263157895
47_Benadi_2,54,162,41,159,0.7500000000000001,75.00000000000001,98.14814814814815
47_Benadi_3,67,150,51,147,0.7500000000000001,75.00000000000001,98
47_Benadi_4,55,144,42,137,0.7500000000000001,75.00000000000001,95.13888888888889
47_Benadi_5,68,131,52,130,0.7500000000000001,75.00000000000001,99.23664122137404
47_Benadi_6,63,96,48,95,0.7500000000000001,75.00000000000001,98.95833333333333
4_Marini_UNIPD01 A_2018,23,69,18,61,0.7500000000000001,75.00000000000001,88.40579710144928
4_Marini_UNIPD01 An_2018,27,54,21,52,0.7500000000000001,75.00000000000001,96.29629629629629
4_Marini_UNIPD01 B_2018,29,58,22,55,0.7500000000000001,75.00000000000001,94.82758620689656
4_Marini_UNIPD01 Bn_2018,32,90,25,79,0.7500000000000001,75.00000000000001,87.77777777777777
4_Marini_UNIPD01 C_2018,37,67,28,63,0.7500000000000001,75.00000000000001,94.02985074626865
4_Marini_UNIPD01 Cn_2018,30,65,23,62,0.7500000000000001,75.00000000000001,95.38461538461539
4_Marini_UNIPD01 E_2018,46,73,35,68,0.7500000000000001,75.00000000000001,93.15068493150685
4_Marini_UNIPD01 En_2018,40,67,31,62,0.7500000000000001,75.00000000000001,92.53731343283582
4_Marini_UNIPD01 F_2018,25,32,19,29,0.7500000000000001,75.00000000000001,90.625
4_Marini_UNIPD01 Fn_2018,29,31,22,30,0.7500000000000001,75.00000000000001,96.7741935483871
4_Marini_UNIPD01 G_2018,25,56,19,54,0.7500000000000001,75.00000000000001,96.42857142857143
4_Marini_UNIPD01 Gn_2018,28,45,22,43,0.7500000000000001,75.00000000000001,95.55555555555556
4_Marini_UNIPD01 H_2018,50,98,38,85,0.7500000000000001,75.00000000000001,86.73469387755102
4_Marini_UNIPD01 Hn_2018,38,82,29,71,0.7500000000000001,75.00000000000001,86.58536585365853
4_Marini_UNIPD01 I_2018,33,74,25,69,0.7500000000000001,75.00000000000001,93.24324324324324
4_Marini_UNIPD01 In_2018,44,93,34,89,0.7500000000000001,75.00000000000001,95.6989247311828
50_Hervias-Parejo_Cala Tirant_2021,18,77,14,74,0.7500000000000001,75.00000000000001,96.1038961038961
50_Hervias-Parejo_Llucalari_2021,11,62,9,50,0.7500000000000001,75.00000000000001,80.64516129032258
50_Hervias-Parejo_Sa Bassa_2021,15,81,12,63,0.7500000000000001,75.00000000000001,77.77777777777777
50_Hervias-Parejo_Salinas_2021,27,95,21,71,0.7500000000000001,75.00000000000001,74.73684210526316
50_Hervias-Parejo_Torre Fornells_2021,21,83,16,69,0.7500000000000001,75.00000000000001,83.13253012048193
50_Hervias-Parejo_coast Son Bou_2021,10,46,8,28,0.7500000000000001,75.00000000000001,60.869565217391305
51_Petanidou_Pyrgos_2013,39,66,30,63,0.7500000000000001,75.00000000000001,95.45454545454545
51_Petanidou_Sigri 3_2012,28,51,22,45,0.7500000000000001,75.00000000000001,88.23529411764706
54_Lazaro_AloeVera_2018_2018,11,60,9,56,0.7500000000000001,75.00000000000001,93.33333333333333
54_Lazaro_SonBaco_2018_2018,14,73,11,67,0.7500000000000001,75.00000000000001,91.78082191780823
54_Lazaro_SonMutNou_2018_2018,12,69,10,68,0.7500000000000001,75.00000000000001,98.55072463768116
54_Lazaro_UIB_2018_2018,20,72,16,50,0.7500000000000001,75.00000000000001,69.44444444444444
5_Marini_UNIPD02 AA_2019,24,24,19,23,0.7500000000000001,75.00000000000001,95.83333333333333
5_Marini_UNIPD02 AB_2019,26,16,20,13,0.7500000000000001,75.00000000000001,81.25
5_Marini_UNIPD02 AC_2019,31,23,24,17,0.7500000000000001,75.00000000000001,73.91304347826087
5_Marini_UNIPD02 AD_2019,20,14,16,11,0.7500000000000001,75.00000000000001,78.57142857142857
5_Marini_UNIPD02 AE_2019,19,35,15,29,0.7500000000000001,75.00000000000001,82.85714285714286
5_Marini_UNIPD02 AF_2019,16,24,13,23,0.7500000000000001,75.00000000000001,95.83333333333333
5_Marini_UNIPD02 AG_2019,25,52,19,50,0.7500000000000001,75.00000000000001,96.15384615384616
5_Marini_UNIPD02 AH_2019,22,35,17,27,0.7500000000000001,75.00000000000001,77.14285714285714
5_Marini_UNIPD02 AI_2019,21,16,16,14,0.7500000000000001,75.00000000000001,87.5
5_Marini_UNIPD02 AJ_2019,10,31,8,30,0.7500000000000001,75.00000000000001,96.7741935483871
5_Marini_UNIPD02 AK_2019,10,21,8,17,0.7500000000000001,75.00000000000001,80.95238095238095
5_Marini_UNIPD02 AL_2019,27,39,21,38,0.7500000000000001,75.00000000000001,97.43589743589743
5_Marini_UNIPD02 AM_2019,31,34,24,29,0.7500000000000001,75.00000000000001,85.29411764705883
5_Marini_UNIPD02 AN_2019,12,20,10,20,0.7500000000000001,75.00000000000001,100
5_Marini_UNIPD02 AO_2019,18,29,14,28,0.7500000000000001,75.00000000000001,96.55172413793103
5_Marini_UNIPD02 AP_2019,16,18,13,14,0.7500000000000001,75.00000000000001,77.77777777777777
5_Marini_UNIPD02 AQ_2019,15,24,12,21,0.7500000000000001,75.00000000000001,87.5
5_Marini_UNIPD02 AS_2019,14,22,11,21,0.7500000000000001,75.00000000000001,95.45454545454545
5_Marini_UNIPD02 AT_2019,16,26,13,26,0.7500000000000001,75.00000000000001,100
5_Marini_UNIPD02 AV_2019,10,13,8,13,0.7500000000000001,75.00000000000001,100
5_Marini_UNIPD02 A_2019,17,35,13,32,0.7500000000000001,75.00000000000001,91.42857142857143
5_Marini_UNIPD02 B_2019,21,32,16,27,0.7500000000000001,75.00000000000001,84.375
5_Marini_UNIPD02 C_2019,19,35,15,35,0.7500000000000001,75.00000000000001,100
5_Marini_UNIPD02 D_2019,17,32,13,32,0.7500000000000001,75.00000000000001,100
5_Marini_UNIPD02 E_2019,12,32,10,30,0.7500000000000001,75.00000000000001,93.75
5_Marini_UNIPD02 G_2019,19,27,15,22,0.7500000000000001,75.00000000000001,81.48148148148148
5_Marini_UNIPD02 H_2019,15,21,12,18,0.7500000000000001,75.00000000000001,85.71428571428571
5_Marini_UNIPD02 I_2019,16,35,13,33,0.7500000000000001,75.00000000000001,94.28571428571429
5_Marini_UNIPD02 K_2019,16,31,13,30,0.7500000000000001,75.00000000000001,96.7741935483871
5_Marini_UNIPD02 L_2019,13,20,10,18,0.7500000000000001,75.00000000000001,90
5_Marini_UNIPD02 M_2019,26,35,20,34,0.7500000000000001,75.00000000000001,97.14285714285714
5_Marini_UNIPD02 N_2019,17,20,13,19,0.7500000000000001,75.00000000000001,95
5_Marini_UNIPD02 O_2019,19,31,15,26,0.7500000000000001,75.00000000000001,83.87096774193549
5_Marini_UNIPD02 P_2019,15,24,12,16,0.7500000000000001,75.00000000000001,66.66666666666667
5_Marini_UNIPD02 Q_2019,18,22,14,22,0.7500000000000001,75.00000000000001,100
5_Marini_UNIPD02 S_2019,22,31,17,30,0.7500000000000001,75.00000000000001,96.7741935483871
5_Marini_UNIPD02 T_2019,21,18,16,17,0.7500000000000001,75.00000000000001,94.44444444444444
5_Marini_UNIPD02 U_2019,28,23,22,23,0.7500000000000001,75.00000000000001,100
5_Marini_UNIPD02 V_2019,29,39,22,35,0.7500000000000001,75.00000000000001,89.74358974358974
5_Marini_UNIPD02 W_2019,21,36,16,33,0.7500000000000001,75.00000000000001,91.66666666666667
5_Marini_UNIPD02 X_2019,27,41,21,37,0.7500000000000001,75.00000000000001,90.2439024390244
5_Marini_UNIPD02 Y_2019,20,45,16,41,0.7500000000000001,75.00000000000001,91.11111111111111
5_Marini_UNIPD02 Z_2019,15,27,12,26,0.7500000000000001,75.00000000000001,96.29629629629629
6_Marini_UNIPD03 CD13_2020,13,25,10,25,0.7500000000000001,75.00000000000001,100
6_Marini_UNIPD03 CD14_2020,18,30,14,30,0.7500000000000001,75.00000000000001,100
6_Marini_UNIPD03 CD15_2020,24,43,19,42,0.7500000000000001,75.00000000000001,97.67441860465117
6_Marini_UNIPD03 CD16_2020,26,52,20,50,0.7500000000000001,75.00000000000001,96.15384615384616
6_Marini_UNIPD03 CD17_2020,27,51,21,51,0.7500000000000001,75.00000000000001,100
6_Marini_UNIPD03 CD20_2020,17,44,13,40,0.7500000000000001,75.00000000000001,90.9090909090909
6_Marini_UNIPD03 CD22_2020,22,24,17,23,0.7500000000000001,75.00000000000001,95.83333333333333
6_Marini_UNIPD03 CD23_2020,23,39,18,36,0.7500000000000001,75.00000000000001,92.3076923076923
6_Marini_UNIPD03 CD26_2020,11,26,9,21,0.7500000000000001,75.00000000000001,80.76923076923077
6_Marini_UNIPD03 CD27_2020,23,34,18,33,0.7500000000000001,75.00000000000001,97.05882352941177
6_Marini_UNIPD03 CD28_2020,27,42,21,40,0.7500000000000001,75.00000000000001,95.23809523809524
6_Marini_UNIPD03 CD29_2020,21,35,16,33,0.7500000000000001,75.00000000000001,94.28571428571429
6_Marini_UNIPD03 CD2_2020,10,22,8,20,0.7500000000000001,75.00000000000001,90.9090909090909
6_Marini_UNIPD03 CD34_2020,14,45,11,44,0.7500000000000001,75.00000000000001,97.77777777777777
6_Marini_UNIPD03 D11_2020,13,28,10,28,0.7500000000000001,75.00000000000001,100
6_Marini_UNIPD03 D17_2020,10,26,8,25,0.7500000000000001,75.00000000000001,96.15384615384616
6_Marini_UNIPD03 D21_2020,11,23,9,22,0.7500000000000001,75.00000000000001,95.65217391304348
6_Marini_UNIPD03 D24_2020,17,33,13,33,0.7500000000000001,75.00000000000001,100
6_Marini_UNIPD03 D28_2020,19,32,15,29,0.7500000000000001,75.00000000000001,90.625
6_Marini_UNIPD03 D29_2020,15,28,12,27,0.7500000000000001,75.00000000000001,96.42857142857143
6_Marini_UNIPD03 D34_2020,13,37,10,34,0.7500000000000001,75.00000000000001,91.89189189189189
6_Marini_UNIPD03 D35_2020,13,24,10,24,0.7500000000000001,75.00000000000001,100
6_Marini_UNIPD03 D5_2020,17,30,13,30,0.7500000000000001,75.00000000000001,100
6_Marini_UNIPD03 D8_2020,11,18,9,17,0.7500000000000001,75.00000000000001,94.44444444444444
6_Marini_UNIPD03 E14_2020,19,34,15,31,0.7500000000000001,75.00000000000001,91.17647058823529
6_Marini_UNIPD03 E19_2020,19,28,15,28,0.7500000000000001,75.00000000000001,100
6_Marini_UNIPD03 E25_2020,17,24,13,22,0.7500000000000001,75.00000000000001,91.66666666666667
6_Marini_UNIPD03 E26_2020,24,45,19,45,0.7500000000000001,75.00000000000001,100
6_Marini_UNIPD03 E31_2020,13,22,10,22,0.7500000000000001,75.00000000000001,100
6_Marini_UNIPD03 E32_2020,10,20,8,17,0.7500000000000001,75.00000000000001,85
6_Marini_UNIPD03 E33_2020,13,40,10,40,0.7500000000000001,75.00000000000001,100
6_Marini_UNIPD03 E35_2020,14,36,11,34,0.7500000000000001,75.00000000000001,94.44444444444444
6_Marini_UNIPD03 E36_2020,11,42,9,42,0.7500000000000001,75.00000000000001,100
7_Scheper_Chize_10_Field_boundary_2015,37,22,28,11,0.7500000000000001,75.00000000000001,50
7_Scheper_Chize_12_Field_boundary_2015,34,34,26,26,0.7500000000000001,75.00000000000001,76.47058823529412
7_Scheper_Chize_14_Field_boundary_2015,35,38,27,16,0.7500000000000001,75.00000000000001,42.10526315789474
7_Scheper_Chize_19_Field_boundary_2015,32,22,25,19,0.7500000000000001,75.00000000000001,86.36363636363636
7_Scheper_Chize_1_Field_boundary_2015,25,22,19,19,0.7500000000000001,75.00000000000001,86.36363636363636
7_Scheper_Chize_1_Grassland_2015,14,22,11,18,0.7500000000000001,75.00000000000001,81.81818181818181
7_Scheper_Chize_25_Field_boundary_2015,31,27,24,20,0.7500000000000001,75.00000000000001,74.07407407407408
7_Scheper_Chize_4_Field_boundary_2015,25,21,19,16,0.7500000000000001,75.00000000000001,76.19047619047619
7_Scheper_Chize_5_Field_boundary_2015,32,21,25,17,0.7500000000000001,75.00000000000001,80.95238095238095
7_Scheper_Chize_6_Field_boundary_2015,31,35,24,30,0.7500000000000001,75.00000000000001,85.71428571428571
11_Clough_ASK_2021_2021,16,19,13,18,0.8,80,94.73684210526316
11_Clough_HAM_2021_2021,24,38,20,37,0.8,80,97.36842105263158
11_Clough_KOM_2021_2021,22,23,18,23,0.8,80,100
11_Clough_LOB_2021_2021,21,19,17,16,0.8,80,84.21052631578948
11_Clough_PET_2021_2021,30,36,24,34,0.8,80,94.44444444444444
11_Clough_TAG_2021_2021,28,35,23,32,0.8,80,91.42857142857143
12_Ockinger_Norrang_Ryckelsby_Og,25,21,20,21,0.8,80,100
12_Ockinger_Sattra_Og,26,11,21,10,0.8,80,90.9090909090909
12_Ockinger_St_Tadinge,28,18,23,17,0.8,80,94.44444444444444
12_Ockinger_Tjalinge_Skogstibble,35,18,28,15,0.8,80,83.33333333333333
20_Hoiss_H5_2010,25,81,20,72,0.8,80,88.88888888888889
20_Hoiss_H6_2010,36,36,29,34,0.8,80,94.44444444444444
20_Hoiss_H7_2010,31,38,25,32,0.8,80,84.21052631578948
20_Hoiss_HO1_2010,30,52,24,43,0.8,80,82.6923076923077
20_Hoiss_HO5_2010,50,57,40,53,0.8,80,92.98245614035088
20_Hoiss_T4_2010,32,61,26,47,0.8,80,77.04918032786885
22_Kallnik_h1_2012,87,11,70,11,0.8,80,100
22_Kallnik_h2_2011,54,11,44,11,0.8,80,100
22_Kallnik_h3_2011,71,10,57,10,0.8,80,100
22_Kallnik_h4_2010,96,10,77,9,0.8,80,90
22_Kallnik_h4_2011,85,10,68,10,0.8,80,100
22_Kallnik_h5_2011,54,11,44,11,0.8,80,100
22_Kallnik_h5_2012,78,11,63,11,0.8,80,100
22_Kallnik_h6_2011,69,10,56,10,0.8,80,100
22_Kallnik_h7_2011,63,10,51,10,0.8,80,100
22_Kallnik_ho2_2011,68,10,55,10,0.8,80,100
22_Kallnik_ho3_2011,49,12,40,12,0.8,80,100
22_Kallnik_ho3_2012,61,10,49,10,0.8,80,100
22_Kallnik_ho4_2010,76,10,61,9,0.8,80,90
22_Kallnik_ho4_2011,71,13,57,13,0.8,80,100
22_Kallnik_ho4_2012,79,12,64,12,0.8,80,100
22_Kallnik_ho5_2011,59,12,48,12,0.8,80,100
22_Kallnik_wma3_2011,53,10,43,10,0.8,80,100
22_Kallnik_wma3_2012,71,10,57,9,0.8,80,90
22_Kallnik_wma4_2011,50,11,40,11,0.8,80,100
22_Kallnik_wma5_2011,55,10,44,10,0.8,80,100
22_Kallnik_wmb1_2012,92,11,74,11,0.8,80,100
22_Kallnik_wmb2_2011,89,12,72,12,0.8,80,100
22_Kallnik_wmb2_2012,108,11,87,11,0.8,80,100
22_Kallnik_wmb3_2011,90,10,72,10,0.8,80,100
22_Kallnik_wmb3_2012,106,10,85,10,0.8,80,100
22_Kallnik_wmb4_2010,84,12,68,12,0.8,80,100
22_Kallnik_wmb4_2011,78,13,63,13,0.8,80,100
22_Kallnik_wmb4_2012,87,11,70,11,0.8,80,100
22_Kallnik_wmb5_2010,91,11,73,11,0.8,80,100
22_Kallnik_wmb5_2011,82,11,66,11,0.8,80,100
22_Kallnik_wmb5_2012,90,11,72,11,0.8,80,100
28_Sutter_10_2013,44,16,36,16,0.8,80,100
28_Sutter_11_2013,38,14,31,13,0.8,80,92.85714285714286
28_Sutter_12_2013,34,12,28,12,0.8,80,100
28_Sutter_13_2013,45,13,36,11,0.8,80,84.61538461538461
28_Sutter_13_2014,30,11,24,11,0.8,80,100
28_Sutter_14_2013,20,12,16,6,0.8,80,50
28_Sutter_17_2013,47,17,38,16,0.8,80,94.11764705882354
28_Sutter_19_2013,35,20,28,19,0.8,80,95
28_Sutter_1_2013,46,14,37,14,0.8,80,100
28_Sutter_20_2013,24,15,20,14,0.8,80,93.33333333333333
28_Sutter_21_2013,43,16,35,12,0.8,80,75
28_Sutter_2_2013,29,15,24,15,0.8,80,100
28_Sutter_3_2013,34,21,28,17,0.8,80,80.95238095238095
28_Sutter_5_2013,50,23,40,22,0.8,80,95.65217391304348
28_Sutter_8_2013,34,17,28,16,0.8,80,94.11764705882354
28_Sutter_8_2014,22,18,18,17,0.8,80,94.44444444444444
29_Magrach_Gibraleon_2011,16,27,13,19,0.8,80,70.37037037037037
29_Magrach_Gravera_2011,18,25,15,17,0.8,80,68
29_Magrach_Niebla_2011,18,31,15,29,0.8,80,93.54838709677419
29_Magrach_Niebla_2012,21,26,17,26,0.8,80,100
29_Magrach_Villablanca_2011,18,22,15,20,0.8,80,90.9090909090909
2_Petanidou_Armolia_2015,37,73,30,70,0.8,80,95.89041095890411
2_Petanidou_Emborios_2015,21,80,17,78,0.8,80,97.5
2_Petanidou_Gridia_2015,38,73,31,70,0.8,80,95.89041095890411
2_Petanidou_Kato Fana_2015,14,60,12,52,0.8,80,86.66666666666667
2_Petanidou_Palios Katarraktis_2015,39,73,32,64,0.8,80,87.67123287671232
2_Petanidou_Vessa 2_2015,28,98,23,96,0.8,80,97.95918367346938
30_Smith_lsk48_2012,30,22,24,15,0.8,80,68.18181818181819
30_Smith_lsk57_2011,33,20,27,14,0.8,80,70
30_Smith_lsk73_2012,28,19,23,15,0.8,80,78.94736842105263
30_Smith_lsk74_2012,27,26,22,17,0.8,80,65.38461538461539
30_Smith_lsk77_2011,22,19,18,17,0.8,80,89.47368421052632
30_Smith_lsk77_2012,42,25,34,16,0.8,80,64
31_Roberts_Hunt_2013,44,12,36,12,0.8,80,100
31_Roberts_Jefferies_2013,31,13,25,11,0.8,80,84.61538461538461
31_Roberts_Livingstone_far_2012,30,12,24,12,0.8,80,100
31_Roberts_Livingstone_house_2012,30,14,24,13,0.8,80,92.85714285714286
31_Roberts_Mearns_2013,32,19,26,18,0.8,80,94.73684210526316
31_Roberts_White_left_2012,42,19,34,17,0.8,80,89.47368421052632
36_Larkin_Barracks.Lyan.Co.Clare_13.2017_GS1,13,11,11,11,0.8,80,100
36_Larkin_Glencolumbkille.South.Carron.Co.Clare_20.2017_GS1,12,13,10,11,0.8,80,84.61538461538461
37_White_An,15,23,12,23,0.8,80,100
37_White_Bl,19,27,16,24,0.8,80,88.88888888888889
37_White_Bn,20,26,16,22,0.8,80,84.61538461538461
37_White_CW,26,33,21,31,0.8,80,93.93939393939394
37_White_Ce,18,20,15,18,0.8,80,90
37_White_Cn,29,34,24,34,0.8,80,100
37_White_ED,13,19,11,18,0.8,80,94.73684210526316
37_White_Fs,22,21,18,18,0.8,80,85.71428571428571
37_White_JK,25,24,20,20,0.8,80,83.33333333333333
37_White_Kr,29,17,24,16,0.8,80,94.11764705882354
37_White_ND,25,22,20,21,0.8,80,95.45454545454545
37_White_NG,21,25,17,23,0.8,80,92
37_White_Pn,12,17,10,10,0.8,80,58.8235294117647
37_White_WD,15,23,12,20,0.8,80,86.95652173913044
38_Maurer_A1,47,27,38,27,0.8,80,100
38_Maurer_A2,76,40,61,26,0.8,80,65
38_Maurer_A3,69,31,56,29,0.8,80,93.54838709677419
38_Maurer_A4,58,31,47,29,0.8,80,93.54838709677419
38_Maurer_R1,72,42,58,37,0.8,80,88.0952380952381
38_Maurer_R2,54,51,44,47,0.8,80,92.15686274509804
38_Maurer_R3,95,48,76,46,0.8,80,95.83333333333333
38_Maurer_R4,66,37,53,35,0.8,80,94.5945945945946
38_Maurer_U2,113,64,91,61,0.8,80,95.3125
38_Maurer_U3,92,49,74,48,0.8,80,97.95918367346938
39_Schweiger_I1_ruderal_1_2021,23,20,19,18,0.8,80,90
39_Schweiger_I2_semi.natural.grass_5_2021,18,27,15,25,0.8,80,92.5925925925926
39_Schweiger_I2_woodland.scrub_1_2021,23,22,19,16,0.8,80,72.72727272727273
39_Schweiger_I4_woodland.scrub_3_2021,22,21,18,19,0.8,80,90.47619047619048
39_Schweiger_R1_semi.natural.grass_4_2021,15,23,12,20,0.8,80,86.95652173913044
39_Schweiger_R4_semi.natural.grass_2_2021,11,25,9,23,0.8,80,92
40_Knight_Ghe_ari_2017,30,129,24,124,0.8,80,96.12403100775194
41_Knight_1 wooded meadow_2018,39,37,32,34,0.8,80,91.89189189189189
41_Knight_2 alvar pasture_2018,32,17,26,17,0.8,80,100
41_Knight_3 alvar pasture_2018,21,34,17,32,0.8,80,94.11764705882354
41_Knight_4 wooded meadow_2018,30,23,24,22,0.8,80,95.65217391304348
41_Knight_5 wooded meadow_2018,27,47,22,39,0.8,80,82.97872340425532
41_Knight_6 alvar pasture_2018,37,23,30,20,0.8,80,86.95652173913044
42_Knight_M1Restored_2019,45,25,36,25,0.8,80,100
42_Knight_M2Natural_2019,31,19,25,19,0.8,80,100
42_Knight_M3Natural_2019,37,17,30,16,0.8,80,94.11764705882354
42_Knight_M4Restored_2019,33,19,27,16,0.8,80,84.21052631578948
42_Knight_M5Restored_2019,37,21,30,15,0.8,80,71.42857142857143
42_Knight_M6Natural_2019,47,35,38,31,0.8,80,88.57142857142857
42_Knight_M8Restored_2019,32,15,26,13,0.8,80,86.66666666666667
44_Knight_M11_2018,46,33,37,29,0.8,80,87.87878787878788
44_Knight_M12_2018,43,55,35,49,0.8,80,89.0909090909091
44_Knight_M13_2018,32,23,26,21,0.8,80,91.30434782608695
44_Knight_M15_2018,45,58,36,53,0.8,80,91.37931034482759
44_Knight_M16_2018,50,50,40,49,0.8,80,98
44_Knight_M17_2018,33,48,27,34,0.8,80,70.83333333333333
44_Knight_M18_2018,39,44,32,43,0.8,80,97.72727272727273
44_Knight_M1_2018,23,37,19,31,0.8,80,83.78378378378379
44_Knight_M3_2018,57,63,46,53,0.8,80,84.12698412698413
44_Knight_M4_2018,46,56,37,55,0.8,80,98.21428571428571
44_Knight_M6_2018,69,33,56,27,0.8,80,81.81818181818181
44_Knight_M8_2018,67,41,54,38,0.8,80,92.6829268292683
45_Knight_Hermanovice_meadow_2018,32,47,26,42,0.8,80,89.36170212765957
45_Knight_HorniGrunt_meadow_2018,26,38,21,35,0.8,80,92.10526315789474
45_Knight_Mnichov_meadow_2018,29,53,24,40,0.8,80,75.47169811320755
46_Knight_Gora_Gipsowa_2018,37,41,30,17,0.8,80,41.46341463414634
47_Benadi_1,81,190,65,187,0.8,80,98.42105263157895
47_Benadi_2,54,162,44,159,0.8,80,98.14814814814815
47_Benadi_3,67,150,54,147,0.8,80,98
47_Benadi_4,55,144,44,137,0.8,80,95.13888888888889
47_Benadi_5,68,131,55,130,0.8,80,99.23664122137404
47_Benadi_6,63,96,51,95,0.8,80,98.95833333333333
4_Marini_UNIPD01 A_2018,23,69,19,62,0.8,80,89.85507246376811
4_Marini_UNIPD01 An_2018,27,54,22,53,0.8,80,98.14814814814815
4_Marini_UNIPD01 B_2018,29,58,24,55,0.8,80,94.82758620689656
4_Marini_UNIPD01 Bn_2018,32,90,26,79,0.8,80,87.77777777777777
4_Marini_UNIPD01 C_2018,37,67,30,63,0.8,80,94.02985074626865
4_Marini_UNIPD01 Cn_2018,30,65,24,63,0.8,80,96.92307692307692
4_Marini_UNIPD01 E_2018,46,73,37,68,0.8,80,93.15068493150685
4_Marini_UNIPD01 En_2018,40,67,32,62,0.8,80,92.53731343283582
4_Marini_UNIPD01 F_2018,25,32,20,29,0.8,80,90.625
4_Marini_UNIPD01 Fn_2018,29,31,24,30,0.8,80,96.7741935483871
4_Marini_UNIPD01 G_2018,25,56,20,54,0.8,80,96.42857142857143
4_Marini_UNIPD01 Gn_2018,28,45,23,43,0.8,80,95.55555555555556
4_Marini_UNIPD01 H_2018,50,98,40,86,0.8,80,87.75510204081633
4_Marini_UNIPD01 Hn_2018,38,82,31,71,0.8,80,86.58536585365853
4_Marini_UNIPD01 I_2018,33,74,27,70,0.8,80,94.5945945945946
4_Marini_UNIPD01 In_2018,44,93,36,90,0.8,80,96.7741935483871
50_Hervias-Parejo_Cala Tirant_2021,18,77,15,74,0.8,80,96.1038961038961
50_Hervias-Parejo_Llucalari_2021,11,62,9,50,0.8,80,80.64516129032258
50_Hervias-Parejo_Sa Bassa_2021,15,81,12,63,0.8,80,77.77777777777777
50_Hervias-Parejo_Salinas_2021,27,95,22,71,0.8,80,74.73684210526316
50_Hervias-Parejo_Torre Fornells_2021,21,83,17,71,0.8,80,85.5421686746988
50_Hervias-Parejo_coast Son Bou_2021,10,46,8,28,0.8,80,60.869565217391305
51_Petanidou_Pyrgos_2013,39,66,32,63,0.8,80,95.45454545454545
51_Petanidou_Sigri 3_2012,28,51,23,46,0.8,80,90.19607843137256
54_Lazaro_AloeVera_2018_2018,11,60,9,56,0.8,80,93.33333333333333
54_Lazaro_SonBaco_2018_2018,14,73,12,69,0.8,80,94.52054794520548
54_Lazaro_SonMutNou_2018_2018,12,69,10,68,0.8,80,98.55072463768116
54_Lazaro_UIB_2018_2018,20,72,16,50,0.8,80,69.44444444444444
5_Marini_UNIPD02 AA_2019,24,24,20,23,0.8,80,95.83333333333333
5_Marini_UNIPD02 AB_2019,26,16,21,13,0.8,80,81.25
5_Marini_UNIPD02 AC_2019,31,23,25,18,0.8,80,78.26086956521739
5_Marini_UNIPD02 AD_2019,20,14,16,11,0.8,80,78.57142857142857
5_Marini_UNIPD02 AE_2019,19,35,16,29,0.8,80,82.85714285714286
5_Marini_UNIPD02 AF_2019,16,24,13,23,0.8,80,95.83333333333333
5_Marini_UNIPD02 AG_2019,25,52,20,51,0.8,80,98.07692307692308
5_Marini_UNIPD02 AH_2019,22,35,18,27,0.8,80,77.14285714285714
5_Marini_UNIPD02 AI_2019,21,16,17,15,0.8,80,93.75
5_Marini_UNIPD02 AJ_2019,10,31,8,30,0.8,80,96.7741935483871
5_Marini_UNIPD02 AK_2019,10,21,8,17,0.8,80,80.95238095238095
5_Marini_UNIPD02 AL_2019,27,39,22,38,0.8,80,97.43589743589743
5_Marini_UNIPD02 AM_2019,31,34,25,29,0.8,80,85.29411764705883
5_Marini_UNIPD02 AN_2019,12,20,10,20,0.8,80,100
5_Marini_UNIPD02 AO_2019,18,29,15,29,0.8,80,100
5_Marini_UNIPD02 AP_2019,16,18,13,14,0.8,80,77.77777777777777
5_Marini_UNIPD02 AQ_2019,15,24,12,21,0.8,80,87.5
5_Marini_UNIPD02 AS_2019,14,22,12,21,0.8,80,95.45454545454545
5_Marini_UNIPD02 AT_2019,16,26,13,26,0.8,80,100
5_Marini_UNIPD02 AV_2019,10,13,8,13,0.8,80,100
5_Marini_UNIPD02 A_2019,17,35,14,32,0.8,80,91.42857142857143
5_Marini_UNIPD02 B_2019,21,32,17,27,0.8,80,84.375
5_Marini_UNIPD02 C_2019,19,35,16,35,0.8,80,100
5_Marini_UNIPD02 D_2019,17,32,14,32,0.8,80,100
5_Marini_UNIPD02 E_2019,12,32,10,30,0.8,80,93.75
5_Marini_UNIPD02 G_2019,19,27,16,23,0.8,80,85.18518518518519
5_Marini_UNIPD02 H_2019,15,21,12,18,0.8,80,85.71428571428571
5_Marini_UNIPD02 I_2019,16,35,13,33,0.8,80,94.28571428571429
5_Marini_UNIPD02 K_2019,16,31,13,30,0.8,80,96.7741935483871
5_Marini_UNIPD02 L_2019,13,20,11,20,0.8,80,100
5_Marini_UNIPD02 M_2019,26,35,21,34,0.8,80,97.14285714285714
5_Marini_UNIPD02 N_2019,17,20,14,19,0.8,80,95
5_Marini_UNIPD02 O_2019,19,31,16,27,0.8,80,87.09677419354838
5_Marini_UNIPD02 P_2019,15,24,12,16,0.8,80,66.66666666666667
5_Marini_UNIPD02 Q_2019,18,22,15,22,0.8,80,100
5_Marini_UNIPD02 S_2019,22,31,18,30,0.8,80,96.7741935483871
5_Marini_UNIPD02 T_2019,21,18,17,17,0.8,80,94.44444444444444
5_Marini_UNIPD02 U_2019,28,23,23,23,0.8,80,100
5_Marini_UNIPD02 V_2019,29,39,24,35,0.8,80,89.74358974358974
5_Marini_UNIPD02 W_2019,21,36,17,33,0.8,80,91.66666666666667
5_Marini_UNIPD02 X_2019,27,41,22,37,0.8,80,90.2439024390244
5_Marini_UNIPD02 Y_2019,20,45,16,41,0.8,80,91.11111111111111
5_Marini_UNIPD02 Z_2019,15,27,12,26,0.8,80,96.29629629629629
6_Marini_UNIPD03 CD13_2020,13,25,11,25,0.8,80,100
6_Marini_UNIPD03 CD14_2020,18,30,15,30,0.8,80,100
6_Marini_UNIPD03 CD15_2020,24,43,20,42,0.8,80,97.67441860465117
6_Marini_UNIPD03 CD16_2020,26,52,21,50,0.8,80,96.15384615384616
6_Marini_UNIPD03 CD17_2020,27,51,22,51,0.8,80,100
6_Marini_UNIPD03 CD20_2020,17,44,14,41,0.8,80,93.18181818181819
6_Marini_UNIPD03 CD22_2020,22,24,18,24,0.8,80,100
6_Marini_UNIPD03 CD23_2020,23,39,19,37,0.8,80,94.87179487179488
6_Marini_UNIPD03 CD26_2020,11,26,9,21,0.8,80,80.76923076923077
6_Marini_UNIPD03 CD27_2020,23,34,19,34,0.8,80,100
6_Marini_UNIPD03 CD28_2020,27,42,22,40,0.8,80,95.23809523809524
6_Marini_UNIPD03 CD29_2020,21,35,17,33,0.8,80,94.28571428571429
6_Marini_UNIPD03 CD2_2020,10,22,8,20,0.8,80,90.9090909090909
6_Marini_UNIPD03 CD34_2020,14,45,12,44,0.8,80,97.77777777777777
6_Marini_UNIPD03 D11_2020,13,28,11,28,0.8,80,100
6_Marini_UNIPD03 D17_2020,10,26,8,25,0.8,80,96.15384615384616
6_Marini_UNIPD03 D21_2020,11,23,9,22,0.8,80,95.65217391304348
6_Marini_UNIPD03 D24_2020,17,33,14,33,0.8,80,100
6_Marini_UNIPD03 D28_2020,19,32,16,29,0.8,80,90.625
6_Marini_UNIPD03 D29_2020,15,28,12,27,0.8,80,96.42857142857143
6_Marini_UNIPD03 D34_2020,13,37,11,34,0.8,80,91.89189189189189
6_Marini_UNIPD03 D35_2020,13,24,11,24,0.8,80,100
6_Marini_UNIPD03 D5_2020,17,30,14,30,0.8,80,100
6_Marini_UNIPD03 D8_2020,11,18,9,17,0.8,80,94.44444444444444
6_Marini_UNIPD03 E14_2020,19,34,16,31,0.8,80,91.17647058823529
6_Marini_UNIPD03 E19_2020,19,28,16,28,0.8,80,100
6_Marini_UNIPD03 E25_2020,17,24,14,23,0.8,80,95.83333333333333
6_Marini_UNIPD03 E26_2020,24,45,20,45,0.8,80,100
6_Marini_UNIPD03 E31_2020,13,22,11,22,0.8,80,100
6_Marini_UNIPD03 E32_2020,10,20,8,17,0.8,80,85
6_Marini_UNIPD03 E33_2020,13,40,11,40,0.8,80,100
6_Marini_UNIPD03 E35_2020,14,36,12,35,0.8,80,97.22222222222223
6_Marini_UNIPD03 E36_2020,11,42,9,42,0.8,80,100
7_Scheper_Chize_10_Field_boundary_2015,37,22,30,11,0.8,80,50
7_Scheper_Chize_12_Field_boundary_2015,34,34,28,26,0.8,80,76.47058823529412
7_Scheper_Chize_14_Field_boundary_2015,35,38,28,16,0.8,80,42.10526315789474
7_Scheper_Chize_19_Field_boundary_2015,32,22,26,19,0.8,80,86.36363636363636
7_Scheper_Chize_1_Field_boundary_2015,25,22,20,19,0.8,80,86.36363636363636
7_Scheper_Chize_1_Grassland_2015,14,22,12,18,0.8,80,81.81818181818181
7_Scheper_Chize_25_Field_boundary_2015,31,27,25,20,0.8,80,74.07407407407408
7_Scheper_Chize_4_Field_boundary_2015,25,21,20,16,0.8,80,76.19047619047619
7_Scheper_Chize_5_Field_boundary_2015,32,21,26,17,0.8,80,80.95238095238095
7_Scheper_Chize_6_Field_boundary_2015,31,35,25,30,0.8,80,85.71428571428571
11_Clough_ASK_2021_2021,16,19,14,18,0.8500000000000001,85.00000000000001,94.73684210526316
11_Clough_HAM_2021_2021,24,38,21,38,0.8500000000000001,85.00000000000001,100
11_Clough_KOM_2021_2021,22,23,19,23,0.8500000000000001,85.00000000000001,100
11_Clough_LOB_2021_2021,21,19,18,16,0.8500000000000001,85.00000000000001,84.21052631578948
11_Clough_PET_2021_2021,30,36,26,36,0.8500000000000001,85.00000000000001,100
11_Clough_TAG_2021_2021,28,35,24,32,0.8500000000000001,85.00000000000001,91.42857142857143
12_Ockinger_Norrang_Ryckelsby_Og,25,21,22,21,0.8500000000000001,85.00000000000001,100
12_Ockinger_Sattra_Og,26,11,23,11,0.8500000000000001,85.00000000000001,100
12_Ockinger_St_Tadinge,28,18,24,17,0.8500000000000001,85.00000000000001,94.44444444444444
12_Ockinger_Tjalinge_Skogstibble,35,18,30,15,0.8500000000000001,85.00000000000001,83.33333333333333
20_Hoiss_H5_2010,25,81,22,72,0.8500000000000001,85.00000000000001,88.88888888888889
20_Hoiss_H6_2010,36,36,31,34,0.8500000000000001,85.00000000000001,94.44444444444444
20_Hoiss_H7_2010,31,38,27,32,0.8500000000000001,85.00000000000001,84.21052631578948
20_Hoiss_HO1_2010,30,52,26,43,0.8500000000000001,85.00000000000001,82.6923076923077
20_Hoiss_HO5_2010,50,57,43,54,0.8500000000000001,85.00000000000001,94.73684210526316
20_Hoiss_T4_2010,32,61,28,49,0.8500000000000001,85.00000000000001,80.32786885245902
22_Kallnik_h1_2012,87,11,74,11,0.8500000000000001,85.00000000000001,100
22_Kallnik_h2_2011,54,11,46,11,0.8500000000000001,85.00000000000001,100
22_Kallnik_h3_2011,71,10,61,10,0.8500000000000001,85.00000000000001,100
22_Kallnik_h4_2010,96,10,82,9,0.8500000000000001,85.00000000000001,90
22_Kallnik_h4_2011,85,10,73,10,0.8500000000000001,85.00000000000001,100
22_Kallnik_h5_2011,54,11,46,11,0.8500000000000001,85.00000000000001,100
22_Kallnik_h5_2012,78,11,67,11,0.8500000000000001,85.00000000000001,100
22_Kallnik_h6_2011,69,10,59,10,0.8500000000000001,85.00000000000001,100
22_Kallnik_h7_2011,63,10,54,10,0.8500000000000001,85.00000000000001,100
22_Kallnik_ho2_2011,68,10,58,10,0.8500000000000001,85.00000000000001,100
22_Kallnik_ho3_2011,49,12,42,12,0.8500000000000001,85.00000000000001,100
22_Kallnik_ho3_2012,61,10,52,10,0.8500000000000001,85.00000000000001,100
22_Kallnik_ho4_2010,76,10,65,9,0.8500000000000001,85.00000000000001,90
22_Kallnik_ho4_2011,71,13,61,13,0.8500000000000001,85.00000000000001,100
22_Kallnik_ho4_2012,79,12,68,12,0.8500000000000001,85.00000000000001,100
22_Kallnik_ho5_2011,59,12,51,12,0.8500000000000001,85.00000000000001,100
22_Kallnik_wma3_2011,53,10,46,10,0.8500000000000001,85.00000000000001,100
22_Kallnik_wma3_2012,71,10,61,9,0.8500000000000001,85.00000000000001,90
22_Kallnik_wma4_2011,50,11,43,11,0.8500000000000001,85.00000000000001,100
22_Kallnik_wma5_2011,55,10,47,10,0.8500000000000001,85.00000000000001,100
22_Kallnik_wmb1_2012,92,11,79,11,0.8500000000000001,85.00000000000001,100
22_Kallnik_wmb2_2011,89,12,76,12,0.8500000000000001,85.00000000000001,100
22_Kallnik_wmb2_2012,108,11,92,11,0.8500000000000001,85.00000000000001,100
22_Kallnik_wmb3_2011,90,10,77,10,0.8500000000000001,85.00000000000001,100
22_Kallnik_wmb3_2012,106,10,91,10,0.8500000000000001,85.00000000000001,100
22_Kallnik_wmb4_2010,84,12,72,12,0.8500000000000001,85.00000000000001,100
22_Kallnik_wmb4_2011,78,13,67,13,0.8500000000000001,85.00000000000001,100
22_Kallnik_wmb4_2012,87,11,74,11,0.8500000000000001,85.00000000000001,100
22_Kallnik_wmb5_2010,91,11,78,11,0.8500000000000001,85.00000000000001,100
22_Kallnik_wmb5_2011,82,11,70,11,0.8500000000000001,85.00000000000001,100
22_Kallnik_wmb5_2012,90,11,77,11,0.8500000000000001,85.00000000000001,100
28_Sutter_10_2013,44,16,38,16,0.8500000000000001,85.00000000000001,100
28_Sutter_11_2013,38,14,33,14,0.8500000000000001,85.00000000000001,100
28_Sutter_12_2013,34,12,29,12,0.8500000000000001,85.00000000000001,100
28_Sutter_13_2013,45,13,39,12,0.8500000000000001,85.00000000000001,92.3076923076923
28_Sutter_13_2014,30,11,26,11,0.8500000000000001,85.00000000000001,100
28_Sutter_14_2013,20,12,17,6,0.8500000000000001,85.00000000000001,50
28_Sutter_17_2013,47,17,40,16,0.8500000000000001,85.00000000000001,94.11764705882354
28_Sutter_19_2013,35,20,30,20,0.8500000000000001,85.00000000000001,100
28_Sutter_1_2013,46,14,40,14,0.8500000000000001,85.00000000000001,100
28_Sutter_20_2013,24,15,21,14,0.8500000000000001,85.00000000000001,93.33333333333333
28_Sutter_21_2013,43,16,37,12,0.8500000000000001,85.00000000000001,75
28_Sutter_2_2013,29,15,25,15,0.8500000000000001,85.00000000000001,100
28_Sutter_3_2013,34,21,29,17,0.8500000000000001,85.00000000000001,80.95238095238095
28_Sutter_5_2013,50,23,43,22,0.8500000000000001,85.00000000000001,95.65217391304348
28_Sutter_8_2013,34,17,29,16,0.8500000000000001,85.00000000000001,94.11764705882354
28_Sutter_8_2014,22,18,19,17,0.8500000000000001,85.00000000000001,94.44444444444444
29_Magrach_Gibraleon_2011,16,27,14,19,0.8500000000000001,85.00000000000001,70.37037037037037
29_Magrach_Gravera_2011,18,25,16,17,0.8500000000000001,85.00000000000001,68
29_Magrach_Niebla_2011,18,31,16,31,0.8500000000000001,85.00000000000001,100
29_Magrach_Niebla_2012,21,26,18,26,0.8500000000000001,85.00000000000001,100
29_Magrach_Villablanca_2011,18,22,16,21,0.8500000000000001,85.00000000000001,95.45454545454545
2_Petanidou_Armolia_2015,37,73,32,72,0.8500000000000001,85.00000000000001,98.63013698630137
2_Petanidou_Emborios_2015,21,80,18,78,0.8500000000000001,85.00000000000001,97.5
2_Petanidou_Gridia_2015,38,73,33,71,0.8500000000000001,85.00000000000001,97.26027397260275
2_Petanidou_Kato Fana_2015,14,60,12,52,0.8500000000000001,85.00000000000001,86.66666666666667
2_Petanidou_Palios Katarraktis_2015,39,73,34,66,0.8500000000000001,85.00000000000001,90.41095890410959
2_Petanidou_Vessa 2_2015,28,98,24,96,0.8500000000000001,85.00000000000001,97.95918367346938
30_Smith_lsk48_2012,30,22,26,15,0.8500000000000001,85.00000000000001,68.18181818181819
30_Smith_lsk57_2011,33,20,29,14,0.8500000000000001,85.00000000000001,70
30_Smith_lsk73_2012,28,19,24,15,0.8500000000000001,85.00000000000001,78.94736842105263
30_Smith_lsk74_2012,27,26,23,18,0.8500000000000001,85.00000000000001,69.23076923076923
30_Smith_lsk77_2011,22,19,19,17,0.8500000000000001,85.00000000000001,89.47368421052632
30_Smith_lsk77_2012,42,25,36,16,0.8500000000000001,85.00000000000001,64
31_Roberts_Hunt_2013,44,12,38,12,0.8500000000000001,85.00000000000001,100
31_Roberts_Jefferies_2013,31,13,27,11,0.8500000000000001,85.00000000000001,84.61538461538461
31_Roberts_Livingstone_far_2012,30,12,26,12,0.8500000000000001,85.00000000000001,100
31_Roberts_Livingstone_house_2012,30,14,26,13,0.8500000000000001,85.00000000000001,92.85714285714286
31_Roberts_Mearns_2013,32,19,28,18,0.8500000000000001,85.00000000000001,94.73684210526316
31_Roberts_White_left_2012,42,19,36,17,0.8500000000000001,85.00000000000001,89.47368421052632
36_Larkin_Barracks.Lyan.Co.Clare_13.2017_GS1,13,11,12,11,0.8500000000000001,85.00000000000001,100
36_Larkin_Glencolumbkille.South.Carron.Co.Clare_20.2017_GS1,12,13,11,11,0.8500000000000001,85.00000000000001,84.61538461538461
37_White_An,15,23,13,23,0.8500000000000001,85.00000000000001,100
37_White_Bl,19,27,17,24,0.8500000000000001,85.00000000000001,88.88888888888889
37_White_Bn,20,26,17,22,0.8500000000000001,85.00000000000001,84.61538461538461
37_White_CW,26,33,23,31,0.8500000000000001,85.00000000000001,93.93939393939394
37_White_Ce,18,20,16,18,0.8500000000000001,85.00000000000001,90
37_White_Cn,29,34,25,34,0.8500000000000001,85.00000000000001,100
37_White_ED,13,19,12,18,0.8500000000000001,85.00000000000001,94.73684210526316
37_White_Fs,22,21,19,18,0.8500000000000001,85.00000000000001,85.71428571428571
37_White_JK,25,24,22,20,0.8500000000000001,85.00000000000001,83.33333333333333
37_White_Kr,29,17,25,16,0.8500000000000001,85.00000000000001,94.11764705882354
37_White_ND,25,22,22,21,0.8500000000000001,85.00000000000001,95.45454545454545
37_White_NG,21,25,18,23,0.8500000000000001,85.00000000000001,92
37_White_Pn,12,17,11,11,0.8500000000000001,85.00000000000001,64.70588235294117
37_White_WD,15,23,13,20,0.8500000000000001,85.00000000000001,86.95652173913044
38_Maurer_A1,47,27,40,27,0.8500000000000001,85.00000000000001,100
38_Maurer_A2,76,40,65,28,0.8500000000000001,85.00000000000001,70
38_Maurer_A3,69,31,59,29,0.8500000000000001,85.00000000000001,93.54838709677419
38_Maurer_A4,58,31,50,29,0.8500000000000001,85.00000000000001,93.54838709677419
38_Maurer_R1,72,42,62,37,0.8500000000000001,85.00000000000001,88.0952380952381
38_Maurer_R2,54,51,46,47,0.8500000000000001,85.00000000000001,92.15686274509804
38_Maurer_R3,95,48,81,46,0.8500000000000001,85.00000000000001,95.83333333333333
38_Maurer_R4,66,37,57,35,0.8500000000000001,85.00000000000001,94.5945945945946
38_Maurer_U2,113,64,97,61,0.8500000000000001,85.00000000000001,95.3125
38_Maurer_U3,92,49,79,48,0.8500000000000001,85.00000000000001,97.95918367346938
39_Schweiger_I1_ruderal_1_2021,23,20,20,18,0.8500000000000001,85.00000000000001,90
39_Schweiger_I2_semi.natural.grass_5_2021,18,27,16,25,0.8500000000000001,85.00000000000001,92.5925925925926
39_Schweiger_I2_woodland.scrub_1_2021,23,22,20,17,0.8500000000000001,85.00000000000001,77.27272727272727
39_Schweiger_I4_woodland.scrub_3_2021,22,21,19,19,0.8500000000000001,85.00000000000001,90.47619047619048
39_Schweiger_R1_semi.natural.grass_4_2021,15,23,13,20,0.8500000000000001,85.00000000000001,86.95652173913044
39_Schweiger_R4_semi.natural.grass_2_2021,11,25,10,23,0.8500000000000001,85.00000000000001,92
40_Knight_Ghe_ari_2017,30,129,26,126,0.8500000000000001,85.00000000000001,97.67441860465117
41_Knight_1 wooded meadow_2018,39,37,34,34,0.8500000000000001,85.00000000000001,91.89189189189189
41_Knight_2 alvar pasture_2018,32,17,28,17,0.8500000000000001,85.00000000000001,100
41_Knight_3 alvar pasture_2018,21,34,18,32,0.8500000000000001,85.00000000000001,94.11764705882354
41_Knight_4 wooded meadow_2018,30,23,26,22,0.8500000000000001,85.00000000000001,95.65217391304348
41_Knight_5 wooded meadow_2018,27,47,23,39,0.8500000000000001,85.00000000000001,82.97872340425532
41_Knight_6 alvar pasture_2018,37,23,32,20,0.8500000000000001,85.00000000000001,86.95652173913044
42_Knight_M1Restored_2019,45,25,39,25,0.8500000000000001,85.00000000000001,100
42_Knight_M2Natural_2019,31,19,27,19,0.8500000000000001,85.00000000000001,100
42_Knight_M3Natural_2019,37,17,32,16,0.8500000000000001,85.00000000000001,94.11764705882354
42_Knight_M4Restored_2019,33,19,29,16,0.8500000000000001,85.00000000000001,84.21052631578948
42_Knight_M5Restored_2019,37,21,32,15,0.8500000000000001,85.00000000000001,71.42857142857143
42_Knight_M6Natural_2019,47,35,40,31,0.8500000000000001,85.00000000000001,88.57142857142857
42_Knight_M8Restored_2019,32,15,28,13,0.8500000000000001,85.00000000000001,86.66666666666667
44_Knight_M11_2018,46,33,40,29,0.8500000000000001,85.00000000000001,87.87878787878788
44_Knight_M12_2018,43,55,37,49,0.8500000000000001,85.00000000000001,89.0909090909091
44_Knight_M13_2018,32,23,28,21,0.8500000000000001,85.00000000000001,91.30434782608695
44_Knight_M15_2018,45,58,39,53,0.8500000000000001,85.00000000000001,91.37931034482759
44_Knight_M16_2018,50,50,43,49,0.8500000000000001,85.00000000000001,98
44_Knight_M17_2018,33,48,29,34,0.8500000000000001,85.00000000000001,70.83333333333333
44_Knight_M18_2018,39,44,34,43,0.8500000000000001,85.00000000000001,97.72727272727273
44_Knight_M1_2018,23,37,20,31,0.8500000000000001,85.00000000000001,83.78378378378379
44_Knight_M3_2018,57,63,49,53,0.8500000000000001,85.00000000000001,84.12698412698413
44_Knight_M4_2018,46,56,40,55,0.8500000000000001,85.00000000000001,98.21428571428571
44_Knight_M6_2018,69,33,59,27,0.8500000000000001,85.00000000000001,81.81818181818181
44_Knight_M8_2018,67,41,57,38,0.8500000000000001,85.00000000000001,92.6829268292683
45_Knight_Hermanovice_meadow_2018,32,47,28,42,0.8500000000000001,85.00000000000001,89.36170212765957
45_Knight_HorniGrunt_meadow_2018,26,38,23,35,0.8500000000000001,85.00000000000001,92.10526315789474
45_Knight_Mnichov_meadow_2018,29,53,25,40,0.8500000000000001,85.00000000000001,75.47169811320755
46_Knight_Gora_Gipsowa_2018,37,41,32,17,0.8500000000000001,85.00000000000001,41.46341463414634
47_Benadi_1,81,190,69,188,0.8500000000000001,85.00000000000001,98.94736842105263
47_Benadi_2,54,162,46,161,0.8500000000000001,85.00000000000001,99.38271604938272
47_Benadi_3,67,150,57,147,0.8500000000000001,85.00000000000001,98
47_Benadi_4,55,144,47,137,0.8500000000000001,85.00000000000001,95.13888888888889
47_Benadi_5,68,131,58,130,0.8500000000000001,85.00000000000001,99.23664122137404
47_Benadi_6,63,96,54,95,0.8500000000000001,85.00000000000001,98.95833333333333
4_Marini_UNIPD01 A_2018,23,69,20,64,0.8500000000000001,85.00000000000001,92.7536231884058
4_Marini_UNIPD01 An_2018,27,54,23,53,0.8500000000000001,85.00000000000001,98.14814814814815
4_Marini_UNIPD01 B_2018,29,58,25,55,0.8500000000000001,85.00000000000001,94.82758620689656
4_Marini_UNIPD01 Bn_2018,32,90,28,79,0.8500000000000001,85.00000000000001,87.77777777777777
4_Marini_UNIPD01 C_2018,37,67,32,66,0.8500000000000001,85.00000000000001,98.50746268656717
4_Marini_UNIPD01 Cn_2018,30,65,26,65,0.8500000000000001,85.00000000000001,100
4_Marini_UNIPD01 E_2018,46,73,40,69,0.8500000000000001,85.00000000000001,94.52054794520548
4_Marini_UNIPD01 En_2018,40,67,34,63,0.8500000000000001,85.00000000000001,94.02985074626865
4_Marini_UNIPD01 F_2018,25,32,22,31,0.8500000000000001,85.00000000000001,96.875
4_Marini_UNIPD01 Fn_2018,29,31,25,30,0.8500000000000001,85.00000000000001,96.7741935483871
4_Marini_UNIPD01 G_2018,25,56,22,55,0.8500000000000001,85.00000000000001,98.21428571428571
4_Marini_UNIPD01 Gn_2018,28,45,24,43,0.8500000000000001,85.00000000000001,95.55555555555556
4_Marini_UNIPD01 H_2018,50,98,43,86,0.8500000000000001,85.00000000000001,87.75510204081633
4_Marini_UNIPD01 Hn_2018,38,82,33,71,0.8500000000000001,85.00000000000001,86.58536585365853
4_Marini_UNIPD01 I_2018,33,74,29,70,0.8500000000000001,85.00000000000001,94.5945945945946
4_Marini_UNIPD01 In_2018,44,93,38,90,0.8500000000000001,85.00000000000001,96.7741935483871
50_Hervias-Parejo_Cala Tirant_2021,18,77,16,75,0.8500000000000001,85.00000000000001,97.40259740259741
50_Hervias-Parejo_Llucalari_2021,11,62,10,55,0.8500000000000001,85.00000000000001,88.70967741935483
50_Hervias-Parejo_Sa Bassa_2021,15,81,13,67,0.8500000000000001,85.00000000000001,82.71604938271605
50_Hervias-Parejo_Salinas_2021,27,95,23,71,0.8500000000000001,85.00000000000001,74.73684210526316
50_Hervias-Parejo_Torre Fornells_2021,21,83,18,71,0.8500000000000001,85.00000000000001,85.5421686746988
50_Hervias-Parejo_coast Son Bou_2021,10,46,9,31,0.8500000000000001,85.00000000000001,67.3913043478261
51_Petanidou_Pyrgos_2013,39,66,34,64,0.8500000000000001,85.00000000000001,96.96969696969697
51_Petanidou_Sigri 3_2012,28,51,24,46,0.8500000000000001,85.00000000000001,90.19607843137256
54_Lazaro_AloeVera_2018_2018,11,60,10,56,0.8500000000000001,85.00000000000001,93.33333333333333
54_Lazaro_SonBaco_2018_2018,14,73,12,69,0.8500000000000001,85.00000000000001,94.52054794520548
54_Lazaro_SonMutNou_2018_2018,12,69,11,68,0.8500000000000001,85.00000000000001,98.55072463768116
54_Lazaro_UIB_2018_2018,20,72,17,63,0.8500000000000001,85.00000000000001,87.5
5_Marini_UNIPD02 AA_2019,24,24,21,23,0.8500000000000001,85.00000000000001,95.83333333333333
5_Marini_UNIPD02 AB_2019,26,16,23,13,0.8500000000000001,85.00000000000001,81.25
5_Marini_UNIPD02 AC_2019,31,23,27,20,0.8500000000000001,85.00000000000001,86.95652173913044
5_Marini_UNIPD02 AD_2019,20,14,17,11,0.8500000000000001,85.00000000000001,78.57142857142857
5_Marini_UNIPD02 AE_2019,19,35,17,29,0.8500000000000001,85.00000000000001,82.85714285714286
5_Marini_UNIPD02 AF_2019,16,24,14,23,0.8500000000000001,85.00000000000001,95.83333333333333
5_Marini_UNIPD02 AG_2019,25,52,22,51,0.8500000000000001,85.00000000000001,98.07692307692308
5_Marini_UNIPD02 AH_2019,22,35,19,27,0.8500000000000001,85.00000000000001,77.14285714285714
5_Marini_UNIPD02 AI_2019,21,16,18,15,0.8500000000000001,85.00000000000001,93.75
5_Marini_UNIPD02 AJ_2019,10,31,9,30,0.8500000000000001,85.00000000000001,96.7741935483871
5_Marini_UNIPD02 AK_2019,10,21,9,18,0.8500000000000001,85.00000000000001,85.71428571428571
5_Marini_UNIPD02 AL_2019,27,39,23,38,0.8500000000000001,85.00000000000001,97.43589743589743
5_Marini_UNIPD02 AM_2019,31,34,27,30,0.8500000000000001,85.00000000000001,88.23529411764706
5_Marini_UNIPD02 AN_2019,12,20,11,20,0.8500000000000001,85.00000000000001,100
5_Marini_UNIPD02 AO_2019,18,29,16,29,0.8500000000000001,85.00000000000001,100
5_Marini_UNIPD02 AP_2019,16,18,14,14,0.8500000000000001,85.00000000000001,77.77777777777777
5_Marini_UNIPD02 AQ_2019,15,24,13,24,0.8500000000000001,85.00000000000001,100
5_Marini_UNIPD02 AS_2019,14,22,12,21,0.8500000000000001,85.00000000000001,95.45454545454545
5_Marini_UNIPD02 AT_2019,16,26,14,26,0.8500000000000001,85.00000000000001,100
5_Marini_UNIPD02 AV_2019,10,13,9,13,0.8500000000000001,85.00000000000001,100
5_Marini_UNIPD02 A_2019,17,35,15,33,0.8500000000000001,85.00000000000001,94.28571428571429
5_Marini_UNIPD02 B_2019,21,32,18,29,0.8500000000000001,85.00000000000001,90.625
5_Marini_UNIPD02 C_2019,19,35,17,35,0.8500000000000001,85.00000000000001,100
5_Marini_UNIPD02 D_2019,17,32,15,32,0.8500000000000001,85.00000000000001,100
5_Marini_UNIPD02 E_2019,12,32,11,30,0.8500000000000001,85.00000000000001,93.75
5_Marini_UNIPD02 G_2019,19,27,17,23,0.8500000000000001,85.00000000000001,85.18518518518519
5_Marini_UNIPD02 H_2019,15,21,13,20,0.8500000000000001,85.00000000000001,95.23809523809524
5_Marini_UNIPD02 I_2019,16,35,14,35,0.8500000000000001,85.00000000000001,100
5_Marini_UNIPD02 K_2019,16,31,14,30,0.8500000000000001,85.00000000000001,96.7741935483871
5_Marini_UNIPD02 L_2019,13,20,12,20,0.8500000000000001,85.00000000000001,100
5_Marini_UNIPD02 M_2019,26,35,23,34,0.8500000000000001,85.00000000000001,97.14285714285714
5_Marini_UNIPD02 N_2019,17,20,15,19,0.8500000000000001,85.00000000000001,95
5_Marini_UNIPD02 O_2019,19,31,17,27,0.8500000000000001,85.00000000000001,87.09677419354838
5_Marini_UNIPD02 P_2019,15,24,13,16,0.8500000000000001,85.00000000000001,66.66666666666667
5_Marini_UNIPD02 Q_2019,18,22,16,22,0.8500000000000001,85.00000000000001,100
5_Marini_UNIPD02 S_2019,22,31,19,30,0.8500000000000001,85.00000000000001,96.7741935483871
5_Marini_UNIPD02 T_2019,21,18,18,17,0.8500000000000001,85.00000000000001,94.44444444444444
5_Marini_UNIPD02 U_2019,28,23,24,23,0.8500000000000001,85.00000000000001,100
5_Marini_UNIPD02 V_2019,29,39,25,36,0.8500000000000001,85.00000000000001,92.3076923076923
5_Marini_UNIPD02 W_2019,21,36,18,33,0.8500000000000001,85.00000000000001,91.66666666666667
5_Marini_UNIPD02 X_2019,27,41,23,37,0.8500000000000001,85.00000000000001,90.2439024390244
5_Marini_UNIPD02 Y_2019,20,45,17,41,0.8500000000000001,85.00000000000001,91.11111111111111
5_Marini_UNIPD02 Z_2019,15,27,13,26,0.8500000000000001,85.00000000000001,96.29629629629629
6_Marini_UNIPD03 CD13_2020,13,25,12,25,0.8500000000000001,85.00000000000001,100
6_Marini_UNIPD03 CD14_2020,18,30,16,30,0.8500000000000001,85.00000000000001,100
6_Marini_UNIPD03 CD15_2020,24,43,21,42,0.8500000000000001,85.00000000000001,97.67441860465117
6_Marini_UNIPD03 CD16_2020,26,52,23,52,0.8500000000000001,85.00000000000001,100
6_Marini_UNIPD03 CD17_2020,27,51,23,51,0.8500000000000001,85.00000000000001,100
6_Marini_UNIPD03 CD20_2020,17,44,15,43,0.8500000000000001,85.00000000000001,97.72727272727273
6_Marini_UNIPD03 CD22_2020,22,24,19,24,0.8500000000000001,85.00000000000001,100
6_Marini_UNIPD03 CD23_2020,23,39,20,38,0.8500000000000001,85.00000000000001,97.43589743589743
6_Marini_UNIPD03 CD26_2020,11,26,10,22,0.8500000000000001,85.00000000000001,84.61538461538461
6_Marini_UNIPD03 CD27_2020,23,34,20,34,0.8500000000000001,85.00000000000001,100
6_Marini_UNIPD03 CD28_2020,27,42,23,40,0.8500000000000001,85.00000000000001,95.23809523809524
6_Marini_UNIPD03 CD29_2020,21,35,18,35,0.8500000000000001,85.00000000000001,100
6_Marini_UNIPD03 CD2_2020,10,22,9,20,0.8500000000000001,85.00000000000001,90.9090909090909
6_Marini_UNIPD03 CD34_2020,14,45,12,44,0.8500000000000001,85.00000000000001,97.77777777777777
6_Marini_UNIPD03 D11_2020,13,28,12,28,0.8500000000000001,85.00000000000001,100
6_Marini_UNIPD03 D17_2020,10,26,9,25,0.8500000000000001,85.00000000000001,96.15384615384616
6_Marini_UNIPD03 D21_2020,11,23,10,22,0.8500000000000001,85.00000000000001,95.65217391304348
6_Marini_UNIPD03 D24_2020,17,33,15,33,0.8500000000000001,85.00000000000001,100
6_Marini_UNIPD03 D28_2020,19,32,17,30,0.8500000000000001,85.00000000000001,93.75
6_Marini_UNIPD03 D29_2020,15,28,13,27,0.8500000000000001,85.00000000000001,96.42857142857143
6_Marini_UNIPD03 D34_2020,13,37,12,35,0.8500000000000001,85.00000000000001,94.5945945945946
6_Marini_UNIPD03 D35_2020,13,24,12,24,0.8500000000000001,85.00000000000001,100
6_Marini_UNIPD03 D5_2020,17,30,15,30,0.8500000000000001,85.00000000000001,100
6_Marini_UNIPD03 D8_2020,11,18,10,18,0.8500000000000001,85.00000000000001,100
6_Marini_UNIPD03 E14_2020,19,34,17,31,0.8500000000000001,85.00000000000001,91.17647058823529
6_Marini_UNIPD03 E19_2020,19,28,17,28,0.8500000000000001,85.00000000000001,100
6_Marini_UNIPD03 E25_2020,17,24,15,23,0.8500000000000001,85.00000000000001,95.83333333333333
6_Marini_UNIPD03 E26_2020,24,45,21,45,0.8500000000000001,85.00000000000001,100
6_Marini_UNIPD03 E31_2020,13,22,12,22,0.8500000000000001,85.00000000000001,100
6_Marini_UNIPD03 E32_2020,10,20,9,18,0.8500000000000001,85.00000000000001,90
6_Marini_UNIPD03 E33_2020,13,40,12,40,0.8500000000000001,85.00000000000001,100
6_Marini_UNIPD03 E35_2020,14,36,12,35,0.8500000000000001,85.00000000000001,97.22222222222223
6_Marini_UNIPD03 E36_2020,11,42,10,42,0.8500000000000001,85.00000000000001,100
7_Scheper_Chize_10_Field_boundary_2015,37,22,32,11,0.8500000000000001,85.00000000000001,50
7_Scheper_Chize_12_Field_boundary_2015,34,34,29,26,0.8500000000000001,85.00000000000001,76.47058823529412
7_Scheper_Chize_14_Field_boundary_2015,35,38,30,16,0.8500000000000001,85.00000000000001,42.10526315789474
7_Scheper_Chize_19_Field_boundary_2015,32,22,28,19,0.8500000000000001,85.00000000000001,86.36363636363636
7_Scheper_Chize_1_Field_boundary_2015,25,22,22,19,0.8500000000000001,85.00000000000001,86.36363636363636
7_Scheper_Chize_1_Grassland_2015,14,22,12,18,0.8500000000000001,85.00000000000001,81.81818181818181
7_Scheper_Chize_25_Field_boundary_2015,31,27,27,20,0.8500000000000001,85.00000000000001,74.07407407407408
7_Scheper_Chize_4_Field_boundary_2015,25,21,22,16,0.8500000000000001,85.00000000000001,76.19047619047619
7_Scheper_Chize_5_Field_boundary_2015,32,21,28,17,0.8500000000000001,85.00000000000001,80.95238095238095
7_Scheper_Chize_6_Field_boundary_2015,31,35,27,30,0.8500000000000001,85.00000000000001,85.71428571428571
11_Clough_ASK_2021_2021,16,19,15,18,0.9000000000000001,90.00000000000001,94.73684210526316
11_Clough_HAM_2021_2021,24,38,22,38,0.9000000000000001,90.00000000000001,100
11_Clough_KOM_2021_2021,22,23,20,23,0.9000000000000001,90.00000000000001,100
11_Clough_LOB_2021_2021,21,19,19,18,0.9000000000000001,90.00000000000001,94.73684210526316
11_Clough_PET_2021_2021,30,36,28,36,0.9000000000000001,90.00000000000001,100
11_Clough_TAG_2021_2021,28,35,26,32,0.9000000000000001,90.00000000000001,91.42857142857143
12_Ockinger_Norrang_Ryckelsby_Og,25,21,23,21,0.9000000000000001,90.00000000000001,100
12_Ockinger_Sattra_Og,26,11,24,11,0.9000000000000001,90.00000000000001,100
12_Ockinger_St_Tadinge,28,18,26,18,0.9000000000000001,90.00000000000001,100
12_Ockinger_Tjalinge_Skogstibble,35,18,32,15,0.9000000000000001,90.00000000000001,83.33333333333333
20_Hoiss_H5_2010,25,81,23,72,0.9000000000000001,90.00000000000001,88.88888888888889
20_Hoiss_H6_2010,36,36,33,34,0.9000000000000001,90.00000000000001,94.44444444444444
20_Hoiss_H7_2010,31,38,28,32,0.9000000000000001,90.00000000000001,84.21052631578948
20_Hoiss_HO1_2010,30,52,28,43,0.9000000000000001,90.00000000000001,82.6923076923077
20_Hoiss_HO5_2010,50,57,46,54,0.9000000000000001,90.00000000000001,94.73684210526316
20_Hoiss_T4_2010,32,61,29,49,0.9000000000000001,90.00000000000001,80.32786885245902
22_Kallnik_h1_2012,87,11,79,11,0.9000000000000001,90.00000000000001,100
22_Kallnik_h2_2011,54,11,49,11,0.9000000000000001,90.00000000000001,100
22_Kallnik_h3_2011,71,10,64,10,0.9000000000000001,90.00000000000001,100
22_Kallnik_h4_2010,96,10,87,9,0.9000000000000001,90.00000000000001,90
22_Kallnik_h4_2011,85,10,77,10,0.9000000000000001,90.00000000000001,100
22_Kallnik_h5_2011,54,11,49,11,0.9000000000000001,90.00000000000001,100
22_Kallnik_h5_2012,78,11,71,11,0.9000000000000001,90.00000000000001,100
22_Kallnik_h6_2011,69,10,63,10,0.9000000000000001,90.00000000000001,100
22_Kallnik_h7_2011,63,10,57,10,0.9000000000000001,90.00000000000001,100
22_Kallnik_ho2_2011,68,10,62,10,0.9000000000000001,90.00000000000001,100
22_Kallnik_ho3_2011,49,12,45,12,0.9000000000000001,90.00000000000001,100
22_Kallnik_ho3_2012,61,10,55,10,0.9000000000000001,90.00000000000001,100
22_Kallnik_ho4_2010,76,10,69,9,0.9000000000000001,90.00000000000001,90
22_Kallnik_ho4_2011,71,13,64,13,0.9000000000000001,90.00000000000001,100
22_Kallnik_ho4_2012,79,12,72,12,0.9000000000000001,90.00000000000001,100
22_Kallnik_ho5_2011,59,12,54,12,0.9000000000000001,90.00000000000001,100
22_Kallnik_wma3_2011,53,10,48,10,0.9000000000000001,90.00000000000001,100
22_Kallnik_wma3_2012,71,10,64,9,0.9000000000000001,90.00000000000001,90
22_Kallnik_wma4_2011,50,11,46,11,0.9000000000000001,90.00000000000001,100
22_Kallnik_wma5_2011,55,10,50,10,0.9000000000000001,90.00000000000001,100
22_Kallnik_wmb1_2012,92,11,83,11,0.9000000000000001,90.00000000000001,100
22_Kallnik_wmb2_2011,89,12,81,12,0.9000000000000001,90.00000000000001,100
22_Kallnik_wmb2_2012,108,11,98,11,0.9000000000000001,90.00000000000001,100
22_Kallnik_wmb3_2011,90,10,82,10,0.9000000000000001,90.00000000000001,100
22_Kallnik_wmb3_2012,106,10,96,10,0.9000000000000001,90.00000000000001,100
22_Kallnik_wmb4_2010,84,12,76,12,0.9000000000000001,90.00000000000001,100
22_Kallnik_wmb4_2011,78,13,71,13,0.9000000000000001,90.00000000000001,100
22_Kallnik_wmb4_2012,87,11,79,11,0.9000000000000001,90.00000000000001,100
22_Kallnik_wmb5_2010,91,11,82,11,0.9000000000000001,90.00000000000001,100
22_Kallnik_wmb5_2011,82,11,74,11,0.9000000000000001,90.00000000000001,100
22_Kallnik_wmb5_2012,90,11,82,11,0.9000000000000001,90.00000000000001,100
28_Sutter_10_2013,44,16,40,16,0.9000000000000001,90.00000000000001,100
28_Sutter_11_2013,38,14,35,14,0.9000000000000001,90.00000000000001,100
28_Sutter_12_2013,34,12,31,12,0.9000000000000001,90.00000000000001,100
28_Sutter_13_2013,45,13,41,12,0.9000000000000001,90.00000000000001,92.3076923076923
28_Sutter_13_2014,30,11,28,11,0.9000000000000001,90.00000000000001,100
28_Sutter_14_2013,20,12,19,7,0.9000000000000001,90.00000000000001,58.333333333333336
28_Sutter_17_2013,47,17,43,17,0.9000000000000001,90.00000000000001,100
28_Sutter_19_2013,35,20,32,20,0.9000000000000001,90.00000000000001,100
28_Sutter_1_2013,46,14,42,14,0.9000000000000001,90.00000000000001,100
28_Sutter_20_2013,24,15,22,14,0.9000000000000001,90.00000000000001,93.33333333333333
28_Sutter_21_2013,43,16,39,12,0.9000000000000001,90.00000000000001,75
28_Sutter_2_2013,29,15,27,15,0.9000000000000001,90.00000000000001,100
28_Sutter_3_2013,34,21,31,18,0.9000000000000001,90.00000000000001,85.71428571428571
28_Sutter_5_2013,50,23,46,22,0.9000000000000001,90.00000000000001,95.65217391304348
28_Sutter_8_2013,34,17,31,16,0.9000000000000001,90.00000000000001,94.11764705882354
28_Sutter_8_2014,22,18,20,17,0.9000000000000001,90.00000000000001,94.44444444444444
29_Magrach_Gibraleon_2011,16,27,15,20,0.9000000000000001,90.00000000000001,74.07407407407408
29_Magrach_Gravera_2011,18,25,17,17,0.9000000000000001,90.00000000000001,68
29_Magrach_Niebla_2011,18,31,17,31,0.9000000000000001,90.00000000000001,100
29_Magrach_Niebla_2012,21,26,19,26,0.9000000000000001,90.00000000000001,100
29_Magrach_Villablanca_2011,18,22,17,21,0.9000000000000001,90.00000000000001,95.45454545454545
2_Petanidou_Armolia_2015,37,73,34,72,0.9000000000000001,90.00000000000001,98.63013698630137
2_Petanidou_Emborios_2015,21,80,19,80,0.9000000000000001,90.00000000000001,100
2_Petanidou_Gridia_2015,38,73,35,71,0.9000000000000001,90.00000000000001,97.26027397260275
2_Petanidou_Kato Fana_2015,14,60,13,52,0.9000000000000001,90.00000000000001,86.66666666666667
2_Petanidou_Palios Katarraktis_2015,39,73,36,68,0.9000000000000001,90.00000000000001,93.15068493150685
2_Petanidou_Vessa 2_2015,28,98,26,96,0.9000000000000001,90.00000000000001,97.95918367346938
30_Smith_lsk48_2012,30,22,28,15,0.9000000000000001,90.00000000000001,68.18181818181819
30_Smith_lsk57_2011,33,20,30,14,0.9000000000000001,90.00000000000001,70
30_Smith_lsk73_2012,28,19,26,15,0.9000000000000001,90.00000000000001,78.94736842105263
30_Smith_lsk74_2012,27,26,25,18,0.9000000000000001,90.00000000000001,69.23076923076923
30_Smith_lsk77_2011,22,19,20,17,0.9000000000000001,90.00000000000001,89.47368421052632
30_Smith_lsk77_2012,42,25,38,16,0.9000000000000001,90.00000000000001,64
31_Roberts_Hunt_2013,44,12,40,12,0.9000000000000001,90.00000000000001,100
31_Roberts_Jefferies_2013,31,13,28,12,0.9000000000000001,90.00000000000001,92.3076923076923
31_Roberts_Livingstone_far_2012,30,12,28,12,0.9000000000000001,90.00000000000001,100
31_Roberts_Livingstone_house_2012,30,14,28,13,0.9000000000000001,90.00000000000001,92.85714285714286
31_Roberts_Mearns_2013,32,19,29,19,0.9000000000000001,90.00000000000001,100
31_Roberts_White_left_2012,42,19,38,17,0.9000000000000001,90.00000000000001,89.47368421052632
36_Larkin_Barracks.Lyan.Co.Clare_13.2017_GS1,13,11,12,11,0.9000000000000001,90.00000000000001,100
36_Larkin_Glencolumbkille.South.Carron.Co.Clare_20.2017_GS1,12,13,11,11,0.9000000000000001,90.00000000000001,84.61538461538461
37_White_An,15,23,14,23,0.9000000000000001,90.00000000000001,100
37_White_Bl,19,27,18,24,0.9000000000000001,90.00000000000001,88.88888888888889
37_White_Bn,20,26,19,23,0.9000000000000001,90.00000000000001,88.46153846153847
37_White_CW,26,33,24,32,0.9000000000000001,90.00000000000001,96.96969696969697
37_White_Ce,18,20,17,18,0.9000000000000001,90.00000000000001,90
37_White_Cn,29,34,27,34,0.9000000000000001,90.00000000000001,100
37_White_ED,13,19,12,18,0.9000000000000001,90.00000000000001,94.73684210526316
37_White_Fs,22,21,20,18,0.9000000000000001,90.00000000000001,85.71428571428571
37_White_JK,25,24,23,20,0.9000000000000001,90.00000000000001,83.33333333333333
37_White_Kr,29,17,27,16,0.9000000000000001,90.00000000000001,94.11764705882354
37_White_ND,25,22,23,21,0.9000000000000001,90.00000000000001,95.45454545454545
37_White_NG,21,25,19,23,0.9000000000000001,90.00000000000001,92
37_White_Pn,12,17,11,11,0.9000000000000001,90.00000000000001,64.70588235294117
37_White_WD,15,23,14,20,0.9000000000000001,90.00000000000001,86.95652173913044
38_Maurer_A1,47,27,43,27,0.9000000000000001,90.00000000000001,100
38_Maurer_A2,76,40,69,34,0.9000000000000001,90.00000000000001,85
38_Maurer_A3,69,31,63,29,0.9000000000000001,90.00000000000001,93.54838709677419
38_Maurer_A4,58,31,53,29,0.9000000000000001,90.00000000000001,93.54838709677419
38_Maurer_R1,72,42,65,40,0.9000000000000001,90.00000000000001,95.23809523809524
38_Maurer_R2,54,51,49,47,0.9000000000000001,90.00000000000001,92.15686274509804
38_Maurer_R3,95,48,86,46,0.9000000000000001,90.00000000000001,95.83333333333333
38_Maurer_R4,66,37,60,35,0.9000000000000001,90.00000000000001,94.5945945945946
38_Maurer_U2,113,64,102,61,0.9000000000000001,90.00000000000001,95.3125
38_Maurer_U3,92,49,83,48,0.9000000000000001,90.00000000000001,97.95918367346938
39_Schweiger_I1_ruderal_1_2021,23,20,21,19,0.9000000000000001,90.00000000000001,95
39_Schweiger_I2_semi.natural.grass_5_2021,18,27,17,25,0.9000000000000001,90.00000000000001,92.5925925925926
39_Schweiger_I2_woodland.scrub_1_2021,23,22,21,18,0.9000000000000001,90.00000000000001,81.81818181818181
39_Schweiger_I4_woodland.scrub_3_2021,22,21,20,19,0.9000000000000001,90.00000000000001,90.47619047619048
39_Schweiger_R1_semi.natural.grass_4_2021,15,23,14,22,0.9000000000000001,90.00000000000001,95.65217391304348
39_Schweiger_R4_semi.natural.grass_2_2021,11,25,10,23,0.9000000000000001,90.00000000000001,92
40_Knight_Ghe_ari_2017,30,129,28,127,0.9000000000000001,90.00000000000001,98.44961240310077
41_Knight_1 wooded meadow_2018,39,37,36,34,0.9000000000000001,90.00000000000001,91.89189189189189
41_Knight_2 alvar pasture_2018,32,17,29,17,0.9000000000000001,90.00000000000001,100
41_Knight_3 alvar pasture_2018,21,34,19,33,0.9000000000000001,90.00000000000001,97.05882352941177
41_Knight_4 wooded meadow_2018,30,23,28,22,0.9000000000000001,90.00000000000001,95.65217391304348
41_Knight_5 wooded meadow_2018,27,47,25,39,0.9000000000000001,90.00000000000001,82.97872340425532
41_Knight_6 alvar pasture_2018,37,23,34,20,0.9000000000000001,90.00000000000001,86.95652173913044
42_Knight_M1Restored_2019,45,25,41,25,0.9000000000000001,90.00000000000001,100
42_Knight_M2Natural_2019,31,19,28,19,0.9000000000000001,90.00000000000001,100
42_Knight_M3Natural_2019,37,17,34,16,0.9000000000000001,90.00000000000001,94.11764705882354
42_Knight_M4Restored_2019,33,19,30,16,0.9000000000000001,90.00000000000001,84.21052631578948
42_Knight_M5Restored_2019,37,21,34,15,0.9000000000000001,90.00000000000001,71.42857142857143
42_Knight_M6Natural_2019,47,35,43,31,0.9000000000000001,90.00000000000001,88.57142857142857
42_Knight_M8Restored_2019,32,15,29,13,0.9000000000000001,90.00000000000001,86.66666666666667
44_Knight_M11_2018,46,33,42,29,0.9000000000000001,90.00000000000001,87.87878787878788
44_Knight_M12_2018,43,55,39,49,0.9000000000000001,90.00000000000001,89.0909090909091
44_Knight_M13_2018,32,23,29,21,0.9000000000000001,90.00000000000001,91.30434782608695
44_Knight_M15_2018,45,58,41,53,0.9000000000000001,90.00000000000001,91.37931034482759
44_Knight_M16_2018,50,50,46,49,0.9000000000000001,90.00000000000001,98
44_Knight_M17_2018,33,48,30,34,0.9000000000000001,90.00000000000001,70.83333333333333
44_Knight_M18_2018,39,44,36,43,0.9000000000000001,90.00000000000001,97.72727272727273
44_Knight_M1_2018,23,37,21,31,0.9000000000000001,90.00000000000001,83.78378378378379
44_Knight_M3_2018,57,63,52,53,0.9000000000000001,90.00000000000001,84.12698412698413
44_Knight_M4_2018,46,56,42,55,0.9000000000000001,90.00000000000001,98.21428571428571
44_Knight_M6_2018,69,33,63,27,0.9000000000000001,90.00000000000001,81.81818181818181
44_Knight_M8_2018,67,41,61,38,0.9000000000000001,90.00000000000001,92.6829268292683
45_Knight_Hermanovice_meadow_2018,32,47,29,42,0.9000000000000001,90.00000000000001,89.36170212765957
45_Knight_HorniGrunt_meadow_2018,26,38,24,35,0.9000000000000001,90.00000000000001,92.10526315789474
45_Knight_Mnichov_meadow_2018,29,53,27,40,0.9000000000000001,90.00000000000001,75.47169811320755
46_Knight_Gora_Gipsowa_2018,37,41,34,17,0.9000000000000001,90.00000000000001,41.46341463414634
47_Benadi_1,81,190,73,189,0.9000000000000001,90.00000000000001,99.47368421052632
47_Benadi_2,54,162,49,161,0.9000000000000001,90.00000000000001,99.38271604938272
47_Benadi_3,67,150,61,147,0.9000000000000001,90.00000000000001,98
47_Benadi_4,55,144,50,137,0.9000000000000001,90.00000000000001,95.13888888888889
47_Benadi_5,68,131,62,130,0.9000000000000001,90.00000000000001,99.23664122137404
47_Benadi_6,63,96,57,95,0.9000000000000001,90.00000000000001,98.95833333333333
4_Marini_UNIPD01 A_2018,23,69,21,64,0.9000000000000001,90.00000000000001,92.7536231884058
4_Marini_UNIPD01 An_2018,27,54,25,53,0.9000000000000001,90.00000000000001,98.14814814814815
4_Marini_UNIPD01 B_2018,29,58,27,55,0.9000000000000001,90.00000000000001,94.82758620689656
4_Marini_UNIPD01 Bn_2018,32,90,29,79,0.9000000000000001,90.00000000000001,87.77777777777777
4_Marini_UNIPD01 C_2018,37,67,34,66,0.9000000000000001,90.00000000000001,98.50746268656717
4_Marini_UNIPD01 Cn_2018,30,65,28,65,0.9000000000000001,90.00000000000001,100
4_Marini_UNIPD01 E_2018,46,73,42,70,0.9000000000000001,90.00000000000001,95.89041095890411
4_Marini_UNIPD01 En_2018,40,67,37,63,0.9000000000000001,90.00000000000001,94.02985074626865
4_Marini_UNIPD01 F_2018,25,32,23,31,0.9000000000000001,90.00000000000001,96.875
4_Marini_UNIPD01 Fn_2018,29,31,27,30,0.9000000000000001,90.00000000000001,96.7741935483871
4_Marini_UNIPD01 G_2018,25,56,23,55,0.9000000000000001,90.00000000000001,98.21428571428571
4_Marini_UNIPD01 Gn_2018,28,45,26,44,0.9000000000000001,90.00000000000001,97.77777777777777
4_Marini_UNIPD01 H_2018,50,98,46,86,0.9000000000000001,90.00000000000001,87.75510204081633
4_Marini_UNIPD01 Hn_2018,38,82,35,74,0.9000000000000001,90.00000000000001,90.2439024390244
4_Marini_UNIPD01 I_2018,33,74,30,70,0.9000000000000001,90.00000000000001,94.5945945945946
4_Marini_UNIPD01 In_2018,44,93,40,91,0.9000000000000001,90.00000000000001,97.84946236559139
50_Hervias-Parejo_Cala Tirant_2021,18,77,17,75,0.9000000000000001,90.00000000000001,97.40259740259741
50_Hervias-Parejo_Llucalari_2021,11,62,10,55,0.9000000000000001,90.00000000000001,88.70967741935483
50_Hervias-Parejo_Sa Bassa_2021,15,81,14,67,0.9000000000000001,90.00000000000001,82.71604938271605
50_Hervias-Parejo_Salinas_2021,27,95,25,81,0.9000000000000001,90.00000000000001,85.26315789473684
50_Hervias-Parejo_Torre Fornells_2021,21,83,19,71,0.9000000000000001,90.00000000000001,85.5421686746988
50_Hervias-Parejo_coast Son Bou_2021,10,46,10,32,0.9000000000000001,90.00000000000001,69.56521739130434
51_Petanidou_Pyrgos_2013,39,66,36,64,0.9000000000000001,90.00000000000001,96.96969696969697
51_Petanidou_Sigri 3_2012,28,51,26,46,0.9000000000000001,90.00000000000001,90.19607843137256
54_Lazaro_AloeVera_2018_2018,11,60,10,56,0.9000000000000001,90.00000000000001,93.33333333333333
54_Lazaro_SonBaco_2018_2018,14,73,13,70,0.9000000000000001,90.00000000000001,95.89041095890411
54_Lazaro_SonMutNou_2018_2018,12,69,11,68,0.9000000000000001,90.00000000000001,98.55072463768116
54_Lazaro_UIB_2018_2018,20,72,19,67,0.9000000000000001,90.00000000000001,93.05555555555556
5_Marini_UNIPD02 AA_2019,24,24,22,23,0.9000000000000001,90.00000000000001,95.83333333333333
5_Marini_UNIPD02 AB_2019,26,16,24,13,0.9000000000000001,90.00000000000001,81.25
5_Marini_UNIPD02 AC_2019,31,23,28,21,0.9000000000000001,90.00000000000001,91.30434782608695
5_Marini_UNIPD02 AD_2019,20,14,19,13,0.9000000000000001,90.00000000000001,92.85714285714286
5_Marini_UNIPD02 AE_2019,19,35,18,31,0.9000000000000001,90.00000000000001,88.57142857142857
5_Marini_UNIPD02 AF_2019,16,24,15,24,0.9000000000000001,90.00000000000001,100
5_Marini_UNIPD02 AG_2019,25,52,23,51,0.9000000000000001,90.00000000000001,98.07692307692308
5_Marini_UNIPD02 AH_2019,22,35,20,27,0.9000000000000001,90.00000000000001,77.14285714285714
5_Marini_UNIPD02 AI_2019,21,16,19,15,0.9000000000000001,90.00000000000001,93.75
5_Marini_UNIPD02 AJ_2019,10,31,10,31,0.9000000000000001,90.00000000000001,100
5_Marini_UNIPD02 AK_2019,10,21,10,18,0.9000000000000001,90.00000000000001,85.71428571428571
5_Marini_UNIPD02 AL_2019,27,39,25,38,0.9000000000000001,90.00000000000001,97.43589743589743
5_Marini_UNIPD02 AM_2019,31,34,28,30,0.9000000000000001,90.00000000000001,88.23529411764706
5_Marini_UNIPD02 AN_2019,12,20,11,20,0.9000000000000001,90.00000000000001,100
5_Marini_UNIPD02 AO_2019,18,29,17,29,0.9000000000000001,90.00000000000001,100
5_Marini_UNIPD02 AP_2019,16,18,15,14,0.9000000000000001,90.00000000000001,77.77777777777777
5_Marini_UNIPD02 AQ_2019,15,24,14,24,0.9000000000000001,90.00000000000001,100
5_Marini_UNIPD02 AS_2019,14,22,13,21,0.9000000000000001,90.00000000000001,95.45454545454545
5_Marini_UNIPD02 AT_2019,16,26,15,26,0.9000000000000001,90.00000000000001,100
5_Marini_UNIPD02 AV_2019,10,13,10,13,0.9000000000000001,90.00000000000001,100
5_Marini_UNIPD02 A_2019,17,35,16,33,0.9000000000000001,90.00000000000001,94.28571428571429
5_Marini_UNIPD02 B_2019,21,32,19,29,0.9000000000000001,90.00000000000001,90.625
5_Marini_UNIPD02 C_2019,19,35,18,35,0.9000000000000001,90.00000000000001,100
5_Marini_UNIPD02 D_2019,17,32,16,32,0.9000000000000001,90.00000000000001,100
5_Marini_UNIPD02 E_2019,12,32,11,30,0.9000000000000001,90.00000000000001,93.75
5_Marini_UNIPD02 G_2019,19,27,18,23,0.9000000000000001,90.00000000000001,85.18518518518519
5_Marini_UNIPD02 H_2019,15,21,14,20,0.9000000000000001,90.00000000000001,95.23809523809524
5_Marini_UNIPD02 I_2019,16,35,15,35,0.9000000000000001,90.00000000000001,100
5_Marini_UNIPD02 K_2019,16,31,15,30,0.9000000000000001,90.00000000000001,96.7741935483871
5_Marini_UNIPD02 L_2019,13,20,12,20,0.9000000000000001,90.00000000000001,100
5_Marini_UNIPD02 M_2019,26,35,24,35,0.9000000000000001,90.00000000000001,100
5_Marini_UNIPD02 N_2019,17,20,16,19,0.9000000000000001,90.00000000000001,95
5_Marini_UNIPD02 O_2019,19,31,18,28,0.9000000000000001,90.00000000000001,90.3225806451613
5_Marini_UNIPD02 P_2019,15,24,14,16,0.9000000000000001,90.00000000000001,66.66666666666667
5_Marini_UNIPD02 Q_2019,18,22,17,22,0.9000000000000001,90.00000000000001,100
5_Marini_UNIPD02 S_2019,22,31,20,30,0.9000000000000001,90.00000000000001,96.7741935483871
5_Marini_UNIPD02 T_2019,21,18,19,17,0.9000000000000001,90.00000000000001,94.44444444444444
5_Marini_UNIPD02 U_2019,28,23,26,23,0.9000000000000001,90.00000000000001,100
5_Marini_UNIPD02 V_2019,29,39,27,36,0.9000000000000001,90.00000000000001,92.3076923076923
5_Marini_UNIPD02 W_2019,21,36,19,33,0.9000000000000001,90.00000000000001,91.66666666666667
5_Marini_UNIPD02 X_2019,27,41,25,37,0.9000000000000001,90.00000000000001,90.2439024390244
5_Marini_UNIPD02 Y_2019,20,45,19,45,0.9000000000000001,90.00000000000001,100
5_Marini_UNIPD02 Z_2019,15,27,14,26,0.9000000000000001,90.00000000000001,96.29629629629629
6_Marini_UNIPD03 CD13_2020,13,25,12,25,0.9000000000000001,90.00000000000001,100
6_Marini_UNIPD03 CD14_2020,18,30,17,30,0.9000000000000001,90.00000000000001,100
6_Marini_UNIPD03 CD15_2020,24,43,22,42,0.9000000000000001,90.00000000000001,97.67441860465117
6_Marini_UNIPD03 CD16_2020,26,52,24,52,0.9000000000000001,90.00000000000001,100
6_Marini_UNIPD03 CD17_2020,27,51,25,51,0.9000000000000001,90.00000000000001,100
6_Marini_UNIPD03 CD20_2020,17,44,16,43,0.9000000000000001,90.00000000000001,97.72727272727273
6_Marini_UNIPD03 CD22_2020,22,24,20,24,0.9000000000000001,90.00000000000001,100
6_Marini_UNIPD03 CD23_2020,23,39,21,39,0.9000000000000001,90.00000000000001,100
6_Marini_UNIPD03 CD26_2020,11,26,10,22,0.9000000000000001,90.00000000000001,84.61538461538461
6_Marini_UNIPD03 CD27_2020,23,34,21,34,0.9000000000000001,90.00000000000001,100
6_Marini_UNIPD03 CD28_2020,27,42,25,40,0.9000000000000001,90.00000000000001,95.23809523809524
6_Marini_UNIPD03 CD29_2020,21,35,19,35,0.9000000000000001,90.00000000000001,100
6_Marini_UNIPD03 CD2_2020,10,22,10,21,0.9000000000000001,90.00000000000001,95.45454545454545
6_Marini_UNIPD03 CD34_2020,14,45,13,45,0.9000000000000001,90.00000000000001,100
6_Marini_UNIPD03 D11_2020,13,28,12,28,0.9000000000000001,90.00000000000001,100
6_Marini_UNIPD03 D17_2020,10,26,10,26,0.9000000000000001,90.00000000000001,100
6_Marini_UNIPD03 D21_2020,11,23,10,22,0.9000000000000001,90.00000000000001,95.65217391304348
6_Marini_UNIPD03 D24_2020,17,33,16,33,0.9000000000000001,90.00000000000001,100
6_Marini_UNIPD03 D28_2020,19,32,18,31,0.9000000000000001,90.00000000000001,96.875
6_Marini_UNIPD03 D29_2020,15,28,14,27,0.9000000000000001,90.00000000000001,96.42857142857143
6_Marini_UNIPD03 D34_2020,13,37,12,35,0.9000000000000001,90.00000000000001,94.5945945945946
6_Marini_UNIPD03 D35_2020,13,24,12,24,0.9000000000000001,90.00000000000001,100
6_Marini_UNIPD03 D5_2020,17,30,16,30,0.9000000000000001,90.00000000000001,100
6_Marini_UNIPD03 D8_2020,11,18,10,18,0.9000000000000001,90.00000000000001,100
6_Marini_UNIPD03 E14_2020,19,34,18,32,0.9000000000000001,90.00000000000001,94.11764705882354
6_Marini_UNIPD03 E19_2020,19,28,18,28,0.9000000000000001,90.00000000000001,100
6_Marini_UNIPD03 E25_2020,17,24,16,24,0.9000000000000001,90.00000000000001,100
6_Marini_UNIPD03 E26_2020,24,45,22,45,0.9000000000000001,90.00000000000001,100
6_Marini_UNIPD03 E31_2020,13,22,12,22,0.9000000000000001,90.00000000000001,100
6_Marini_UNIPD03 E32_2020,10,20,10,20,0.9000000000000001,90.00000000000001,100
6_Marini_UNIPD03 E33_2020,13,40,12,40,0.9000000000000001,90.00000000000001,100
6_Marini_UNIPD03 E35_2020,14,36,13,36,0.9000000000000001,90.00000000000001,100
6_Marini_UNIPD03 E36_2020,11,42,10,42,0.9000000000000001,90.00000000000001,100
7_Scheper_Chize_10_Field_boundary_2015,37,22,34,11,0.9000000000000001,90.00000000000001,50
7_Scheper_Chize_12_Field_boundary_2015,34,34,31,26,0.9000000000000001,90.00000000000001,76.47058823529412
7_Scheper_Chize_14_Field_boundary_2015,35,38,32,16,0.9000000000000001,90.00000000000001,42.10526315789474
7_Scheper_Chize_19_Field_boundary_2015,32,22,29,19,0.9000000000000001,90.00000000000001,86.36363636363636
7_Scheper_Chize_1_Field_boundary_2015,25,22,23,19,0.9000000000000001,90.00000000000001,86.36363636363636
7_Scheper_Chize_1_Grassland_2015,14,22,13,18,0.9000000000000001,90.00000000000001,81.81818181818181
7_Scheper_Chize_25_Field_boundary_2015,31,27,28,20,0.9000000000000001,90.00000000000001,74.07407407407408
7_Scheper_Chize_4_Field_boundary_2015,25,21,23,16,0.9000000000000001,90.00000000000001,76.19047619047619
7_Scheper_Chize_5_Field_boundary_2015,32,21,29,17,0.9000000000000001,90.00000000000001,80.95238095238095
7_Scheper_Chize_6_Field_boundary_2015,31,35,28,30,0.9000000000000001,90.00000000000001,85.71428571428571
11_Clough_ASK_2021_2021,16,19,16,19,0.9500000000000001,95,100
11_Clough_HAM_2021_2021,24,38,23,38,0.9500000000000001,95,100
11_Clough_KOM_2021_2021,22,23,21,23,0.9500000000000001,95,100
11_Clough_LOB_2021_2021,21,19,20,18,0.9500000000000001,95,94.73684210526316
11_Clough_PET_2021_2021,30,36,29,36,0.9500000000000001,95,100
11_Clough_TAG_2021_2021,28,35,27,32,0.9500000000000001,95,91.42857142857143
12_Ockinger_Norrang_Ryckelsby_Og,25,21,24,21,0.9500000000000001,95,100
12_Ockinger_Sattra_Og,26,11,25,11,0.9500000000000001,95,100
12_Ockinger_St_Tadinge,28,18,27,18,0.9500000000000001,95,100
12_Ockinger_Tjalinge_Skogstibble,35,18,34,16,0.9500000000000001,95,88.88888888888889
20_Hoiss_H5_2010,25,81,24,72,0.9500000000000001,95,88.88888888888889
20_Hoiss_H6_2010,36,36,35,34,0.9500000000000001,95,94.44444444444444
20_Hoiss_H7_2010,31,38,30,32,0.9500000000000001,95,84.21052631578948
20_Hoiss_HO1_2010,30,52,29,43,0.9500000000000001,95,82.6923076923077
20_Hoiss_HO5_2010,50,57,48,54,0.9500000000000001,95,94.73684210526316
20_Hoiss_T4_2010,32,61,31,49,0.9500000000000001,95,80.32786885245902
22_Kallnik_h1_2012,87,11,83,11,0.9500000000000001,95,100
22_Kallnik_h2_2011,54,11,52,11,0.9500000000000001,95,100
22_Kallnik_h3_2011,71,10,68,10,0.9500000000000001,95,100
22_Kallnik_h4_2010,96,10,92,9,0.9500000000000001,95,90
22_Kallnik_h4_2011,85,10,81,10,0.9500000000000001,95,100
22_Kallnik_h5_2011,54,11,52,11,0.9500000000000001,95,100
22_Kallnik_h5_2012,78,11,75,11,0.9500000000000001,95,100
22_Kallnik_h6_2011,69,10,66,10,0.9500000000000001,95,100
22_Kallnik_h7_2011,63,10,60,10,0.9500000000000001,95,100
22_Kallnik_ho2_2011,68,10,65,10,0.9500000000000001,95,100
22_Kallnik_ho3_2011,49,12,47,12,0.9500000000000001,95,100
22_Kallnik_ho3_2012,61,10,58,10,0.9500000000000001,95,100
22_Kallnik_ho4_2010,76,10,73,10,0.9500000000000001,95,100
22_Kallnik_ho4_2011,71,13,68,13,0.9500000000000001,95,100
22_Kallnik_ho4_2012,79,12,76,12,0.9500000000000001,95,100
22_Kallnik_ho5_2011,59,12,57,12,0.9500000000000001,95,100
22_Kallnik_wma3_2011,53,10,51,10,0.9500000000000001,95,100
22_Kallnik_wma3_2012,71,10,68,9,0.9500000000000001,95,90
22_Kallnik_wma4_2011,50,11,48,11,0.9500000000000001,95,100
22_Kallnik_wma5_2011,55,10,53,10,0.9500000000000001,95,100
22_Kallnik_wmb1_2012,92,11,88,11,0.9500000000000001,95,100
22_Kallnik_wmb2_2011,89,12,85,12,0.9500000000000001,95,100
22_Kallnik_wmb2_2012,108,11,103,11,0.9500000000000001,95,100
22_Kallnik_wmb3_2011,90,10,86,10,0.9500000000000001,95,100
22_Kallnik_wmb3_2012,106,10,101,10,0.9500000000000001,95,100
22_Kallnik_wmb4_2010,84,12,80,12,0.9500000000000001,95,100
22_Kallnik_wmb4_2011,78,13,75,13,0.9500000000000001,95,100
22_Kallnik_wmb4_2012,87,11,83,11,0.9500000000000001,95,100
22_Kallnik_wmb5_2010,91,11,87,11,0.9500000000000001,95,100
22_Kallnik_wmb5_2011,82,11,78,11,0.9500000000000001,95,100
22_Kallnik_wmb5_2012,90,11,86,11,0.9500000000000001,95,100
28_Sutter_10_2013,44,16,42,16,0.9500000000000001,95,100
28_Sutter_11_2013,38,14,37,14,0.9500000000000001,95,100
28_Sutter_12_2013,34,12,33,12,0.9500000000000001,95,100
28_Sutter_13_2013,45,13,43,12,0.9500000000000001,95,92.3076923076923
28_Sutter_13_2014,30,11,29,11,0.9500000000000001,95,100
28_Sutter_14_2013,20,12,19,7,0.9500000000000001,95,58.333333333333336
28_Sutter_17_2013,47,17,45,17,0.9500000000000001,95,100
28_Sutter_19_2013,35,20,34,20,0.9500000000000001,95,100
28_Sutter_1_2013,46,14,44,14,0.9500000000000001,95,100
28_Sutter_20_2013,24,15,23,14,0.9500000000000001,95,93.33333333333333
28_Sutter_21_2013,43,16,41,14,0.9500000000000001,95,87.5
28_Sutter_2_2013,29,15,28,15,0.9500000000000001,95,100
28_Sutter_3_2013,34,21,33,18,0.9500000000000001,95,85.71428571428571
28_Sutter_5_2013,50,23,48,22,0.9500000000000001,95,95.65217391304348
28_Sutter_8_2013,34,17,33,16,0.9500000000000001,95,94.11764705882354
28_Sutter_8_2014,22,18,21,17,0.9500000000000001,95,94.44444444444444
29_Magrach_Gibraleon_2011,16,27,16,20,0.9500000000000001,95,74.07407407407408
29_Magrach_Gravera_2011,18,25,18,17,0.9500000000000001,95,68
29_Magrach_Niebla_2011,18,31,18,31,0.9500000000000001,95,100
29_Magrach_Niebla_2012,21,26,20,26,0.9500000000000001,95,100
29_Magrach_Villablanca_2011,18,22,18,21,0.9500000000000001,95,95.45454545454545
2_Petanidou_Armolia_2015,37,73,36,72,0.9500000000000001,95,98.63013698630137
2_Petanidou_Emborios_2015,21,80,20,80,0.9500000000000001,95,100
2_Petanidou_Gridia_2015,38,73,37,71,0.9500000000000001,95,97.26027397260275
2_Petanidou_Kato Fana_2015,14,60,14,53,0.9500000000000001,95,88.33333333333333
2_Petanidou_Palios Katarraktis_2015,39,73,38,69,0.9500000000000001,95,94.52054794520548
2_Petanidou_Vessa 2_2015,28,98,27,96,0.9500000000000001,95,97.95918367346938
30_Smith_lsk48_2012,30,22,29,15,0.9500000000000001,95,68.18181818181819
30_Smith_lsk57_2011,33,20,32,14,0.9500000000000001,95,70
30_Smith_lsk73_2012,28,19,27,15,0.9500000000000001,95,78.94736842105263
30_Smith_lsk74_2012,27,26,26,18,0.9500000000000001,95,69.23076923076923
30_Smith_lsk77_2011,22,19,21,17,0.9500000000000001,95,89.47368421052632
30_Smith_lsk77_2012,42,25,40,16,0.9500000000000001,95,64
31_Roberts_Hunt_2013,44,12,42,12,0.9500000000000001,95,100
31_Roberts_Jefferies_2013,31,13,30,12,0.9500000000000001,95,92.3076923076923
31_Roberts_Livingstone_far_2012,30,12,29,12,0.9500000000000001,95,100
31_Roberts_Livingstone_house_2012,30,14,29,13,0.9500000000000001,95,92.85714285714286
31_Roberts_Mearns_2013,32,19,31,19,0.9500000000000001,95,100
31_Roberts_White_left_2012,42,19,40,17,0.9500000000000001,95,89.47368421052632
36_Larkin_Barracks.Lyan.Co.Clare_13.2017_GS1,13,11,13,11,0.9500000000000001,95,100
36_Larkin_Glencolumbkille.South.Carron.Co.Clare_20.2017_GS1,12,13,12,12,0.9500000000000001,95,92.3076923076923
37_White_An,15,23,15,23,0.9500000000000001,95,100
37_White_Bl,19,27,19,24,0.9500000000000001,95,88.88888888888889
37_White_Bn,20,26,19,23,0.9500000000000001,95,88.46153846153847
37_White_CW,26,33,25,32,0.9500000000000001,95,96.96969696969697
37_White_Ce,18,20,18,19,0.9500000000000001,95,95
37_White_Cn,29,34,28,34,0.9500000000000001,95,100
37_White_ED,13,19,13,18,0.9500000000000001,95,94.73684210526316
37_White_Fs,22,21,21,18,0.9500000000000001,95,85.71428571428571
37_White_JK,25,24,24,20,0.9500000000000001,95,83.33333333333333
37_White_Kr,29,17,28,16,0.9500000000000001,95,94.11764705882354
37_White_ND,25,22,24,21,0.9500000000000001,95,95.45454545454545
37_White_NG,21,25,20,24,0.9500000000000001,95,96
37_White_Pn,12,17,12,12,0.9500000000000001,95,70.58823529411765
37_White_WD,15,23,15,20,0.9500000000000001,95,86.95652173913044
38_Maurer_A1,47,27,45,27,0.9500000000000001,95,100
38_Maurer_A2,76,40,73,38,0.9500000000000001,95,95
38_Maurer_A3,69,31,66,30,0.9500000000000001,95,96.7741935483871
38_Maurer_A4,58,31,56,29,0.9500000000000001,95,93.54838709677419
38_Maurer_R1,72,42,69,40,0.9500000000000001,95,95.23809523809524
38_Maurer_R2,54,51,52,47,0.9500000000000001,95,92.15686274509804
38_Maurer_R3,95,48,91,46,0.9500000000000001,95,95.83333333333333
38_Maurer_R4,66,37,63,35,0.9500000000000001,95,94.5945945945946
38_Maurer_U2,113,64,108,61,0.9500000000000001,95,95.3125
38_Maurer_U3,92,49,88,48,0.9500000000000001,95,97.95918367346938
39_Schweiger_I1_ruderal_1_2021,23,20,22,20,0.9500000000000001,95,100
39_Schweiger_I2_semi.natural.grass_5_2021,18,27,18,25,0.9500000000000001,95,92.5925925925926
39_Schweiger_I2_woodland.scrub_1_2021,23,22,22,20,0.9500000000000001,95,90.9090909090909
39_Schweiger_I4_woodland.scrub_3_2021,22,21,21,19,0.9500000000000001,95,90.47619047619048
39_Schweiger_R1_semi.natural.grass_4_2021,15,23,15,23,0.9500000000000001,95,100
39_Schweiger_R4_semi.natural.grass_2_2021,11,25,11,23,0.9500000000000001,95,92
40_Knight_Ghe_ari_2017,30,129,29,127,0.9500000000000001,95,98.44961240310077
41_Knight_1 wooded meadow_2018,39,37,38,34,0.9500000000000001,95,91.89189189189189
41_Knight_2 alvar pasture_2018,32,17,31,17,0.9500000000000001,95,100
41_Knight_3 alvar pasture_2018,21,34,20,33,0.9500000000000001,95,97.05882352941177
41_Knight_4 wooded meadow_2018,30,23,29,23,0.9500000000000001,95,100
41_Knight_5 wooded meadow_2018,27,47,26,39,0.9500000000000001,95,82.97872340425532
41_Knight_6 alvar pasture_2018,37,23,36,20,0.9500000000000001,95,86.95652173913044
42_Knight_M1Restored_2019,45,25,43,25,0.9500000000000001,95,100
42_Knight_M2Natural_2019,31,19,30,19,0.9500000000000001,95,100
42_Knight_M3Natural_2019,37,17,36,16,0.9500000000000001,95,94.11764705882354
42_Knight_M4Restored_2019,33,19,32,16,0.9500000000000001,95,84.21052631578948
42_Knight_M5Restored_2019,37,21,36,15,0.9500000000000001,95,71.42857142857143
42_Knight_M6Natural_2019,47,35,45,31,0.9500000000000001,95,88.57142857142857
42_Knight_M8Restored_2019,32,15,31,14,0.9500000000000001,95,93.33333333333333
44_Knight_M11_2018,46,33,44,29,0.9500000000000001,95,87.87878787878788
44_Knight_M12_2018,43,55,41,50,0.9500000000000001,95,90.9090909090909
44_Knight_M13_2018,32,23,31,23,0.9500000000000001,95,100
44_Knight_M15_2018,45,58,43,53,0.9500000000000001,95,91.37931034482759
44_Knight_M16_2018,50,50,48,49,0.9500000000000001,95,98
44_Knight_M17_2018,33,48,32,34,0.9500000000000001,95,70.83333333333333
44_Knight_M18_2018,39,44,38,43,0.9500000000000001,95,97.72727272727273
44_Knight_M1_2018,23,37,22,31,0.9500000000000001,95,83.78378378378379
44_Knight_M3_2018,57,63,55,53,0.9500000000000001,95,84.12698412698413
44_Knight_M4_2018,46,56,44,55,0.9500000000000001,95,98.21428571428571
44_Knight_M6_2018,69,33,66,27,0.9500000000000001,95,81.81818181818181
44_Knight_M8_2018,67,41,64,38,0.9500000000000001,95,92.6829268292683
45_Knight_Hermanovice_meadow_2018,32,47,31,42,0.9500000000000001,95,89.36170212765957
45_Knight_HorniGrunt_meadow_2018,26,38,25,35,0.9500000000000001,95,92.10526315789474
45_Knight_Mnichov_meadow_2018,29,53,28,40,0.9500000000000001,95,75.47169811320755
46_Knight_Gora_Gipsowa_2018,37,41,36,18,0.9500000000000001,95,43.90243902439025
47_Benadi_1,81,190,77,189,0.9500000000000001,95,99.47368421052632
47_Benadi_2,54,162,52,162,0.9500000000000001,95,100
47_Benadi_3,67,150,64,147,0.9500000000000001,95,98
47_Benadi_4,55,144,53,137,0.9500000000000001,95,95.13888888888889
47_Benadi_5,68,131,65,130,0.9500000000000001,95,99.23664122137404
47_Benadi_6,63,96,60,95,0.9500000000000001,95,98.95833333333333
4_Marini_UNIPD01 A_2018,23,69,22,67,0.9500000000000001,95,97.10144927536231
4_Marini_UNIPD01 An_2018,27,54,26,53,0.9500000000000001,95,98.14814814814815
4_Marini_UNIPD01 B_2018,29,58,28,55,0.9500000000000001,95,94.82758620689656
4_Marini_UNIPD01 Bn_2018,32,90,31,79,0.9500000000000001,95,87.77777777777777
4_Marini_UNIPD01 C_2018,37,67,36,66,0.9500000000000001,95,98.50746268656717
4_Marini_UNIPD01 Cn_2018,30,65,29,65,0.9500000000000001,95,100
4_Marini_UNIPD01 E_2018,46,73,44,71,0.9500000000000001,95,97.26027397260275
4_Marini_UNIPD01 En_2018,40,67,38,63,0.9500000000000001,95,94.02985074626865
4_Marini_UNIPD01 F_2018,25,32,24,31,0.9500000000000001,95,96.875
4_Marini_UNIPD01 Fn_2018,29,31,28,30,0.9500000000000001,95,96.7741935483871
4_Marini_UNIPD01 G_2018,25,56,24,55,0.9500000000000001,95,98.21428571428571
4_Marini_UNIPD01 Gn_2018,28,45,27,44,0.9500000000000001,95,97.77777777777777
4_Marini_UNIPD01 H_2018,50,98,48,86,0.9500000000000001,95,87.75510204081633
4_Marini_UNIPD01 Hn_2018,38,82,37,74,0.9500000000000001,95,90.2439024390244
4_Marini_UNIPD01 I_2018,33,74,32,70,0.9500000000000001,95,94.5945945945946
4_Marini_UNIPD01 In_2018,44,93,42,91,0.9500000000000001,95,97.84946236559139
50_Hervias-Parejo_Cala Tirant_2021,18,77,18,75,0.9500000000000001,95,97.40259740259741
50_Hervias-Parejo_Llucalari_2021,11,62,11,58,0.9500000000000001,95,93.54838709677419
50_Hervias-Parejo_Sa Bassa_2021,15,81,15,67,0.9500000000000001,95,82.71604938271605
50_Hervias-Parejo_Salinas_2021,27,95,26,81,0.9500000000000001,95,85.26315789473684
50_Hervias-Parejo_Torre Fornells_2021,21,83,20,74,0.9500000000000001,95,89.1566265060241
50_Hervias-Parejo_coast Son Bou_2021,10,46,10,32,0.9500000000000001,95,69.56521739130434
51_Petanidou_Pyrgos_2013,39,66,38,64,0.9500000000000001,95,96.96969696969697
51_Petanidou_Sigri 3_2012,28,51,27,46,0.9500000000000001,95,90.19607843137256
54_Lazaro_AloeVera_2018_2018,11,60,11,56,0.9500000000000001,95,93.33333333333333
54_Lazaro_SonBaco_2018_2018,14,73,14,70,0.9500000000000001,95,95.89041095890411
54_Lazaro_SonMutNou_2018_2018,12,69,12,69,0.9500000000000001,95,100
54_Lazaro_UIB_2018_2018,20,72,19,67,0.9500000000000001,95,93.05555555555556
5_Marini_UNIPD02 AA_2019,24,24,23,23,0.9500000000000001,95,95.83333333333333
5_Marini_UNIPD02 AB_2019,26,16,25,13,0.9500000000000001,95,81.25
5_Marini_UNIPD02 AC_2019,31,23,30,21,0.9500000000000001,95,91.30434782608695
5_Marini_UNIPD02 AD_2019,20,14,19,13,0.9500000000000001,95,92.85714285714286
5_Marini_UNIPD02 AE_2019,19,35,19,31,0.9500000000000001,95,88.57142857142857
5_Marini_UNIPD02 AF_2019,16,24,16,24,0.9500000000000001,95,100
5_Marini_UNIPD02 AG_2019,25,52,24,51,0.9500000000000001,95,98.07692307692308
5_Marini_UNIPD02 AH_2019,22,35,21,27,0.9500000000000001,95,77.14285714285714
5_Marini_UNIPD02 AI_2019,21,16,20,15,0.9500000000000001,95,93.75
5_Marini_UNIPD02 AJ_2019,10,31,10,31,0.9500000000000001,95,100
5_Marini_UNIPD02 AK_2019,10,21,10,18,0.9500000000000001,95,85.71428571428571
5_Marini_UNIPD02 AL_2019,27,39,26,38,0.9500000000000001,95,97.43589743589743
5_Marini_UNIPD02 AM_2019,31,34,30,31,0.9500000000000001,95,91.17647058823529
5_Marini_UNIPD02 AN_2019,12,20,12,20,0.9500000000000001,95,100
5_Marini_UNIPD02 AO_2019,18,29,18,29,0.9500000000000001,95,100
5_Marini_UNIPD02 AP_2019,16,18,16,14,0.9500000000000001,95,77.77777777777777
5_Marini_UNIPD02 AQ_2019,15,24,15,24,0.9500000000000001,95,100
5_Marini_UNIPD02 AS_2019,14,22,14,21,0.9500000000000001,95,95.45454545454545
5_Marini_UNIPD02 AT_2019,16,26,16,26,0.9500000000000001,95,100
5_Marini_UNIPD02 AV_2019,10,13,10,13,0.9500000000000001,95,100
5_Marini_UNIPD02 A_2019,17,35,17,33,0.9500000000000001,95,94.28571428571429
5_Marini_UNIPD02 B_2019,21,32,20,29,0.9500000000000001,95,90.625
5_Marini_UNIPD02 C_2019,19,35,19,35,0.9500000000000001,95,100
5_Marini_UNIPD02 D_2019,17,32,17,32,0.9500000000000001,95,100
5_Marini_UNIPD02 E_2019,12,32,12,30,0.9500000000000001,95,93.75
5_Marini_UNIPD02 G_2019,19,27,19,24,0.9500000000000001,95,88.88888888888889
5_Marini_UNIPD02 H_2019,15,21,15,21,0.9500000000000001,95,100
5_Marini_UNIPD02 I_2019,16,35,16,35,0.9500000000000001,95,100
5_Marini_UNIPD02 K_2019,16,31,16,30,0.9500000000000001,95,96.7741935483871
5_Marini_UNIPD02 L_2019,13,20,13,20,0.9500000000000001,95,100
5_Marini_UNIPD02 M_2019,26,35,25,35,0.9500000000000001,95,100
5_Marini_UNIPD02 N_2019,17,20,17,19,0.9500000000000001,95,95
5_Marini_UNIPD02 O_2019,19,31,19,29,0.9500000000000001,95,93.54838709677419
5_Marini_UNIPD02 P_2019,15,24,15,17,0.9500000000000001,95,70.83333333333333
5_Marini_UNIPD02 Q_2019,18,22,18,22,0.9500000000000001,95,100
5_Marini_UNIPD02 S_2019,22,31,21,31,0.9500000000000001,95,100
5_Marini_UNIPD02 T_2019,21,18,20,18,0.9500000000000001,95,100
5_Marini_UNIPD02 U_2019,28,23,27,23,0.9500000000000001,95,100
5_Marini_UNIPD02 V_2019,29,39,28,37,0.9500000000000001,95,94.87179487179488
5_Marini_UNIPD02 W_2019,21,36,20,33,0.9500000000000001,95,91.66666666666667
5_Marini_UNIPD02 X_2019,27,41,26,37,0.9500000000000001,95,90.2439024390244
5_Marini_UNIPD02 Y_2019,20,45,19,45,0.9500000000000001,95,100
5_Marini_UNIPD02 Z_2019,15,27,15,26,0.9500000000000001,95,96.29629629629629
6_Marini_UNIPD03 CD13_2020,13,25,13,25,0.9500000000000001,95,100
6_Marini_UNIPD03 CD14_2020,18,30,18,30,0.9500000000000001,95,100
6_Marini_UNIPD03 CD15_2020,24,43,23,42,0.9500000000000001,95,97.67441860465117
6_Marini_UNIPD03 CD16_2020,26,52,25,52,0.9500000000000001,95,100
6_Marini_UNIPD03 CD17_2020,27,51,26,51,0.9500000000000001,95,100
6_Marini_UNIPD03 CD20_2020,17,44,17,43,0.9500000000000001,95,97.72727272727273
6_Marini_UNIPD03 CD22_2020,22,24,21,24,0.9500000000000001,95,100
6_Marini_UNIPD03 CD23_2020,23,39,22,39,0.9500000000000001,95,100
6_Marini_UNIPD03 CD26_2020,11,26,11,22,0.9500000000000001,95,84.61538461538461
6_Marini_UNIPD03 CD27_2020,23,34,22,34,0.9500000000000001,95,100
6_Marini_UNIPD03 CD28_2020,27,42,26,40,0.9500000000000001,95,95.23809523809524
6_Marini_UNIPD03 CD29_2020,21,35,20,35,0.9500000000000001,95,100
6_Marini_UNIPD03 CD2_2020,10,22,10,21,0.9500000000000001,95,95.45454545454545
6_Marini_UNIPD03 CD34_2020,14,45,14,45,0.9500000000000001,95,100
6_Marini_UNIPD03 D11_2020,13,28,13,28,0.9500000000000001,95,100
6_Marini_UNIPD03 D17_2020,10,26,10,26,0.9500000000000001,95,100
6_Marini_UNIPD03 D21_2020,11,23,11,22,0.9500000000000001,95,95.65217391304348
6_Marini_UNIPD03 D24_2020,17,33,17,33,0.9500000000000001,95,100
6_Marini_UNIPD03 D28_2020,19,32,19,31,0.9500000000000001,95,96.875
6_Marini_UNIPD03 D29_2020,15,28,15,27,0.9500000000000001,95,96.42857142857143
6_Marini_UNIPD03 D34_2020,13,37,13,36,0.9500000000000001,95,97.29729729729729
6_Marini_UNIPD03 D35_2020,13,24,13,24,0.9500000000000001,95,100
6_Marini_UNIPD03 D5_2020,17,30,17,30,0.9500000000000001,95,100
6_Marini_UNIPD03 D8_2020,11,18,11,18,0.9500000000000001,95,100
6_Marini_UNIPD03 E14_2020,19,34,19,34,0.9500000000000001,95,100
6_Marini_UNIPD03 E19_2020,19,28,19,28,0.9500000000000001,95,100
6_Marini_UNIPD03 E25_2020,17,24,17,24,0.9500000000000001,95,100
6_Marini_UNIPD03 E26_2020,24,45,23,45,0.9500000000000001,95,100
6_Marini_UNIPD03 E31_2020,13,22,13,22,0.9500000000000001,95,100
6_Marini_UNIPD03 E32_2020,10,20,10,20,0.9500000000000001,95,100
6_Marini_UNIPD03 E33_2020,13,40,13,40,0.9500000000000001,95,100
6_Marini_UNIPD03 E35_2020,14,36,14,36,0.9500000000000001,95,100
6_Marini_UNIPD03 E36_2020,11,42,11,42,0.9500000000000001,95,100
7_Scheper_Chize_10_Field_boundary_2015,37,22,36,13,0.9500000000000001,95,59.09090909090909
7_Scheper_Chize_12_Field_boundary_2015,34,34,33,26,0.9500000000000001,95,76.47058823529412
7_Scheper_Chize_14_Field_boundary_2015,35,38,34,16,0.9500000000000001,95,42.10526315789474
7_Scheper_Chize_19_Field_boundary_2015,32,22,31,20,0.9500000000000001,95,90.9090909090909
7_Scheper_Chize_1_Field_boundary_2015,25,22,24,19,0.9500000000000001,95,86.36363636363636
7_Scheper_Chize_1_Grassland_2015,14,22,14,18,0.9500000000000001,95,81.81818181818181
7_Scheper_Chize_25_Field_boundary_2015,31,27,30,20,0.9500000000000001,95,74.07407407407408
7_Scheper_Chize_4_Field_boundary_2015,25,21,24,17,0.9500000000000001,95,80.95238095238095
7_Scheper_Chize_5_Field_boundary_2015,32,21,31,17,0.9500000000000001,95,80.95238095238095
7_Scheper_Chize_6_Field_boundary_2015,31,35,30,30,0.9500000000000001,95,85.71428571428571
11_Clough_ASK_2021_2021,16,19,16,19,1,100,100
11_Clough_HAM_2021_2021,24,38,24,38,1,100,100
11_Clough_KOM_2021_2021,22,23,22,23,1,100,100
11_Clough_LOB_2021_2021,21,19,21,18,1,100,94.73684210526316
11_Clough_PET_2021_2021,30,36,30,36,1,100,100
11_Clough_TAG_2021_2021,28,35,28,32,1,100,91.42857142857143
12_Ockinger_Norrang_Ryckelsby_Og,25,21,25,21,1,100,100
12_Ockinger_Sattra_Og,26,11,26,11,1,100,100
12_Ockinger_St_Tadinge,28,18,28,18,1,100,100
12_Ockinger_Tjalinge_Skogstibble,35,18,35,17,1,100,94.44444444444444
20_Hoiss_H5_2010,25,81,25,73,1,100,90.12345679012346
20_Hoiss_H6_2010,36,36,36,34,1,100,94.44444444444444
20_Hoiss_H7_2010,31,38,31,32,1,100,84.21052631578948
20_Hoiss_HO1_2010,30,52,30,43,1,100,82.6923076923077
20_Hoiss_HO5_2010,50,57,50,54,1,100,94.73684210526316
20_Hoiss_T4_2010,32,61,32,49,1,100,80.32786885245902
22_Kallnik_h1_2012,87,11,87,11,1,100,100
22_Kallnik_h2_2011,54,11,54,11,1,100,100
22_Kallnik_h3_2011,71,10,71,10,1,100,100
22_Kallnik_h4_2010,96,10,96,9,1,100,90
22_Kallnik_h4_2011,85,10,85,10,1,100,100
22_Kallnik_h5_2011,54,11,54,11,1,100,100
22_Kallnik_h5_2012,78,11,78,11,1,100,100
22_Kallnik_h6_2011,69,10,69,10,1,100,100
22_Kallnik_h7_2011,63,10,63,10,1,100,100
22_Kallnik_ho2_2011,68,10,68,10,1,100,100
22_Kallnik_ho3_2011,49,12,49,12,1,100,100
22_Kallnik_ho3_2012,61,10,61,10,1,100,100
22_Kallnik_ho4_2010,76,10,76,10,1,100,100
22_Kallnik_ho4_2011,71,13,71,13,1,100,100
22_Kallnik_ho4_2012,79,12,79,12,1,100,100
22_Kallnik_ho5_2011,59,12,59,12,1,100,100
22_Kallnik_wma3_2011,53,10,53,10,1,100,100
22_Kallnik_wma3_2012,71,10,71,9,1,100,90
22_Kallnik_wma4_2011,50,11,50,11,1,100,100
22_Kallnik_wma5_2011,55,10,55,10,1,100,100
22_Kallnik_wmb1_2012,92,11,92,11,1,100,100
22_Kallnik_wmb2_2011,89,12,89,12,1,100,100
22_Kallnik_wmb2_2012,108,11,108,11,1,100,100
22_Kallnik_wmb3_2011,90,10,90,10,1,100,100
22_Kallnik_wmb3_2012,106,10,106,10,1,100,100
22_Kallnik_wmb4_2010,84,12,84,12,1,100,100
22_Kallnik_wmb4_2011,78,13,78,13,1,100,100
22_Kallnik_wmb4_2012,87,11,87,11,1,100,100
22_Kallnik_wmb5_2010,91,11,91,11,1,100,100
22_Kallnik_wmb5_2011,82,11,82,11,1,100,100
22_Kallnik_wmb5_2012,90,11,90,11,1,100,100
28_Sutter_10_2013,44,16,44,16,1,100,100
28_Sutter_11_2013,38,14,38,14,1,100,100
28_Sutter_12_2013,34,12,34,12,1,100,100
28_Sutter_13_2013,45,13,45,12,1,100,92.3076923076923
28_Sutter_13_2014,30,11,30,11,1,100,100
28_Sutter_14_2013,20,12,20,7,1,100,58.333333333333336
28_Sutter_17_2013,47,17,47,17,1,100,100
28_Sutter_19_2013,35,20,35,20,1,100,100
28_Sutter_1_2013,46,14,46,14,1,100,100
28_Sutter_20_2013,24,15,24,14,1,100,93.33333333333333
28_Sutter_21_2013,43,16,43,14,1,100,87.5
28_Sutter_2_2013,29,15,29,15,1,100,100
28_Sutter_3_2013,34,21,34,18,1,100,85.71428571428571
28_Sutter_5_2013,50,23,50,22,1,100,95.65217391304348
28_Sutter_8_2013,34,17,34,16,1,100,94.11764705882354
28_Sutter_8_2014,22,18,22,17,1,100,94.44444444444444
29_Magrach_Gibraleon_2011,16,27,16,20,1,100,74.07407407407408
29_Magrach_Gravera_2011,18,25,18,17,1,100,68
29_Magrach_Niebla_2011,18,31,18,31,1,100,100
29_Magrach_Niebla_2012,21,26,21,26,1,100,100
29_Magrach_Villablanca_2011,18,22,18,21,1,100,95.45454545454545
2_Petanidou_Armolia_2015,37,73,37,72,1,100,98.63013698630137
2_Petanidou_Emborios_2015,21,80,21,80,1,100,100
2_Petanidou_Gridia_2015,38,73,38,71,1,100,97.26027397260275
2_Petanidou_Kato Fana_2015,14,60,14,53,1,100,88.33333333333333
2_Petanidou_Palios Katarraktis_2015,39,73,39,69,1,100,94.52054794520548
2_Petanidou_Vessa 2_2015,28,98,28,96,1,100,97.95918367346938
30_Smith_lsk48_2012,30,22,30,15,1,100,68.18181818181819
30_Smith_lsk57_2011,33,20,33,14,1,100,70
30_Smith_lsk73_2012,28,19,28,15,1,100,78.94736842105263
30_Smith_lsk74_2012,27,26,27,18,1,100,69.23076923076923
30_Smith_lsk77_2011,22,19,22,17,1,100,89.47368421052632
30_Smith_lsk77_2012,42,25,42,16,1,100,64
31_Roberts_Hunt_2013,44,12,44,12,1,100,100
31_Roberts_Jefferies_2013,31,13,31,12,1,100,92.3076923076923
31_Roberts_Livingstone_far_2012,30,12,30,12,1,100,100
31_Roberts_Livingstone_house_2012,30,14,30,13,1,100,92.85714285714286
31_Roberts_Mearns_2013,32,19,32,19,1,100,100
31_Roberts_White_left_2012,42,19,42,17,1,100,89.47368421052632
36_Larkin_Barracks.Lyan.Co.Clare_13.2017_GS1,13,11,13,11,1,100,100
36_Larkin_Glencolumbkille.South.Carron.Co.Clare_20.2017_GS1,12,13,12,12,1,100,92.3076923076923
37_White_An,15,23,15,23,1,100,100
37_White_Bl,19,27,19,24,1,100,88.88888888888889
37_White_Bn,20,26,20,23,1,100,88.46153846153847
37_White_CW,26,33,26,32,1,100,96.96969696969697
37_White_Ce,18,20,18,19,1,100,95
37_White_Cn,29,34,29,34,1,100,100
37_White_ED,13,19,13,18,1,100,94.73684210526316
37_White_Fs,22,21,22,18,1,100,85.71428571428571
37_White_JK,25,24,25,20,1,100,83.33333333333333
37_White_Kr,29,17,29,16,1,100,94.11764705882354
37_White_ND,25,22,25,22,1,100,100
37_White_NG,21,25,21,24,1,100,96
37_White_Pn,12,17,12,12,1,100,70.58823529411765
37_White_WD,15,23,15,20,1,100,86.95652173913044
38_Maurer_A1,47,27,47,27,1,100,100
38_Maurer_A2,76,40,76,38,1,100,95
38_Maurer_A3,69,31,69,30,1,100,96.7741935483871
38_Maurer_A4,58,31,58,29,1,100,93.54838709677419
38_Maurer_R1,72,42,72,40,1,100,95.23809523809524
38_Maurer_R2,54,51,54,48,1,100,94.11764705882354
38_Maurer_R3,95,48,95,46,1,100,95.83333333333333
38_Maurer_R4,66,37,66,35,1,100,94.5945945945946
38_Maurer_U2,113,64,113,61,1,100,95.3125
38_Maurer_U3,92,49,92,48,1,100,97.95918367346938
39_Schweiger_I1_ruderal_1_2021,23,20,23,20,1,100,100
39_Schweiger_I2_semi.natural.grass_5_2021,18,27,18,25,1,100,92.5925925925926
39_Schweiger_I2_woodland.scrub_1_2021,23,22,23,20,1,100,90.9090909090909
39_Schweiger_I4_woodland.scrub_3_2021,22,21,22,19,1,100,90.47619047619048
39_Schweiger_R1_semi.natural.grass_4_2021,15,23,15,23,1,100,100
39_Schweiger_R4_semi.natural.grass_2_2021,11,25,11,23,1,100,92
40_Knight_Ghe_ari_2017,30,129,30,128,1,100,99.2248062015504
41_Knight_1 wooded meadow_2018,39,37,39,34,1,100,91.89189189189189
41_Knight_2 alvar pasture_2018,32,17,32,17,1,100,100
41_Knight_3 alvar pasture_2018,21,34,21,33,1,100,97.05882352941177
41_Knight_4 wooded meadow_2018,30,23,30,23,1,100,100
41_Knight_5 wooded meadow_2018,27,47,27,39,1,100,82.97872340425532
41_Knight_6 alvar pasture_2018,37,23,37,20,1,100,86.95652173913044
42_Knight_M1Restored_2019,45,25,45,25,1,100,100
42_Knight_M2Natural_2019,31,19,31,19,1,100,100
42_Knight_M3Natural_2019,37,17,37,16,1,100,94.11764705882354
42_Knight_M4Restored_2019,33,19,33,16,1,100,84.21052631578948
42_Knight_M5Restored_2019,37,21,37,15,1,100,71.42857142857143
42_Knight_M6Natural_2019,47,35,47,31,1,100,88.57142857142857
42_Knight_M8Restored_2019,32,15,32,14,1,100,93.33333333333333
44_Knight_M11_2018,46,33,46,29,1,100,87.87878787878788
44_Knight_M12_2018,43,55,43,50,1,100,90.9090909090909
44_Knight_M13_2018,32,23,32,23,1,100,100
44_Knight_M15_2018,45,58,45,53,1,100,91.37931034482759
44_Knight_M16_2018,50,50,50,49,1,100,98
44_Knight_M17_2018,33,48,33,34,1,100,70.83333333333333
44_Knight_M18_2018,39,44,39,43,1,100,97.72727272727273
44_Knight_M1_2018,23,37,23,31,1,100,83.78378378378379
44_Knight_M3_2018,57,63,57,53,1,100,84.12698412698413
44_Knight_M4_2018,46,56,46,55,1,100,98.21428571428571
44_Knight_M6_2018,69,33,69,27,1,100,81.81818181818181
44_Knight_M8_2018,67,41,67,38,1,100,92.6829268292683
45_Knight_Hermanovice_meadow_2018,32,47,32,42,1,100,89.36170212765957
45_Knight_HorniGrunt_meadow_2018,26,38,26,35,1,100,92.10526315789474
45_Knight_Mnichov_meadow_2018,29,53,29,40,1,100,75.47169811320755
46_Knight_Gora_Gipsowa_2018,37,41,37,18,1,100,43.90243902439025
47_Benadi_1,81,190,81,189,1,100,99.47368421052632
47_Benadi_2,54,162,54,162,1,100,100
47_Benadi_3,67,150,67,147,1,100,98
47_Benadi_4,55,144,55,144,1,100,100
47_Benadi_5,68,131,68,130,1,100,99.23664122137404
47_Benadi_6,63,96,63,95,1,100,98.95833333333333
4_Marini_UNIPD01 A_2018,23,69,23,67,1,100,97.10144927536231
4_Marini_UNIPD01 An_2018,27,54,27,53,1,100,98.14814814814815
4_Marini_UNIPD01 B_2018,29,58,29,55,1,100,94.82758620689656
4_Marini_UNIPD01 Bn_2018,32,90,32,80,1,100,88.88888888888889
4_Marini_UNIPD01 C_2018,37,67,37,66,1,100,98.50746268656717
4_Marini_UNIPD01 Cn_2018,30,65,30,65,1,100,100
4_Marini_UNIPD01 E_2018,46,73,46,71,1,100,97.26027397260275
4_Marini_UNIPD01 En_2018,40,67,40,66,1,100,98.50746268656717
4_Marini_UNIPD01 F_2018,25,32,25,31,1,100,96.875
4_Marini_UNIPD01 Fn_2018,29,31,29,30,1,100,96.7741935483871
4_Marini_UNIPD01 G_2018,25,56,25,55,1,100,98.21428571428571
4_Marini_UNIPD01 Gn_2018,28,45,28,44,1,100,97.77777777777777
4_Marini_UNIPD01 H_2018,50,98,50,86,1,100,87.75510204081633
4_Marini_UNIPD01 Hn_2018,38,82,38,74,1,100,90.2439024390244
4_Marini_UNIPD01 I_2018,33,74,33,72,1,100,97.29729729729729
4_Marini_UNIPD01 In_2018,44,93,44,91,1,100,97.84946236559139
50_Hervias-Parejo_Cala Tirant_2021,18,77,18,75,1,100,97.40259740259741
50_Hervias-Parejo_Llucalari_2021,11,62,11,58,1,100,93.54838709677419
50_Hervias-Parejo_Sa Bassa_2021,15,81,15,67,1,100,82.71604938271605
50_Hervias-Parejo_Salinas_2021,27,95,27,81,1,100,85.26315789473684
50_Hervias-Parejo_Torre Fornells_2021,21,83,21,75,1,100,90.36144578313252
50_Hervias-Parejo_coast Son Bou_2021,10,46,10,32,1,100,69.56521739130434
51_Petanidou_Pyrgos_2013,39,66,39,64,1,100,96.96969696969697
51_Petanidou_Sigri 3_2012,28,51,28,46,1,100,90.19607843137256
54_Lazaro_AloeVera_2018_2018,11,60,11,56,1,100,93.33333333333333
54_Lazaro_SonBaco_2018_2018,14,73,14,70,1,100,95.89041095890411
54_Lazaro_SonMutNou_2018_2018,12,69,12,69,1,100,100
54_Lazaro_UIB_2018_2018,20,72,20,68,1,100,94.44444444444444
5_Marini_UNIPD02 AA_2019,24,24,24,23,1,100,95.83333333333333
5_Marini_UNIPD02 AB_2019,26,16,26,13,1,100,81.25
5_Marini_UNIPD02 AC_2019,31,23,31,21,1,100,91.30434782608695
5_Marini_UNIPD02 AD_2019,20,14,20,13,1,100,92.85714285714286
5_Marini_UNIPD02 AE_2019,19,35,19,31,1,100,88.57142857142857
5_Marini_UNIPD02 AF_2019,16,24,16,24,1,100,100
5_Marini_UNIPD02 AG_2019,25,52,25,51,1,100,98.07692307692308
5_Marini_UNIPD02 AH_2019,22,35,22,27,1,100,77.14285714285714
5_Marini_UNIPD02 AI_2019,21,16,21,15,1,100,93.75
5_Marini_UNIPD02 AJ_2019,10,31,10,31,1,100,100
5_Marini_UNIPD02 AK_2019,10,21,10,18,1,100,85.71428571428571
5_Marini_UNIPD02 AL_2019,27,39,27,38,1,100,97.43589743589743
5_Marini_UNIPD02 AM_2019,31,34,31,32,1,100,94.11764705882354
5_Marini_UNIPD02 AN_2019,12,20,12,20,1,100,100
5_Marini_UNIPD02 AO_2019,18,29,18,29,1,100,100
5_Marini_UNIPD02 AP_2019,16,18,16,14,1,100,77.77777777777777
5_Marini_UNIPD02 AQ_2019,15,24,15,24,1,100,100
5_Marini_UNIPD02 AS_2019,14,22,14,21,1,100,95.45454545454545
5_Marini_UNIPD02 AT_2019,16,26,16,26,1,100,100
5_Marini_UNIPD02 AV_2019,10,13,10,13,1,100,100
5_Marini_UNIPD02 A_2019,17,35,17,33,1,100,94.28571428571429
5_Marini_UNIPD02 B_2019,21,32,21,29,1,100,90.625
5_Marini_UNIPD02 C_2019,19,35,19,35,1,100,100
5_Marini_UNIPD02 D_2019,17,32,17,32,1,100,100
5_Marini_UNIPD02 E_2019,12,32,12,30,1,100,93.75
5_Marini_UNIPD02 G_2019,19,27,19,24,1,100,88.88888888888889
5_Marini_UNIPD02 H_2019,15,21,15,21,1,100,100
5_Marini_UNIPD02 I_2019,16,35,16,35,1,100,100
5_Marini_UNIPD02 K_2019,16,31,16,30,1,100,96.7741935483871
5_Marini_UNIPD02 L_2019,13,20,13,20,1,100,100
5_Marini_UNIPD02 M_2019,26,35,26,35,1,100,100
5_Marini_UNIPD02 N_2019,17,20,17,19,1,100,95
5_Marini_UNIPD02 O_2019,19,31,19,29,1,100,93.54838709677419
5_Marini_UNIPD02 P_2019,15,24,15,17,1,100,70.83333333333333
5_Marini_UNIPD02 Q_2019,18,22,18,22,1,100,100
5_Marini_UNIPD02 S_2019,22,31,22,31,1,100,100
5_Marini_UNIPD02 T_2019,21,18,21,18,1,100,100
5_Marini_UNIPD02 U_2019,28,23,28,23,1,100,100
5_Marini_UNIPD02 V_2019,29,39,29,37,1,100,94.87179487179488
5_Marini_UNIPD02 W_2019,21,36,21,33,1,100,91.66666666666667
5_Marini_UNIPD02 X_2019,27,41,27,37,1,100,90.2439024390244
5_Marini_UNIPD02 Y_2019,20,45,20,45,1,100,100
5_Marini_UNIPD02 Z_2019,15,27,15,26,1,100,96.29629629629629
6_Marini_UNIPD03 CD13_2020,13,25,13,25,1,100,100
6_Marini_UNIPD03 CD14_2020,18,30,18,30,1,100,100
6_Marini_UNIPD03 CD15_2020,24,43,24,42,1,100,97.67441860465117
6_Marini_UNIPD03 CD16_2020,26,52,26,52,1,100,100
6_Marini_UNIPD03 CD17_2020,27,51,27,51,1,100,100
6_Marini_UNIPD03 CD20_2020,17,44,17,43,1,100,97.72727272727273
6_Marini_UNIPD03 CD22_2020,22,24,22,24,1,100,100
6_Marini_UNIPD03 CD23_2020,23,39,23,39,1,100,100
6_Marini_UNIPD03 CD26_2020,11,26,11,22,1,100,84.61538461538461
6_Marini_UNIPD03 CD27_2020,23,34,23,34,1,100,100
6_Marini_UNIPD03 CD28_2020,27,42,27,40,1,100,95.23809523809524
6_Marini_UNIPD03 CD29_2020,21,35,21,35,1,100,100
6_Marini_UNIPD03 CD2_2020,10,22,10,21,1,100,95.45454545454545
6_Marini_UNIPD03 CD34_2020,14,45,14,45,1,100,100
6_Marini_UNIPD03 D11_2020,13,28,13,28,1,100,100
6_Marini_UNIPD03 D17_2020,10,26,10,26,1,100,100
6_Marini_UNIPD03 D21_2020,11,23,11,22,1,100,95.65217391304348
6_Marini_UNIPD03 D24_2020,17,33,17,33,1,100,100
6_Marini_UNIPD03 D28_2020,19,32,19,31,1,100,96.875
6_Marini_UNIPD03 D29_2020,15,28,15,27,1,100,96.42857142857143
6_Marini_UNIPD03 D34_2020,13,37,13,36,1,100,97.29729729729729
6_Marini_UNIPD03 D35_2020,13,24,13,24,1,100,100
6_Marini_UNIPD03 D5_2020,17,30,17,30,1,100,100
6_Marini_UNIPD03 D8_2020,11,18,11,18,1,100,100
6_Marini_UNIPD03 E14_2020,19,34,19,34,1,100,100
6_Marini_UNIPD03 E19_2020,19,28,19,28,1,100,100
6_Marini_UNIPD03 E25_2020,17,24,17,24,1,100,100
6_Marini_UNIPD03 E26_2020,24,45,24,45,1,100,100
6_Marini_UNIPD03 E31_2020,13,22,13,22,1,100,100
6_Marini_UNIPD03 E32_2020,10,20,10,20,1,100,100
6_Marini_UNIPD03 E33_2020,13,40,13,40,1,100,100
6_Marini_UNIPD03 E35_2020,14,36,14,36,1,100,100
6_Marini_UNIPD03 E36_2020,11,42,11,42,1,100,100
7_Scheper_Chize_10_Field_boundary_2015,37,22,37,13,1,100,59.09090909090909
7_Scheper_Chize_12_Field_boundary_2015,34,34,34,26,1,100,76.47058823529412
7_Scheper_Chize_14_Field_boundary_2015,35,38,35,16,1,100,42.10526315789474
7_Scheper_Chize_19_Field_boundary_2015,32,22,32,20,1,100,90.9090909090909
7_Scheper_Chize_1_Field_boundary_2015,25,22,25,19,1,100,86.36363636363636
7_Scheper_Chize_1_Grassland_2015,14,22,14,18,1,100,81.81818181818181
7_Scheper_Chize_25_Field_boundary_2015,31,27,31,20,1,100,74.07407407407408
7_Scheper_Chize_4_Field_boundary_2015,25,21,25,17,1,100,80.95238095238095
7_Scheper_Chize_5_Field_boundary_2015,32,21,32,17,1,100,80.95238095238095
7_Scheper_Chize_6_Field_boundary_2015,31,35,31,30,1,100,85.71428571428571
